Tweet ID,发布时间,点赞数,转发数,回复数,浏览量,含金量评分,所属领域,是否长文研报,推文正文
2102374831119610291,Tue Sep 22 12:29:54 +0000 2026,728,190,144,128135,10.0,05_independent_trader,是,请币圈从业者们，慢下脚步，阅读此文，听听我的声音。  转发，点赞，评论此文者，将会抽取三名幸运者，我会请他们吃大餐，回答他们的任意问题，并且送出幸运骰子一副。 https://x.com/i/article/2101991869970575360
1850903274721050982,Mon Oct 28 14:11:43 +0000 2024,972,284,401,224076,9.8,04_operations_exchange,否,"这阵子连续做了6个MEME，连续熬夜给我身体整差了，拿赚了的钱周六去买了个最好的SUV，这两天才休息休息，还TM吃坏了肚子腹泻了。随便写点这几天有感而发的东西，给新人和币圈项目方，VC和交易所看，比较乱，但全是硬干货，请自取：  对项目方： 1， 请项目方放下你们傲慢的架子，多去看看散户和金狗猎手是怎么打MEME的。这个牛熊里，很多项目方连VC币的社区都做不好，就不用谈做好MEME的社区。如果你越傲慢，你对MEME生态的认知一定越低。🙄  2， MEME对于项目方的要求会更高，没有不教学费就能把MEME搞好的项目方。某上大交易所的MEME项目方，连续发了一个月的MEME试错。⌚️⌚️⌚️  3， MEME项目的三个关键是：传播链，筹码分配，MEME题材。这三者共同作用，是保证了MEME的爆发性传播。但最近的MEME项目基本都忽视了MEME题材的重要性，这保证了MEME的上限。  你在买AI16Z的时候，是在买A16Z关注了这个项目从而产生的短暂热度，还是在买AI16Z本身呢？ MEME的题材注定了一些MEME是绝无可能做大做强甚至是上交易所，所以到某些关键心理位市值，差不多就可以抛了 。⤵️  4，请项目方和VC点开我主页置顶文章中的《Z级MEME模因论》熟读此文章并套例和举一反三。💵💴💶💷  5，过去认为MEME不用做市商。因为做市商的本质是“提供流动性”和“设定做市计划并灵活应变”。但是我最近的实战经验告诉我：MEME也需要做市商。  主要是事先的抛售计划，筹码的分配，优秀的链上能力，对MEME项目的理解和经验，然后是极其强大的应变能力，出货但不改变原有走势的能力。 不建议传统做市商团队跑来玩MEME。但建议优秀MEME项目方配备一个接地气的市值管理人员。这点到后续不忙的时候写市值管理知识的时候再说。🕊️🕊️  6，对绝大多数想做MEME的项目方而言，困扰你们的绝对是传播链。对此我也没有什么好的办法，毕竟这是比拼大家实力的关键点。  但我可以给大家3点建议： 一，求求你们找一个好一点的，接地气的运营总监吧。运营总监靠的是脑子灵活举一反三，不是在什么传统大企业任职过。🧐 二，让这个运营总监去筛选KOL，多查查人家的真实流量，别被倒腾流量的人当傻子割了，最后完全无交易量。 三，如果以上两个你都搞不定，那实打实的去做社区其实是很好的方法，不要急。  还有，我真的一个运营总监都没有了，你们总不能指望我亲自下场吧。同志们，别问我要运营总监了。🆘  对交易所和VC： 7，在我眼里币圈的MEME至少已经更新迭代过两次打法，步入了3.0时代。 一开始是DOGE和SHIB为代表的MEME币，这类币发展过程中会有大量的深度洗盘和换手，MEME的三要素：传播频率，传播耗损，存亡时长都是顶级。属于是最完美的MEME。💕  2.0时代是TROLL和BOME这一类，由于MEME的造富神话培养了用户习惯，所以2.0时代的MEME上涨速度极快，洗盘极少。交易所为了获得用户，尽快上币，更加速了这一过程。他们往往伴随着长时间的洗盘，甚至趋于死亡。这一环节里，坐庄的都是对币圈MEME有长时间了解，能做好大范围营销事件，集中币圈注意力的高手。❤️  3.0时代比较特殊，1.0时代里就有过的动物园币和2.0时代一直有的热点币，在3.0时代终于被发扬光大，因为MEME的造富神话进一步培养用户，且缺乏VC币的造富效应，场内玩家注意力进一步集中到MEME题材。  散户失去建设和推广MEME社区的耐心，不再有洗盘时间，短期内的急速拉升或者死亡更加明显。市场中类似养蛊，流量呈现常年分散状态，但这也预示着币圈顶部如马斯克对流量的聚合效应会更加明显。🈹 市场内同时进入了各种坐庄侧高手，诞生了诸如PUMP这类的玩法变化，优化坐庄侧，为MEME生态持续造血。  8，交易所和VC要先想明白，不同级别的MEME的项目方是怎么赚钱的。根据自己交易所大小排名的实际情况出发，去组织专门研究MEME的人，最好建立一套自己的上币逻辑或者投资逻辑。这部分我也有点经验，都可以分享。  我本来是在9月KBW和某交易所的投资部老大聊了MEME，他认为MEME是市场接下来除了TON的唯一热点。我比较擅长MEME，于是回来整理了一个供交易所、VC、项目方使用的MEME币筛选评分系统想给他。🉑 这个系统最不好做的两点，一个是MEME坐庄方式的更新换代太快，一个是MEME项目传播能力的研究可能存在研究案例少的情况。本来只是想和他私聊一下的。结果我两9月末都忙，互相鸽子了。。。。。  如果有VC或者交易所的LISTING需要，直接私我，晚点拉个群给你们直接分享了。我11月10日会去曼谷参加WOWSUMMIT，到时候组个私局线下聊也行。 散户别找我要了，你们拿这个没用。😂  9，我不认为CEX交易所可以从MEME里获得特别大的好处，MEME的核心玩家和CEX的玩家，用户画像差距非常大。但我依然建议CEX交易所去抓大流量的MEME，这里或许存在三线交易所弯道超车成为二线头部交易所的机会。我知道有些小交易所在做了，但恕我直言，做的不够好。🧐  10，接第九点插播一条。我真挚的建议小交易所和VC，多去招一点常年在币圈一线，有丰富项目经验，有自己方法论的人。  目前币圈的顶部资源已经形成，各大庄家的组局能力基本稳定下来。下面拼的是对币圈风向的把握和快速攒局并执行落地的能力。  铭文和MEME，哪一个不是先从散户中爆发，再开始引资本入局的？顶部的人脉资源几乎固定时，如果交易所或VC有一个极其富有坐庄思维并且常年抓各种热点的老镰刀做中层的支柱人物，他就可以快速反馈给交易所或VC的负责人，并做出弯道超车的决策，攫取巨大的ALPHA利润。我举个例子吧，BRC420（也就是MERL）就是吃到了这样的人带来的红利。💶  如果你实在找不到这样的老家伙，找主观能动性极强，有一技之长的20年左右入圈的人也是OK的，不建议培养新人。  11，关于产品侧，很多BOT机器人之类和MEME相关的产品正在井喷，等等也会进入融资阶段。我不建议VC在没有特别好的投资逻辑和投资轮次时，投关于MEME的工具类产品或者流量类产品，这一类大多是伪需求或者用户获取难度极高，要投的话可选范围其实很窄。💴  如果是PUMP类产品则另外讨论。翻我推特，我在PUMP刚刚火的时候就说那阵子我看了至少6个PUMP的仿盘。PUMP类产品本质上是坐庄侧的优化，谁能寻找到坐庄侧和散户侧那最完美的平衡，充分调动散户的流动性为庄家服务，尽早产生造富神话并持续，谁就是最后的胜者。💵 给VC和交易所能聊的还有很多，不放在这里细说了。  给散户的放到最后吧： 12，99.99%的社区都不会带你赚钱，无论是免费的还是付费的。免费的优质社区带你赚钱的概率反而更高。🙏  13，国外的KOL或者MEME大佬高胜率，其实是个伪命题。他们中间的大多数KOL都是接MEME项目方的宣传接到麻了的。😂  14，DEX是币圈既BTC和ICO之后最伟大的发明，而MEME就是DEX皇冠上最耀眼的宝石。我有一个在币圈也算是传奇的老群，名字就叫“请DEX教CEX做人”。请绝对不要怀疑MEME的伟大力量，因为MEME是贴近人类行为学和币圈本质的产物。不过放心，MEME的造富能力很快也会下降的，这是必然。⌚️  15，放心吧，你们看见的外面流传的大部分什么MEME捕捉方法，我看过不少了，他们中间90%都会很快被迭代掉。去思考和寻找那些变化过程中的底层不变逻辑，是脱离散户的重要过程。  16，接上条，从底层逻辑上来说，现在太多散户都陷入了一个误区：要尽早的抓住MEME，所以要细化信息捕捉系统，细化筛选KOL和筛选老鼠仓。 但大多数人又一定会卖飞。金狗高手们扪心自问，你们是不是都进的很早，但大多卖飞了？  其实在我做过一些项目后反过来看，很多金狗猎手真的不用再细化信息捕捉了，你们的方法论完全够用了，但庄与庄之间是有很大区别的，这点对散户而言是很难辨识的。 能意识到MEME的叙事上限，以及二级买入时机，再细化一下仓位管理，诞生完整的MEME领域的交易系统，是更重要，更长远的事情。也更有利于你把握住千倍币。🉑  如果你作为KOL，有优秀MEME社区的也请顺便联系我一下。谢谢。  17，我始终认为，如果你是23年进圈的新人，MEME对你来说其实并不是一个学习板块，因为有太多币圈行业必须的东西，只玩MEME是学不会的。但MEME对新人是一个好的历练板块，打MEME打得好的人，执行力和总结能力一定碾碎同人，你就有了向上走的第一块敲门砖。🧐  18，最近找我咨询发MEME项目的23年新人有点多了，就好像21年在我面前吹自己盈利能力如何牛逼，说要做大做强的一些新VC一样。🙄 我是币圈出了名的没啥架子，我很乐于告诉你们一些干货，帮你们少走弯路。如果你真的在MEME赚到了钱，并且想继续在币圈从业，研究坐庄侧的东西，我很欢迎你来和我讨论。但请信我，MEME项目在现阶段并不好做，你应该试着从传统的小项目入手。  19，MEME社区里的杂音太大了。请散户多思考KOL的话语，识别他们是否真的有赚钱能力。币圈很多人会把自己真实赚钱的方式包装起来，比如某个混蛋把自己包装成做市商实际上是卖马克杯割韭菜的。多思考你跟的那些KOL是怎么赚钱的。多想想自己为什么不赚钱。 冲MEME会让你常年保持高度兴奋的心流状态，忽视对自己的反思总结。😂  20，最后我想抱怨一句，好多散户推特私信我，我问他干啥。他就回我：加群/带带。 我真的算是币圈脾气好的。换成别人早喷你或者拉个群割你了。 就算是在传统领域，大学一毕业就该学会给别人发私信不要发：“在吗？”而要说明自己的来历和想法，减少沟通成本。还有就是想让大佬们带你的前提是，你自己在一群人中起码是比较支棱的那个人。🙏  币圈对新人算是最包容的地方了。很多我这样的币圈老人，都是受了现在币圈头部那帮行业先行者的提携和恩惠，所以我的文章最后总是愿意给散户们多说两句的。  这个行业比起传统行业，永远有更好的机会。不要抱怨头部的人拿了太多的利益，不要抱怨KOL割了你，多去思考，多去培养自己的一技之长。不要做散户，是在币圈走向成功的第一步，也是最重要的一步。  让我依然引用伟大的川皇特朗普的名言结束这段过长的文章：  “Over the course of your life,you will find that things are not always fair. You will find that things happen to you, that you do not deserve and that are not always warranted. But you have to put your head down and fight,fight,fight. Never,ever,ever give up.Things will work out just fine.” 特朗普在对海岸警卫队的学生演讲时说：“让我给你们分享一些人生经验吧孩子们。漫漫人生路啊，你会发现，不公平的事情多了海里去了，你会发现，本不属于你的不可承受之重，却结结实实的压在你的肩膀上，而且很多时候，几乎是飞来横祸。但你必须低下头去斗争，斗争，斗争。永远永远不要放弃。一切终将柳暗花明。”  这篇文章传播的难度应该不小，我没啥预期，随缘吧，希望对刷到的老板们有帮助。 转发并且评论和点赞此文章，在评论区输入0-9999中的一个幸运数字，我会随机抽三个人，请第一名吃饭并给他做行业咨询，请第二名可以打电话做行业咨询或者简单点直接要个财富密码，第三名老规矩，送出满怀祝福的幸运骰子一套。"
1872965506954870952,Sat Dec 28 11:19:09 +0000 2024,609,193,122,172910,9.8,04_operations_exchange,否,行，我们来聊一聊这个传说中的神秘工作——市值管理/做市商/MM/MVM。这篇文章只面向项目方和机构，不面向散户和韭菜。由于这方面好像没有什么完善的资料，我会尽可能的结合币圈实际情况，把事情讲的详细点，这是第一篇《主观做市商》。介绍的分三篇：《主观》《被动》，还有新职业《链上做市商》。  做市商是一个古老的职业，和CEX使用的订单簿撮合交易一样，是荷兰人发明，可以说订单簿系统存在的那一刻，这个职业就应运而生。  首先是做市商到底是干什么的，工作范围是什么。在这里我们为了某些项目方不再被忽悠，直接强定义，做市商分两类：主动做市商，被动做市商。  被动做市商，又叫流动性提供商，你能在市面上看到的绝大多数MM公司，对，就是声明显赫的那些，其实都属于这一类。  被动做市商的工作其实就一句话：提高市场流动性。  想必大家一定有玩NFT和铭文的经验，很多NFT和铭文最后价格都很高，但是没有人成交。这就叫流动性死亡。假设你想用0.9美元的价格买一个币，可是市场上一直没有人愿意用这个价格卖给你，则此交易无法成交，久而久之就会发生流动性死亡。被动做市商的工作就是把自己0.6美元买来的币，用0.9卖给你，让交易发生，让资金和资源高效撮合。  被动做市商最重要的就是有大量的资金，以及该项目的便宜筹码。被动做市商的运作和盈利，我们第二篇文章讲，这一块比较复杂。但其实推特上著名的这些做市商，大多都是被动做市商。  主动做市商，江湖雅称“狗庄”“操盘手”。他们就是散户口中最喜欢YY的对象。他们的主要工作其实还是那句：提高市场流动性。只不过手法不同，他们的主要工作职能大概是： 1， 了解筹码分布 2， 制定做市计划。 是不是觉得很简单？来，让我们细化一下这两点：  一个合格的主观做市MM需要做到： 知道哪些筹码在机构手里，哪些在散户手里，分别什么时候解锁。机构的筹码能不能争取到自己的阵营，比如集体抛售或者延迟抛售或者锁仓。不配合的投资人，如何使用各种手段锁死或者拿回他的筹码。是否要OTC给其他机构。各部门资金的统一调配。  你以为完了？这才是MM作为“大内资金总管”和项目实际老板交流的那块。接下来MM还要和运营总监交流：  有哪些关键的运营节点，MM要怎么配合运营进行拉盘和砸盘。运营宣发后的渠道和社区，是否活跃，是否具有真实买盘。什么人发利好利空消息，在什么时间。  MM还要和自己的MM团队沟通，流通量越大，交易对越多，需要管理的越多：  平时要自己管理做市团队，随时掌控筹码和资金量。制定详细的做市计划，以及制定“做市计划的变化”，以及再之外的灵活应变。如果你的项目是普通项目还好，做市商在做市之余还要盯大盘。如果项目是特殊类型的项目，比如公链旗下的生态，那MM还要盯某条公链的K线。遇见紧急情况比如黑天鹅，需要立刻转变做市计划。当项目遇见不能完成MM计划时 ，要主动和老板沟通等等  接下来如果是特殊的项目，比如盘子，比如X2E，比如全链游戏等等涉及复杂数学模型的项目，则MM要测算数学模型的影响因素，还有可能和币圈极其稀少的职业“精算师”发生交流，根据数学模型精准制定做市计划。  一个MM会和CEO，运营总监（市场总监），技术总监，精算师进行沟通和交流。他总管项目的K线和市值，直接管钱，是老板的心腹，几乎是总管全局的第二人。  这才是一个合格MM应该做的事情。盘圈的MM必须具备以上所有职能，传统领域的MM基本不用和技术总监和精算师沟通。  我们币圈的MM就厉害了🤣，理论上，币圈的MM应该做到盘圈MM的高度，最次是传统领域MM的高度。  实际上，币圈的MM几乎是所有金融行业里最业余最滞后的。他们能把K线走好就是万幸了。更别提和各部门的沟通协同。有的牛逼的连老板的脸色也敢甩。MM在币圈被异化成了一种服务，这点我们会在被动做市商的文章中提到。整个币圈MM诡异的现状和币圈野蛮生长，以及头部集团的利益分配有关。不过最终一定会向正规化靠拢。  所以，主观做市商提高市场流动性的方式其实总结后是：尽可能正确的分散筹码。  筹码的分散需要更多资本的帮助。（对应ceo和资本）（把筹码给各种机构）  筹码的分散需要更大的市场推力。（对应运营总监，市场总监）（把筹码给散户）  筹码的分散需要更精细的数学模型支持运作。（对应精算师和技术总监）（精细化筹码分布）   筹码的分散需要K线的配合，调动散户的情绪。（对应MM团队）（把筹码给散户，观察机构筹码出货情况）  筹码的分散，意味着把本来不值钱的筹码，换成了真金白银。  无情的赚钱利器，就是主观MM的本质。越是和钱挂钩的职能，越需要经验和技术的支撑。  很多散户对主观MM、操盘手的理解是：高抛低吸。这其实是不对的。主观MM的职能一定是运用一切手段把筹码分散给正确的人，K线代表的二级只是其中最重要的一部分，高抛低吸又只是其中一种常见的手法。这点衍生开来讲会很深入，需要涉及到“筹码”的深刻理解，我们有空再讲。  只要主观MM能把筹码正确的分散出去，他基本上就是成功的。而散户们关注的K线的操盘手法，部分项目方花几千美金买的被动做市商的“主动策略”，这部分反而是没那么重要的。  请各位思考一个底层逻辑： 项目方在正常情况下，拥有压倒性的筹码和大量的资金，还对项目信息面具有绝对支配权。这样的人拿什么在二级市场自己的项目上亏钱？  合格的庄永赚不亏！老镰刀永远锋利！华尔街就是牛逼！  很多市面上乱传的，什么侦测庄家K线操盘手法，看看就得了。大多数是二级交易员写的，忽悠散户，给自己立大师人设的。这部分知识，有用，但不多。我曾经反复提过，很多经典的二级交易系统，比如形态学，自身就包含了庄家和散户的博弈行为。  请项目方知晓主动做市商、主观MM的完整工作职能。还是那句老话，MM是直接管钱的人，你费那么大劲儿把自己整上大交易所，花了那么大力气去做产品和营销，最后却对直接和钱产生交集的部分一无所知，是不是对自己的不负责？  最后我们顺手提一下“链上做市商”这个新板块，独属于币圈的做市商。  老生常谈的一点：DEX是币圈最伟大的发明，MEME是这项发明里最耀眼的皇冠。 链上做市商就是因为DEX的存在而诞生。  链上做市商也分主动和被动，被动的那块主要是uni等各家swap在管，部分和质押有关的项目方也有参与其中。我对此不是很熟悉，不敢妄语。  链上的主动做市商，主要做的就是MEME，或者部分项目方的链上项目。链上主动做市商的职能基本对标CEX主动做市商，但是要多出一条：管理一切链上钱包行为。  这点细化起来就很多了，涉及到链上坐庄，我们还是等第三篇文章讲吧，比如如何做钱包行为，不被GMGN等识别，不被金狗猎手发现。链上做市商不仅累，而且天天在“道高一尺魔高一丈”的和各路神仙斗法。  今天先写到这里，这文章完全没精修，我搞项目忙里偷闲写的，大家凑合着看看。主要还是给大家补习一下基础知识，以及告诉项目方，合格的主观MM到底要干哪些活儿。  救赎之道，就在其中。  关注点赞转发此文章，抽一个幸运宝贝儿，从“我请客吃饭”，“一个财富密码”，“一个问题”里面三选一。
1881975938008903938,Wed Jan 22 08:03:23 +0000 2025,493,149,39,139785,9.8,02_short_selling,否,我们来聊一下如何让你拿住TRUMP类似代币的暴涨，预防一下之后可能会出现的全球性大金狗 首先，TRUMP不是一个MEME。他是独一无二的总统币。过去的经验对此不适用。 下方的蓝色时间线，第一波，整整一天。如果这一天内你还没有买，你在币圈多少有点问题。此时市值25B，FIB第一支撑位。 这是内幕盘加上币圈的人拉上去的，资金进入结束后，震荡横盘。  第二个蓝线1月19日11点到1月20日5点，持续18H。 大量圈外人的钱进场。这部分主要应该是美国人。随后美国的内幕盘和坐庄集团，链上早期获利者开始出货。  下方第三根蓝色时间轴，自然反弹。这个时候主要观测到是亚洲圈外的人在进场。历时10H。记住这个时间。 随后获利盘开始第二波出货，从高峰一直到出针见底，回踩FIB关键支撑位，用时20H。  也就是说，消息从圈内破圈，花了一天。 破圈后带来了美国本土的老钱和部分其他地区的钱。 10小时候后又带来了大洋彼岸的钱。 有趣的是，我们看图二。 注意下方的橙色时间轴。 则第二波上涨和出货也是24小时。其中18小时见顶（第一张图不对，要多一小时）6小时下跌并稳定  先说第一个有意思的事情。PAULWEI@coolish 在第一波上涨过程中，依据经验画出了之后K线可能走势的分形图。 后来发现，TRUMP的K线走势是一致的，但是时间维度快了4倍左右。  第二个有意思的事情是，这个东西其实历史上有类比！ 永远在牌桌上的人，总是有一些奇怪经验可以拿来参考的。 是19年10月25日，当时习大大说学习区块链的时候，晚上7点新闻联播出的，4分钟后才开始大涨，第一波上涨完后开始下跌横盘是晚11点多，到了第二天早上9点，也是大概10小时后，此消息传达到美国并被解读，国外资金入场，再次开启大涨。 请注意，当时的币圈规模和现在并不能比，当时几乎是最熊的熊市末期，离币圈历史上最致命的312事件已经非常近。 所以也就没啥破圈之说，国内的资金几乎是七点半进场11点就打干净了子弹。 此处我无法找到当时的1H线，因为TRADINGVIEW的回溯功能即便付费，也不能回溯到那一天了。如果有朋友可以精准的找到那一天的小时线，我们可以再次进行深入研究。 所以得出的结论是： 顶层爆炸式信息在两国之间传递的传递速度，包含解读和反应在盘面上，是10H左右！  知道为什么要研究这个吗？ 因为整个过程中，面对暴涨，只有时间维度的经验可以帮你拿住利润。 这是应对这种全球性白天鹅最重要的经验总结！ 时间，信息的传播，FOMO程度，都会在二级K线上反应出来。 但是当你身处其中时候，你必须要依靠时间维度的经验，你才能拿住究极暴涨。  别听人瞎吹牛逼，将心比心想一想，你如果底部买了TRUMP，在上涨过程中，你会面对非常强大的焦虑，即便是挂金字塔卖出，也一定会卖飞。但如果此经验有效，下一次面对此情况时，你就可以关上电脑出门遛遛弯，18H后进行最正常的操作。  师父常说要对波动有想象力。 但当我们面对这种超乎常理的上涨时，常规的手段都没有用。 这次的经验总结，就是为了面对下一次全球性白天鹅时，有更好的策略去应对。 能让你的想象力配合经验，配合你的执行力，拿到最大的利润。 救赎之道，就在其中！
1885667889564524705,Sat Feb 01 12:33:53 +0000 2025,483,161,24,42438,9.8,05_independent_trader,否,写几本我认为做交易要看的经典书给大家，不仅仅是交易，还会帮助你树立你正确的投资观。这些书只代表我从形态学角度出发的个人观点。如有异议，你对，我不会交易。  首先是给交易员的书： 1，《周期》（掌握市场周期）《MASTERING THE MARKET CYCLE》，橡树资本的联合创始人霍华德写的。第一次听见这本书我记得是老猫聊到的，他盛赞了这本书，我当时没找到中文翻译版本，去啃了英文原版，差点因为各种名词给当时在做周期研究的我弄疯，最后发现中文翻译就叫《周期》。  这本书大量复盘了股票历史上的周期案例，帮助交易者从“时间”维度，理解市场变化的原因和周期的推进。如果你已经是一个成熟的交易员，想精进你的交易技术和对周期的理解，或者是想做点关于周期和趋势的研究，这本书是你必看的书。  2，《专业投机原理》这本书我挺喜欢的，作者是大名鼎鼎的维克托。这本书请阅读丁圣元校订的那本。以后所有金融书籍，有丁圣元翻译校订的版本，请阅读此版本优先。 这是一本非常全面的书，维克托把自己的方法论全搬到书里面了，是一个成熟交易员，关于交易所有维度的全套方法论凝聚，让这本书巨厚无比。 阅读这本书需要有一定的交易经验，投资经验，宏观经验，仓位管理经验，以及市场理解。不建议新人阅读，建议做交易到了瓶颈的交易员，对照阅读。  3，《涛动周期论》中国康德拉季耶夫周期理论研究的开拓者周金涛先生的著作。书中的内容几乎覆盖了包括股票、商品、美元、黄金以及房地产等在内的所有大类资产类别。依靠扎实的理论功底、翔实的数据论证以及严密的逻辑推演带领读者领略周期理论、结构主义与大类资产配置的完美契合。 干妈推荐给我的书，没啥想说的，猛就完事了。属于宏观和周期必看书籍之一。不建议新人阅读。  上次答应你们的，关于仓位管理的书籍，也只建议成熟交易员观看，小白看了容易掉沟里，这段我写简单点，不列在总框架里：  《高胜算操盘》（High Probability Trading）重点看胜率与仓位的关系，日内交易的仓位控制。 《The Mathematics of Money Management》拉尔夫文斯的书，这本应该是没有中文翻译的，我也不知道国内为毛不翻译仓位管理的书籍，可能是不看重此方面吧。这人还写过《Portfolio Management Formulas》，你在亚马逊能看见两本一起卖，后者对于币圈用户帮助不大。 《通向财务自由之路》范 K. 撒普的大作，你可以通过这本书看见一个系统性的交易体系是如何构建的，其中就包含了仓位管理措施。散户别看这本书，我见过看了掉到沟里的。 《量化投资—策略与技术》丁鹏写的，这本啃起来非常痛苦，但是对于非量化交易者，不仅有仓位管理的内容，也可以学到很多量化的知识。  然后是给普通散户和小白看的书：  4，《道氏理论》《THE DOW THEORY》这本书的作者（注意，是DOW，不是RHEA，RHEA只是整理）是道琼斯指数的创建者之一，熟读这本书籍，你可以更详细的理解——顺势赚钱的理念。详细的解答了如何判断和把握趋势。要知道币圈最容易让新手赚大钱的原因就是明确的趋势。 需要注意的是，这本书是交易老祖宗级别的书，书中有些内容已经偏旧，但是几乎所有现代趋势理论，都是建立在道氏理论之上。读此书时，建议仔细理解DOW提出的趋势的各种底层逻辑。  5，《聪明的投资者》这本书不用过多介绍，本杰明格雷厄姆的著作，巴菲特的偶像。华尔街教父。这本书永不过时。他的另一本书《证券分析》也可以看看，和道氏理论一样，都是跨越时代的瑰宝。  在交易的心理和行为上，推荐三本： 6，《怪诞行为学》这书有两个版本，一个是单独一本，一个是一套好几册，后者几乎囊括了人的所有行为，请各位自取。这本书的作用是你做完一天的交易，晚上复盘时，拿来“照镜子”用的。复盘中很重要的一点是自我行为的复盘。这本书把人类的不理智行为和其原因全部列出并且剖析干净。  7，《交易的艺术 超级操盘手的交易体系与忠告》中国工信出版社和人民邮电出版社的那本，不要只搜前面五个字，因为伟大的特朗普先生，也有一本书叫《交易的艺术》，我记不得当年谁给我推荐这本书了，我下错了书，结果看了特朗普那本。那本你蹲厕所的时候看看吧，也不错，毕竟川皇带我们赚了这么多钱。 这本书是19个交易员的访谈录。他们没有聊特别深，但是基本上涵盖了他们的交易体系和最容易犯的错误。  8，《赢家的诅咒》是诺贝尔经济学奖得主理查德·塞勒的经典著作，也是一部关于经济学悖论和反常现象的杰作。 本书深入探讨了经济生活中广泛存在的各种反常现象，用简明易懂、极具挑战性且很有趣的实验与案例，来阐述生活中的一些反常现象。  没啥想说的，和《怪诞行为学》一样，拿来照镜子的书籍。这种书籍我非常喜欢，但是豆瓣上总有人说用处不大。 不大你个DER！交易员的重要一环就是要认知自己。一切有助于你认清人类行为的书籍，都是有用的。 在我眼里，交易本身是对：人类行为，资本，信息等多方面的综合理解。  9，《股票大作手回忆录》，这本书是新人必看书籍之一，虽然这本书其实是一本小说，但是我永远推荐学生们阅读一遍。讲述了交易员的老祖宗，差点干碎华尔街的猛男——杰西礼佛摩尔的一生。书中的交易技术已经有很多过时了，但这本书的正确打开姿势，其实是古今对照，你会发现100年前的事情，今天也在不断上演。建议一天读完，或者蹲厕所的时候当厕所读物。  本篇文章中并没有推荐和K线有关的太多书籍。诸如《海龟交易法则》《缠论》这些。这类书籍大多属于道、法、术三类里的：法和术。依托于完整的交易体系，展开讲解这个体系里的各种策略，细化到进场点位和出场点位。 这种书籍非常多。一是我不敢乱推荐这种书籍，毕竟有些门派我也没有研究透彻。二是对于新人而言，掌握一些本文书籍中介绍的知识，你已经能应付得了大多数的情况，不会出现大额的亏损。
1767097209601110220,Mon Mar 11 07:56:20 +0000 2024,405,45,83,352151,9.8,06_macro_btc_cycles,否,《一个臭炒币的k线回忆》 ​这跟k线承载了我的记忆，每一天我都注视着他，我能背出他每一天的走势，和关键节点发生的事儿。 ​17年12月18日，btc登顶后暴跌，我遇见了后来的师父。他云淡风轻的和我说:“这里的反弹是最后的逃命机会，暴跌即将到来。” ​18年5月5日，eos浪潮开始下跌，韭菜群里哀嚎遍野，民不聊生，开始自我欺骗。我只是注视着这些人，和我手里暴跌的币，告诉自己绝不能成为他们。 ​18年12月15日，北京，大雾霾。btc跌到谷底，没有项目方了，没有钱了，一切的一切都好像这个行业真的完蛋了。我的兄弟脊柱神经疼，我哭着带他去医院。迷茫和无力感席卷而来。 ​19年3月22日附近，几位大佬喊抄底，上涨即将到来。杀不死你的，终将使你更加强大。 ​19年5月1日，群里在欢庆btc的上涨，可是我被狗庄骗下车没有了多单。我告诉自己要更加努力。朋友给了我一千usdt，这成为我日后唯一的本金。 ​19年10月24日，我在海南，最上面那位大领导喊了学习区块链，登上了cctv，第二天朋友的婚礼上，我和好多老板们亲眼看着那根大阳线暴涨，一转身，新郎掀起了新娘的红布盖头。 ​20年3月12日，我在家里吃着火锅，看着币圈最惨烈的一天来临了。不知多少高手一夜之间输光了自己的筹码，我愣愣的看着我的账户里，btc无影无踪。 ​20年9月defi之夏，uni空投！我刚刚找到工作，我的产品经理激动的拉着我的手说:“我从没有想过，有一天，一个从未谋面的人能给我空投好几万块钱。币圈真的太有意思了。” ​21年5月19日，明牌带着一众老板做空btc，顶住了非常大的压力，终于做空成功。晚上吃完饭朋友说要抄底，我说了一句再等等。刚刚把他送上车，关车门的那一秒，defi连环清算一秒暴跌40%。躲过一劫的众多朋友激动的给我打钱。我瘫坐在花坛边上想起312，笑了很久。 ​22年12月11日，无聊的搞第一次交易课。最后一节课的时候，某vc突然问了一句:“现在是底么？”我犹豫了一会告诉了他“几乎就是底了，可以买了”。我一转身，看见了黑板上的sol。我们成功抄底了15800的btc，还有不到9块钱的sol。 ​23年3月中，在海南和家人度假，师父问知不知道ordi这东西。一听完叙事我就明白这如果做出来，可能是个大alpha，这是rsk的叙事翻版。赶紧打电话给朋友让他们立刻去研究立刻去买ordi。后来我才知道，那天只有我一个人响应了我师父，别人都没有买ordi。 ​23年6月9日，父母车祸，我身体特别不好，几乎一天没睡觉，14日那天btc大跌，基金的lp疯狂给我打电话，我在手术室外面冰冷的椅子上看研报，ordi赚的钱正好救了父亲。 11月21日，朋友求婚现场，我看着那天的掠过教堂顶端的夕阳余晖，感慨时间匆匆，思索着新的牛市布局。晚上，很多人就热烈的问我关于铭文的一切。 ​1月11日，etf通过。群里的老家伙们纷纷冒泡庆祝。过去人家叫我们臭炒币的。现在，我们是真正的先驱者了。过去我的妈妈出门都不知道怎么介绍我的工作，我们自己都要说自己一句“臭炒币的”，其中多少辛酸，只有自己能懂。而现在出门介绍自己工作时，别人全都高看我一等，纷纷要求加微信咨询。 ​3月11日，btc币安现货破70000，来到了新高。欢迎来到，新的时代。欢迎来到区块链，这是生我养我的地方。  ​我有明珠一颗，久被尘埃关锁。 ​今日尘尽光生，照破山河万朵！ ​ ​来吧，让我们继续这场Party！
1864523199691804905,Thu Dec 05 04:12:26 +0000 2024,366,125,128,51711,9.8,04_operations_exchange,否,"这文章是昨晚写的，结果今天BTC10万了。这个值得纪念的日子，写点干货给这轮币圈的新人用吧。其实我这个号一直是写给从业者看的。但现在发现，21年后进圈的从业者，也有点根基不牢。这些都是老前辈老庄家们的认知，每一条都是价值千金的经验总结。依然从二级、项目方、从业者三个角度给大家写吧：  二级交易： 1，不许碰合约，不许碰合约，不许碰合约！除非你的二级交易师父点头，或者你有一个完整牛熊的交易经验，不然不许碰合约。🚫  2，知道为什么有1吗？所谓的牛市，就是你拿着现货，也能涨到让你怀疑人生的市场。💹  3，周期是最伟大的力量，趋势是不可抵挡的浪潮。币圈很多暴富神话的本质是高流动性灌入低流动性资产。要顺着趋势去赚钱，要去挖掘这个圈子本质带来的钱。💯  4，无论什么时候，你都应该有2成仓位不动，这是你的救命钱。剩下的八成仓位，满仓时BTC应该保持5到6成，只有2到3成可以是山寨币。这是必须遵守的币圈仓位管理法则。我们不妨再细一点，假设你的山寨币仓位是2.5，这2.5里，BNB,ETH,SOL这样大流通性又是金铲子的币，应该占据50%，剩下的是购买上交易所的VC币和上交易所的MEME币。❤️ 注意，建议在链上挖掘MEME的钱，不宜超过你总仓位的5%，且必须切割仓位。除非你是MEME或链上的超级专家，那可以扩大你的链上仓位。上交易所的MEME和链上MEME是两种完全不同的东西和玩法。这条我说的够细了，请阅读三次。❤️  5，请不要相信任何“神奇指标”，这玩意不存在。也不要去大于10人的带单群。真正厉害的带单群，既不收费，人又很少。原因请自行思考。  6，如果你被套住了，千万不要下跌加仓，尤其是山寨币，熊市是没有底的。如果你不能找到一个交易高手给你解套，那么正确的方法一定是下跌过程中多次反弹减仓，并且设计一个最低止损线。🈹就是跌倒这个位置，全部卖出止损。这条我说过了，以后推特上的散户别私聊我解套的事情了哈。  7，散户不要老是去信一些什么“庄家内幕”，你的圈层不够高是接触不到这些内幕消息的。我以前给项目方做运营的时候我能变着花的给散户发内幕消息。🚫  8，每年市场里都是有2-3次送钱行情的。哪怕你一波赚全仓的5%，三年也能赚55%。太多散户听了太多暴富神话，焦虑且浮躁，注定做不好交易。🤣  9，交易的本质是寻找市场里错付的赔率。做交易之前想好盈亏比，在币圈干啥事儿都先想想盈亏比，我以前写过，不赘述了。💯  10，真正重要的是拿捏大盘的节奏，知道什么时候哪些资产要涨从而提前布局，知道面对什么局面要用什么方法去最优解决。比如前一段时间BTC回调90700，不应该做空而应该全力接多。同时应该做多山寨币对BTC的汇率。这些经验的总结，对周期和趋势内进度的拿捏，才是老一辈人的真正强大之处。💯 散户？散户知道个屁！散户只知道某某KOL又赚了多少，看着P出来的收益图高潮。但凡动脑子思考一秒都不行。 币圈就是你越有逻辑，思考的越深，认知越底层，你就越能赚钱的地方。🔅  二级交易展开讲就太多了。之后再说吧。 项目方。这次从项目结构上，给项目方一点干货：  11，别老天天想着上个大交易所，有那功夫去认真做做社区吧。社区是一切的基础，找个会社群运营方法论的运营总监很重要，找一些有活力有执行力的年轻社区运营也很重要。对运营人员好一点。不同量级的项目，要知道自己的钱从不同的地方来。✅  12，很多社区的运营总监和CEO已经完全没有一点点舆论风险管理意识了。我以前做运营总监的时候都是设立这个工作负责人和工作流程的。比如项目方翻车后，散户拉维权群，这种事情就该由风控人员接管处理。要意识到这个风控的问题，上点有效果的手段。别天天让散户在推特上骂你，脸都是自己挣出来的。💢  13，不论你是项目方老大还是运营总监，没事就去想想流量哪里来，币圈的流量入口是在不断更新换代的，哪些流量是符合你项目的，用哪些手法可以调动这些流量。一个项目的流量，一定是社区的基础流量，合作单位的渠道流量，事件营销带来的曝光流量。好的运营总监在立项之初就会把这个框架搭好。♨️  14，关于项目方的市值。我现在意识到了，很多项目方，是完完全全，一点点市值都不懂的。很多MM公司其实真的是在利用项目方不懂市值，来抢劫项目方。请项目方想清楚一句话：如果你不打算割VC混一票就跑，那你做项目的钱一定是赚在散户身上。你与散户最直接的联系就是K线。💹 你要拉盘有且只有两种方法：1，用嘴巴拉盘，靠营销拉盘。2，用金钱拉盘，靠市值拉盘。市值这种和钱直接挂钩的地方，你什么都不会，是不是对自己完全不负责？💢 老说要讲市值，被一堆事情耽误。我下周就讲！  15，一个项目方最重要的两个节点，其实是融资时，以及发币上市前后。融资时要多听VC们的反馈，结合自己的情况，梳理好最合适市场的项目打法，让运营总结设计运营框架。产品和技术在这一阶段并没有那么重要。这一阶段，路径和框架对了，以后能少走无数弯路。 发币上币前后，项目方老板要处理的事情过多，对接的人事物也过多，经常会昏头。请按照市值>营销>重要人事对接>社区>产品的次序进行。开盘是从虚转实的那一步，是日后的根基，是对VC和社区的交代。很多项目开盘的刹那就已经死了。🈹  16，对一个老项目方而言，找一个合适的班底，包括产品，运营，社区，市值等等，要么疯狂的迎着风口做项目，要么一轮牛市就搞一个大项目。💯  17，对项目方而言，可以笼统的分为：攒局层，资源层，执行层。攒局层又叫坐庄层，指的是项目的老板和核心VC的高度。一个合格的项目方老板，应该只对自己的核心VC和核心执行层负责。攒局层决定项目这只箭的方向，这把弓力量的大小，从而精准且优雅的狙击市场热点，攒局最重要的是方向和退出路径。✅ 资源层是攒局层和执行层带来的一切可调动为项目所用的力量，合作单位，上哪家交易所，吸引更多VC投资，宣发，人力等等等等。执行层和资源层之间本来还有个决策层，但是2020年DEFI之夏后就被我去掉了。优秀的币圈项目方CEO和基层员工都是混成一团且高效沟通的，优秀的CEO，CMO等本身执行能力就更高，加上很少有项目方能大到上百号人，所以这里不聊传统互联网大厂的决策层的事情，也不值得聊。✅ 执行层真正负责的是，在有限的时间内，尽可能利用和扩大你的资源层，转化成买盘。执行层有很多职能，运营技术产品美术等等都算在这里面。优秀的执行层都是有复数能力，且精通某一领域的，这一类人越早加入项目，对项目的提升越大。其实很少从业者知道，有些复数能力叠加起来，能产生质变。这就和RPG游戏里的职业系统一样，战士和牧师职业技能点加满后，转职成了圣骑士。🔆 啧，说多了，这条拎出来单发一条推特都能爆款。其实项目还有很多聊的，尤其是做项目的经验和细节，和项目方聊这些非常有意思。下次再说。  我们来说说币圈从业者关心的事情吧：  18：你们要相信行业，相信行业，相信行业！我从来不说自己是WEB3的人，我一直说我是币圈人或者区块链的人，因为在我眼里，WEB3也是一个营销的噱头罢了。现在的世界在走下坡路，进入一个摆烂的周期里。币圈的本质之一是赌场。币圈本来就不缺机会，越烂的环境里，赌场的生意只会越好。何况币圈还有技术的跟新和资本的注入。和金钱走的近的行业，发展绝对不会差。💹  19，币圈很多老板都打算退休了，但是下面接班的人水平参差不齐。币圈其实是有非常多的人员缺口的，只要你够优秀，想找个好工作真的太简单了。想进入币圈工作的新人们，平时多注意积累自己的所思所想，币圈有很多橱窗可以给你展示你的能力，TG，推特，DISCORD，微信，甚至是TRADINGVIEW都行。🔅  20，我做这个推特号以来，大家问我第二多的问题其实是个人的行业规划，未来发展。我基本都一一解答了。少走弯路是最好的。一个从业者想做大做好，最关键的两点是：1，自己够支棱，有一技之长，有高执行力。  2，有行业的前辈们带你。 顶层大佬们见过的人多了海里去了，聊几句就知道你靠不靠谱，看你的言谈举止就大概知道你值不值得带。但在此之前，你得够支棱，能从一堆散户里脱颖而出，先进入大佬的眼里。✅  隔几天写个某KOL的复盘吧，我家弟弟做的很好，就深度复盘他。  21，币圈从业，最重要的点是认知深度和执行力。我建议大家多想想，XXX靠什么赚钱。你见到一个KOL就想他靠什么赚钱，见到项目方就想他靠什么赚钱。知道行业里的人靠什么赚钱，能帮你更好的梳理对币圈生态的认知。整个币圈从业的过程中，你需要一直做多你的生态位，把你从低生态位往高生态位去做。✅  22，比如很多完全靠KOL吃饭的人，就是低生态位，因为他们必须要接广告。很多永赚党带单党是中低生态位，他们一方面可以吃社区返佣，一方面做交易赚钱，偶尔还能给项目方喊喊单。🈹 以我举例。传统的MEME路径是项目方发币，让很多KOL上车，大家利益一致，发动各自的传播链进行传播，出货。当我洞悉到MEME社区和金狗猎手的关系，对比18年以来传统的币圈社区关系，发生了变化时，我会考虑项目方找金狗猎手合谋。✅ 如果我能洞悉交易所对MEME的诉求，是否我又可以在项目开始前就把交易所加在MEME项目的路径上？在此基础上，我如果还知道很多传统项目方有发MEME的诉求，我是否又可以把他们变成路径一环。✅ 最后环环相扣，完成攒局坐庄层。在散户眼里，可能最近1个月的MEME和三个月前的MEME没什么不同。但是很多最近1个月的MEME，是链路完全不同的产物。这是只有高生态位的人才能做出的降维打击。✅  23，币圈是唯一一个不论你出身和学历，只看你能力的地方。而且很多时候，高学历的项目方人员容易眼高手低，在没有项目经验的情况下陷入传统路径依赖，做出一坨大便，反向收割VC。🈹 很多高学历的朋友们，多去社区看看。你如果连你想从他们身上赚钱的散户都没有看过，你怎么赚他们的钱。不要因为自己学历很好，入门很高，被人捧起来就飘飘然。败光自己的声誉是很容易的事情，何况项目过程中总是有各种各样的意外情况发生。🤣 我永远鼓励高学历的新人和优质新人进币圈，这样才能发展壮大行业。但请记住，这个行业本身，是老一辈的家伙们，在车库咖啡，在胡同里，在坐出租时不断宣传BTC，凝聚和发展共识，才能有今天的。抬起头看天，低下头走路。❤️ 这个行业里一直有优秀名声的人不多。因为很多时候动动歪脑筋就很容易赚钱，但那一定会翻车的。不要贪小利而作大死，你只要是个人才，三轮牛市一定能暴富发财。慢就是快。✅  24，我永远建议新人，无论到哪里，都要去主动和人推荐BTC。你要去体验这个过程。2019年当我来到车库咖啡讲运营的时候，虽然大佬们早已经不在那里，但那是我第一次感受到，我在这个行业，我与他们同在！🔅 今天正好BTC10万美金。这一路过来，感谢每一位BTC的建设者们。💹  按传统惯例，文章写到这，我应该给散户或者韭菜们说点啥，举几点。今天我什么也不想多说了。我对散户已经够好了。我其实忙成猪头，身体也不好，写这些文章最近已经是牙缝里挤时间。   我有一个二级交易的师父，有一个市值的师父，有很多VC老板在我成长的路上拽了我一把，不嫌弃我菜，和我说了很多东西。我也试错过很多路径，慢慢摸索才有了今天。我没啥奇遇，到现在我依然只是一个执行层的顶层罢了。  但是可以说，我是币圈没吃到17-18年早期红利，完全靠在币圈从业，靠本事混到今天的，我是从散户做起来的。🔆没有哪天我离开了市场，没有哪天我停止了思考。当去年铭文生态爆发，我成为铭文战神，反过来带朋友们爆杀市场时，我其实只对他们说了一句话：看，没给你们丢脸。投资我是正确的。🔆  如果你看见这篇文章，歇歇脚，不要焦虑。太多币圈的从业者，听了太多的暴富神话，焦虑的连觉都睡不好。慢慢来。点开我的推特首页，那边有我对你最真挚的两句祝福：  All's right with the world!  All paths lead to BTC！  老规矩，转发并且评论和点赞此文章，在评论区输入0-9999中的一个幸运数字，我会随机抽三个人，请第一名吃饭并给他做行业咨询，请第二名可以打电话做行业咨询或者简单点直接要个财富密码，第三名老规矩，送出满怀祝福的幸运骰子一套。"
2099700544810172429,Tue Sep 15 03:23:15 +0000 2026,309,55,14,19904,9.8,05_independent_trader,否,这篇《仓位管理》文章真的非常重要，之前因为使用GPT生成的图，被限流了，这里重发一遍。  鹿鱼的纯干货分享：我曾经提过的仓位管理方法的细化，我管理基金的时候用的，一直到现在。  1，核心原则：要用一个系统或者机制，去帮助你克服自己的情绪。 2，把你的账户分为三个：大，中，小。大账户放在电脑上登录。中和小账户放在手机上。最好这两个还是两个手机。  3，假设你账户里一共是10WU，那么你可动用的钱其实是7Wu，因为还有3WU是给你应对黑天鹅等紧急情况的救命钱。  4，把大账户里放5WU+3WU救命钱。其中3WU救命钱存到理财资管里，切记不要用DEFI，因为你用DEFI，你就会贪那个收益。  5，中账户存1.5，小账户存0.5.  大账户用来买BTC，中账户用来买高流动性大市值资产，比如BNB，SOL，XRP。小账户用来买新币和开小币合约。  6，小账户里再把0.5按照7比3分配。0.5*0.3放到理财资管，这是防止你小账户合约爆仓的救命钱。    当你听了群友或者KOL的狂吹，脑子一热想要开合约或者是买币时。  这套系统会救你的命，会把你拉回冷静。 它是这样运作的：  刻意制造物理上的麻烦，增加操作。   比如你带脑子的时候，你买某个新币可能只买3000刀。但是你线下喝酒的时候，边上某个吹逼KOL给了你一点“内幕消息”，你脑袋一热要买很多。    这个时候你会根据你即将买的金额，依次遇见如下麻烦：  1，假设你要买5000U，小账户的钱不够开合约，你要把小账户的理财资管里的钱划转到合约账户。“划转”这个麻烦动作，会触发你设置这套系统时候的记忆，唤醒你对风控和仓位的警觉。降低你的上头情绪，让你冷静。    2，假设你要买1WU，小账户的钱不够，你需要中账户的钱。你会需要从小账户切换到中账户，如果你有两个手机的话，你需要掏出另一个手机来换账户。“换账户，换手机”这个麻烦动作，会触发你设置这套系统时候的记忆。    3，假设你要买5WU，中小账户钱都不够，你需要大账户的钱。不好意思，大账户在家里的电脑上，你没法操作。物理距离这个大麻烦直接隔绝了你不冷静时的乱操作，让你在回家路上有的是时间冷静。    4，如果你要梭哈10WU，那么你会最后一次从大账户的理财资管里划转。再一次用“划转”的麻烦触发你的警觉。    聪明的你应该发现了，越大的风险，会触发越多的麻烦，这些物理意义上的麻烦，会极大助于你冷静下来。   你们一定听过别人恐慌我贪婪，别人贪婪我恐慌这句话。这其实是一句空话。   赌场是一个精妙的收割系统，你是不可以说用控制自己的方式去战胜它的。 你必须自己设立一个精妙的仓位管理系统，去对抗同样精妙复杂的赌场系统。   这个系统从我只有1WU，一直用到基金，一直用到现在。  他还有很多好处。比如有散户经常问我，BTC和山寨币的比例是多少。正常情况是BTC7成，救命钱3成。山寨币比例从BTC的7成里扣，不可超过2成。就是说你正常情况下，牛市满仓，是救命钱3成，BTC5成，山寨2成。    这个仓位策略从2017年用到现在了，只能说经典永流传。   聪明的你应该也发现了。仓位管理已经被蕴含在了这套物理隔绝里面。 或者可以说，物理隔绝的这套方法，是基于仓位管理设置的。是一个细化。    在此基础上再做三点解释，方便你们使用：   1，大账户放在家里，关键行情不在家怎么办。  答：大账户操作BTC时，是在赚趋势的钱。想赚趋势的钱，你需要降低操作幅度，且时刻思考你在趋势的什么阶段。本系统的设立，为什么强调把大账户放在家里，就是强迫交易员思考趋势。 另外，如果你敢在要大跌的时候出门旅游，那我真的不认为你是个合格的交易员。    2，切割仓位：我们全群都买了HYPE，是下跌的时候我唯一指定要买了长持的东西。用的方法就是切割仓位。  比如你有10WU，你要买2WU的HYPE，你买完后，总仓位就只有8WU了，大账户里应该放8*0.5+8*0.3WU，且把你切割的HYPE也存在大账户的资管理财里。   注意，一般这种时候，请在你的电脑上贴一个纸条，详细记录你购买这个切割仓位的底层逻辑是什么。一般切割仓位的东西，倾向于中长期，比较符合价值投资。  有很多人，VC居多，拿着久了，就忘记自己切割仓位时的投资逻辑了。所以你必须在纸条上写清楚，底层逻辑是什么，什么时候卖掉。  这个必须要强调，如果你是一个散户，请不要使用切割仓位。散户韭菜一旦切割仓位，大多会买出感情，套出幻觉。  鹿鱼3班就有一个很著名大学的研究生，切割CFX仓位，套出感情和幻觉的。    3，你有多少钱，就把我举例的10WU按比例放大就行。但请注意，假设你的资产达到了1000WU以上，请把山寨币的持仓下降到1成以下。在牛市到来之前，现阶段大量山寨币的流动性是不足以支撑大持仓的。比如我现在，是救命钱3成，BTC6.5成。只有0.5成在中和小账户里。    OK，我讲完了。这篇文章至少价值100WU吧，都是我这么多年交易经验和带徒弟时候看他们犯错的经验的总结。  韭菜和交易员最大的区别之一是，交易员会不断的和你提仓位和风控。 这个简单的风控方式应该只有我提过，我第一次提的时候就搜了全推特。没有人说。
1870144165402816825,Fri Dec 20 16:28:09 +0000 2024,278,49,98,124491,9.8,02_short_selling,否,这两天爆杀了市场，完成了我从业以来最短时间内最高的收益，2天之内大金额账户，只动用5成仓，低杠杆，全仓收益53%以上。 散户可能不知道这是什么个概念，觉得没有万倍收益，没有暴富神话，啥都不算。 正经基金经理就知道这是个什么战斗力了。 本来明天提最贵的SUV的，现在明天提完车直接去再提阿仕顿马丁加法拉利了。 这一切，都是当着学生群、VC朋友、推特二级交易大V、阿里巴巴的ADAO500人群的面完成的。战绩可查。  先是一周前把BTC的剧本写好了，做空在107357点，缺点是我没来得及加仓空，仓位不够大。  然后选择做空了一揽子MEME币，PNUT和NEIRO是我做空最大的币。  再之后，我选中了市场里今天涨幅榜前二的币，MOVE。公开喊了所有人上车。MOVE这个币我第一轮的建仓成本是0.627左右，实盘逃顶在0.86附近，中间还做了一次波段。今天币安大跌时最低点是0.6774，我挂单接到了0.6777，然后随着放量加仓。现在是0.81。MOVE我是纯现货。具体见推特。  昨天凌晨和VC的朋友说：92100点是我好几天前测算出的下跌极限值。 今天BTC的下跌实际值是92232.54.  在BTC接近底部的时候，我还在三个群全部喊了一遍这里是最重要的位置，如果跌破则超出我的预期，可能发生黑天鹅。  就是说，我公开完成了预测，逃顶，做空，找到市场里没启动的最优质币，波段，抄底。几乎二级交易的每一个环节。 全部可查，我把图都放在评论区。  这些，都不是我想说的。 我这两天不在电脑前，我在海南租了个别墅，接妈妈来过年，我明天一早还要赶回上海。这几天大多数是手机盯盘，不然操作还能更细。 在19日晚上下楼吃晚饭的时候，我突然福至心灵，有一瞬间，我感觉这几年所有的辛苦都烟消云散，世界变得甜美而明亮。 我耳机里放着《真夜中のドア/stay with me》，在街头直接跳起了舞。 我并不知道自己为什么起舞，我感觉K线在我指尖，所爱的人就在我怀里，我感觉自己，无所不能。  之前我一直受各位老板提携，我时常告诉自己要努力，不能给他们丢人。 现在我不会再这样想了，至少在二级交易领域，我不用再去证明什么了。 我想，在别人眼中的我，应该已经成为他们。  道德菩提非正果，今日方证我是我。
1815319855912063395,Mon Jul 22 09:35:55 +0000 2024,266,147,19,90697,9.8,05_independent_trader,否,昨天简单整理了一下写过的东西，方便后来的朋友查阅， 《Z级MEME模因论》：https://t.co/6mPJAVj4GG 《土狗需要多尝试》：https://t.co/OKuMjCUDSM 《这一轮上涨缺乏动力的本质》：https://t.co/3ad066PlL9 《币圈十戒》：https://t.co/GPSdaq1KbC 《一个臭炒币的k线回忆》https://t.co/03wpx4NZFL 《盈亏比》：https://t.co/p95QUYqrJW 《看好一个生态的玩法》：https://t.co/SzdHVKEYiZ 《传统市场庄家和散户观念上的区别》：https://t.co/DHWht5pu5H 《WLD解析》：https://t.co/4c0rq8Z0Rr 《币圈社群方法论框架》：https://t.co/ts2gNDd4My 《牛初支撑位》：https://t.co/nsLpBCb7yr 《复盘近期思路》：https://t.co/iHD06shdW8 《做mm时的神奇项目方》：https://t.co/Ipml43EtWJ 《行情复盘 板块轮动 MEME重要性》：https://t.co/Lne3FSJ3KQ 《4月暴跌抄底行情复盘》：https://t.co/0RNSqk43tP  SPACE链接  1.给散户发发财富密码：.https://t.co/7C2oqN5s8p 2.送钱行情总复盘，二级小技巧。关于交易员你要知道的那些事上半场：https://t.co/bg7AimeafD 下半场：https://t.co/Ldtphk8GKV 3.答疑，大盘行情分析：https://t.co/7nVe9fnv85 第二场：https://t.co/MxnPcbQH5z 第三场：https://t.co/tZPzpAFgDB 4.财富密码+大盘答疑：https://t.co/Xk57estfj8 5.行情复盘：https://t.co/rLrXI3SixE 6.二级财富密码：https://t.co/crax63qVUO 7.行情复盘：https://t.co/WofKJadrxz 8.铭文赛道上半场总结，下半场投资指南：https://t.co/UlilkCBRoV 9.比特币生态赛道&有关交易的大坑：https://t.co/AVYtg51B3M 下半场：https://t.co/ZirGQI43XI 10从零到一开始做项目 第一节——为什么你要做项目方：https://t.co/VcN1fYGgmg 11全网最早拿捏SOL的涨幅：https://t.co/jQ06ImyPIk
1912164693776777248,Tue Apr 15 15:22:43 +0000 2025,263,57,20,42223,9.8,04_operations_exchange,否,"分享一个我前几天转发在朋友圈的文章：《如何发现一个20岁时就值得投资的人》 我们如何识别那些还没开始，但未来可能改变世界的年轻人？  我想谈一种常被忽略的天赋。它不像智商或履历那样容易量化，却往往决定了一个人能否走出轨道，走出属于自己的路径。我称它为结构外生长力（Structural Divergence Capacity）。这不是简单的自律或自驱，而是指在没有任务、没有外部压力的情况下，是否能自我设定目标、持续推进、独立成长。  过去几年，我见过上万名创业者。最让我着迷的，不是那些履历光鲜、表达完美的人，而是那些不太常规的年轻人。他们跳跃、直觉、不善解释，却往往有原始的探索冲动。你能感受到，他们身上有股火，只是还没烧起来。  很多人问我，投人是不是得等他们做出点成绩？我的答案是，不一定。那些还没“拔刀”的年轻人，反而更值得投。就像《孙子兵法》里说的，“善战者无赫赫之功”，未出手已成势，也避免了出手不当反伤自己。  对年轻人而言，最宝贵的状态，是即将出招但还未亮剑的阶段。他们有强烈动机、有早期判断，却还没定型，也因为如此，支持他们的增量价值极大。当然，有些人拔过刀但失败了，如果能从中快速吸取经验、形成反思，也是一种成熟的信号。  但大多数年轻人，并不是没有潜力，而是被三种看不见的力量困住了：认知受限、缺乏勇气、方向迷失。他们不是不聪明，只是没跳出主流路径，不敢承担失败，或在理想与现实的碰撞中逐渐放弃。真正具备结构外生长力的年轻人，恰恰是那些已经在突破这些障碍的人。  这类人可能在学校期间，并不把自己看作学生。他们的信息源是多元的、去中心的，甚至是不稳定的。他们主动开VPN学习前沿、联系陌生人、下载非主流App、尝试产品原型、组织朋友试用。他们甚至懂得伪装——在需要时以学生身份示弱，从而获取帮助。他们未必在课表上留下记录，却有自己的学习路径；未必在活动里刷脸，却始终在行动。他们不像是被培养出来的，更像是自己长出来的。  所以我们才更需要去寻找那些即将突破这些障碍的人，他们的刀还没拔出来，但他们已经在发热。这些人通常有几个共性：  一、感知世界的能力，远超同龄人这个世界的折叠结构非常严重。  不同年龄、阶层、行业之间的交流越来越稀薄。很多成年人对年轻人的真实想法几乎没有任何直觉。我们常常以为年轻人想的都很虚，但很可能他们恰恰站在了未来需求的一线。他们对社交、AI、文化、生活方式的感知，往往比我们这些在社会结构里运行的人更前瞻。越年轻的人，越能感知潮水的方向。 一个有用的判断方式是他是否能看出别人没看到的东西，并能从这些感知出发去尝试创造。  二、问题导向，动手去做  很多人现在都说要学AI，但大多数人只是被潮流推着走。你去上一门课，结果没几天就忘了。看到某个产品爆火，抢着去尝试，试完也没了下文。而真正值得投的年轻人，是那种探索中找到问题，再去学习技能的人。他不是因为AI火才去学AI，而是因为他发现一个问题必须用AI来解。这种问题主要围绕他们自己的需求，而世界上没有可以解决的产品。于是他的学习路径是倒推的：问题→解决路径→学习技能。 这个逻辑改变了一切。因为一旦是目标驱动的学习，就会出现惊人的专注和吸收力。他们没有被工作锁死、没有太多责任负担，有时间、有精力、有好奇心。学习对他们来说，不是为了考试，不是为了简历，而是为了干事，再或是为了改变世界。 这就是“Learning by doing”最好的土壤。  三、好奇心的密度和可执行性极高  并不是只有年轻人有好奇心，但他们的好奇心密度和可执行度是最高的。他们愿意因为一个问题查资料、追视频、试代码、开小项目。他们没有太多框架限制，不会想着这对我职业路径有没有帮助，或是能不能加到简历上。更重要的是，他们不容易被结构性压制，他们的生活还没被成事的逻辑完全占据。 而大多数成年人的好奇心是专业性的，进入职场后，他们的探索往往是受限的，是为已有目标服务。而年轻人，能“乱逛”。这种阶段没有明确收益，却最容易长出真正的创造力。  四、自我迭代能力  他们不一定懂复利，但做事方式是复利式的。他们习惯于记录试错、总结路径、不断优化。从而优化自己的行为方式，调整自己与世界的交互系统。这是一类最容易被忽视、但在长期观察中意义极大的特质。 这也是一种长期主义的体现。不是简单地说我想做长远的事，而是每一次失败后，他们都能问：“我在这次里学到了什么？它以后还能不能用？我下次要怎么做的更好？” 每次失败都不是归零，而是叠加。最终在某个时间点突然爆发出远超常人的成熟度和创造力——我们以为他们一夜成名，其实他们早就在地下生长多年，只是没人注意到。  五、能穿越失败、忍受无人理解的阶段，坚持再坚持  你会发现，这类年轻人并不是一开始就强大。他们也有害怕、也会犹豫，但他们和大多数人不同的是：他们不逃。他们知道自己还没准备好，却依然选择走在准备的路上。他们不怕阶段性失败，因为他们理解失败不是终点，而是试错路径的一部分。 他们不是天生无所畏惧，而是清楚，如果害怕代价，那就永远没有资格谈梦想。他们不一定比别人聪明，只是更愿意相信现在的困惑，是通往未来的燃料。真正有结构外生长力的人，往往都在最孤独的时刻，不靠掌声，不靠推力，依然咬牙走下去。 不得不提一个现实情况，他们可能在一些艰难且错误的路上被磨灭心力，消耗殆尽。他们不是不会走错路，而是往往走得太深、太久，孤独又倔强。这种情况下确实需要我们的鼓励和引导，跟他们讲真话，帮他们少走弯路，保护他们心里那团火。哪怕它一时微弱，也值得被保护，直到再次燃起。  六、智慧且愚蠢  除了这些内在能力，我还发现一个常被误解的特质：他们可能看起来其实有点愚蠢，轴得不合逻辑，比如不擅长止损、不懂投机，不走捷径。他们在早期可能兴趣爱好很广泛，但一旦选了方向后，会放弃成百上千的娱乐、社交，甚至学历。他们不是功利，而是极度专注，甚至能为一个想法牺牲掉一整个阶段的人生秩序。他们舍弃的不是青春，而是没必要的分心，在关键阶段愿意选择了一件真正值得去投入数十年的事。 太聪明的人，往往什么都能做，却难以坚持一件事做到极致。而这些看起来笨的人，反而更能穿透。他们不花哨、不圆滑，但目标清晰，脚步坚定。 他们的路径很少出现在课表或简历里。他们不会做PPT，可能偏科、不合群，但常常在复杂问题上反应极快。他们可能辍学、做冷门项目、坚持没人懂的事。这种“怪”，不是为了叛逆，而是出于本能的不服从。他们不随波逐流，只是始终在寻找自己的方向。  正是因为这些特质不容易被传统标准捕捉，我开始试着为这类人建立一种新的理解框架，就提出了结构外生长力的概念。  那些我曾见到过的值得投资的年轻人  我见过一个浙大的本科生，几乎不参加任何学校活动，只在自己认定的路径上钻研。他曾在某企业底层打工一年半来学习，然后花数月系统分析行业与市场。他的目标是十年后做具身智能，他判断timing还没到，而现在的目标是在此之前先做一家创业公司练能力、积累资金。于是作为名校背景，他异常地选择了一个大多数人都看不上的方向全情投入。  还记得当时通过朋友介绍我们第一次见面，前二十分钟，他几乎没看我一眼，话也不说，表情也比较冷漠。直到我输出一些有价值的认知，才让他提起了兴趣，抬头看我，开始主动提出问题。他不是冷漠，只是没兴趣浪费时间。这种人一旦打开，就是巨大的潜力。  再比如我曾经在一个辍学创业者的群里的一个学生。有一天，我在咖啡店写作，临时想找个人聊聊，朋友圈问了下，他就过来了。几天后我想去打羽毛球，找不到搭子，他又来了。这两次并不是为了争取什么机会，而更像是某种直觉驱动，他觉得这可能是值得打开的一扇门。  我们最终投资了他。后来他19岁从清华本科辍学，今年23岁，已经拿到了亿元级别的融资，背后是几家全球顶尖的基金和知名个人。后面几年他的成长曲线异常陡峭，选择了最难的路，忍耐了太多常人难以忍耐的事，而那一切的起点，只是他在群里默默观察、及时行动、愿意走出门去聊一聊。我们以为的很多偶然，其实都是某种自我指引的决心。  当然，我也错过过有潜力的人。比如三四年前有个00后女生，初期只是某个不到十人的创业公司里的实习生，但她把自己当成联创一样什么都做、折腾力极强，几年后独立创业，拿到几百万美元融资，势头很强。起初我没看重她，因为她没有名校背景，不是技术出身，年龄又过于小，起点不突出。  这让我反思，真正有意义的投资，不是多支持一个本来就能成功的人，而是早期发现那些不被看好的力量。名校创业者确实成功率高，但他们本来就拥有更好的平台和资源，投资他们，我们能为社会提供的增量价值其实是有限的。而真正有社会价值的投资，是看见那些原本不被看好的人，并在早期坚定支持他们成长。而这些人的起点不重要，重要的是结构外生长力和他们的成长斜率。  历史上这样的例子也不少。泡泡玛特的王宁毕业于郑州西亚斯学院，现在市值已经超过2000亿；大疆的汪滔，本科来自华东师范大学，如今的公司估值超过1000亿；喜茶的聂云宸，毕业于广东科学技术职业学院，公司估值超过600亿。他们不是因为背景，而是因为成长路径的强度、自身具备极强的结构外生长力。他们的存在本身，就拓宽了社会对成功的想象。  于是我开始更主动去倾听年轻人的想法，理解他们的背景和成长经历，而不是只看当下的项目或履历。因为早期判断一个人，靠的不是BP，不是简历，而是你是否愿意走进他那些细碎但真实的表达，是否能从一次聊天、一次观察中，看见他还未成形的锋芒。  培养年轻人和投资一个项目是两件不同的事。真正投人，靠的不是公式，而是低信息状态下的信任力。自古英雄出少年，你愿不愿意相信一个还没毕业的年轻人。  你有没有见过这样的年轻人？  大家不妨试着在身边找找这样的人。或者你自己，就是那个在角落里默默努力的人？如果是，不妨来找我们聊聊。也许下一个改变世界的故事，就从一次咖啡、一次打球开始。  最近，我也一直在尝试建立机制，让这些人被看见。不是筛选最优秀的人，而是防止这些最有可能改变世界的人被埋没。  我一直觉得，投人是件既科学又浪漫的事。科学在于你要判断、比较、建模；浪漫在于你愿意相信，一个还没毕业的年轻人，十年后可能重新定义整个行业，数十年后可以改变世界。  我的任务，是在对的时间说一句：“我看到了你。”  如果你愿意，也可以成为那个看见他们的人。 -------------------------------------------------------------------------- 这篇文章是4月7日董科含的公众号写的。我很少转发这些东西。 这篇文章看完，我非常有感触。  早年，我对“投资就是投人”这句话嗤之以鼻。后来，随着我吃的亏越来越多，见过大量项目方创始人，和不同的VC交流，我发现这句话是无比正确的。  我记得真格基金的戴雨森曾经在小群里评价过某个项目方的老板：“他是天生的CEO！”于是我就跑去这个项目方里，偷学这个CEO很久。把他的特质一一记下和总结，直接照着去模仿。  包括现在每年去做币圈学习社区，我做的分外认真。我记得今年最大的收获是看见一个币圈运营到讲台上给大家讲自己的经历时，他身上那种优秀的特质，分外耀眼。她眼里有光，闪烁着对未来的憧憬和信心。 她下台后，我对台下的所有人说：“我看见了光，我觉得，公司的人老是喷我，叫我别浪费精力在教课这种低收益率的事情上。但我现在觉得，做这种劳累的事情，是有意义的。我在投资年轻人。”  还有一个女生，顶着发烧，记录了厚厚一叠笔记本。最后她告诉我：她进币圈第二天听了我的SPACE，现在是打狗专家。单币，两次A7一次A8。  我和他们交流时，能感受到他们身上不同的优秀，和文章里说的几乎一样。  就像《三傻大闹宝莱坞》里最后那句话一样： Follow Excellence. Success will chase you, pants down. 追求卓越 成功就会出其不意的找上门。  币圈养育了我。 也希望，币圈的未来，有更多有20岁时就值得投资的人。"
1881761281268760797,Tue Jan 21 17:50:25 +0000 2025,191,41,48,26771,9.8,04_operations_exchange,否,"《Z级MEME导论第N篇》我们继续聊MEME的干货和核心经验，本文面向圈内从业者，约5000字，相信我你看完一定有收获。这都是刚刚出炉的钢铁干货。撒哈拉沙漠那么干。散户请直接忽视前12条。   对项目方：  1，不管是MEME项目还是链上其他类型的项目，你可以理解成链上提供了一个人人可以发项目的交易所。中心化交易所会对项目做审核和筛选，登录大所本身就会拥有热度和流动性。但链上如果你想获取热度，你就必须会整活儿。单纯的整活儿不行，你还要符合链上生态的各个参与者，去配合和调动他们，在此基础上整活儿。🔥  2，接1，项目方可以理解成链上的开盘和第一波，类似于过去上中心化交易所的第一波。这是整个项目最关键的一步。过去中心化交易所上所前，您需要准备各种利好，和MM配合，给社区发消息，和交易所沟通，确定技术无问题，稳定团队军心等等。在链上开盘前也要准备这些，但是侧重点发生了更改。所以，开盘是最重要的。💵建议项目方不要热启动，尽量冷启动。  3，我总结下来，MEME项目的分工分为四部分：链上技术，链上MM，营销，传播链。  链上技术：指的是所有关于链上的技术相关，非常庞杂，不详细叙述。不建议项目方尝试。  链上MM：链上做市商，这部分的叙述会放在做市商的文章的第三篇讲。不建议找非币圈做市商，传统MM给钱给你都别找。  营销：事件营销，活动策划。  传播链：各路KOL的详细配合。  4，先解释一下营销和传播链的关系。营销一个利好或者说一个事件，散户对此的认知是不同的。需要有一个起爆点，去给散户解读此事件，并让散户进行“买入”这个行为。 这句话我的老项目方读者们是不是有点眼熟？没错，我在《Z级模因论》里写过。MEME是一类具有强传播性的文化信息。他的特性之一就是操作人进行某些行为。💯但是由于很多MEME币本身的MEME属性很差，所以需要一个起爆点去推动散户进行“买入”这个行为。这个起爆点就是KOL。整个起爆链路就是传播链。🔥 如果从坐庄侧角度出发去攒一个完全的“阴谋”盘，则传播链还有一层更深的解读：筹码分布的极致管理。  5，我们再来说一下整个链上做个MEME项目最重要的两个环节，都是项目经验反馈总结出的：高协同性和MM的灵活性🪙 1，高协同性指的是营销和传播链的高度配合，营销和MM负责人的高度配合。 2，MM的灵活性指的是在不可能制定详细MM计划的前提下，如何即时出货，面对大量突发状况如何修正自己的策略。 我再次重申一遍：MEME项目的难度非常高，远高于普通VC币项目难度。 MEME币的项目整个流程，更类似于盘圈项目。  所以，项目方必须要有强而有力的运营总监/CEO或者负责协同的人员，以及富有经验的MM。  6，我们可以很轻易的得出结论：MEME项目的营销负责人必须非常懂KOL。其实不止，他还需要懂金狗猎手，懂MEME社区。甚至MM人员，最好也懂这些。这一点越细化，你项目的成功率越高。 比如你把KOL的喊单能力细分，直到不同KOL靠什么吃饭，不同金狗猎手扫链时的依据是什么，国外KOL的小团队都有哪些人等等。 这又符合了币圈的本质之一，是对认知的补偿。💴  7，从我上一篇MEME的文章写完，就有很多项目方找我说想发币到链上。想发个MEME币。我是尽力劝阻的。因为其实在我们这种老不死的执行层看来，交易所有其不可替代性，VC币的链路有其不可替代性，是千锤百炼自然选择的最终结果。  考虑到项目方这一轮的确存在困难，交易所的上币费用过高，普通融资的项目方支付上币费后，容错率几乎没有了。更不用提很多项目方根本没有脚踏实地的去运作自己的社区了。  这里给项目方的建议是：如果你能凑齐第5点中的两要素，可以把项目发在链上，并且是非常优秀的路径。开盘完全当做MEME项目来做，后期完全当做传统VC项目来运作，互相不冲突。💵  这样的项目结构上，等于把传统VC项目的路径，在开盘时挪到了链上，与第3点中的MEME项目四结构互相配合，做了一个并行。所以我写项目方需要注意的点的顺序并不是乱写的。  项目方的这几条，我是非常认真的写的，还有一些话不便直说，不过你都做到项目方的位置上了，你思考一下应该也很简单。框架和路径，已经给你说清楚了。剩下的就是一些执行层的事情。欢迎项目方的朋友们找我玩！  这里删除了7.5条和8条，因为是对生态项目方和交易所的针对性建议，不具备普适性，且比较长，所以挪到了评论区，确保此文的阅读体验。  对KOL和金狗猎手： 9，这波的社群生态结构发生了变化，社区里散户对社群群主的忍耐力和接受度，到了新高。一天喊10个币，亏8个，平1个，一个赚5倍，散户就会忘掉群主的一切不好，觉得是自己的问题。所以私域流量非常容易聚集。 可以说，MEME的发展，是在给KOL喂饭。🔥  如果你就是一个做KOL，做社区的，你这波富贵都吃不到，你多少有点问题。 但如果你只是一个做KOL，做社区的，对散户装装逼吹吹牛就行了，见到币圈生态位比你高的人，请谨记英雄联盟里男枪的那句话：“把头埋低！”  大家都在币圈生态里，各司其职，要知道自己的钱从哪里来的，要多向头部生态位的人学习。  10，金狗猎手们我交流了非常多，非常多。很多金狗猎手我真的特别喜欢。他们聪明年轻，思维敏捷，有一技之长。他们的状态比较奇怪，要么觉得自己天下无敌，要么赚了钱了也非常焦虑。  焦虑并不是因为没赚到很多钱，而是因为他们非常了解MEME板块，感受到了MEME的流动性。他们怕MEME的热度过了后，他们失去赖以生存的土壤。  我的建议就两点： 1，再一次搬出这句话：DEX是币圈最伟大的发明，MEME是DEX这顶皇冠上最耀眼的明珠！ MEME板块不会轻易消亡，但是会不断变化。 2，不要排斥VC币，可以去勇于尝试做做项目，或者多和比你强的人接触，做高自己的生态层级。  哦，对了，别去卷你们的扫链技术链上技术了，我交流下来发现，你们的技术绝对够用。  额，最后对从业者和散户说说吧： 11，不参与TRUMP是非常不该的。我和好哥们加密韋馱聊天时，曾经谈到，我们这样的执行层顶层，市场里的每一个热点，我们都会参与其中，才能养成精准的分析能力和对项目的判断力，对热点的嗅觉。这点我19日的文章里写过，去年7月也写过，不再赘述。  12，很多人的目光太局限了。这样的大热点能赚钱的方式是很多的，不要老是思维定势，因为没有早期参与或者重仓梭哈，所以得出结论：下次要买的早，重重梭。  那你等死吧你！  包括很多金狗猎手疯狂内卷，其实是一个毛病，眼光太窄，技能点点的不够多。   比如TRUMP的二级交易，是非常非常简单的。我敢上大仓位吃反弹。如果链上的一级金狗没吃到，没事，金狗的流动性都很好，二级的走势都非常标准。  二级又可以细分，比如吃暴跌反弹，做空，震荡等等。  所以当很多人没吃到一级很低倍率在焦虑的时候，我经常和学生们说：别急，等二级机会。 其实再细一点，TRUMP还有非常多其他的机会，比如如果你会链上技巧，如果你是量化大师，你都有很好的赚钱空间和角度。  所以赚钱的姿势这么多，别只会一种。或者…………赚钱的姿势这么多，你总要会一种吧！！！🤣   这就和打日式RPG一样，你开局1级选择职业是战士，你如果一路玩战士玩到顶，当然可以。但如果你10级学习了魔法，那你就可以在20级转职成魔剑士。你在10级学了贤者，那你可以在20级转职成圣骑士。你10级把魔法和贤者都学了，还学了一堆职业，那你可以在N级转职成魔王！🔥 聪明的你懂我和加密韋馱的对话了吗？ 我一直在说要做高币圈生态位，现在明白了吗？  13，写到这里有点累，直接复制前几天TRUMP上涨时群里写的话吧： 1， 心态是最重要的，不要焦虑，也没时间悲伤，因为你花时间去悲伤焦虑，你下面的操作就会变形。一个大金狗大热点出来，一定会有别的机会跟随。（对，写完这句话特第二天就出了特朗普他老婆的金狗）  2， 别和上面的人比，尤其是币圈，金融圈。钱一定是流向更多钱的地方，穷人越穷，富人越富。这是流动性的本质，资本主义的致命伤。当你和上面比，啥时候是个头?你会一直焦虑不断焦虑，然后犯错，钱又会消失。  3， 当你赚钱的时候，你就想想，这笔钱是妈妈多少月的工资，能给妈妈买多少衣服和红烧肉。开心点。  14，接13多BB两句，就当送给散户的话吧 我今天真的特别开心。某个粉丝比我多的女KOL，是少数币圈认真干事儿，靠本事吃饭的女KOL。 我第一次见到她的时候，她在我朋友那边实习，正直BOME爆发的热潮。她当时在做BD，见了不少人给他吹牛，又看见群友赚了钱，焦虑到睡不着觉，要吃抗焦虑的药。 我安慰了她几句，让她留在牌桌，慢就是快。告诉了她一些误区。  说实话我认为她当时并不能理解我在说什么。但是她走过焦虑期后，一直在慢慢稳扎稳打，经营自己，服务项目。这两天她终于赚了钱。我开心的去恭喜她。她敲了一段自己的认知和反思给我，角度依然稚嫩，心态还是有点焦虑。但她的话里最后一句我很开心：留在牌桌。  恭喜你，看见你赚钱，我打心眼里开心。你真的进步了。  下次你请客！🤣  去年年中的时候，我觉得我走到了人生的关键点，幸运的是我知道谁能解答我的疑惑，于是我去拜访了我的干妈。 干妈和我说了很多，我全都在做了。 当时听不懂的，我就回来问比我强的老板们。  在干妈和老板们的眼里，我也是在摸索他们走过的路的“年轻人”。 我应该，没有给你们丢脸。  今天下午，我的一个还在念大学的学生，过来找我问研究生念哪所大学，最后给我来了一句： “以后在外面一定不给你丢脸”🔥  那一瞬间，我仿佛看见了17年还是韭菜的我自己，我在老板们面前说出一样的话，走上了这条路，一直在币圈，熬过了最难熬的时光，甚至越过了死亡，见证了每一波热点，走到了阳光明媚的今天。  我是一个标准的币圈土著，我的一切，都是币圈给的，是币圈把我锻造成了今天的样子。  我爱这里。链接世界一切的这里。🌻  最后让我用埃隆马斯克的《如何在生活中取得成功》中的一句话给这个过长的文章结尾： “The thing that drivers me is that, I want to be able to think about the future and feel good about that. So that we’re doing what we can to have the future be as good as possible, to be inspired by what is likely to happen, and to look forward to the next day. So, that’s what really drivers me, is trying to figure out how to make sure that things are great and going to be so. And that’s the underlying principle behind Tesla and SpaceX”  “驱动我的是，我希望能够思考未来，并对此感到快乐。因此，我们正在尽我们所能从事情中获得启发，让未来变得美好，并期待明天。所以，这才是真正驱动我的东西，就是试图弄清楚如何确保事情伟大，并让其发生。这就是特斯拉和 SpaceX 背后的基本原则”。  转发并且评论此文章，回复你的想法，并且在最后说一个1-10000之间的数，我们将会进行抽奖，第一名我会请客吃饭（上次那个我还来得及请，抱歉），第二名可以问我三个问题，第三名可以获得我送出的DND幸运骰子！"
1978455245308240172,Wed Oct 15 13:37:43 +0000 2025,165,27,26,34270,9.8,01_market_making,否,《关于市场是怎么逐步麻痹你的》 我懒，本文来自于我在群里的聊天记录，我就不整理了，贴在这里。年轻的交易员们可以看看。 1，小级别上，是怎么麻痹你的： 前几个月的时候，大家习惯性做空。开盘就做空山寨币更是屡试不爽。 以MYX为代表的币，爆掉了所有的空军赌狗，调动了大家开合约的热情，同时让大家不再无脑做空，甚至不敢轻易做空，而是思维转向多军。 同时，市场里大量高估值项目批量出现。收割市场流动性的同时，让KOL出去喊单，再次FOMO散户。 最后，资金流向MEME，产生了批量让散户焦虑的MEME币，散户完全倒向贪婪一侧。 很轻松的几个关键点，就改变了散户的习惯。  2，大级别上，是怎么麻痹你的： 已经很久没有一次跌20% 之前我们做的时候，都是把20%-25%当做一次标准下跌。23年后，变成最大是15%，一般是10%。最近一年5%的快速下跌，山寨都会大幅回调。 考虑到新人都是从23铭文那波之后来的，这帮新人甚至没有见过20%下跌  这里，是币圈。大波动是这个市场的特质。  长时间没有大幅下跌，市场非常非常松懈。 后进场的这些年轻做市商，无论被动还是主动。太年轻了。华尔街资金入场后，进来了太多顶着大厂光辉头衔，拿着高学历，拿着互联网厂的工作经验，来币圈想打江山，他们给市场提供了很多新的流动性，但是， 他们缺乏对市场最基本的敬畏。 从23年下半年至今，两年的时间，降低波动率用来麻痹一代人，从而带来了这次的大洗牌。  最后，我说点有意思的。 好多人说：啊啊啊币安拔网线，我们无法交易。 这事儿我们从18年，一直经历至今，这是这个市场的特色，我不想大段解释这个事情的原因。 我就说一句：为什么不想办法，去应对这种情况？这种情况并非无解。 我再退后一步问一句：为什么你没有考虑BTC的大波动？是经验不足，还是你全心在狗日的山寨币上？ 我再退十步，问一句： BTC最后的日线，各种指标究极背离，你哪怕是做长线，都应该止盈暂时离场。做短线的更应该开空，4H和1H线给足了做空机会。 你为什么没有做？  不要给你的失败找理由。多去分析自己的应对措施。多想想自己什么举动看似有道理，实际上是错的。多想想自己什么无意识的举动根本就是错的。  散户总是爱给自己的失败找理由。
1869819060474802303,Thu Dec 19 18:56:18 +0000 2024,162,26,17,80677,9.8,06_macro_btc_cycles,否,在我睡觉前，发点随笔。如果得罪了某些KOL，那就得罪吧。 1，BTC以后和山寨币是两个东西了。BTC由USDT和美元两个一般等价物驱动。山寨币只有USDT驱动。山寨的造富神话将会进一步下降，相对应的，这对社区好的项目方是天大的机会。  2，我短期不看好ORDI和铭文，我有且只有两个地推项目铭文在身上了。币安下架那难用的钱包，你们非要说币安和铭文对着干，今天下跌过程中，不少人抄ORDI，在我看来是幼稚的赌气行为。  3，那个什么白痴大V李老师从传统行业过来发个披着MEME皮的狗屁项目，出货出的飞起。这是MEME出圈和到顶的标志。PUMP的MEME要暂缓。  4，我也不理解为什么要喷币安的VC币，喷的原因无非是没有造富神话。那MEME你们都富了？ 我今天在MOVE用现货赚翻了，全程实盘公开喊单，很早就说了，这些VC币其实是非常容易赚钱的项目。  6，MEME做空其实是非常简单的事情。时间维度上有非常简单的策略。所以NEIGO和PNUT这种币，收敛到最后，算一下时间维度就知道应该博方向，往下博。  7，这两天的推特氛围极其诡异，反正就是两个字：浮躁。 或者说，币安的SPACE像是点燃了整个推特的焦虑气氛。  我建议老板们，可以整理一下KOL列表了。整理方法参考我以前的文章。  8，本来想写一下MOVE这波操作的简单复盘的，但是太困了，算了。我觉得如果气氛正常，MOVE这种难度的二级币，肯定有很多人能抓到。  9，美联储的终极目的，是篡夺币圈的自由发币权。以后，币圈发的野生项目，涨幅都有限。但是过美联储任何的币，或者进ETF的币，都会暴涨。 没错，这个事情已经在灰度BTC预演过了。 他们会用各种“钦点”的山寨币，去消除美国的资产泡沫。  最TM让我生气的是，如果当年不出那些政策，不把矿场清退，这些，本可以都是我们的。  最后，我要再说一次，我每次熊市都会说的那句话：欢迎来到山寨的熊市，娇贵的小多头们。  这里磨牙吮血，杀人如麻。  这里是生我养我的地方。
1813925741727490421,Thu Jul 18 13:16:12 +0000 2024,144,26,25,78845,9.8,06_macro_btc_cycles,否,这几天开始恢复更新推特，不摸鱼了。 前两天冲了8个土狗，把1.5个ETH变成了10个。 今天中午在小群里给大家讲土狗MEME，聊到了建立冲土狗方法论的重要一环是尝试。  币圈的很多产品，你一定要第一时间尝试尝试，不要怕亏钱，冲土狗更是这样。  比如你ETH每次用100U一次，SOL你用50U一次，各20次，共3000U。用一个完善的笔记本去记录你自己的每一次冲土狗的心路历程，比如当时为什么买，是追踪了某个大户钱包，还是看好这个题材，二级切入的买点是多少，最后为什么卖掉，收益多少，中间犯了什么错误，有什么额外的思考。 这里要补充一点，不可以 因为100U和50U钱少就不去认真对待。 每一次交易都要当做这3000U是你所有的钱去弄。 你把这笔钱花掉，你会发现你绝对入门了冲土狗。 你舍弃了40次“可能暴富”的土狗机会，用来换取你培养出土狗方法论。就盈亏比而言是绝对划算的。 这就是“慢就是快”！  绝大多数时候，人是不能凝练出方法论的。尤其是币圈，周围有无数的暴富神话，在一直围绕着你，让你变得浮躁。 其实选择性的舍弃掉一些机会，把这些机会专注的用在学习上，反而能帮助你锻炼自己的主观思考能力，凝练出自己的方法论。  很多情况下，我们是知道自己是错误的，自己是没有方法论，是需要学习的。但我们为什么还在盲目的乱冲，去博运气呢？是因为我们由着我们的人性去支配自己的思维，由着自己的性子来做事情。有时候短暂的努力一下，却无法获得正反馈，便很快放弃了。这种情况永远常见于一些散户韭菜身上。  有时候你需要逆着自己的性子，去试一试，才能开启正确的正反馈循环。 要通过一个周密的计划，从感性和理性上，都进入一个不是自己的“超我”状态。这样才能去愿意自我否定。 第一步是愿意自我否定 第二步是懂得如何自我否定 第三步是从正确的自我否定中提炼经验 然后才能战胜人性，逐步诞生自己的方法论。 很多时候，我们就是差了“周密的计划”，以及“一点点尝试的实验精神” 纸上得来终觉浅，绝知此事要躬行。世界上最遥远的距离，是从“知道”，到达“懂得”。
1920128294168776770,Wed May 07 14:47:14 +0000 2025,141,42,59,24572,9.8,04_operations_exchange,否,写点干货：我经常在群里聊一些一级投资和做项目的基础逻辑。今天群友问到了显示费率的产品，然后聊到了coingalss和KINGFISHER这类的产品。进而衍生出了一个问题：  币圈技术类产品的创业  自2017至今我至少给50个以上的技术项目做过内测，30个以上我就不记了，但肯定有50。大多数是技术人员创业。常常是某技术人员：“觉得xxx是个痛点，就出来做了。” 大多数产品嘛，都不错。也有一些让我觉得惊为天人的。  比如有个在arb上做链上挂单交易的全链上交易所，叫jojo。这个我印象特别深，因为我也喜欢jojo的奇妙冒险，因为我反馈多，老板当时硬多给我塞了几百刀。  他们的产品非常棒。当时给我震撼了一下。但我问了他们一个永远会问的问题: “哥们，那你的营销怎么办呢？你的运营总监找的谁？你这可是个平台，重营销的活儿。”  然后我接了一个夺命问题： “你为什么用arb这条链呢？？？” 老板是个技术派，回答的是：“ARB的技术很丝滑，能实现我们的产品形态。”  我其实真的挺喜欢那项目的。但大家瞅一眼ETH和ARB，就知道后续的故事了。也不知道这个老板后面去干啥了，真挺可惜的。  我说这个想表达的是： 1，如果你是一个技术达人，没错，币圈是对技术人员最友好的圈子之一，但大多数技术人员真的远离市场，如果你们有天才的想法，请提前认真观察用户诉求，并找VC确定投资层决策层的角度，和我这种执行层的落地实操派商量执行的问题。 不同的层级，看事情的角度是不同的。一个好的点子一定能经过多层级的认证。  但请注意！一个究极天才的点子，能改变市场引起革命的那种点子，也一定是除了你以外，大多数人都不理解的。  做项目，做投资，很好玩吧！  2，请尽早在项目里安排运营总监。不要找那种什么传统领域XX大公司出身但毫无币圈战绩的。越牛的运营总监越早加入项目，越能让你拿到融资，也越能助力你的项目更好成长。 没错，我很长一段时间都负责和项目的运营总监聊他们负责的项目。叙事决定项目层级，技术决定项目上限，而运营决定项目死活。  一个好的运营总监，是项目多个环节的润滑剂，帮助项目全力运作的同时，还能从VC那边高效调动资源。对于VC而言，一个好的运营总监，确保了这个项目不会暴死，这就意味着有退出的保障。  这点是投资的经验之谈，也是做项目的经验之谈。  3，币圈发展到现在，很多技术项目其实也在拼成熟团队了。很多优质项目的团队是长期磨合过的，做的比较好的比如派网的团队，AVE的团队，他们的老板都是独当一面的定海神针，对币圈产品有独到的理解。迅速嗅到商机的同时，也能迅速执行力拉满，让成熟团队落地。  这里其实可以拿AVE这个优秀团队举例说一些容易被忽视的项目细节，但篇幅过长，我们之后再讲。  4，很多新人的技术项目，哪怕不偏离市场，也存在盈利模式不稳定，甚至是“抽象”的困境，这导致投资人的退出路径模糊。  5，技术派项目而言我个人喜欢且愿意投： A：路线特别骚，极其小众的项目。这样的项目要么早死，要么成为市场爆点，让我盈亏比极高。 B：老板是技术派，但是非常懂运营，至少要懂怎么找一个靠谱的运营去执行。注意此条，如果创始人是技术派加运营总监的合伙人形式，反而不在此列里。 C：创始人是年轻有为的人，拥有我之前文章中讲的“结构外生长力”。这样的人在币圈集中出现在海龟中和草莽里。但草莽里的年轻人缺乏头部资源和路径错误，海龟中的人容易眼高手低贪图享乐和无用社交。 投资就是投人，绝不是一句空话。技术派的人如果有结构外生长力，几乎必定在未来取得大结果。  我永远尊敬做技术的人，有时候做项目，宁可最后自己少赚点也绝不亏待了做技术的。 我是做运营和市值的，我注定很难改变世界。改变世界的寄点，最终都是技术天才们的灵光乍现。  最后。我找了半小时，终于翻到了这个视频。让我们把时间的指针拨回1960年， 请欣赏，在世界最美最年轻的时候，完全由技术驱动，无论是游戏、教育、计算机领域，都绕不过的传奇系统：柏拉图！  “我想柏拉图系统被赋予这个名字，，或许也表达着作者对古希腊的柏拉图学园理念的一种向往。 学徒们在柏拉图学院完全公共开放的园地里自由漫步，他们学习、交流、辩论，而哲学家柏拉图常常只是在一旁笑看着求知若渴的年轻人，鼓励他们的探索，给予他们评价和指导。 柏拉图系统也确实在某种意义上达到了这个目的，由其中的自由生态衍生出的互联网产品形态、电子游戏玩法及极客文化，更是成为了80年代后硅谷软件企业崛起乃至最终改变世界的原动力。”  祝所有币圈的技术人员们，走在正道上，成为下一个V神，创造下一个柏拉图。
2046590522152599766,Tue Apr 21 14:02:58 +0000 2026,124,31,12,21757,9.8,03_manipulation_chips,否,《从项目方出货浅谈如何正确抉择来赋予山寨币价值》本文需要阅读时间10分钟/50分钟。 我来给昨天的问题正确解答： 如果你观察当时的BTC的K线，你可以得出结论：市场严重过热，极大概率是519之后的次顶（得不出这个结论也不重要）。你最重要的是知道，自己的K线也挺不住了。 在此情况下，作为项目方老板的你面临的其实是熊市降临前如何抉择。 首先要明确的是：你的第一要务是切换成USDT本位。把所有你的币，尽可能的换成USDT。 项目方在熊市来临前的第一要务是赚钱，第二要务是活下来。第三要务是重复第一要务。  如果直接砸盘，其实并非最优解。最优解是抓紧高位横盘时间OTC。 所以本题的最精简答案来自@LeotheHorseman  的解答。如图所示。 然后才是配合营销或者自然流量，从盘面缓慢出货，直到OTC完成。 这里其实还有一些细小的可行方案，比如延迟VC解锁（本质是增加时间窗口），质押（降低盘面卖出侧流动性），都是可行的。 本题目考察的核心点是：你对项目方、散户、VC三者生态关系的了解程度，以及项目方一些常见手段的实际原理。 如果你平时不沉下心思考，是不会得出这些看似简单，实则化繁为简的答案的。  在此基础上，我们进入衍生困难模式，以下内容不适合散户阅读。不适合散户阅读。没有完整经过一轮牛市的散户请不要试着理解，有害无利，谢谢合作。  我们探讨的核心是：项目方的币到底值不值钱？！为什么要在熊市来临前/VC解锁前尽可能的抛出币。 首先请试着理解如下话语： 真正成功的项目方，是把自己的筹码尽可能多的，合理的散发给不同的参与者（不同的生态层级）  OK，我们回到问题本身来： vc的解锁，本质上是长时间，不可逆转的抛压。 所以，你现在疯狂的otc，等于在vc解锁的时间内，消耗了更多的抛压。 回到21年10月的K线，你作为项目方老大，你会知道要跌到哪里吗？ 其实不知道。 但你知道的是一旦解锁，币一定会跌。跌了就要洗盘。洗盘就要时间。  现在假设你有两种选项：1，就解锁36%给VC 2，我现在在这个10月横盘的位置，出去OTC卖10%，盘面砸10%，加上解锁36%，一共砸56%  价格会在什么位置跌停？这个问题我们会放在过几天的RAVE流动性分析里进行讲解。 总之，你在池子里砸出去的筹码越多，他一定跌的更深一点。 关键是从时间角度来说：你一次洗盘，洗了更多的筹码。  只要你散播筹码出去，想再次拉升，就一定要洗盘。1你发了36%，你可能接回来20%，2你发了56%，你可能接回来30% 有一些剩下的筹码永远也不会回来了，变成了沉默筹码/沉寂筹码/死筹码。 这也是为什么22年XRP熊市的底部比20年牛市起点上涨了20% 这段话里还有一个知识点：如果你有丰富的项目经验或者MM经验，你最后会发现，12两个选项，最终跌幅的相对偏差不大，可能也就多跌10%。 原因我们不做赘述，分析起来很麻烦，也不符合我们的题目。  现在，恭喜你，用你在暴跌前/VC解锁前OTC的钱和砸盘的钱，熬过了这个熊市。牛市来了。 让我们继续这个问题的衍生！ 你要拉盘了！ 正常情况下，第二个牛市的高点，会低于第一个牛市。原因简单，不做赘述。 我们假设此时的拉盘分为两种情况： A：拉盘不超过原高度（大多数山寨币的两个牛市的情况） 那对比方案1和2，2中你砸的更多，跌的更多，你拉起盘来越轻松。 因为散户关注的其实是相对涨幅。你从0.001拉10倍和你从0.1拉十倍，在散户眼里是一样的，但是你花的钱可是天上地下。 此时假设你不超过原高度原来的价格，那你反过来看，你之前多OTC20%，是不是就是高点？？？？？？？？？？？？？？？？？？？？所以你当时是不是应该疯狂OTC？？？？？？？?？？？？？选择方案2？  B：盘超过原来的高度（参照XRP，一轮牛市高于一轮） 那对比方案1和2，2中你砸的更多，跌的更多，你拉起盘来越轻松。 因为散户关注的其实是相对涨幅。你从0.001拉10倍和你从0.1拉十倍，在散户眼里是一样的，但是你花的钱可是天上地下。 没错，这句话又出现了一遍。 相比方案1，你要配资更多，你拉到前高时候，假设熊市相比前高价格跌90%，你想拉回来，涨幅是900%。是绝对高位了，这个位置从做市角度，你是不可能一次性拉到这个位置的，必然吃中途抛压，而且前高位置你百分百要停下来，等这个位置的抛压化解后再拉盘。如果拉不过去，就是双顶。 总之这个位置出货没问题。 那么你是不是等于又回到了这个位置出货？那你在1和2方案里选2有什么问题吗？  所以最关键的几个点是： 1，洗筹时间固定。一旦出货就必须有洗筹，有时间成本。多出货有利于节约时间成本。 2，以后的价格不一定回来，除非你花更多的钱。 3，由2可知，现在应该多赚钱， 4，由2可知，拉不回来的话，现在比起未来就是高位，更要出。 5，散户吃的是相对涨幅。跌更深，相对涨幅越高。  问题完结。除非你能解决VC抛压，不然对项目方而言，在暴跌之前，应该使用一切手段出货。  让我们把话题回到那句话，请再次理解：真正成功的项目方，是把自己的筹码尽可能多的，合理的散发给不同的参与者（不同的生态层级）  你是否注意到我们忽略了一个问题：项目方的筹码，价值几何？ 其实答案我已经给了，就是上面那句话。 你的筹码在面对不可回避的暴跌时，一文不值。那时候U才值钱。 只有你正确的把筹码散发给了不同的参与者，市场才会出现你的代币的公允价格。你手里剩下来的代币，才真正值钱。 他还有一种说法，叫货币的本质是一般等价物。我刚刚其实演示给你看的是，从实操上，山寨币是如何从空气变成一般等价物的。  很神奇吧，金融。
2060948312065544356,Sun May 31 04:55:42 +0000 2026,115,26,10,9466,9.8,05_independent_trader,否,鹿鱼的纯干货分享：我曾经提过的仓位管理方法的细化，我管理基金的时候用的，一直到现在。 1，核心原则：要用一个系统或者机制，去帮助你克服自己的情绪。 2，把你的账户分为三个：大，中，小。大账户放在电脑上登录。中和小账户放在手机上。最好这两个还是两个手机。 3，假设你账户里一共是10WU，那么你可动用的钱其实是7Wu，因为还有3WU是给你应对黑天鹅等紧急情况的救命钱。 4，把大账户里放5WU+3WU救命钱。其中3WU救命钱存到理财资管里，切记不要用DEFI，因为你用DEFI，你就会贪那个收益。 5，中账户存1.5，小账户存0.5.  大账户用来买BTC，中账户用来买高流动性大市值资产，比如BNB，SOL，XRP。小账户用来买新币和开小币合约。 6，小账户里再把0.5按照7比3分配。0.5*0.3放到理财资管，这是防止你小账户合约爆仓的救命钱。  当你听了群友或者KOL的狂吹，脑子一热想要开合约或者是买币时。 这套系统会救你的命，会把你拉回冷静。 它是这样运作的： 刻意制造物理上的麻烦，增加操作。  比如你带脑子的时候，你买某个新币可能只买3000刀。但是你线下喝酒的时候，边上某个吹逼KOL给了你一点“内幕消息”，你脑袋一热要买很多。  这个时候你会根据你即将买的金额，依次遇见如下麻烦：  1，假设你要买5000U，小账户的钱不够开合约，你要把小账户的理财资管里的钱划转到合约账户。“划转”这个麻烦动作，会触发你设置这套系统时候的记忆，唤醒你对风控和仓位的警觉。降低你的上头情绪，让你冷静。  2，假设你要买1WU，小账户的钱不够，你需要中账户的钱。你会需要从小账户切换到中账户，如果你有两个手机的话，你需要掏出另一个手机来换账户。“换账户，换手机”这个麻烦动作，会触发你设置这套系统时候的记忆。  3，假设你要买5WU，中小账户钱都不够，你需要大账户的钱。不好意思，大账户在家里的电脑上，你没法操作。物理距离这个大麻烦直接隔绝了你不冷静时的乱操作，让你在回家路上有的是时间冷静。  4，如果你要梭哈10WU，那么你会最后一次从大账户的理财资管里划转。再一次用“划转”的麻烦触发你的警觉。  聪明的你应该发现了，越大的风险，会触发越多的麻烦，这些物理意义上的麻烦，会极大助于你冷静下来。  你们一定听过别人恐慌我贪婪，别人贪婪我恐慌这句话。这其实是一句空话。 赌场是一个精妙的收割系统，你是不可以说用控制自己的方式去战胜它的。 你必须自己设立一个精妙的仓位管理系统，去对抗同样精妙复杂的赌场系统。  这个系统从我只有1WU，一直用到基金，一直用到现在。 他还有很多好处。比如@mscryptojiayi      问我，BTC和山寨币的比例是多少。正常情况是BTC7成，救命钱3成。山寨币比例从BTC的7成里扣，不可超过2成。就是说你正常情况下，牛市满仓，是救命钱3成，BTC5成，山寨2成。  这个仓位策略从2017年用到现在了，只能说经典永流传。  聪明的你应该也发现了。仓位管理已经被蕴含在了这套物理隔绝里面。 或者可以说，物理隔绝的这套方法，是基于仓位管理设置的。是一个细化。  在此基础上再做三点解释，方便你们使用： 1，大账户放在家里，关键行情不在家怎么办。 答：大账户操作BTC时，是在赚趋势的钱。想赚趋势的钱，你需要降低操作幅度，且时刻思考你在趋势的什么阶段。本系统的设立，为什么强调把大账户放在家里，就是强迫交易员思考趋势。 另外，如果你敢在要大跌的时候出门旅游，那我真的不认为你是个合格的交易员。  2，切割仓位：我们全群都买了HYPE，是下跌的时候我唯一指定要买了长持的东西。用的方法就是切割仓位。 比如你有10WU，你要买2WU的HYPE，你买完后，总仓位就只有8WU了，大账户里应该放8*0.5+8*0.3WU，且把你切割的HYPE也存在大账户的资管理财里。 注意，一般这种时候，请在你的电脑上贴一个纸条，详细记录你购买这个切割仓位的底层逻辑是什么。一般切割仓位的东西，倾向于中长期，比较符合价值投资。 有很多人，VC居多，拿着久了，就忘记自己切割仓位时的投资逻辑了。所以你必须在纸条上写清楚，底层逻辑是什么，什么时候卖掉。 这个必须要强调，如果你是一个散户，请不要使用切割仓位。散户韭菜一旦切割仓位，大多会买出感情，套出幻觉。 鹿鱼3班就有一个很著名大学的研究生，切割CFX仓位，套出感情和幻觉的。  3，你有多少钱，就把我举例的10WU按比例放大就行。但请注意，假设你的资产达到了1000WU以上，请把山寨币的持仓下降到1成以下。在牛市到来之前，现阶段大量山寨币的流动性是不足以支撑大持仓的。比如我现在，是救命钱3成，BTC6.5成。只有0.5成在中和小账户里。  OK，我讲完了。这篇文章至少价值100WU吧，都是我这么多年交易经验和带徒弟时候看他们犯错的经验的总结。  韭菜和交易员最大的区别之一是，交易员会不断的和你提仓位和风控。 这个简单的风控方式应该只有我提过，我第一次提的时候就搜了全推特。没有人说。  （鹿鱼5在写了，我最近出门旅游比较多，所以咕咕咕。今年我保证出，求别催。）
1948608341611352403,Fri Jul 25 04:56:46 +0000 2025,106,21,30,33941,9.8,06_macro_btc_cycles,否,"作为中文币圈唯一的XRP头子，XRP的看法大致如下： 1，XRP的叙事非常专一：跨境支付。 不同于公链等叙事讲究“叙事延展性”，可以不断蹭各种新叙事和利好，给自己的代币赋能。XRP的叙事：跨境支付。是加密货币最原始最本质的功能。 在19年的深熊市场里，我在华尔街见闻的同事远赴美国，采访了XRP的老板，他们真的在全球各地推广XRP支付。 我的朋友在泰国搞灰产，XRP是第一个找上门要求他们网站支持的加密货币。 今年年初我去新西兰旅游，在一个荒郊野岭的加油站里，看见了加密货币兑换机，里面只有5个货币：BTC,ETH,XRP,DOGE,LTC。 就是说，XRP从17年至今，几乎下沉到了能下沉的任何一个和支付相关的角落。 简单的叙事，极致的推广  2，XRP的K线非常简单。你哪怕是个交易新手都能很好掌握。XRP通常会进行长时间洗盘和短时间快速拉升，并借此不断阶梯式抬高币价。这是传统优质企业长期发展时抬高K线价格的走法。 交易的本质是：寻找市场里错付的赔率。 整个XRP的官方推特，根据XHUNT插件显示，全中文区只有四个KOL关注了。分别是，我、@qiqileyuan   @shuchu101  @joakja    整个中文区没有任何XRP社区，唯一喊单XRP的只有我一个。他们的中文CX口号是我在2017年写的，到现在已经销声匿迹。 甚至几乎所有中文区交易员都忽视了这个东西。而这个东西在美国，在韩国，推广的热火朝天，几乎无人不知无人不晓。 就连ETH和XRP同时暴涨，XRP涨的简单迅速还比ETH高，大家目光还都集中在ETH上。很简单，ETH套了太多人了。 这不是错付的赔率，还有什么是？  3，这波美国那边的三个叙事是：RWA，合规，币股。 说个冷知识：XRP是第一个被美国政府严打的加密货币，第二个是泰达USDT。 这句话换一个角度来说就是：XRP是第一个开始被迫走合规路线的加密货币。 他的合规进度绝对是稳定的前三名。自2023年末我就等待着XRP合规过审。当时我带着@thecryptoskanda  蹲了2个月XRP过审，最后没能等来。  币股叙事也是绝对前列，在很少有人关注的角落，有一只美股叫VVPR。 他们6月11号宣告1亿美金的XRP代币收购，当时2.12美金。  再说一个不为人知的事件：RWA和稳定币，XRP也借着自己跨境支付的优势，在疯狂推广自己给出的稳定币解决方案。 正是因为有极度下沉的支付渠道，才适合推广稳定币。才让他的稳定币解决方案能独树一帜。 现在，XRP把这波能占的叙事全占了。 他的高度是否对得起他的市值？！  在2017-18年的市场里，诞生了大量FDV极高，流通盘也很广的币圈项目。这类的项目如果经过长时间洗盘和吸筹，在此轮牛市里都有机会联合股票领域换发第二春。各位可以关注一下。  最后，我的朋友前天给我发了一个视频。他来到了每一个交易员心中的圣地美联储，对面的墙上，是XRP的宣传广告。 @XRP_Alerts   @bgarlinghouse    Your one and only Chinese fan sends you the most sincere blessings. Let’s restore the great glory of cryptocurrency！"
1974771550927913430,Sun Oct 05 09:40:01 +0000 2025,474,120,99,139111,9.3,03_manipulation_chips,否,"项目方必看：《如何识别主动做市商/操盘手/MM》 这次去了一趟kbw，遇见了不少项目方老板和交易所的朋友，所有人都告诉我一件事：5个项目方能遇见十个说自己是做市商的人！！ 我和加密韦陀在SUI生态大会的时候，直接遇见一个年轻人吹他给币安ALPHA三分之一的项目做市。连我的学生都遇见一个说自己是做市商的，随便问了两句就发现根本不会。 所有的老伙计都叫我回来赶快写个文章，我自己在韩国脸上都挂不住了，都不好意思说自己的职业了。 我是真没有想到，有一天，主动做市商这个职业还能被批量冒充！ 今天就写点干货，给项目方说说，到底如何识别主动做市商。  一，首先，做市商分三种，主动做市商，被动做市商，链上做市商。这三者有天壤之别。关于主动做市商的职责，请阅读下方文章。这是全网唯一一篇介绍主动做市商职责的文章。  二，今年有太多骗子的核心原因，其实是两个点，1是项目方对MM一窍不通，处于一个完全被随便忽悠的状态。2是市场上开始出现各种做市商的神话，比如MYX等。导致部分项目方产生焦虑，开始加大对做市商的依靠。  三，那市场上的骗子做市商都是哪里来的呢？撇开枪十七这种老骗子不谈，这一轮的假做市商多为年轻AGENCY转型。他们的历程一般是：先从事给KOL们的广告分发，从项目方做营销撒给KOL的钱里赚差价。再之后从事交易所资源对接，用N手资源帮项目方上各种交易所，骗上币费或者抽中介费。最后直接一步到位，忽悠项目方说自己是MM，赚取项目方TGE的流动性。他们的本质是利用信息差的二道贩子。  四，综上所述，我们可以得知项目方由于自己的焦虑，以及营销/上所资源层面的匮乏，容易被二道贩子钻空子。我们下面将会讲述一些识别真假做市商的要点：  1，币圈的主动做市商，最早只有TokenMania、FBG 为主的极少数几家公司，以及极少数从传统金融转型过来的人。那几家出来的人也支撑了币圈做市商的半壁江山。如果你遇见了自称主观做市商的人，可以直接调查主操盘手出身于哪家公司。  2，这个世界上的所有主动做市商/操盘手（以下简称为MM），都只有三种诞生路径： 第一是师父教徒弟，也就是师徒制。这一门技艺至少在中国都是师徒制的，我拜师的时候，是恭恭敬敬给师父磕头敬茶的。  第二是公司制，一般是公司接到项目后，由师徒制诞生的主操盘手，带几个辅操盘手一起做市。久而久之聪明的辅操盘手也会了部分市值技能，出来单干。公司制里面是会穿插师徒制的，主操盘手一般会选几个能干的辅操正式收徒。  第三种是野生的，这种一般是交易员或者某些小庄家，在不断操作项目之后，积累了大量的经验，开始悟出做市的诀窍。  3，决定MM水平高低的其实是做项目的数量，以及项目的流动性大小。你可以简单的理解成，做过的项目越大越多，这个MM也越厉害。所以2里面正常情况下，师徒制的水平高于公司制又高于野生的。  3.5，2和3里其实有个特殊情况，顶级的量化机构里面，是会诞生高水平的主动做市商的，但是概率很低很低，这和量化机构的业务逻辑有关。  4， 又由3可以得知，不要相信年轻MM。老骥伏枥，志在千里！交易员并不是越老越厉害，但MM一定是越老越厉害！所以不妨问问你的MM，到底经过了几轮牛熊，做过了哪些项目。  5，当你问MM他们做了哪些项目的时候，一些人会回答：“由于保密协议的事情我们不方便说”。或者直接大吹牛逼“币安ALPHA三分之一的项目是我们做的”。 其实一般只要不是割太狠了小项目，大家都愿意说。我自己从零开始做MM公司，第一件事就是接大项目，我们管这个叫“集章”。每一个做过的项目，每一条K线，都是MM的荣誉勋章。所以，直接问他做过什么项目是最好的，然后去问项目方老板做交叉验证。  6，那么一些匿名项目或者链上要怎么办呢？答案是查他丫的做市工具。牛逼的MM，所有的工具都是自己研发的，而且一定有一些偏门的工具。我用外面的，人家做工具的留后门怎么办！久经沙场的MM必定会用赚到的钱去强化自己的各种做市工具，因为他们能从做市的细节中获得新诉求。 所以，项目方还可以问问MM公司的技术团队有哪些人。直接和技术人员、产品经理聊一聊。保证一聊就干碎一群骗子。  7，项目方还可以要求详细合同，包括费用解构、做市策略、退出条款等。真做市商视合同为底线。你可以直接调查签合同的公司。  8，真MM靠绩效吃饭，而非一次性收费或者月费。  9，项目方可以询问做市策略。如果你遇见的MM给你的策略永远是砸盘后拉盘，这只能暴露他的无知。真做市商是“资金总管”，管筹码分布而非单纯高抛低吸。做市商的全分类和职能，请务必参考我的那篇文章！！  10，进一步的，你可以问问市场热点项目的操盘方法，或者合约的相关知识。但考虑到绝大多数项目方自己也不懂，或者出去问一圈得到的解答也是鬼扯，我们不建议用这种方法。没错，有N个人来问我某热点项目的做法，我同时得知了他们问骗子们这个问题时，骗子的回复，所以才给出这个建议。  11，你还可以考察MM的交易水平。我们制定做市计划的时候会充分考虑大盘的情况。如果大盘要大跌，我不可能疯狂拉盘。一个MM可以不是顶级交易员，但是他大盘至少要看的准，是个普通交易员。所以很多骗子MM，你查查他交易BTC的水平就完事了。但请注意，一般MM不可能有时间去做交易喊单社区之类的玩意。  12, MM的最终形态，是庄家。庄家不止有MM，他是一个完善、复杂、精妙的体系。庄家会洞察市场上所有可能的热点，精通各种渠道，深度了解流动性的各种运用手段。庄是一种类似三体人思维一样的共通思维，庄家能洞察到另一个庄家的行为。所以如果你的MM本身就是庄家集团出来的，那么他的战斗力一定更高。  从这个角度出发，项目方不妨问问那些自称MM的人，有没有自己孵化过项目。他全方位比你厉害，他的生态位比你高，他真的是庄，你才值得把项目托付给他。如果他就是个普通MM，那你就多问他专业技能和考察这人是否靠谱。如果这个人自己一个项目没孵化过没做过，我建议你谨慎。  13，假做市商常借币不还、配合项目方“抢跑”砸盘，或用伪造数据假装自己在做市。  14，项目方可以问问MM，你的项目达到某个目标，至少需要多少做市资金。然后多去问问几家。相信我，能精准估算做市资金，是操盘手非常重要的一个能力。而且，问这个问题，是对项目方是否决定要MM配资时有利的。这是一个结合了商业和技术本身，百试百灵的问题。  15，如果项目方你实在不会，行业里靠谱的其实就那么几个！但是大MM，会挑项目。你项目不好或者穷或者控盘不好，他们没有那么多精力在你项目身上的。所以还是建议项目方精心挑选自己深度合作的MM，这是项目成败最关键的几个节点之一。能找到一个伴随你的MM，他能在任何情况下给你解开市场这道题。你几乎就摸到了成功。  16，由11点和15出发，我还是建议项目方懂一些基础的二级知识和做市知识的。但这些知识过于晦涩难懂，我建议是回归投资逻辑，把事情简化一下：项目方找MM就是找核心合伙人。所以你可以考察他的为人和专业技术。  17，请不要以为MM一定天天穿个西装像个精英一样。也不要觉得他们话多或者活泼就不是MM。我师兄天天穿着人字拖，我做市的师父是个活泼的酒蒙子老头，我还认识好几个沉迷APEX/DOTA，网上疯狂聊个不停，线下三棍子打不出一句话的死宅。 但是大家是有共性的，所有的MM都是精益求精的匠人。他们喜欢思考和挑战，能从战胜市场中获得满足。他们对项目方生气的点一定是：项目方不尊重做市这门技术。  18，MM具有的另一个共性是极强的逻辑思维能力，他们能直接戳破事情的本质，化繁为简，取重避轻。  19，MM一般根本没有上币渠道。由17可知，他们一般是公司的“后台”，负责最终落地执行。这样的人怎么可能去对接一堆交易所的上币渠道？？？ 一般主动做市和渠道都有的，几乎就是坐庄集团。项目方和坐庄集团聊的时候非常简单，你会发现对面深如大海，投资孵化实操的项目都非常多，他们不用炫耀自己的战绩，都非常谦虚。  20，插一句题外话，很多说自己能帮你上韩所，能上币安的“MM”或者AGENCY机构，他们都是N道贩子。一个交易所，怎么会有那么多对外的渠道，他们的LISTING是不干活儿还是天天想吃回扣不怕死啊？  这个市场上真正靠谱的人很少。尊贵的项目方朋友，请多想想事情的底层运作逻辑！怎么会有一个年轻的，天天在外跑会的MM还能掌控大量上所渠道还做过一大堆项目？他的一天难道是48个小时？  21，目前市场上大量充斥着骗项目方TGE的自称“MM”的人，我已经至少知道2个死鬼和我聊完天后，出去骗项目方说自己是“MM”的。这些话说出来写出来就不怕你们出去玩这套。做市是个技术活！想吃这碗饭没有捷径可走，只有不断的做市做项目。  21，请项目方，在TGE之前至少1个月就选好自己的主动做市商，有一些东西是需要事前准备的。ALPHA上面至少有60%的项目是没有正经主动做市商的。  22，最终切记！请项目方，千万不要出去问了一圈打听了一圈之后，觉得“我上我也行”。有些大聪明项目方打着做市合作的幌子，去找MM套做市知识，甚至是套做市策略，觉得自己上自己也OK。还有人觉得TGE很赚钱不就是出货嘛所以自己上也没啥问题。  我的好朋友交易员LY说过一句话，我深表赞同。在二级市场相关的领域里，  “只有事教人，没有人教人！”  你找做市商，找的是一个合作伙伴，找的是一个保驾护航的人，他能在本就风云变幻的市场里，让你充分的面对“变数”！  主动做市商/操盘手的艺术，就是在变幻的市场大海里，制定航道和目标，帮助项目方的船面对名为“变数”的天气，操控流动性的洋流，抵达成功的彼岸。  点赞评论转发此文章，抽一个幸运宝贝儿，从“我请客吃饭”，“一个财富密码”，“一个问题”里面三选一。"
1870156553917239535,Fri Dec 20 17:17:22 +0000 2024,417,102,39,161680,9.3,01_market_making,否,写的东西太多了，换一个置顶贴。 23-24年上半年的总结贴。（原来的置顶贴）https://t.co/4ewSvRfowI  近半年的干货文章： 给新人的干货 https://t.co/e5PwOpOnAh    关于MEME的超硬干货： https://t.co/vIGYbcjdcs  币圈顶级认知： https://t.co/04Ic0QcjOk  合格的交易员是啥样的： https://t.co/Y1kIv0HhCC  泰国会议的小记录： https://t.co/v0kyItSvO6  写在美国大选前夕的杂谈： https://t.co/OSmzJ5C6Hu  全网唯一讨论MEME本质的Z级MEME模因论： https://t.co/6mPJAVj4GG  无聊的二级记录： 挚爱XRP：https://t.co/wDrYOmWzkw  做市商和K线的简单关系：https://t.co/MJEfn7g7aR 爆杀市场的纪念：https://t.co/cldIA0q0xh 交易的太多了不写了。以后也少写。  SPACE就不放链接了。最后还是转发那篇文章：《一个臭炒币的K线回忆》
1978765398159085693,Thu Oct 16 10:10:09 +0000 2025,297,45,101,94716,9.3,04_operations_exchange,否,欢迎你来到我的主页。这是最新的置顶帖，写的东西太多了，换了好几次置顶帖。还是建议你按照时间线阅读我的推特全文。 我并不是什么KOL。我是币圈最老的一批运营总监，后来变成了独立交易员，现在主要在做主观做市商服务。  我每年都会因为热爱和兴趣做一期以二级交易为核心，币圈整体生态为辅的课程——《鹿鱼》，今年已经第四期啦。  很感谢身为币圈从业者的你关注我。  这是截止2025年4月10日，@jiunian为本账号制作的思维导图  https://t.co/gkpGyjVYP9 下面的文章分为：市值管理、行业建议、市场观点、二级交易，请随意翻阅，希望对你们有用。  市值管理专业领域： 《解析神秘的市值管理/做市商/MM》https://t.co/YbdvScqx3H 《如何识别主动做市商/做市商/MM》https://t.co/fqW8RW8z65 《做市商和K线的简单关系》https://t.co/MJEfn7g7aR  从业者建议： 《给新人的干货（二级、项目方、从业者）》https://t.co/e5PwOpOnAh 《币圈顶级认知》https://t.co/NZYlhal8XR 《一个臭炒币的K线回忆》 https://t.co/03wpx4NZFL  观点系列： 《全网唯一讨论MEME本质的Z级MEME模因论》  https://t.co/6mPJAVj4GG https://t.co/j1L1p59HjU https://t.co/vIGYbcjdcs  《建立MEME体系的方法》 https://t.co/OKuMjCUDSM 《币圈技术类产品的创业》https://t.co/9OPz2kqQ0K 《币圈社群方法论框架》https://t.co/ts2gNDd4My  《币圈十戒》https://t.co/GPSdaq1KbC 《币圈VC不要轻易做二级交易部门》https://t.co/olTVn1W4CA 《由<诗篇四十六的秘密>开始，思考币圈行业》https://t.co/pJQAUuHOUg 《XRP解析》https://t.co/1KVXofeIUz 《WLD解析》https://t.co/4c0rq8Z0Rr 《香港大会杂记与行业反思》https://t.co/WKwQbxiAnc 《写在美国大选前夕的杂谈》https://t.co/OSmzJ5C6Hu 《做mm时的神奇项目方》：https://t.co/Ipml43EtWJ  交易系列： 《一个合格的交易员是什么样的》https://t.co/Y1kIv0HhCC  《爆杀市场的纪念》https://t.co/cldIA0q0xh 《为交易者推荐13本经典书籍》https://t.co/uCVFRk9q3m 《盈亏比》https://t.co/p95QUYqrJW 《分账户仓位管理经验》https://t.co/9XqQU499Uz 《关于市场是怎么逐步麻痹你的》https://t.co/1QpCITOIml 《看好一个生态的玩法》：https://t.co/SzdHVKEYiZ 《ETH牛市前的建仓笔记》https://t.co/KjjK8MlYOY 《投资SOL从8.55到300》https://t.co/sHBnahehfK 《$TRUMP复盘》https://t.co/QcAFmi5y3j 《2025年9月直播讲BTC走势》https://t.co/TohKV4tmrv 《2024年6月复盘近期思路》：https://t.co/iHD06shdW8 《2024年5月行情复盘 板块轮动 MEME重要性》：https://t.co/Lne3FSJ3KQ 《2024年4月暴跌抄底行情复盘》：https://t.co/0RNSqk43tP
1909904552977150062,Wed Apr 09 09:41:44 +0000 2025,156,16,50,43964,9.3,04_operations_exchange,否,我基本不跑那种人多的大会，都是攒项目去私局比较多。这次我去BN大会整整一晚上，BG大会也漏了个脸。看见了不少有意思的事情，也和几位老板沟通交流了一些。今天抽空写写香港杂记与行业反思：  1，行业里的所谓“KOL”太多了，他们分为三类：第一类是有真知灼见有真本事的人，KOL只是副业，这一轮获得了很好的结果，他们会在未来走上行业里更高的舞台。  第二类是牛市里赚了点小钱，又吐出去大部分的KOL，靠着自己流量大，抱着项目方和阴谋集团的大腿使劲摇，他们基本上算是KOL里的聪明人，擅长抱团制造话题吸引流量。一般比较焦虑，第一次感受到自己护城河的脆弱。  第三类是刚刚成为KOL，接不到广告的人，大量混圈女擦边女花瓶男等等，极其焦虑。他们无一技之长，就硬蹭个会。“假装自己来了”。  2，这一届KOL的质量，远远不如2017-2018.的KOL。现在想想，1718的KOL输出的干货，搞事的动力，甚至是眼光的长远，放在互联网里也是顶级的那一批。  3，还是那句老话：主要身份是KOL的人基本上不用看。在币圈有自己的本职工作，且愿意分享成为KOL的人，可以看一看。在币圈做到行业顶部，且输出方法论的KOL，要重点看。  不是很想聊KOL，真的没啥可以聊的。我在BN遇见了几位老VC，上来就和我来一句：“人真多啊 ，我都不认识了，你给介绍介绍。” 我就默默回了一句：“我也不认识，也不用认识。他们中的90%的人3年后都会消失的无影无踪，剩下的，我们自然会认识。”然后双方哈哈大笑起来。 牛熊本来就是币圈最好的筛选机器。  我们来说说项目方： 4：果然烈火见真金，熊市里开始有有意思的项目和团队出现了。但下一轮的热点在哪里，还不是很明确。加上不少VC亏掉了裤子，所以现在大家都处于谨慎投资的状态。如果你是新创业的项目方，不要放弃思考，也不要停止努力。 我本来想在这里说点激励的话，打了打又删了。只能凝聚成一句：“祝你们好运！”  5，这一轮进圈做项目的人，大多数都是有优秀学历的人，身上的共性很明显，这点我们放到下一篇文章讲。币圈的草莽英雄的确是变少了。  6，有的项目还活着，但已经死了。太多项目方老板在急切的寻求退出路径。  至于交易所： 7，其实大所面临的困境，是组织结构的问题。这是每一个大公司都会面临的无解问题。 简单来说就是领导层知道该干什么，但是不知道如何执行。执行层知道怎么执行，但是不知道自己在干什么。  8，某老牌项目方老板说：“MEME这个东西，30岁以上的圈外人几乎搞不懂了。圈内的老人反应比较慢，但会试着去搞懂” 如果你想明白了这两点，想想前一段时间的何一和CZ，你就应该知道，为什么币安是宇宙第一大所，为什么他能屹立不倒。  9，链上交易所这个赛道，的的确确是有弯道超车的机会的。应该不会是什么BOT机器人。这个产品的最终形态是什么样的，我们尚不清楚，但这个东西真正出现的瞬间，就会如同超新星爆发，给CEX交易所的霸权带来冲击和挑战。  至于VC： 10：这一轮牛熊后，还活着的币圈老牌VC，那基本上就很难被打倒了，属于天顶机构，在币圈永远站稳了脚跟。请尊重这些人。  11：投了烂项目的，赶紧和项目方聊一聊，看看有没有路径能拼接上去，产生退出路径吧。  12：我知道市场里没啥东西可以投，有些朋友把目光望向WEB2了。但是投WEB2来币圈做项目的人时请谨慎。他们在项目执行落地中，有的是坑要去跳。而且这样的项目方，他们大多没有归属感和认同感，他们听取了太多“高手”的话，执行起来一坨屎，遇见麻烦的时候想的是坑了VC的钱跑回WEB2。  13：VC不能投MEME，但是可以投MM，可以投阴谋集团。  13.5：多出去旅旅游，旅游不亏钱！要不和我出去旅游去吧。🤣🤣🤣  至于韭菜啊： 14：不要做韭菜，他们生不知为何，死不知因谁。  15：这里叮嘱一点，是我线下讲课的时候发现的。现在太多韭菜，获得信息的渠道只有社区和推特了。 社区里搞抽象的和杂音太多，你们也几乎遇不见真正的大佬了。社区的质量比起1718年差了一百个层级。 推特也不是个好渠道，因为太多垃圾KOL了，你无法辨别KOL到底是什么水平，靠什么赚钱。辨别KOL这个事，就是一个低收益比的事情。  多去思考，多去学习，多去和真正的大佬产生链接，去展现自己！ 币圈之所以伟大，就是因为只要你优秀，你永远有机会触摸到顶层。顶层也永远躬身听取下面的人的声音。 证道通天的“建木之树”，从未被砍断。  16：不要做韭菜，他们生不知为何，死不知因谁。  一些碎碎念的杂谈： 行业基本定型了，机会变少了。很多顶层老板，已经躺平了。中高层的高手们，出于一腔热爱和对人生的追求，依然在发光发热。 和他们聊天，非常开心。因为大家不用聊项目聊合作。大家聊一聊过去干的事，就知道彼此的实力，互相是否靠谱。 K线记录了我们的人生，链接了我们，这是独属于区块链的魅力。  太多新人被杂音干扰去关注一些无意义的项目和KOL了。不过弯路总归是要走的。我也从不鄙视KOL。他们也是生态里的一环，币圈需要他们去吸引散户。 我感到开心的是，遇见了很多优秀的晚辈们，他们即将登上舞台。  私局，晚上喝酒的时候，某老板带了个BD小姑娘，小姑娘一个劲的想去隔壁的局见几个“大佬”。 某老板甩了一句： 隔壁那些“大佬”能带你赚钱吗？你在他们眼里可能只是个长得好看的小女孩，他们要你来可能就是想喝喝酒开开心。  小姑娘有点生气，但没多说什么。我看出他不理解，和她说：“你的工作是维护大客户，你去见那些人是情有可原的，这是你的工作。但你干这个事，本质上赚的是一份工资。因为你这个人，不具有和隔壁那些老板产生链接的能力，你甚至不知道他们哪些是真的老板，哪些有钱”  小姑娘研究生刚刚毕业，似懂非懂的点点头。 我看他，如同观过去的我。  要去变强，变得有价值，用自己的价值去链接他人，产生新的价值，然后慢慢走到更高的生态位。这是在币圈，唯一应该干的事情，唯一的成功路径。  香港大会结束了，行业的焦点、核心和未来，从来不在什么一品鸡煲店里，也从不在夜店KTV，真正的价值只存在于前行者道路的交汇处，他们在咖啡店随便聊几句，确认是对的人，就能碰撞出新的火花，诞生新的价值。
1802698821996343590,Mon Jun 17 13:44:26 +0000 2024,153,41,11,74366,9.3,06_macro_btc_cycles,否,本来想今天写点有意思的事情的，结果大盘来这么一下。 我前两天买的ETH系，今天触发了我的自动止损。从2020年至今，我极其罕见的本月出现了亏损1.6个点。 BTC已经完全是美联储的玩物了，这个时间段，除了短线合约玩家，几乎赚不到钱，算是半个垃圾时间了。 告诉你们一个鬼故事：今天BTC日线EMA15死叉EMA30了。如果不能再下一周迅速修复，那么我们大概率要看见60000附近的BTC。 我觉得这里就化繁为简： 1，65000 2，59600-61000（有可能在下跌过程中偏离，要看） 3，前低56700 这三个位置分别买入一点现货仓位。不要用合约。合约是在趋势里用的。 然后就是，现在BTC高位横盘，一些弱势山寨已经跌回熊市水平，市场情绪很差，这种情况下的拉升，反而容易造成踏空。就看BTC在这里是怎么个操作，到123的哪一条线。  千万记得，确认跌破56700那个位置，必须全部跑路，上面三个月的BTC全变成套牢盘，滚回4W不成问题。  顺便一提，我在最近的推特里，都在反复叮嘱大家，不要玩山寨，不要玩山寨。 我给你们从MM角度讲一个做市商的重要准则： 牛市里关键拉升位置不能跌破，这个位置没有什么叫法，我们定义叫：牛初支撑位。  为什么一些地方涨起来快，后来跌起来也快呢，是因为这里没有筹码堆砌，没有支撑位。 MM在牛市里，往往会采用简单且有效的策略，比如反复确认抛压后，极速拉升。 先拉个20%，卸掉一些底部获利，再连续快速拉N个20-30%的涨幅。形成FOMO效应后，等待K线自然下跌，自然构筑新的支撑位。再基于此支撑位做出下一步的做市策略。 为什么之前在SPACE里反复叮嘱大家，下跌过程里先抄BNB，SOL等价值币，就是因为他们有MM。下跌的本质是风险，无论是黑天鹅还是真的自然下跌，有MM的价值币，会在关键支撑位进行护盘。确保他们前期拉升构筑的关键位置，在牛市里不跌破。 这些位置要破，必须要在熊市里顺势跌破。  而这一轮的BTC和山寨币脱钩情况已经非常明显，导致很多MM非常难做，他们的币在缺乏买盘的状况下，已经跌到了这个关键位置。 绝大多数MM选择了护盘。 MM现在也是在算一笔账： 我在这里护盘，要花掉我多少资金，BTC如果再次下跌，我应该如何对付。 这里讲深一点，其实是有解的。应该在前一段时间，让币价迅速拉升，确保币价远离牛初支撑位，让此位置的容错率更高。这之中做的最漂亮的MM，必须是BNB！ 但实际上，这一轮对很多MM现在也是地狱难度，因为拉盘要么用利好，要么用真金白银，可是很多不争气的项目方，压根给不到利好，MM和项目甚至没有协同性。 很多MM也无法高瞻远瞩的在关键位置拉盘，确保容错率。 不是每一个MM手里的项目都是BNB！  那当MM算完自己的账时，护盘护不住了，就会选择砸盘——你不砸，有人替你砸。 牛初支撑位的另一个说法是：熊初阻力位。很多人说的牛熊转换点的位置，就是这里。只是他们不知道，这个转换点，从庄家角度，是如何构筑的。  我已经明显观测到，一些山寨币在失去买盘，托盘无力的情况下，选择含泪跌破自己花心力构筑的关键支撑位，向下寻求新位置。这也是为什么开头说：一些币，已经跌倒熊市里的水平。结合我之前文章里说的，本轮牛市初期BTC突然拉升，以及高FDV项目，导致很多山寨币没有稳固的社区，也不能造成造富效应的情况。本就薄弱的买盘，终究不能维系此支撑位。  MM一直在寻求：计划内的变化。 现在的行情，已经打破了他们的计划，只能等行情出现明确方向后，设立新的计划方案。
1884833666880409917,Thu Jan 30 05:18:59 +0000 2025,127,14,82,50519,9.3,05_independent_trader,否,今天凌晨我差点没了。还好我脑子冷静，加了点运气。兄弟们，币圈真的要注意身体！我把我的症状和应对都写下来，供大家参考。希望你们用不上。  我可能连续干活了一个月，天天忙，熬夜。前几天的时候后脑勺开始发麻，晚上开始彻夜难眠，心跳加剧。  昨晚上大概两点，也睡不着，突然心跳速度加快，心发慌。我试着平躺和深呼吸，不见好转。 好运在我头脑全程非常清醒，我脑海中突然闪回我最近的症状，果断去我妈房间和她说我情况不对。用Deepseek询问“熬夜过多心跳过快怎么急救”，并且立刻双脚抬高，开始有规律的深呼吸。 几分钟后有所好转，但是心跳声音变弱，四肢开始发冷。 我立刻决定拨打120，我本人说明情况后等待救护车。 此时不敢赌救护车何时到来，立刻打电话给认识的老中医询问是否有急救和缓和措施。未能打通。 全程一直保持着有规律的深呼吸。 等120上门抬我的时候 ，手脚已经完全发冷  后脑勺开始酥麻，大脑供血开始不足。 赶紧给兄弟和群友交代遗言，告知财产位置。 躺进救护车的时候，测脉搏的仪器因为我手脚冰凉，甚至测不出我脉搏。 我看着救护车天花板，都快看见我奶奶了。 我几乎是用尽最后力气说了情况，等开始吸氧几分钟后，缓过来一些。 之后去医院急救，做心电图等等检查，不提。  1，兄弟们别熬夜了，真的会出事情。 2，千万要冷静，意识到不对劲果断打120急救。120才几个钱！别怕麻烦和小题大做。昨天120来晚五分钟我肯定出事。 3，关键时刻问deepseek真TM的能救命！他给的急救措施让我等到了120。 4，心脏出事，是一种非常，非常，痛苦的死法。是一种由内而外弥散的，缓慢而坚定的恐惧。千万不要熬夜。 5，当你要面对大的劫难时，往往事先有征兆。不只是你自己身体的报警。命运上也会给你征兆。比如我师父前几天在群里讨论睡不着要吃什么好。我心跳加剧不能抑制时，是脑海中想到了这个事，意识到这是上天提前给我的警示，所以才果断采取急救措施。 6，冷静，冷静，冷静。 7，珍惜你爱的人。不要给自己留遗憾。
1910384100411859009,Thu Apr 10 17:27:17 +0000 2025,125,32,22,28750,9.3,04_operations_exchange,否,卧槽，卧槽卧槽卧槽卧槽卧槽！ TM的我讲过这么多干货么？ 你这思维导图看的我自己都头皮发麻。 以后不讲干货了，明天开始疯狂灌水！ 怎么TM推特上还有高手，去复盘我整个推特的啊。年轻人是有点意思的。 不闹了…… 我以前在一个传奇老群“大空头”群，那个群里诞生了大量vc和项目方。我在19年年末，把他们所有人的话，大几万条聊天记录，挨个整理了一遍。  我这个号啊，的的确确做的很艰难，从头到尾几乎全是干货，涨粉很慢。是我自己选的。 我作为老牌运营总监，想起个流量号，是分分钟的事情。但我依然选了这条艰苦而正确的路。  可惜的是，我有很多内容，是不可以在推特上讲的，比如《被动做市商篇》，就直接被人按下来不能发。学生们也知道，线下听我讲了很多线上不能说的干货 其实，还有很多东西，线下也没有提到。还有很多执行层的东西，太偏坐庄侧，讲了也没用。  可能下个牛市，我也不在推特了。像我的老前辈一样退休了。 但希望，我的知识啊，对你们有用。 也希望，觉得我知识有用的人，能行的端，做的正，成为一个对行业有用的人。  晚安，币圈。
1963182058878140578,Wed Sep 03 10:07:31 +0000 2025,122,13,59,39975,9.3,04_operations_exchange,否,"《生的龌龊，死的恶心——币圈最垃圾的项目LINEA》 我本以为，在币圈，已经没有什么项目，可以撬开我那坚如磐石的括约肌了，直到我遇见了这个项目里面参着巴豆，巴豆里面加了大粪，大粪里面混合着三分呕吐物七分鲱鱼罐头的玩意——LINEA！！！  我买币是为了大饱口福赚钱的，而不是大饱眼福看你表演当众“飞翔”喷粪的！这项目的战斗力就好像你在吃印度料理，瞬间让你感觉世界上最遥远的距离不是生与死，而是公厕就在你的面前，你的括约肌已经夹不住了！  觉得我低俗？我啥时候当众指名道姓喷过项目？我帮过的项目也有三位数了，这是唯一一个“逆天项目”。我给大家说说他是怎么把每一步都搞废了的！  作为METAMASK的项目，LINEA当时借着L2的叙事和METAMASK的背书，可谓风光无限。他在23年下半年要准备TGE，然后做了一期撸空投的活动给自己的TGE造势，同时拉了30个大项目方支持他的生态建设。  于是你发现第一期LINEA的活动，参与的项目方非常重量级。LINEA承诺给支持他生态的项目方做空投，大项目方纷纷慷慨解囊，踊跃支持——谁早年没用过MEATMASK？？  但你仔细一看，LINEA在奇怪的关键项目上又有自己的小心思，比如他们的DEX，我记不得名字了，是乌拉圭人。乌拉圭人能做DEX吗？他们应该去玩泥巴！DEX作为一个生态的顶梁柱，项目难度是封顶难度，SUI今日的辉煌绝对离不开CETUS，SOL离不开RAY。就这么个重量级位置，自由竞争倒也罢了，给了个乌拉圭人做。 某项目方去要测试币，要了一个星期，他们自己项目的测试币都给不出来！！ 这是LINEA的第一重罪——怠惰！  很快他就放了所有30个顶级项目方的鸽子。因为他要在23年做合规！也不知道哪里来的自信或者是听了谁的忽悠，非要做合规。 同期的L2项目纷纷上线，市场热度明明很好，流动性也不错。他LINEA的TGE活动做的那么好，大项目方鼎力支持，他觉得他行了！要做合规！  然后就没有然后了！  他放了所有30个大项目方鸽子，放了所有撸他LINEA空投的散户的鸽子。 那他合规做的怎么样了呢? 答案是一坨狗屎。我们尚不知他花了多少募资的钱去做合规，我们只知道：他做合规做到，核心创始人都离职了。 不断的拖延，外界的压力，用脚做的决策，23年接近年末的时候，他们团队中的人自己都受不了了，纷纷离职。于是整个项目开始陷入更大的泥沼，不断有新人进团队，努力挣扎过后，再次离职。 这是LINEA的第二重罪——贪婪！  LINEA知道得罪了大项目方，他们第二次自救是铭文热潮之后，当时L2的热度已经快过去，L2叙事几乎被证伪了。哪怕这个时候，你把LINEA发出来，这项目也能落个平稳落地。  他又做了一次LINEA PARK，本质上还是忽悠大家撸空投的奥德赛。@wangduanniao 等撸毛大哥和国内的一些撸毛团队，本着：已经撸了一半了，放弃就变成沉默成本的心态，继续去撸。没错，我也是。我们总觉得他那么大个项目总不能这么离谱吧。  还真就这么离谱。  这次活动离谱到什么程度呢，他找的项目方，现在几乎查无此人。活动设计的不错，但项目和第一次比起来简直是惨不忍睹！比如有一个刚刚进圈的WEB2朋友参与这个活动，里面有一个项目是打通一个类似“黑暗之魂”的游戏，获取NFT。  我那朋友玩过就退圈了，甩下一句话：简直侮辱了游戏，侮辱了WEB2。如果币圈就是这样的东西，那早晚完蛋。这游戏他抓3个手下，1个月做的绝对更好。  整个LINEA PARK，有不少于10个项目，是根本没有办法完成的！对，就是赶鸭子上架，用户发现无法完成这些垃圾项目，这项目就开始修自己的BUG,让大家延期完成。我记得就这样，还有几个项目是最终都无法完成的。  我就不明白了，完成特定链上任务获得积分，这个玩意很难吗？你LINEA从哪里找的一群“大天才”给你在所有人面前拉一坨大的，丢币圈的人脸？ 你不丢币圈的人的脸，我能出来喷你？？？？？？ 这是LINEA第三重罪——傲慢！  撸空投的人都知道，LINEA有两个积分，LXP和LXP—L。这两个积分就是团队内部混乱的最终体现。熟读三盘理论的朋友应该明白，项目方是要卡死积分来发空投，确保自己的抛压的。  但是他做了两次TGE，还不是一个人做的，所有后面那个人只能在前面这堆屎山代码上，退出LXP-L来打补丁。 这也没有问题。  然后他们又又又因为要搞合规！无限制延期了！团队一看，那总不能再做第三次TGE活动吧，第二次已经LOW穿地心了。他们无奈，为了吊住撸毛用户，忽悠大家做质押，质押的越多越久，给的积分越高。  这直接导致LXP和LXP-L的体系崩溃，更加难计算和选择自己想要的真实用户，也同样让撸毛工作室和真实用户痛不欲生！ 那最终结果做的怎么样呢？ 呵呵！ 撸毛工作室有一句调侃的话是：最近以太暴涨，我们能拿住，是因为2年前质押了LINEA………………………………  这项目今天盘前开了，开盘就是俯冲地心。 透支了所有能透支的，做砸了所有能做砸的。四个二带两个王的牌，他硬是能打出一张青眼白龙。  我真的好奇这项目怎么还能上交易所。他为了合规和上所，到底花了多少钱去收拾这摊烂摊子。怕不是投资人拿枪顶在那个要合规的人的天灵盖上，逼着他收拾烂摊子吧！  要喷细节我还能再说道很多这项目极度愚蠢的地方。现在这玩意的基本面已经是人厌狗嫌，得罪了所有能得罪的。他想自救，很简单，开盘之后爆拉10倍，然后再宣布自己已经过了美股ETF。  在我币圈的从业生涯里，拉胯的项目有，他们大多不知道一些细节，犯了经验主义错误。有的不知道渠道，有的不会营销，有的受人欺骗，有的不会市值…… 哪怕是WLFI这样一开始用脚填的数值的项目，也能靠某些地方的特长救回来！ 只有LINEA，死法独一份。 他还站着，还能呼吸，但是一检查，肺癌痔疮骨折甲沟炎心脏病脑血栓一堆病，你都不知道哪个是他的死因。"
1825541124775403638,Mon Aug 19 14:31:35 +0000 2024,100,10,42,34872,9.3,03_manipulation_chips,否,我的这个号，达到万粉，几乎全都是用“面向有一定币圈知识”的人群，用硬干货堆出来的。我本来可以在铭文的时候轻松万粉，我是真正的铭文战神，但当时我忙着带各路老板搞铭文，天天昏天黑地。加上我师父和我干妈当时在推特上高强度分享，我也就没发什么。 我这个人，在币圈这么久，几乎实名上网，也几乎没什么恶名，没人说我割过韭菜或者做过坏事。 我一直感激当年，在我是菜逼的时候，照顾我的那些大佬。所以我也很乐于照顾新人。 但最近的确觉得，1是新人不好带了。新人这块，该出人头地的人，他一定出人头地。该当韭菜挨刀的，几乎也不可逆转。2是太多傻b.的kol把币圈弄得乌烟瘴气了。 我过去说过，我不会去怼那些喊单的kol，做付费群的kol，还有什么带单老师。币圈有个七万粉的kol，一堆社区。是我大学同学。我几乎不联系。大家不是一个生态的人。 我认认真真帮项目方帮vc解决事情。他们认认真真帮币圈拉新人进圈。大家都在认认真真把币圈做大。 凉兮虽然完蛋了，但是圈外很多人都知道他的暴富神话。那些什么喊单老师，带单kol，都是这个生态必不可少的一环。 但前两天那档子破事，什么男女对立都开始挑起来了。微博那套拿来币圈用，还一堆人去围观。 艹，这事儿发生在17年，所有人只会骂他一句傻B。大家都急着赚钱搞钱呢，谁有空管你。 当kol就老老实实当kol，别当出优越感。居然还有人敢吹自己一个月当kol，一条商单好几万。已经目中无人了，觉得自己是个人物了。 今年真是币圈群魔乱舞的一年。 先是出了跳梁小丑枪十七个人人喊打的丢人玩意。又出了一堆赚点小钱沾沾自喜的kol。  我只有一个敌人。 谁给我把币圈发展的路走窄了，谁就是我的敌人。  最后，我看见了小耳朵那篇文章。 我只想和散户朋友们说: 币圈在当今世界，是唯一一个饱含希望的地方。  你们抱怨，抱怨vc币，抱怨不拉盘，甚至抱怨说币圈老前辈把钱赚了不干事儿。 是，今年是没有大家想的那么好。但绝对不差。你赚不到钱，会不会是你自己的问题？你在泥沼中挣扎，会不会我们曾经也挣扎过？ 18年的冬天，可难受极了。我们这些币圈老不死的都没放弃行业。币圈的熊市，不仅能洗筹，还能把行业的投机者洗出去。 我的前辈们，在没人瞧得起币圈的时候，用自己的认知化剑，无比狂热的信仰btc，觉得这就是未来，天天去布道。难道他们配不上暴富的筹赏？  当kol的，多抬头望望大佬，低调赚你分内的钱，努力在圈子里向上走。 当散户的，当多思考多尝试，别整天把推特当微博用。你是来赚钱的，时间是最珍贵的筹码。  谁把币圈弄得乌烟瘴气。我就要出来一棍子敲他头上。
2094390591841042726,Mon Aug 31 11:43:23 +0000 2026,94,25,33,37432,9.2,05_independent_trader,否,《鹿鱼5——红》 现在开始接受报名。 在四班非常成功之后，我吸取了几位朋友的建议，把课件完全重写了一遍。现在这玩意已经不算是个交易课了，涵盖的面几乎覆盖了币圈的方方面面，把所有你们会犯错输掉裤子的地方都写了进去。  具体课程目录如图： 包含了前三节公开课，和后14节闭门课，加上线下答疑两天，加上神秘嘉宾1节（啊对，他没想好要讲什么）一共17+2+1课程。  作为币圈最受好评的课程，这次重写搞得我压力很大——好吧其实根本没有压力。我纯粹就是懒，出去玩多了，然后觉得自己总结自己的系统，落到纸面上非常的麻烦。 所以拖了非常久。说好了一年一届就一年一届，坚持做正确的事情，结善缘，是一件重要的事情。 本课是抱着，再修改修改一两个版本，就拿来留给我女儿和后人的目标去写的，所以不用担心我没有认真写。  去年是1999U，根据我们的老规矩，今年2888U一位。只涨不跌。 至于我是不是骗子，这课值不值，你们随意，随意。  请认真阅读鹿鱼4和鹿鱼3报名里的那些老须知：x.com/ZTZZBTC/status… 新须知如下： 1，本课程适合人员： A  最适合币圈长期从业者 B  其次适合想做币圈独立交易员的人 C  然后非常适合年轻人，大学生。 D  如果你是23年后进圈，只会玩链上的新人，你也很适合这节课。 本课程对所有学员附送就业路径帮助。  E   最后，如果你是上班党，你想靠币圈来改变命运的话，你不是非常适合我们的课，主要是您自己的时间问题，不过学了这个你不会在币圈亏大的，但我不保证你能学好交易。请谨慎考虑。  2，本课程非常鼓励你们线上线下拉帮结伙，寻找在币圈共同进步的好友。所以本课程非常建议你 拽上你的币圈朋友一起来。  3，今年由于是全新课件，课程变多了一倍，所以1234班的学长们都会过来重听，请5班学生自行勾搭和学习学长。你们的学长干啥玩意的都有，有好几位在自己的赛道都有光辉战绩。  4，本课程虽然囊括了币圈的方方面面，但依然尽量以二级交易为中心。因为交易是所有金融市场不变的底层技术。  5，本课程收入的20%将会捐献给动物保护机构。今年得换一家了，还没想好捐给谁。  6，鹿鱼5这一年的最优秀学员，将会获得2份神秘大礼，将会在鹿鱼6线下课的时候揭晓。  最后，本课程报名时间截止日期是9月30日。按道理来说，我应该写几篇凶残的干货文章，做做传播，给课程预热。但考虑到课程只收50人，过去报名的人过多，人贵在精不在多。加上我确实事情多，所以还是随缘吧。  你们现在可以把我的推特设置成特别关注和小铃铛了，我从现在开始到9月末，不会乱发东西或者回复。 前三节公开课的时间，请注意通知。  确定报名的朋友，请下载下方的报名WORD，认真填写后，发送到邮箱： ztzzpanda777@gmail.com  （你发了我一定会回复，如果10天没回你就再发我一次） 通过网盘分享的文件：鹿鱼5报名表格.docx 链接: pan.baidu.com/s/1ipnfmHEkmZX… 提取码: ZTZZ  谷歌文档链接： docs.google.com/document/d/1z5…  如果此分享链接被封，请去评论区通知我，我会补充新的链接。  最后，祝大家都赚钱。
2101545046592065857,Sun Sep 20 05:32:38 +0000 2026,224,25,124,36833,9.1,06_macro_btc_cycles,否,由于最近问我的人太多，我反复解释。所以现在郑重回复: 这不是牛市。 这里是牛市开启的概率，只有5%。 一个熊市的组成，是由下跌趋势和震荡两者组成的。分别代表了空间纬度的恐慌逼筹，时间纬度的缓慢逼筹。 这里，95%不是牛市的开始。 如果这真的是牛市开启，那我们整个1011之后到57000点的这一段标准下跌趋势，都可以看做是一个下跌中继，则这轮牛市的高点我不敢想象。而且市场里根本没有这么多资金进来。 解释完毕。 啊？你问我为什么外面一群kol都喊牛来了？ 额，那是假的交易员。就这么简单。
1901844927912522087,Tue Mar 18 03:55:40 +0000 2025,142,69,184,39369,9.1,04_operations_exchange,否,这是一条逆天的活动帖子。 本月月底，我将举行“鹿鱼”课第四年线下活动。 我将线下回答，你一切的问题。一切。 去他妈的推特水货 我将把学生们的认知拉高，让他们少走n年弯路 想变强么？想和庄共舞么？想成为项目方么？想成为vc？ 来，我将秉承开源镰刀精神，传播真正的干货。 转发，评论此推特。我将抽取仅仅1名幸运儿，他将获得线下参与的资格。
2074517081215930628,Tue Jul 07 15:33:09 +0000 2026,176,12,26,34548,8.8,04_operations_exchange,否,根据我对人的认知经验。这人是个畜生无疑了。 他的话里，没有正面回应杜均先生的问题。而是采用了大量模糊事实的手法来摘清自己。 1，“本来要150W，你给了50W，剩下的没到账。但是份额是记录的150W”——稍微懂点投行知识的都知道，钱不会是一次性到账的，150W是本来谈好的总投资款，协议里也一定会这么写。人家付了第一期50W，你什么进度都没有，甚至联系不到你人，自然不可能给你打剩下的钱。 李博杰利用这一点，刻意误导大众，营造自己被诈骗的假象。实际上他骗到50W后，什么都没做，连剩下的都懒得骗。在骗子中也算是没格调的。 2，“2024 年 10 月由于我个人家庭原因，不能离开中国大陆，Web3 项目是不合规的，因此我从 Metagent 离职，得到了董事会批准。”———这段话槽点过于密集。我不想一一吐槽。 他写这段话的时候，是被杜均戳了气管子，急了，没想好怎么回复，所以行文之间才能出这种充满槽点的话。大家只需要理解成，是一个骗子被戳穿后，慌乱之间给自己找借口就行。在骗子中也算是蹩脚的。  这个人整体看来，是一个撒谎成性，自我感觉良好的人。再深刻一点可以看出他的路径是，靠着一个人设，去蹭风口骗投资，进而补充自己的人设，再去蹭下一个风口的人。这人最大的特点是对诈骗毫无心理压力，因为他觉得诈骗的钱是他的本事赚来的。 但当你真说他诈骗时，他就会脸红的驳斥你，因为他并不能真的欺骗自己。 这样的人现实生活中，非常善于用人设骗小姑娘上床。不算是渣男，属于混蛋类型。 极端自私，虚伪，但离纯正的坏还差了点距离，能力也不够。属于精致的蠢货。  他一切回复的话，都过不去基础的道理：投资人投你钱，你最差要回复投资人你在干啥，钱哪里去了。要给投资人一个交代。 从人类行为学来说。这人的回复基本做实了杜先生的说法，我也绝对相信他在DEEPSEEK的面试里作弊。 顺便告诉大家，一切走上社会3年后，还在标榜自己是神童，是XX名牌大学毕业的人，都没什么真本事。这一招屡试不爽。 大多数来自知乎的KOL，你们都不要把他当做是个人。知乎最有本事的，是最早的那100个万粉大V，他们之中大概有一半人，虽然不发文章了，但在各自的行业都非常厉害。
2040848090752794929,Sun Apr 05 17:44:36 +0000 2026,148,12,22,31913,8.8,01_market_making,否,来，我来系统性的回复一下比特肥怼的这个人的交易方法。带你们从交易系统的角度终结这个问题。（本文大概需要你15分钟阅读，不适合交易小白阅读。）  监控订单簿中的大额挂单，然后据此自己进行交易，本质上就是经典的订单簿分析（Order Book Trading / Level 2 / 深度交易），在我们币圈，尤其是BTC/USDT、ETH/USDT等永续合约或现货里非常常见。  很多专业交易者和量化团队都在用，包括这个叫水博乱乱的人分享的那个例子：他用图表（带蓝箭头标记的关键位置）来反驳大额挂单纯属噪音的说法，强调结合数据处理和经验后仍有参考价值。  我仔细看了那个X帖子和回复，我是知道相关交易策略（订单簿热图、足迹图、spoofing案例等）的实战情况的。  就我的交易经验和知识来看：订单簿分析是一种有实战价值的辅助工具，但绝不是稳定盈利的独立策略，更不是新手能轻松复制的“躺赢”方法。它只能作为辅助。 这玩意能给你额外的信息优势，但市场永远是信息不对称+博弈的，过度依赖注定吃亏。 没错，我是知道有人用这个玩意并且奉为圭臬，然后在2021年就输掉半条裤子的。 而且我认为我知道的那个人水平更高。  在币圈，订单簿分析作为辅助，大概有以下的优点： 1：实时观察供需关系，帮助判断翻转：  大额挂单（比如几百张BTC的买墙或卖墙）能直观反映大户/机构的意图。价格接近这些订单墙时，容易出现反弹或突破。比特肥引用的铁子里，那个人图片标记的蓝箭头标记的位置，就是典型案例——结合K线和热图，能提前预判短期翻转。  2：捕捉鲸鱼动向：  在BTC这种高流动性但仍受大单影响的市场，大额挂单有时就是鲸鱼大户信号。他的评论区也有人说了，单纯这样看是不准确的。我和使用这种方式的成熟交易员沟通过，他们会搭配多种辅助指标去一起观看，比如足迹图，成交量热图等等，这块我研究不深，不深入讲解。 以订单簿分析为中心，然后各种指标为辅助，就能验证挂单是否“真实”，是否真的有实际成交意愿，不是挂上去忽悠你的。  但请注意，这种方式只在很短的时间维度里有效，能帮你避开假突破。  3：便宜，便宜，便宜 这玩意其实成本低，工具也很成熟，菜鸟玩起来容易上手。我见过拿这个玩意组合一套我2里面说的策略，卖给培训过的散户，让散户人力盯盘，给散户虚假参与感，让散户觉得自己是“交易员”的，哈哈哈哈哈哈哈！  但一码归一码。现在交易所（Binance、Bybit等）API或TradingView、专用软件都能实时显示订单簿深度，几乎零成本。专业玩家还会做数据处理（如统计挂单模式、历史命中率），进一步提升参考性。 对了，和小资金散户比，大资金玩家用这个能更好地管理滑点和流动性。  缺点也显而易见：  4：最致命的风险来自Spoofing，假单诱导  大户或高频算法最爱挂巨额假单，挂上去又秒撤，制造假的支撑/阻力来诱导散户。  判断真假只能靠经验+事后足迹图（看是否有真实成交），但实时操作时你永远慢半拍。100条大单里可能只有1-2条有价值，其余全是噪音——这点比特肥说的完全没错。  顺便一提，我知道有高手，是可以狙击这些玩订单簿的人的。不要小瞧了天下英雄啊！  5：信息不够完整  真正的高手，很多大单是冰山单或OTC场外交易，订单簿上看不到真实意图。我非常确定的和大家说，是有大户是愚蠢的。 一个人有多少钱在币圈，和他会不会交易，是完全两码事。他可以在别的地方，他的专业领域，比如房地产里赚钱，但是他只要来币圈，那不好意思这里是我们的地盘。 我见过很多这样的人，他们往往后知后觉，在交易时往往挂这种巨大真单在订单簿上，手法极其粗糙愚蠢。  相比聪明的你们，也知道订单簿分析流派为什么有时候能成功了吧？没错，他们绝大多数时候，捕捉到的是这样的大户的信号。  6：不太建议散户和新手使用 交易所本身有延迟，散户的监控速度远不如机构的高频系统。  所以我在3里面说了，玩这玩意的交易员，有时候会把自己的系统和策略包装好，让很多人去订和判断。  这东西需要较为快的反应、低延迟环境、专业工具。手动看单容易情绪化，导致反向操作。很多散户就是看大单“觉得要涨”冲进去，结果被反向收割。  7：交易系统有结构性缺陷 价格一旦被操纵比如闪崩或拉盘，挂单瞬间失效，你自己追单反而被套。 这个不能算作缺点吧，毕竟大多数交易系统都有这样的问题。他这个还算是止损比较好止损的，只是一旦被狙击或者遇见极端情况，容易被套。 这是大多数交易系统的通病，我随口提一嘴，塞在这里。  我的总结建议是： 这种方式值得学，但别当成主策略。它最适合有经验的短线/日内交易者，作为价格行为+成交量的补充。像帖子里那样，用蓝箭头标记关键位置、结合足迹图验证，是正确用法。  crypto市场本来就充满噪音和操纵，真正赚钱的永远是纪律+风险管理+持续迭代，而不是盯着订单簿“等信号”。  至于比特肥发的这个图里面的那些挂大单，我不做评论，我只讨论订单簿分析这个技术。  就事论事而言。比特肥在帖子里展现的交易水平是远强于水博乱乱的。 水博乱乱的这个东西………………我在总结建议里已经说的很委婉了。  妈的半夜写这种技术帖子太费劲了，没什么人看，写的还贼累，害我还翻了我以前的笔记本。 祝各位现在还在场子里的人，交易顺利。
2014993622031344095,Sat Jan 24 09:28:10 +0000 2026,93,9,11,10571,8.7,03_manipulation_chips,否,玩了@coolish 和 @CryptoPainter  推荐的Insider trading《内幕交易》 我在最后一周天天拉1.5倍起步，过关要求3200美金，我打了个33715美金。 这游戏还是很有意思的，把K线涨跌和特殊事件，结合了ROUGELIKE，分成涨和跌两种牌，以及不同的牌种类。需要合理安排牌序，来完成目标。 我到觉得这个游戏不是庄家模拟器，因为庄家实际操盘过程中的一些麻烦，并没有完全提现出来。他真的很像名字：内幕交易。 你知道一些内幕，但是不多，你比韭菜强一点，但也只能猜测庄家的衣角。 我严正声明：我们做市的比这个难多啦哈哈哈。 这个游戏最有意思的一点，其实是把市场涨跌和随机事件给安排到牌里。你的牌里如果花了太多的拉盘牌，之后出现下跌牌的概率就会变大。这其实就是拉盘之后，抛压变大。 如果你把上涨和下跌牌，连续排列，就会触发连击！上涨和下跌的幅度就会更大，这其实是暗示了趋势出现时，连续的单边趋势会放大人们的情绪！造成更大的波动。 牌库里还有各种黑天鹅牌，以及宏观市场的随机事件。  我作为一个半吊子的桌游设计师，一直想有空的时候设计一款自己的，和交易有关的游戏，我很清楚其中的设计难度。不论怎么说，这都是我目前玩到的非常好的交易游戏了。 我向大家再推荐一款桌游——《并购ACQUIRE》。同样是金融模仿领域游戏的巅峰作品。
1895762683619864795,Sat Mar 01 09:06:59 +0000 2025,90,10,12,19175,8.7,06_macro_btc_cycles,否,看好图，我这可是三分钟线右侧现价买入！ 我分享一下我的账户仓位管理经验。 我严格意义上来说有四个账户，其中一个是切割隔离的btc钱包。  另外三个，一个是大账户，只做btc现货和低杠杆合约，完全左侧挂单交易。属于中长期账户。 第二个账户是中账户，是我操作最多的账户，12月move那次就是。这个账户山寨币比比特币的极限比例是4比6。会大量进行合约操作。 第三个账户是小账户。这个账户属于完全右侧交易，随身携带的币安账户。完全右侧交易会保证我的盘感不退步，对市场有敏感性。  另外，我还有很多钱包和期权。 钱包里面的账户我管理的其实不是很好，比较乱。期权账户大概是中账户总仓位的15%。 钱包账户，期权账户，小账户的收益会定期往中账户提。中账户的收益半年挪一次去大账户。  细节上，我会尽量保证小账户和中账户的合约账户金额是某几个数值，这样紧急时候我需要右侧交易，非常方便计算。 至于大账户，每一步操作都有详细的，落在纸上的策略制定。  金额越大，越左侧，越长线，越有详细策略。 越小的账户越去博更有盈亏比的大收益。 资金不断从小账户往中大账户提取，最后部分提现，部分购买btc进入切割隔离的btc钱包。  这套策略我从做基金的时候开始用，一直用到今天。他可以极其有效的控制你躁动不安想开单的手，或者帮助你贯彻中长线策略的落实。对紧急情况下，你上头做出临时决策时能动用的资金也有限制。  账户的合理分配设置，本身就是仓位管理的一环。本身就能对你在市场里的行为起到规范作用。 这点我没有在任何书或者任何交易kol的文章里见人讲过，我自己用下来的确很有帮助。分享给你们。
1882299585496052013,Thu Jan 23 05:29:27 +0000 2025,88,12,14,82244,8.7,05_independent_trader,否,你们要的第四年度交易课来了。 请耐心看完下面的东西决定是否参加（没错我又复制的去年的改了改）： 一， 课程解释：这段有点长，建议看引用的去年的那段，贴在评论里了。 我的课程是以二级交易为核心技能的，币圈综合式课程。  二， 课程内容：首先，本课程适用于：对二级交易知识一窍不通，想入门的朋友。看了交易书籍还是一头乱麻一直在输的朋友。还没有形成自己的交易体系，天天开合约的朋友。 本课程基础版本包含以下内容：  1，币圈市场解析  2，K线基础入门  3，形态学讲解  4，仓位管理  以上为三天的课程。所讲的内容从形态学入门一直到你可以凝练出自己的交易体系。学完了你基本就不是二级交易的小白了，市场里每年稳定两三次的送钱行情你就能赚到。本课程，所有的核心都是让你在币圈稳定的赚钱，不含任何暴富秘籍 其次是一年后会免费送升级课程，必须要一年后，因为一些东西提前讲出去就是误人子弟。这部分的课程包括：  5，做空点位分析和逃顶指南  6，项目方和市值角度分析操盘  7，EMA的N种用法和指标回测  8，板块复盘和年度复盘。  还有想到的其他一些东西，随机发生。 吸取了去年的上课经验，我们今年做出了新的修改！！！！ 所有的课程全部线上，全部线上。因为线下课程过于紧密，所以对于学习来说体验并不好！ 但是我们线上课程结束后，会在上海举办两天的线下课程。因为去年线下的时候大家气氛非常热烈，并且问出了很多线上我不方便回答的干货问题，且都直接和大家的经济挂钩！ 所以今年采用的最终方案是：二级课程内容全部线上，部分币圈相关内容和答疑，全部线下！！  线下的内容包括但不限于： 9，币圈择业教学，你甚至可以点对点问我。 10，任何，任何链上的问题。对，任何。 11，土狗MEME的二级K线教学（如何做土狗的二级） 12，为了让大家互相认识并且能相互帮助的自我介绍闲聊和团建。（你就当你是带着问题来玩的） 12，期末考试（去年鸽了今年争取要有！！）  今年还会有一个重大改动！ 介于去年和前年的反馈，大家反应在课程中“下苦工”的那一环节难度陡增，产生了迷茫。所以今年我们会请到隔壁某社区的交易员，让他给大家分享自己的交易学习过程。 今年的课程里还会修改一次用了3年的教案，新增一些符合现在币圈的新知识。  如果明后年课程有更新，对之前的同学都是终身免费的。  三， 碎碎念的话： 学好二级交易是一件受益终身的事情。如果你想学的话我建议你认真学，然后多问多练。但去年的教学经验，和我自己的学习经验也告诉我：很多朋友哪怕学了，最后也不会成为一个成熟的交易员，这和个人自身有关。  所以本课程是直接包含跟单的，但次数不会多。 我吃过那种装逼KOL老师的大亏，把自己装成超级高手，一堆头衔，最后实际靠收群费过日子。天天带群友学TM的巴菲特，读TM的《滚雪球》，最后还带群友买A股，站在茅台最高价位。 我对此深恶痛绝。 我基本是实名上网冲浪，也不靠收学费卖课过日子。你交的学费我会带你赚回来，你要是能学会二级交易，那就是我的大成功。  所以本课程，是对学员有筛选的！  想交钱进来单纯跟单，门都没有！   请理解一下如下这段话：  如果我社群里有10个人，我当可以随意带他们买ORDI这样的币，买在3块钱的底，或者买一些更小市值的币。当群友有50个以上，我就只能带大家买BTC，买SOL，ETH这样的大市值流通的币，确定性机会也更少。因为如果再买小盘币，就一定会发生某人重金砸进去后群友互相踩踏的事情。 哥们这里不是链上PVP社区。  所以我建议你还是抱着学习的心来，别抱着跟单的心来。我习惯性把话都说在前面，外面任何一个KOL开课都不可能说的有我这么直接和详细。  我再举个例子：讲完了会有要求你们每天看盘，复盘。实际上几乎没啥人能做到，因为哪怕你学了，不去实践，不去花时间看K线，都是扯淡。 所以才加了跟单环节和热点环节。 就是知道你们报了班，大多数人最后也是学不会的，那我抱着至少让你们学费回本的心，去搞这个事。 你们学不会，也还是好朋友，学会了，你我都赚。 我这个人很要脸，不会割你们。   四，学费和流程： 今年的学费是1999USDT（没错，熊市里的价格会便宜，牛市里的价格会贵，熊市里投资自己认真学习的人，理当花更低的钱赚到更多的认知和筹赏。第一年是8888人民币，第二年是1666U，去年是1777U）   五，什么人适合报名本课程：  没错前四点是我拿去年的文案改的。 真正重要的是第五点   在去年的交易课里，我成功帮群里的几个朋友，开启了他们的币圈新生活，一来是去年的选手质量很高，很多人其实只是方向不对，缺乏一点指引。二来是去年的课上他们问了我很多择业的问题，我结合自己的经验发现，很多时候，你需要的真的就是一个过来人，点对点给你指出你该走的路。  我很开心的看见去年课程里的学生，今年开始在币圈做自己的大项目，在币圈进了VC，还有人在做自己的私董会，这是他们应该走的方向。最牛的那个二班班长现在已经做量化基金去了，现在都能给我带项目方了🥲🥲🥲  他们从我这里，作为一个散户而来，出去的时候已经告别了韭菜的身份。   我曾不止一次的在推特和SPACE里说，我们这种老玩家，要把币圈做大。 一如当年各位大佬，帮助我一样，我也会尽力去帮助新人，希望有一天，我能给我的学生孵化的项目，做营销和市值。   所以，本课程最合适的是那些，想进入币圈的朋友，或者在币圈发展遇见了瓶颈的人。   二级交易的课为什么是基础核心呢？因为你哪怕完全不适合币圈的任何职位，你回家努力做二级，也是能稳定赚钱的。二级是一辈子的修行和修心。   我们的课程，实际上就一句话：帮助你脱离韭菜，找到你自己的币圈定位。 我当全力去教，希望对各位有用。  周日晚间会有一次腾讯会议，讲解大盘和回答问题。大家可以来听，熟悉一下，免得被忽悠，也确保自己想学。   邀请您参加腾讯会议 会议主题：ZTZZ的币圈第一课 会议时间：2025/01/25 20:00-23:00 (GMT+08:00) 中国标准时间 - 北京  点击链接入会，或添加至会议列表： https://t.co/33ov6jM4ur  #腾讯会议：337-674-816   确定报名的朋友，请发送您的简历到邮箱： ztzzpanda777@gmail.com  简历加一段文字，文字请注明：年龄，职业，城市，来币圈多少年。最成功的一次投资赚了多少，最多的一次亏损亏了多少。二级交易的水平如何。希望从课里学到哪些。 没有简历也可以的，关键是需要一段详细的自我介绍和币圈经历介绍。  本次报名将会持续一个星期。我将确定后 ，拉群进行交流。  本次课程会录像。  由于我实在是忙，且教案要改，所以尽量在2月份线上开课，线下会放到4月中旬。 本次的学费百分之5将会捐献给全国各地的动物园。  百分之5将会请环卫工人吃爱心午餐。  百分之10将会支付线下讲课的场地费以及请学员吃饭。 剩下的钱将会拿去投资币圈链上坐庄侧的基础设施建设。
1973680594401006006,Thu Oct 02 09:24:57 +0000 2025,78,11,14,23614,8.7,06_macro_btc_cycles,否,这里可能真是BTC这两年内最关键的位置了。 就看这个日线级别反弹的尽头，能维持现在的价格多久，已经回踩的深度。是真动作，还是受到宏观影响后的死蛙跳，一试便知道！ 这里最正确的做法应该是在即将到来的回踩里加仓，博日线级别向上突破盈亏比最高。同时止损点也很好找。 所谓的庄，就是出手的那一刻，对想达到的目标已经有了百分之百的把握。别管时间维度空间维度怎么走，目标一定到。庄只要保证中间的时间维度上有容错值就行了。 我的师父曾经做过一个非常生动的比喻： 庄的动作就好像打篮球，他中间的实时动作是可以即兴发挥的，比如带球虚晃、投篮上篮，球还没离开脚、手之前的假动作。但是他做这些动作的时候，他的眼睛，是一定瞄准篮筐的。 美联储花了这么久把BTC的坐庄权篡夺过去，指望BTC大涨消掉自己的泡沫。那这个地方发生1-2年的深度回调是不符合他们的逻辑的。 来吧，请出牌，请上篮。
2007436373482189164,Sat Jan 03 12:58:22 +0000 2026,70,6,13,10103,8.7,06_macro_btc_cycles,否,简单有用的财富密码： 1，行情类似于2022年3月行情。暂时当做下跌行情中的反弹来做。时间维度约66天。 2，预计主流反弹幅度不大，但小山寨有机会。很多山寨项目方急着退出流动性。会呈现暴涨暴跌行情。 3，由2可知，建议大仓位在主流上，小仓位在山寨快进快出。 4，MEME即将启动。请关注两类东西：A，老的MEME自然反弹，如PEPE已经启动。这一类当做2级交易去做就行。 B，节前大概率会有一波MEME行情，国人的习惯是过年手里有钱就赌点啥。建议观察这段时间有没有出圈的MEME，比如马斯克CZ懂王，核心是传播事件。P小将请亮剑。 财富密码讲完 。 剩下的是你们自己的事情了。  有点干货的题外话： 1，MEME现在的问题是坐庄集团对他的兴趣不大。很多现在还在发MEME的坐庄集团是23年链上出身的打狗行家转职做的小庄，不会做别的，讲究一个究极PVP，割场内流动性。大坐庄集团要等行情回暖后下场。  2，建议你如果玩MEME打土狗，就别做太深度的交易了。要二级交易就只交易BTC/BNB/ETH/SOL那几个深度好的。打土狗讲究一个快准狠，而且容易让你情绪上头。这其实和二级交易的很多地方是相悖的。 又打土狗又做山寨币的人，需要消耗相当大的精力，我反正做不来。这个经验你们自取吧。
1948687136322191450,Fri Jul 25 10:09:52 +0000 2025,68,7,32,19359,8.7,04_operations_exchange,否,我其实今天有点觉得难过。 我最近在重新结合美股走势，读一些关于经济周期的书。我觉得很难受的一点是，很多年轻人，受了很好的教育，但是没有赶上18年的大机会，后面进场很晚，视野很窄。 你说我比那些人聪明很多吗？我其实并不那么觉得。  但没有踩到周期关键节点的人，就是要困难百倍，且路径很容易错误。有一种非常难听的说法：这叫命  越来越多的年轻人，认知逐渐模糊，而且被现实生活所压迫，为了固定工资，放弃了很多机会成本。 17年末我当时身上没有多少钱，看见真格红杉他们有个大佬群可以让人进去，我挤破了头也要进去。  那是17年末，现在才25年啊！  我们也举某“大KOL”的例子。他不就是抓住了某VC大佬抽奖实习的机会吗？也没有工资啊。 我觉得真正可怕的是，现实的压力把很多优秀的年轻人压得必须要个稳定的工作了，他们脑子里的那个思维逻辑一旦变了，这辈子就完了啊……………… 人的机会，就那么几次。  我舅舅前几天和我说了个事情，他说：“你们这一辈人，一定一定要出去造作！出去闯。出去瞎闹！因为我们那辈人，吃饭都难。要养家的。你们这辈人，饿不死啊。不闹不闯怎么会有机会啊”  所以我没有想到那么多人聚焦的点是：你没有工资，你装逼画大饼。  学生们和我说，其实，有些散户可能都不懂什么叫市值管理。 市面上有人教这个吗？ 我换个说法给你听，我教你怎么当庄家，我教你怎么操盘，我教你庄家思维，让你实战。我教你这个金融世界的最底层逻辑和规律。还给你一份按项目抽成的工作。 这个机会，你在推特上一年内看过几次吗？  我觉得，这才几年啊，时代就变了。 你们要怼我的时候，要不要翻翻我推特的置顶文章，看看XHUNT，再张嘴？  一个人，一个命。 这一届的新人们聚焦着MEME，聚焦着那些暴富神话KOL，聚焦着一个个交易员秀单子。 被市场的狂热冲昏了头，失去了思考。没事，每一届都是这样的。 你们不会知道，喊MEME的很多KOL和庄家是一体的。你们不会知道很多交易员的收益单是造假的。 每一届的人，都花了很久去认知整个币圈。 但向上走的路，的确是越来越窄了。  我的学生还和我说了一个点，他们说：现在市场行情不好，很多公司都是打着 intern 的旗号找些免费劳动力打黑工，也不教任何有价值的东西。然后导致整个市场戾气很重。 我觉得可能是吧。  最后，轩哥和我说：zz这个推特既做了话题传播 也做了筛选。 我承认，我作为老运营总监，在最后的用词上用夸张的方法做传播。 但我难过的是：我没想做筛选………… 新人们已经到了看不懂机会的处境里了。 连路径，都模糊了。  没啥想说的了，祝这一届的新人们，少走弯路。 一个人，一个命。 谢谢 你们看我这个老东西唠叨。
1866160159363637561,Mon Dec 09 16:37:08 +0000 2024,58,6,7,15415,8.7,03_manipulation_chips,否,其实前几天和某VC聊天的时候，我说该跌了，原因是时间维度到了。 越是老道的交易员，越会注意时间维度，而不仅仅是代表价格涨跌的空间维度。 说个粗俗一点的，大盘上涨就好像男人勃起，他充血勃起时间是有限制的，哪怕你给他再多的利好刺激，吃再多的伟哥，该软的时候还是得软，该跌的时候还是得跌。  核心原因是，信息的传导是有时间间隔的，玩家入场的次序是固定的，是有极限的，所以回调一定会随着时间维度发生。  比如庄家集体拉盘，场内的核心玩家2天后跟上，又一到两周，拉到某个高度横盘后，山寨开始大涨，场内的普通玩家再进入购买。一个月过去了，场内的普通玩家赚钱了，开始有破圈效应，场外的聪明玩家进入。 一个月后再次拉涨后，场外的聪明玩家和场内的普通玩家都赚钱了，再次有破圈效应，场外大量的玩家再次涌入。 你可以把每一波上涨，从底部到顶部拉一个“斐波那契回撤”。斐波那契回撤可以有效的看出，聪明人的筹码，普通玩家的筹码，傻子的筹码都在什么地方。  再等两天吧，看月中回调。其实仔细观察就会发现，山寨已经不太行了，BTC真的是在硬撑。  PS：还有一种极其小概率的可能性，我也说一下： 这里有大量的场外资金OTC买BTC，也有不少场内获利盘离场。这里极低概率是类似20年12月末那样的高位换手区间，然后开启一个BTC长牛剧情，就是每年10%涨幅，连续涨个十年那种。概率极低，不是没有。
1905271441941242056,Thu Mar 27 14:51:24 +0000 2025,40,8,28,7411,8.7,05_independent_trader,否,明天就开始第四次“鹿鱼”的线下课了。 第一年真的是做着玩的，很感谢老群友对我的信任，线下上完课我就新冠了。第二年没有办线下课，二班的效果也是最一般的。三班线下讲交易有些急，但是大家问了很多币圈其他的问题，这让我意识到，不该局限于交易。 所以四班的时候，决定把所有交易知识放在线上，线下专门答疑，讲一些币圈的高级认知。 这个课的本质，是披着二级交易外皮的币圈认知飞跃课。所以你几乎看不见这个课的差评。  我在课上说：你们中的很多人，是不会成为一个交易员的，但我希望你们能学走一些二级交易的知识，这能帮助你在币圈有效赚钱。如果你未来遇见困境，你可以把这门课翻出来，他的路径一定是对的，或许会给你一些帮助。  我见过很多交易员，太多了。但绝大多数，一个牛熊就会消失殆尽。 真正能成为好交易员的人，一定是优秀的人，精益求精的人，从骨子里不愿意做散户的人。 以及，从枯燥的交易学习中能感受到乐趣的人。 真正的强大只有一种： 热爱！  只有真正热爱交易的人，才能走到顶峰。就像一拳超人里的琦玉老师一样：“兴趣使然的英雄”！  明天，我将展现我在币圈的所思所学，所劳所获，让各位看看，我的热爱带来的高度，是否撑得起你们口中的一句：“庄”  幕帘升起，灯光就位，演员侯台，好戏……开场！
1724651416701284664,Wed Nov 15 04:51:54 +0000 2023,158,6,36,56843,8.6,06_macro_btc_cycles,否,今天清掉了自己的基金，10个月，1100w，纯现货176.6%，以1942w结束了。终于不用再看lp脸色了。熊市做基金太难了。 我永远也不会忘记，6月中旬btc大跌，父亲在重症监护室里抢救，lp们一个个打电话问我有没有亏损。我当时手里没有现金支付住院费，只能斩仓自己的btc时的无奈。 都过去了，日子会越来越好 https://t.co/jFCnlI56ph
1976782046027718924,Fri Oct 10 22:49:01 +0000 2025,122,8,21,56333,8.6,02_short_selling,否,我等这一天太久了。312战败的屈辱，今天终于洗刷了！  挂了那么久的极限单子，1块钱的sui，1.6的xrp，还有好几个这种的，都成交了。  新来的小朋友们，没见过流动性枯竭吧？ 喜欢么？ 爆仓了吗？ 等等一些自己爆了仓还要打肿脸充胖子说自己空单暴富的kol就要来给你们喂焦虑了！ 做空是不会极限暴富的，因为极限状况是流动性枯竭，失去对手盘。  一切耻辱都洗刷了，这些年我时常梦到312那天自己痛苦的蜷缩在床上，发誓自己要赢。  谢谢，谢谢自己。谢谢师父。谢谢学生们。谢谢信我的朋友们。谢谢。
1844835703630491842,Fri Oct 11 20:21:21 +0000 2024,76,24,19,16544,8.5,01_market_making,否,这是年末系统性更新《Z级币圈理论》的第一篇，本来是写一个自我介绍，或者写做市商的，但这个特殊的节点，我决定还是从交易聊起 本文将会包含： 1，从九月中至今日的实盘交易复盘，以及变数应对 2，浅谈交易者成就大小的决定性因素 3，BTC山寨币现阶段的真实情况和未来展望 4，交易者之“死” 1和2发在上篇，3和4发在下篇 转发和评论本文章的朋友，将会抽取三位幸运用户。第一名将会获得我请客吃饭的机会，第二名得到一次电话咨询或者帮忙看K线的机会，第三名获得DND的幸运骰子一套。 本文共计5080字，阅读时间约15分钟
1795828350872936865,Wed May 29 14:43:38 +0000 2024,166,48,36,153170,8.3,04_operations_exchange,否,今天来说一说我做运营和市值MM这些年遇见过的神奇项目方，以下情况如有雷同，纯属巧合，只是为了向大家说明世界是一个巨大的草台班子，以及做项目时有各种奇奇怪怪的风险，所以不要乱揣测项目方，很多情况下越揣测亏得越离谱。 隔壁某人都写了，那我也顺手些一篇给大家吐槽一下
2004894786315325581,Sat Dec 27 12:39:00 +0000 2025,88,0,40,14146,8.2,05_independent_trader,否,嗨，宝宝。今天是25年的12月27日，你的预产期。 爸爸想好了你的小名，还没有想好你的大名。爸爸拜托了一群大佬给你起名，他们正在集思广益，等待你出生的那一刻。 有人问我，为什么不自己给你起个名字。说实话，爸爸其实是非常文艺的一个人，也曾经想过要给你起什么名字，但真当来到这一刻的时候，爸爸却大脑一片空白。想说的，想表达的太多，不知道从何说起。 爸爸问了好几个前辈，他们如何养育女儿。 爸爸留了一些BTC给你。 爸爸解构了这个世界，留了一些爸爸觉得有用的知识给你。 去年爸爸和干妈在西湖边聊天，那时候爸爸希望你能成为一个优秀的交易员。干妈告诉爸爸：“让孩子去做自己想做的事情吧。” 嗯，干妈说的对！做你想做的就好。 宝宝，你的小名，就叫DORO吧。这是在这充满行为艺术的混乱世代里，最伟大人性光辉MEME的名字 对了，你还不知道什么叫MEME。这并不重要。 你的名字里寄托着爸爸对你最深的祝福和期待： 你要爱自己。 这一点爸爸做的不好。爸爸穷苦出生，嘴笨，不擅长表达，不够圆滑，吃了很多苦头。不过爸爸待人真挚，结交了很多好朋友，认识了很多前辈和有意思的人。爸爸留下了很多高质量的善缘给你。 他们会给你很多很多的“哦润吉”！他们都在期待你的降生。 你在未来，也会遇见很多有意思的人，去到世界各地，去种自己的橘子树，拿到属于自己的“哦润吉”！ DORO宝宝，做你想做的，爸爸爱你。 DORO宝宝，爸爸希望你，要爱自己。 DORO宝宝，人生的容错率很大，去多多冒险呀。 DORO宝宝，世界上只有一种真正的英雄主义，就是在认清生活的真相后，依然热爱生活。
2066545253306466393,Mon Jun 15 15:35:57 +0000 2026,82,6,34,8654,8.2,06_macro_btc_cycles,否,现在进入熊市的后半场了：震荡。 一个完整的熊市，并不是一直跌。而是一个下跌趋势，加上无序震荡。 下跌趋势，是从空间维度，不断套牢散户、大户、抄底的等等各种人。 下跌本身，通过触发“恐慌”这种情绪，来逼出散户的筹码。 为什么下跌趋势越前期，下跌越快，幅度越大。越到后期，时间维度越长呢。 这是因为要诱多，让大家觉得这里是底部，才能完成对不同人的更好的套牢。 没错，正如上涨的时候需要不同价格正确分布不同人的筹码一样，下跌的时候，也需要在不同的套牢区间，正确杀掉不同的人。  整个下跌趋势结束后，会先爆一次习惯性做空的人，比如现在就可能是这个时间段。 之后会进入无序震荡。 无序震荡里，也会进行多次的诱多，然后极速下跌。 震荡的本质，是从时间维度，让所有人麻木，注意力消失，逼出抗风险弱的散户的筹码。  然后就是新的牛市。 所以不要问熊市到哪里了。 差不多一半到三分之一吧。不要再买山寨币了，也不建议菜鸟乱开BTC的单子。 熊市里多照顾好家人，多出去旅旅游。多充实充实自己，认认真真坐下来，拿个笔和纸，对着牛市里的聊天记录和投资记录，做一个复盘。  熊市是生我养我的地方，这里磨牙吮血，杀人如麻，可以把一切傲慢的人打回原位，可以让一切妖魔鬼怪显形，可以让人变得更加优秀，可以让真正志同道合的人走到一起。
1985981442820862415,Wed Nov 05 08:04:08 +0000 2025,61,12,7,14865,8.2,01_market_making,否,我两晚没好好睡觉，不想花时间了，只好把我刚刚接着PAULWEI的推文，写在群里的聊天记录喂AI，反正是总结了我自己和PAULWEI关于金字塔的使用感悟，你们凑合着看：  金字塔挂单：交易中的“被动做市”智慧 在交易世界中，许多人将金字塔挂单（Pyramid Order）误解为马丁格尔或网格策略，但其实它更像是一个精炼版的被动做市商逻辑。 作为散户，使用金字塔挂单，能让你在某种程度上“借力”做市商的生态位，实现更稳健的仓位管理。 下面，我们来科普一下这个策略的核心原理，以及它如何帮助交易者优化赔率、降低风险，甚至在判断失误时仍能盈利。  什么是金字塔挂单？ 金字塔挂单是一种渐进式建仓方法：越低的价格，挂单量越大，形成一个“金字塔”形状。如果全部成交，平均成本价就是这个金字塔的“重心”。 这不同于简单买入，而是借鉴被动做市商（Market Maker）的思路——他们在某个价位以下买入、以上卖出，追求“错付赔率”（即价格越偏离基准，越划算）。 与做市商和庄家的相似性：被动做市商是市场生态的顶级玩家，他们不预测方向，只提供流动性。 有些做市商会“只卖不买”，这在某些事件（如1011爆仓）中暴露风险。 作为交易者，使用金字塔时，你就像小型做市商：在低价区挂买单，捕捉下跌的“针尖”机会，然后在反弹高点卖出，实现完美闭环。 核心逻辑：无论散户、做市商还是庄家，金字塔都围绕“错付赔率”展开。 下跌时，越低越是买入机会；反弹时，越高越是卖出良机。重心压在下跌低点与反弹高点之间，确保模糊判断下也能盈利。  如何在错误判断中逆转盈利？ 顶尖交易者用金字塔实现“看错也能赚”： 想象你看好一只股票，设置金字塔买入：高价小量、低价大量。 如果股价下跌，全部成交，你的均价在重心位置。 后来，新信息显示公司有问题，你在均价上方卖出——即使最初看好错了，你仍盈利。 这全靠仓位管理：没一上来全仓，而是渐进建仓，优化了下行风险（Downside）和上行潜力（Upside）。 更极端：卖出后，股价大涨，你“错了两次”（主观否定自己 + 客观走势反转），但仍赚了！ 这在波动大的股票中特别实用，适用于短线或长线。  心理优势：避开“恐惧考验” 金字塔不只优化赔率，还提升心态。 全仓买入后，价格跌破成本，你易焦虑（像德扑中的“Tilt”或王者荣耀逆风崩盘）。 但金字塔让低价成交变成“惊喜”：你挂在“不可能”的低位，却买到便宜货，瞬间建立心理优势。 巴菲特说“他人恐惧我贪婪”，但实现这点不是靠超强定力，而是用仓位管理避免恐惧——不让自己全仓亏损、无弹可补。  金字塔挂单让散户模拟做市商逻辑，捕捉错付赔率，在不确定市场中脱颖而出。记住，它不是赌博，而是科学仓位管理。  OK，GROK总结完了。大家凑合着看吧。需要详细的操作我之后再讲。 这个叫赵总，就是个卖课的，天上地下，订单流第一。 井底之蛙不知世界之大！
2046236391185756452,Mon Apr 20 14:35:47 +0000 2026,54,0,34,45652,8.2,03_manipulation_chips,否,有奖提问： 假设你是某项目的老板。 你现在身处2021年10月，币价如图。 下面，假设你会在11月15日迎来VC解锁，解锁分18个月，一共解锁36%，每个月2%。 此时你控盘90%，流通10%。已知你无资金拉盘。 你的90%代币，除了36%在11月15日给VC开始解锁2%，别的全都可以随便你花，无锁仓。 现在你自己看着K线，然后面对此情况，你应该做出什么正确的选择。 注意考虑实际情况。你要是上来说一句：我砸完90%，那你要考虑被VC砍死的风险。 本题为项目方实际运作考题。如果你打算做项目，或者你是项目方，请思考并回答此题。 如果你是散户，你看着办，我不多说。  回答的最好的人可以我请他吃饭，必定兑现。 熊市里面，是时候逼你自己思考了。
2062899169438880092,Fri Jun 05 14:07:43 +0000 2026,52,9,30,15695,8.2,03_manipulation_chips,否,"《关于ZEC的一点专业性调查和思考》 1，ZEC并没有使用高控盘后的合约拉盘手法。而是靠营销带来的项目叙事层面的共识，导致币价的上涨。其合约在正常范围内。 2，ZEC的筹码集中度低，也不适合采用合约控盘。 3，ZEC在亚洲区范围内没有找过主动做市商合作。不存在你们口中恶意割韭菜的“庄” 4，回到项目本身，项目在高位有不正常出货行为。我们无法确定是否是项目方。  因为他的BUG是极其少见的项目代币增发，在我漫长的从业生涯里，这也是第4次看见。这直接导致了我们无法正确识别是否是项目方砸盘。  5，对于ZEC这样基本面不错的大项目方，保持项目稳定长久的活着，能赚到的钱是远大于他直接二级交易砸盘赚到的钱的。 所以从盈亏比上，项目方除非出现极其特殊的情况，不然不是不可能在这个时候自己砸盘的。  6，要砸早在流动性好的时候砸了。如果项目方缺钱，ZEC这么大体量，在西方基本面这么好的项目，完全融得到让自己撑到下一个牛市的活命钱。下个牛市再砸不好吗？  基于我做项目多年的实操经验和主观做市商角度的做市经验来看：  ZEC项目方发现了这个漏洞，并且批量这个漏洞，开始主动修复此BUG。这一块请参考链上捉虫专家慢雾的@evilcos  的文章和看法。 这里存在两个实际可能的情况：  1，项目方中的某个人，一般是技术人员，利用了这个BUG，乘着修复之前，早就偷偷摸摸动手增发了。是项目方内部的蛀虫砸了盘。  2，项目方的BUG早就被外人发现，他一直偷偷摸摸在出货。可以参考我引用的，在24年5月的这篇MM回忆录里的事情。这个人意识到此BUG即将被修复，选择抢先动手。  值得注意的点是，ZEC的BUG发酵的时间！ 先是ZEC修复BUG披露，然后是ZEC盘面出现放量砸盘。正常情况下我们可以识别是否是项目方出货，但基于他的BUG特殊，我们无法识别。只能说是这个蛀虫动的手。 然后不正常的盘面，引起了交易员猎手的注意。@anorth_chen  @AchenYcL 为代表的交易员进行了做空。 随后盘面进一步下跌，引起大户注意，大家意识到是BUG后，开始恐慌抛售。  注意，在397价格时，有疑似项目方的大户进场护盘，试图用合约开多进行价格企稳，但他还是低估了连锁的抛压。最后不得不开空对冲，加速了下跌。感谢团队的订单专家@catlina2B 的实时侦查。  我们有理由揣测，ZEC修复BUG的行为，诱发了蛀虫的砸盘，砸盘加速了信息发酵，加剧了下跌。在关键位置项目方或者大户试图护盘，但失败了。 在无法识别筹码来源的情况下，只能从行为来分析可能性。再进一步的细节分析，可能需要交易所内部的朋友提供数据支持了，我也无能为力。  具体结果请等待项目方官方的后续披露和交易所的调查报告。 从目前我们可以看出的蛛丝马迹来分析，ZEC项目方本身作恶的概率不大。 而且修复BUG的披露情况非常专业，值得各大项目方学习。  最后写个有意思的事情。某群里流传着一个名叫勋勋的人的聊天记录，说什么委员长做空ZEC赚了180W美金。图我发在评论区哈。  这个手法是常见的，骗散户的手法。 因为@AchenYcL 真的实盘空在了山顶上，还提前埋伏，在群里喊了很多人上车。 他的空单在下跌过程中被交易所减仓了。ADL。 一对比就可以知道，勋勋的图，太假了。下次P走心一点。收益都算不对。没空成功过大代币吧。 所以请所有散户牢记，币圈的各种合约收益，实拍照片，都是可能作假的。你想判断一个人到底有没有本事，请尽量看他的开单点位图。极少有交易员秀出开单点位图和持仓的双重证明。 然后你再去看他推特上的言行是否始终如一，多看他推特多思考一些。 真正靠谱的交易员就那么一小撮，别的嘛，KOL,KOL~  祝大家都赚钱。"
1927642651722928330,Wed May 28 08:26:36 +0000 2025,51,7,7,21727,8.2,05_independent_trader,否,23年的时候我和@thecryptoskanda 聊天，然后都在推特上发过一个见解：这一轮将会淘汰大量的币圈VC，一切只以投资作为支柱的VC都会步入死亡。 现在基本证实了我两的判断。  VC面临的困境很多，我们在这里不一一列举。诸位VC朋友，坐下来列举一下币圈赚钱的渠道，自己赚钱的渠道，盈亏比。这是很容易算出的事情。 我来这里是给大家一些真挚的保命的建议的，你们知道，我从不B话。  我知道你们中间很多VC开始成立二级交易部门了。  不要这么做。不要这么做。不要这么做。  一部分理由可以参考下面的文章。还有另外一些理由我在这里直说： 1，在“鹿鱼”公开课的第一节就提到过：每个交易员的精力是有限的。单个交易员极限是精通1个市场，熟悉2个市场。不同的市场之间是有区别的，A股市场和币圈市场就完全不一样。 大多数币圈VC招的人，都是传统市场过来的交易员。我不否认他们在其擅长的市场里有优秀战绩。但是在币圈他们极大概率水土不服，往往表现的是赚小钱然后亏大钱。 这条，价值400W美金，是惨痛的实践。  2，交易员的圈子水比很多VC想的混很多。很多交易员就是骗子。 你们TMD是怎么相信一个天天在外面搞社交的女的，一年之内就变成合格的 交易员的？？？ 我说出来你们觉得很离谱。但是实际上这样的人我至少见过5个！ 把我关于交易的见解拿去喂AI，明天你也能输出自己的交易观点，做一个推特，变成“交易员”。 装交易员是一件成本极低，且很难被戳穿的事情。  3，现在的币圈交易难度远高于21年。即便是有过去的战绩的币圈交易员，这一轮也很难做好。仓位管理和风控的要求被提高了不止一个等级。大多数币圈交易员，对仓位和疯狂的认知极其浅薄。  实际上，几轮牛熊过来，币圈合格的交易员，就那么十几个。这些人谁自己没钱啊……  4，综合123，得出悖论： 想在币圈招一个服务于VC的合格交易员，只能用另一个合格交易员去面试和审查。 那你要怎么去认识和确定第一个合格交易员呢？  各位VC朋友，不要轻易去建立币圈的二级交易部门。 除非你对你招的交易员极其有信心。 我知道你们一些人的想法，比如招十个，然后每人管300W，看看谁做得好，然后重用。 信我，这没用的。 到真的熊市来的时候，一定有某些VC传来：二级交易部门爆仓归零，交易员跑路的消息  不要去轻易做币圈的二级交易部门！
2028898288733437961,Tue Mar 03 18:20:21 +0000 2026,50,3,8,10901,8.2,05_independent_trader,否,"来，我知道你们不会研究。我来给你们打个样。 左边是我的开单点位，右边是评论区别人的。 我们不聊我的开单逻辑。我们聊两事情 1，看左图时，要自己打开交易软件，用3MIN,15MIN,1H,4H等多个时间维度看我的开单点位，分别在不同维度上是什么情况，对应的形态如何，你自己用的指标显示了什么，以此来反向思考我开单时候的逻辑。优化你自己的点位。  2，看右图，对比左图。是否发现我的开单点位更清晰明确，两个BUY，一个SELL。很容易看出，我在第一个BUY建仓，第二个BUY加仓，然后高位确定是顶，一把卖出。 而右图里的人的操作，显得杂乱无章，BUY和SELL极多。  我能读出的是：他有一定的交易基础，想做突破，但是在突破点位被反复打止损，他长时间盯盘，对会上涨到哪里一无所知，所以急于卖出。他好在分段卖出，但卖的点位也很心急，如果是挂单卖出的话，则他又对上涨高度不确定。 则整个过程中，这个人的交易计划，在止盈部分是有高度错误的。对时间维度是完全缺乏认知的。 这个人盯盘时会焦虑，盯盘时间不够长，对可能出现的情况也缺乏预判。 他知道自己在做突破，但没有细化自己整体的交易策略。缺乏深度复盘。  其实还能大概知道他这个人的一些性格特征。就不多说了。"
1844243293749772656,Thu Oct 10 05:07:20 +0000 2024,48,2,28,9467,8.2,04_operations_exchange,否,这是年末大更新的第0篇文章，基本上是个大纲  先简单说一下下面几个月的计划。 首先，我这个推特号是用硬干货堆积出来的，以后也只会发币圈有门槛的干货类文章。如果你是机构，交易所，项目方，请直接关注我。如果你是想进入币圈工作的散户，也请关注我。 下面一个阶段的大概会跟新如下几个方面的内容： 1，关于做市商这个领域的一些知识，主要免得项目方被一些无良做市商坑害。这一板块也会说一些对交易员有用的知识，比如做市商常用的做市方法。   2，一些MEME相关的研究总结。这一部分面向的是试图制作MEME的庄家，以及金狗猎手。   3，一些运营的方法论和项目复盘，主要面向项目方以及VC，对交易所上币组应该也有点用。  4，对于行业的思考和看法。  5，关于交易者本身的思考和复盘。这部分主要是我从19年起与各类交易员的沟通总结，适合交易员精进自己。  在年底我会尽量去做一期MEME课程，以及做一次面向币圈高知新人的培训课，帮助新进入币圈的高知玩家，迅速找到自己在币圈的定位，学习相应技能。  由于我是摸鱼大师，身上现在还背着几个项目，平时还要做交易，身体还不太好。所以这两个课，先当成可能存在吧。 我其实对MEME课的热情低一点，对币圈新人职业规划课的热情高一点。开交易课是我在这领域够硬，战绩和实力可查，整个币圈谁来了都不能说我的课是垃圾。但我并没有在MEME上暴富，我最多只有4个MEME拿了一百倍，但我的MEME整体胜率很高，加上我做过不少MEME的项目，也算是勉强够资格讲这块。 币圈新人职业规划课就不一样了，做这个事会直接给我带来很多正反馈。我可以请不少业内朋友来给新人讲这个领域。我一直记得，在我很菜的时候，大佬们给了我很多的帮助。 那么，我们开始吧。
1980458907538760127,Tue Oct 21 02:19:33 +0000 2025,128,6,36,53076,8.1,01_market_making,否,这种属于必定亏损的群。 原因非常简单。当群员数目多到一定程度的时候，很多低流动性的山寨币根本无法承载整个群的资金，就会变成群员互相割。链上的垃圾流动性更是如此。 除非他每年就抓那几次MEME流动性最好的时候，还能抓到最火的那几个，不然必定群员互相割。 有这本事你还要开群？？？？？ 所以这种群发展到最后，很多情况就是群主割群员。 极少有带单群真的赚钱就是这个原因。
1874118960540770570,Tue Dec 31 15:42:34 +0000 2024,91,6,48,10940,8.0,05_independent_trader,否,我病倒了。 本来想写点年末总结和明年寄语的。 但也许上天真的很眷顾我。 今天遇见了币圈顶级孵化机构的创始人，和我聊了整整三个小时。解答了我很多困惑，也告诉了我很多不足。他就像一面镜子，直白的照出了我的样子。 谢谢。 也谢谢粉丝们。今年很多大佬在线下掏出我的文章的时候，我是真的很惊讶。 我几乎是不接任何广告的，也没有项目合作，像是币圈的一个另类一样，默默在推特上发着最吃力不讨好的干货，无比艰难的把粉丝做到了现在这样。 也谢谢自己过去的努力。 千言万语，化成一句话，送给自己，也送给币圈的朋友们。  庸常之中，微芒不朽。 和光同尘，与时卷舒。  新年快乐
1907007208313040954,Tue Apr 01 09:48:43 +0000 2025,73,18,57,15470,8.0,01_market_making,否,第四届“鹿鱼”社区闭幕。 线下来了整整70人给我教室坐满了是真没想到，明年真要搞个度假山庄了。 今年是最成功的一年。所有的交易课放到了线上，线下高强度答疑和拉认知。通过和学生们的交流，也知道了现在币圈用户的一些困境，过几天有空写文章吧，没空就鸽了。 线下见到了dex群的老群友，见到了眼里有光的币圈运营，见到了独自打狗a8的金狗猎手，见到了形形色色的人。他们让我觉得，持续输出干货，是有意义的。慢就是快。 我没有什么想说的，感谢各位的信任，两天半的高强度答疑我差点没抗住，好在还是坚持了下来。 祝你们在币圈的流动性大河里，都能赚到属于自己的钱。 毕竟几人真得鹿，不知终日梦为鱼！ 我们明年见！
2045194707031171489,Fri Apr 17 17:36:30 +0000 2026,71,5,17,32404,8.0,05_independent_trader,否,看见会所兄爆了，很难过。会所是我少数看的中文区交易员，而且人很真挚。 我说一个前几天群里讨论的交易细节。 在币圈交易，请尽量在构建你的交易系统时，使用提前挂单的方式。 全部内容如图所示。 币圈是我见过的所有市场里，庄家使用疲劳战术最奏效的地方。 我自己在2021年1月22日的下跌里做ETH的滚仓多单，也就是趋势单。当时被疲劳战术活活耗死，耻辱性的失败，疲劳战术的最后，交易者并不是错误判断，而是人完全疲劳后，错失机会，带来的挫败感更加强烈。 于是我整个的2月复盘，都是在针对性的修改交易系统。 事儿教人，一次就会。 希望会所兄能好好休息，稳步把钱赚回来。
1883735889001775334,Mon Jan 27 04:36:48 +0000 2025,50,5,12,15103,8.0,03_manipulation_chips,否,来了80多个简历和简介，我应该都一一回复了。如果没回的请私聊我一下。 劝回去30多个朋友，都很诚恳的和你们聊了。  看大家的币圈经历，真的是很有意思的事情，你会发现，我们当年犯得那些经典错误，现在市场里的人也在犯。 比如17倍浮盈加仓，多个全仓多单里有一个被打爆，引起连环清算。 比如没有想明白MEME的投资逻辑，导致过度重仓。 比如矿场主和长持党，账户疯狂做过山车，一波牛市没赚钱。 以后要是不忙了，我抽空把一些经典错误都给大家写写，并且分析给大家听。  立贴为证！免得鸽了。
1989541659273826414,Sat Nov 15 03:51:10 +0000 2025,39,1,17,10278,7.8,06_macro_btc_cycles,否,我上一条是5点09分发的，我认为那边就是底。  整个全程我是用的金字塔现货接，最低成交价94333，同时用合约试着摸底部做多，方便控制整体仓位。 当我5点09分发的时候，我是有80%把握那边是今天的底部的，我发了一条巨简单的：捡钱了。  同时我第三次买了看好的几个山寨币如ASTER。 @YWXK_JTSD    这个人在半夜认真问了我，我也认真回复了他，包括仓位和我在那个位置试着合约摸底。 回复完他后，我盯盘了一阵子，顺便梳理了一下三个账户中的成交，确保符合事前的计划，不存在什么挂单错误导致的仓位不对。 在六点的时候我把握已经很大了，开始和更多的人说，在自己的群里开始唠叨。0XU @0xUClub   的群里我唠叨了几句，批评了@MrRyanChi 的山寨持仓。但是我发了我底部开多的图。 同时我顺便和老前辈聊了聊天，直接摊牌了仓位和做多的钱。 到7点，15MIN急速下杀，打掉了我的合约。我转身右侧手动市价进场开了第二个合约，点位如图。开完后我基本确定那边将要发生反弹，转身去睡觉了。  什么都能作假，点位不能，对应的行动不能。 上一次这么详细的展现操作，是去年的12月大跌。我同样的手段，选的山寨币是MOVE，在学生群和一堆阿里巴巴的人的群里完成了操作。 顺便一提，昨晚那个时候，我在推特上看见喊抄底的，只有法师TONY在类似的时间喊了一句。  牛市里我战斗力就那样，算不得顶尖。到了熊市里，嘿嘿。  欢迎来到熊市，娇贵的小多头们。 这里磨牙吮血，杀人如麻， 这里是生我养我的地方！
2045512144758989025,Sat Apr 18 14:37:53 +0000 2026,36,1,9,15716,7.8,01_market_making,否,分享一件开心的事情。我的朋友应该是这次币安人生第一大获利者。 他刚刚向我公布了他的胜利，以及盈利金额。在这个流动性不好的市场里，这个金额已经非常夸张了。 他觉得我之前在下跌的时候，给了一些有用的建议，帮助他拿住了币安人生。  非常惭愧。我只是普通分享了一下自己的看法。他能埋伏两个月，一直等到币安人生的大涨，更多的是他的坚毅。如果币安人生再跌一些，可能就是另一个故事了。 我非常认真的告诉了他币安人生下面的走势看法，以及给了他几点实用建议。 我相信他肯定会采纳。 最后我向他要10U的币安人生，沾沾他的运气。因为我前一阵子，一直有点霉运。 他给我打了188.88888888个币安人生。 有心了，谢谢你。  这是我这个月最开心的事情！我激动的把他分享给了我的几个大佬朋友，也分享到了群里。 这个事情给我的启示只有两点：1，以后散户问我问题，要么就不回答，要回答就要尽量叮嘱清楚。要对提问的人负责。 2，多分享。当他人因为你的分享，获得成功时，真的比自己赚钱还要开心。  恭喜你，我的朋友！你才是今天最大的赢家。
1993992061260058955,Thu Nov 27 10:35:28 +0000 2025,63,1,17,18447,7.7,06_macro_btc_cycles,否,提到这个多说两句： 1，我很久以前提过一个点，我会把钱挂钩成我非常喜欢的美食。比如我毕业后去深圳时，第一次吃到烧腊饭，连吃了三天觉得美味极了。在我一开始做交易的时候，我的兜里只有1000U。我每次赚2U就会告诉自己，今天赚到了一份好吃的烧腊饭。 后来，烧腊饭变成了肯德基，变成了烧烤，变成了东星斑，现在变成的是带妈妈在日本吃的米其林餐厅，一顿4000。 这么做有非常多的好处，他会让你直视你人生的每一个阶段，也会把金钱量化出来。很多币圈的人，赚了几百万美金后又亏回去，就是暴富后失去对自己所持有钱的量级的概念，本质是失去对钱的尊敬。 1SOL=141U=1000RMB，是二线城市的人一周的工资，去山姆超市可以买整整一筐美食，妈妈会开心一天。 2，六万美金在现在的市场里其实并不那么好赚。现在的山寨币流动性一坨狗屎。老山寨赚个5000多刀，新山寨赚个15000是比较安全的流动性区间。BTC等大流动性币种的机会不是天天有。市场里的大波动在变少。我不可能在奇怪的位置花几百万美金去博一个突破的3个点收益。 你们有机会可以找几个流动性贼菜的币开一开就知道了。 顺便一提，外面那些天天这个时候山寨币狂赚几十万的，啧啧啧……坑的都是对流动性完全无知的小白。 3，师父昨晚批评了我的懒惰。我要回来加加班了。  祝各位赚钱。
2075551702703550529,Fri Jul 10 12:04:22 +0000 2026,49,1,28,22656,7.7,04_operations_exchange,否,我看了半天GATE的瓜，终于有人提到公关工作了。 恕我直言，所有的交易所里面。公关合格的，只有币安和BG。 币安有何一，BG有谢家印。 其他的所有交易所，公关都不及格。甚至某所还有负数公关。 公关从来不是一个人的事情，一般是一个核心人物带领一个公关团队，并且设置一套内部的公关预防体系。 这套成熟的公关体系，应该只有谢家印搞了。 传统行业有很多大厂，公关部也是一坨。但这绝对不代表公关部门没有用。我在2017年，做某大项目的社群运营负责人的时候，就已经设置了成熟的社群防护和公关体系。  有些所和项目方，是没有，不重视公关。 更多的是有这个部门，但公关部和营销部混在一起，职责分配不明确。很多有公关部的，里面大多数人都极其不专业。传统行业的这个部门也充斥着饭桶，好多都是从传统来骗钱骗工资的。 也有些所和项目方，是受制于自己的体系架构，公关部干啥都说服不了自己的“贾国龙”老板，只能混吃等死，冤枉的狠。
1999162425892122723,Thu Dec 11 17:00:39 +0000 2025,47,4,15,9912,7.7,06_macro_btc_cycles,否,《关于学历和成功，以及衍生出的二三事》 我遇见很多研究生会说：那些网红之类的，学历很差，凭什么赚那么多钱？ 国人一直有一种“学历至上”的影响，尤其是我们父母那一辈，学历高的人容易被直接分配到关键部门，那时候的就业机会本来就不多，所以大家更追捧学历高的人。 其实一个人成功与否，和他学历高低，甚至是学习的好坏，都没有关系。 那你一定会问： 从小在应试教育里学习，有什么用？ 答案是： 1，在应试教育里学习，可以提升人在社会系统里的下限。 2，人的上限其实是靠着机遇、见识、方法论。 3，好的学历可以帮助你更容易触摸这三者。  人啊，不能掌控自己的机遇，只能掌控自己的学习。尤其在中国这么个巨大的社会体系里，认真学习就可以拉高你的人生下限。  其实你略作观察思考，还能得到下面几个重要的结论。 1，人生成功，靠的就是周期。大的周期带来大的机遇，比如我们刚刚经历了一轮完整的康波周期，里面包含了互联网浪潮、区块链等等小的浪潮。  2，学历贬值的速度其实是远超大家想象的，大多数国人家庭因为父母一辈人思维惯性，一直给孩子灌输的学历至上的理念，却没有教一些真正有用的东西。造成阶级难以跨越的原因，其实是周期里的弄潮儿们，积累了真知灼见，连同财富一起留给了各种二代。  3，时势造英雄。金钱只会奖励有真知灼见的人和站在时间那一侧的人。很多人抱怨币圈的先行者拿走了币圈的大量ALPHA红利。其实那个年代能开眼玩比特币的人，去任何一个行业都会是绝对的精英。  CZ敢在那个时候卖掉上海的房子梭哈BTC和币圈呢。换我回去，我肯定不敢。所以他是币安老大，行业领袖。  在币圈这个强调人的主观能动性的地方，这一轮里很多拿着名校毕业证和大厂刷过的简历的人，说句实话，里面的水货太多了，完全没有一丝结构外生长力。 再往下衍生，又能讲到组织结构带来的缺点等等，不想讲了。 一个人如果走上社会五六年了，和你见面的时候，还在吹嘘自己的学历，我建议你赶快拉黑这哥们。 因为他真的没啥拿得出手的了。
2001246092852445459,Wed Dec 17 11:00:24 +0000 2025,45,4,7,26502,7.7,02_short_selling,否,"玩偶姐姐是我目前见过的唯一一个从“运气陷阱”里爬出来的KOL。 凉兮，牙医这类的人，其本质都是赌徒。以凉兮为例，他做空的那次其实是运气爆发遇见了519,2分实力8分运气。这样的人其实很多。但一旦出名了，事情就变味了。他们就会笃定自己的交易水平超凡入圣，认准自己的交易体系万无一失。散户的吹捧加剧了他们的自负。 这一类人很快就会把运气赚来的钱靠实力输回去。 凉兮的钱519之后的6月份就输光了。但是他笃定自己没错。他的暴富神话让更多人愿意借钱给他，他等于有了走捷径的机会，然后就有了后来一连串的闹剧。 玩偶姐姐是我见过，唯一一个，赚了大钱，得了名声，亏完之后，痛定思痛，增长实力，再赚回来的人。 所以我很久之前，认认真真看了玩偶姐姐的推特，说了一句极高的赞美：“她是有慧根的女人”。 大多数人内心是瞧不起玩偶姐姐的，但我研究过她的推特，她的逻辑，她的成长改变路径。我只能说，玩偶姐姐这样的女性，到哪个行业都能成功。 这是一个真正独立自主，有智慧的女性。"
2076950348821082246,Tue Jul 14 08:42:05 +0000 2026,45,3,15,7462,7.7,03_manipulation_chips,否,二级小知识:不同市场做顶的时间不同。 比如btc一般是一个月。 越成熟的市场做顶的时间越长，比如美股。 如果拿韩国韭菜当风向标，并且考虑信息的滞后性。 韩股这次的顶也是一个月。 还记得最经典的那篇韩国黄金年代的文章么？昨天出了好几个调侃这篇文章的文章，并且获得共鸣，在各个平台广泛传播。两者差距正好一个月。 可以对着k线图，去看k线上涨和这种信息滞后的时间差距。 多研究这种，不仅有助于你理解传播学。 也能助于你理解韭菜。 真正的大顶到来时，什么都会骗你，韭菜的情绪不会。 但韭菜的情绪是不可量化指标。这就要求你对“韭菜”本身有所深入理解。 扯远了，我之前在trump的时候写过一篇时间纬度的研究，大家可以自行翻阅。那瓶文章研究trump是为了研究世界范围内的信息传播速度，有助于你更好的拿住全球范围的突然共识资产。 多研究时间纬度，其实是决定交易员是否优秀的标准之一。 会买的是徒弟，会卖的是师父，会给你解套的是亲爹。 会看指标的是徒弟，会看空间的是普通人，会看时间维度的是老手。 很多交易者不知道研究什么，不妨多在时间纬度上画画线，鼓捣鼓捣，多点奇思妙想。 时间是最伟大的力量，它永远站在庄家一侧
2102727775631413276,Wed Sep 23 11:52:23 +0000 2026,41,2,9,6520,7.7,06_macro_btc_cycles,否,5班截止到10月7号结束。 你们不要因为我昨天那个文章，就跑来报我这个班。文章和鹿鱼5没有一毛线的关系，我就是单纯想给币圈新人一点小小的help和震撼。 多问问你自己，正确的路和简单的路，你要走哪一条？ 下一个牛熊，你想出现在什么位置上，你的目标是谁？ 这可比你天天只想着一个金额，然后搁那冲土狗玩合约要实在多了。  顺便一提，我鹿鱼也4年了，见过的从业者多了。从23年这轮牛市开始，新进圈的人，技能点有点歪。他们过多重视链上技术了。 不是说链上技术不好，而是其可延展性太低。 这点我国庆回来写个文章你们就懂了。  5班的猛人不少，我已经集齐了清华北大港大复旦，以及圈子里各方生态位的从业者。我不靠这个赚钱，所以我筛选简历只会更严。  如果你是因为我昨天的那篇文章刚刚认识我， 你还是多翻一翻我的推特吧。按时间纬度翻。很多东西都是立刻有帮助的。 过几天我重新整理一个置顶帖。
2066152227928932623,Sun Jun 14 13:34:13 +0000 2026,40,2,37,20870,7.7,01_market_making,否,我有一阵子没有听散户聊天了。今天机缘巧合，在和妈妈吃烧烤的时候，背后坐着3个年轻人。 应该两个是杭州阿里的，另一个是在上海上班，同学聚会。 这三人都是韭菜。先发表了一通对美股的看法，然后其中一位说自己在港股梭哈输掉了40W人民币。 有一位说：BTC现在6W点了，应该买点BTC。 另一位黄衣服的年轻人，开始大说特说：web3都是骗子，不要买。某行业领袖发了一个币叫XXX，然后他喊单拉盘，过了一会儿又说要慢慢建设，币价大涨后大跌。1011的时候交易所带头割韭菜。 WEB3都是骗子，他以前的老板也想发币，找个宏大叙事，配合交易所和做市商割韭菜。  我在背后，听着韭菜的话，不是个滋味。 一个圈外的，正经互联网公司的年轻人，是这么评价我们行业的。 可见各位“KOL”，都TMD做了什么好事儿！
1860749582764007869,Sun Nov 24 18:17:26 +0000 2024,84,14,14,29630,7.5,01_market_making,否,不是这个逻辑。首先WINTERMUTE是流动性提供类型的做市商。 就算是主动做市商，一般也不会刻意的去考虑散户是怎么想的，而是坚决执行自己的做市计划。 很多经典逼筹形态，其实已经蕴含了让散户觉得：“狗庄在针对我”的力量。所以绝大多数情况下，是主动做市商推进自己的策略时，这些经典策略生效，让散户追高或者割肉。 也可以说，只要能让散户追高或者割肉，达成最终做市目标的策略，就是有效策略。这些有效策略里，最有效最常见的，就变成了经典策略。 这些经典策略，在大流动性的市场里，从交易员的角度来看，就形成了各种经典形态。 K线是市场综合博弈结果的体现。
1881313746062397786,Mon Jan 20 12:12:04 +0000 2025,63,2,26,37870,7.5,05_independent_trader,否,明天发文章，今天最后再说一下二级：剧本写了两个，都写好了。 我从不马后炮，全TND明牌干。如果犯错立刻立正挨打。 散户立刻取关我，关注傻逼枪十七的立刻取关我，别烦。我这个号本来就是做给币圈从业者看的。  以后再不发二级的东西了。 我学生们都当二级KOL了，我发个篮子二级的东西。 https://t.co/0zMxTw6r82
1883156438358634765,Sat Jan 25 14:14:16 +0000 2025,62,7,9,13230,7.5,05_independent_trader,否,录制：ZTZZ的币圈第一课 日期：2025-01-25 19:38:19 录制文件：https://t.co/XThFq0OFmt 有效期至：2025-02-02 22:12:42  刚刚讲的第一课，建议从半小时后再开始听，前面都不重要，有效期截止到明天晚上十点。 过期看不见了别问我要了。谢谢 明年见。每年第一课是一样的。只不过今年有TRUMP的特殊情况
2027377624969027790,Fri Feb 27 13:37:47 +0000 2026,59,0,16,28454,7.5,06_macro_btc_cycles,否,我师父在19年5月17日录了一个视频，他一周内把1btc赚到了37.5个。 我当时觉得:这是神技。 这阵子btc下跌后接震荡，我在群里当面给他们撸波段，点位都极其精准。空，多，空，全吃。还带了一些简单的教学，让他们注意时间和形态。要不是我带孩子和身体不好，还能波段的更猛一些。 在算收益的时候，突然我就想起19年的师父。  谢谢师父。他站在那里，就已经是行业的标杆。
2075973790362943997,Sat Jul 11 16:01:36 +0000 2026,57,10,12,11109,7.5,05_independent_trader,否,没想到真的有人能根据我分享的仓位管理方法做个仪表盘出来。 太有心啦！！谢谢！！ 我自己因为是MM，是有自己管理多账户的独立开发的软件的。而且就算不用仪表盘，我的交易仓位管理也比较简单直接，我用了很多年了，非常顺手。 关注我的朋友们，完全可以试一试这个仓位管理方法。你用过之后，就会系统性的改掉很多坏习惯。 有时候你离优秀，就是差那么一点点敢于尝试和坚持的距离，你要先“反人性”，逆着自己的性子来，试一试。很快就能获得正反馈，然后建立正循环，从而坚持下去，改掉坏习惯。
2029510473348174140,Thu Mar 05 10:52:57 +0000 2026,55,3,21,10522,7.5,05_independent_trader,否,每一个在深圳广州抓到我的人，我应该都给了她所需的酬赏。 之前我抽奖中奖的一个人，不是我们圈子里的，我坐在楼下和她聊了四十分钟我认为对她而言最重要的路径，和从她的角度，怎么赚钱。 再之前又见了一个以前是hashkey的人，简单和他说了一下他因为工作导致自己买币陷入的结构性误区。 昨天摆酒席见了十几个学生和老朋友 祝大家都赚钱。
1928111061821182200,Thu May 29 15:27:54 +0000 2025,51,15,45,26799,7.5,01_market_making,否,24K纯傻逼鉴定完毕。立刻拉黑不用犹豫。 但凡你打过土狗，都知道这曲线不可能发生。 但凡你懂一点二级交易，都知道现在的市场流动性也不可能发生这种事。 所以你又不懂土狗又不懂二级，还编故事，纯坏逼一个。 粉丝提纯鉴定是吧。这傻逼的粉丝真是有福了，跟这种人，只怕自己死的不够快。 有时候看见这种二逼，就该学米酒哥，直接开喷。
1990370516763562218,Mon Nov 17 10:44:45 +0000 2025,51,3,21,18702,7.5,05_independent_trader,否,把师父拉进了群。 一般在外面我不说这人是我师父，我有时候处事不够沉稳，虽然这两年好了很多，但是还是怕给他丢人。 为了超越师父，这几年学了很多奇奇怪怪坐庄侧的东西，做了一堆奇奇怪怪的项目。 为了感谢师父和老板们当年带我，我每年都花很多时间认真教学生。 今年真的教出不少年轻有为的，过去播下的种子也算开花结果。 感谢师父，当年坐了你的911，选择梭哈币圈，是我这辈子最幸运和正确的事情。@coolish 永远爱你！
1968514441693327604,Thu Sep 18 03:16:30 +0000 2025,48,1,22,13706,7.5,04_operations_exchange,否,我在币圈名声应该算非常非常好了。 合作过的项目方没说过我什么， 学生们也从不说我什么， 我除了懒了点，应该没啥大毛病。 我对自己的定位很明确，我就一手艺人，靠运营，交易，市值和对币圈认知吃饭。 我不割项目方不割学生，甚至对散户都是恨铁不成钢。 妈的我今年真是犯了太岁，我发现骗子kol赚钱太容易了。枪十七们骗钱一骗一个准。 给我破防了。
2001882519671837032,Fri Dec 19 05:09:20 +0000 2025,130,2,40,23175,7.3,05_independent_trader,否,社会容错太低了，在中国，35岁以后，读书、跳槽、结婚等等，干什么都是太老了，只有突然离世，大家才会说，这么年轻就走了。 https://t.co/bELbHZTGEc
2040390776891588618,Sat Apr 04 11:27:24 +0000 2026,34,3,8,8695,7.3,04_operations_exchange,否,《Z币圈从业反思系列——如何提高交易所流动性》非币安的交易所为什么流动性差，储备资金少，这其实是一个复杂原因。想解开这个题，主要要靠双管齐下： 既：向上，吸引业内优秀被动和主动MM。 向下，需要优质高控自家资产为核心，社区为辅助的营销组合策略。 而不是天天发一堆杂七杂八的项目收人家上币费，更不是一天天的推出各种稀奇古怪的产品，内卷到无边无际的产品开发。你们那些个产品十个里面八个伪需求，1.5个能对客户有点用，只有0.5个能迸发出新的结构性能量。DEFI，GAMEFI，NFT，铭文，这些哪个是交易所自己掀起来的产品风暴？对交易所而言，保持产品部门的高效性，能第一时间COPY和改进产品就行了。这块OKX是做的最好的。@star_okx @Haiteng_okx   @mia_okx  回归主题 向上这块，首先要和大量量化机构/被动/主动MM机构产生合作。引入更头部的机构，甚至是传统机构。先用交易所自己家的资金支持绝大部分币种的规模化做市，bootstrapping流动性。 量化和被动追求的是spread + rebate，也就是稳定可预测的盈利，他们不喜欢风险，完全是算法驱动。 那么交易所就必须降低成本、提供基础设施、绑定KPI激励，形成“交易所给平台，他们给深度”的正循环。  最核心的是Maker Rebate + Fee结构，但是这基本上被玩烂了。舍不着孩子套不住狼，各位非币安交易所自己衡量哈，我也没有好的解法。 另外很少提的一点是，技术与基础设施支持其实是非常重要的。不要以为你们交易所给的已经很好了。其实绝大多数情况都是量化/被动/主动（以下简称御三家），自己做了适配。  我举个简单例子。MEME热潮时，很多狗屎平台请我和团队去支持项目。那么对我而言，我必须针对这些不同平台的规则实际测验一两次后，改良我的MM工具。我们很希望这部分是平台提供，但从未有平台意识到这点。 御三家和交易所的对接也是一个道理。但凡交易所把基建和技术支持给好点，哪怕Maker Rebate + Fee给我菜点我也接受。 这属于是很少人意识到的，双方诉求不适配，磨合成本太大。大量御三家做惯了一家交易所，就很懒得去搞别家。  有很多交易所试过Maker Rebate + Fee加上结构化MM程序 + KPI绑定。比如要求±1%深度≥X万美元，价差<0.05%，报价上线率>99%等等指标，达标就给rebates + 额外奖励。其实是没错的。但很容易被小的御三家薅羊毛。久而久之，大家对这种活动也就倦怠了。 完全从交易所的角度来说，可以试着先给顶级量化和被动MM独家 retainer 3-6个月，快速建立流动性护城河。  对了，记得给御三家说清楚你们的信誉和赔付能力。因为对于御三家而言，最大的风险来自于交易所本身。说清楚你的赔付能力和风险应对，御三家才敢放大规模资金。这也是我认为小所弯道超车的重点之一。 FTX怎么死的？嗯?  向下，建议做到高控自家资产为核心，社区为辅助的营销组合策略。实在不行，至少做到交易所配合核心优质项目方，让御三家进行深度合作。 这一块做的最好的目前看下来是BG。@bitget @xiejiayinBitget   我说一个细节。大量的流量其实并不来源于KOL。甚至很多KOL自己都不知道自己的流量哪里来的。真正的流量，来源于社群。 真是丢人丢到姥姥家了，这个牛市里，我没有看见任何人在推特上讨论币圈社区要怎么建设。大多数交易所只注重KOL，有多少粉丝，有多少影响力。币圈最好的一篇写社群的文章还是我前年发的，是我19年就总结完的。 币圈的社群在这两年的结构变化，是完全值得大家去做研究的。 这就说明，大多数交易所，并不知道真实流量来自哪里或者过于高估KOL和社区的连接性。交易所从业人员不够下沉，不能触达底层社群。脱离群众，脱离真实买盘了。  这里BG做的好的是，BG的大会上，BG把很大的权重给了社群的老大们。他们直接和社群合作，倾听社群声音。由此，他们捕捉到了真实买盘对于项目的核心要求。  假设，你交易所有N个核心社群，你联合主动MM，给一个你高度合作高度可控且CEO脑子里没有大便的项目方予以支持，这项目是一定会成功，而且有破圈效应的。  流动性是“鸡生蛋、蛋生鸡”： 先有深度→吸引用户/交易量→更多MM进来→更深流动性。 那你拿什么吸引用户和交易量？很多MM一看你交易所那个垃圾交易量，别说被动和量化了，大户看了直摇头，那钱可不就被虹吸效应去了大所吗？ 由下而上，用优质项目把握社群，才能做到吸引用户的交易量。由上而下，交易所和御三家深度合作才能提高流动性。 两者结合，才能产生正向飞轮。  这篇文章我画30分钟吃饭前随手写的，可以衍生的地方很多，推特上不适合再说。乱就乱了点，交易所的各位凑合着看。 提高交易所流动性的问题，我在去年被3-4个交易所的不同部门的人问过，这个问题的难点在： 1，大多数所的工作人员陷入了自己的舒适区，失去对行业的敏锐洞察能力和总结能力。 2，很多所受制于合规限制，过于束手束脚。大哥，你上的那些个项目，有几个是真有本事的？哪怕你独家上的，跌成屎了之后，散户照样骂的是项目方和交易所。币圈是以项目方为核心的地方，交易所其实应该站在散户那边，维护散户。 3，交易所是一个多部门协作的机构，各部门之间利益并不一致，认知也不统一，官僚阶级在上一个牛市里有增无减。很多事情的正解，所内知道，就是推不动！币圈交易所里失去了17年那种专业能力极强的人，也失去了赖以起家的扁平化，高效化。  孩子们问我啥时候牛市会来。我和他们说：我进了一个群，是币圈被裁员后互助找工作的群。这个群里的人死光光了，这个群不吱声了，牛市就来了。
2050050274174333435,Fri May 01 03:10:48 +0000 2026,28,1,18,19633,7.3,05_independent_trader,否,夏雪宜乃千古神人也。各位完全不用放在心上。这家伙就不是个人。 夏雪宜的偶像是王力宏，王力宏出柜那天，他莫名其妙跑到我们的500人老群里面发癫。 没错，就是发癫。开始在群里鬼哭狼嚎，骂天骂地。 这事儿类比一下就是你在接头走着，突然看见一个人跑过来抱着你的腿开始哭，把鼻涕眼泪抹在你身上，然后开始讲王力宏出柜他好伤心。 你只能一脸懵逼：“这关我什么事？” 群友叫他别发癫了，他开始骂群友。本来我们群里高手就多，不知道这个人是哪根葱。他一闹，大家想起来这是个诈骗的了，全群把他踢了出去。 顺便一提，这个人也毫无流量。他23年自己发过一个铭文，完全没人打。 这人在币圈属于老骗子，而且脑子不正常。你在现实中看见都得绕路走的那种。 被夏雪宜骗的人， 我只能说你这辈子有了。
1870375576227455082,Sat Dec 21 07:47:41 +0000 2024,79,7,56,52754,7.2,06_macro_btc_cycles,否,提车！40万以内最好的suv，智界r7！ 上个牌照之后立刻去看法拉利和阿仕顿马丁！ 智界r7是meme送的，跑车是vc币和btc送的。 https://t.co/06r9f7k9Bm
1955476982441054257,Wed Aug 13 03:50:18 +0000 2025,59,5,7,43492,7.2,01_market_making,否,我推特上应该也是7月16号左右发的。各个群都喊了。 做多一切大容量的，能过ETF的资产。做空一切币圈体量不大，流动性不够充裕的资产。 未来很长一段时间的市场，就是大流动性掠夺小流动性。 https://t.co/McV2AFlJEO
1816772747256824017,Fri Jul 26 09:49:11 +0000 2024,58,11,8,44106,7.2,04_operations_exchange,否,借着前两天Irene Zhao那个蠢事，我来给大家说一说我做运营和市值MM这些年遇见过的项目方神奇翻车现场，以下情况如有雷同，纯属巧合，只是为了向大家说明世界是一个巨大的草台班子，以及做项目时有各种奇奇怪怪的风险。这是第二篇，第一篇请参考https://t.co/Ipml43EtWJ
2083581992516415604,Sat Aug 01 15:53:52 +0000 2026,37,2,60,6952,7.1,04_operations_exchange,否,我刚刚为了写课件，打开了自己很久不用的移动硬盘。 发现了一堆恐怖的玩意。 比如：抹茶的融资计划书，宇宙大所币安的某部门成立报告，钱包的一套代码，各种社群资料，传奇社区的所有聊天记录，一堆项目的白皮书，基金的各种资料和数据，数字产品的全套设计流程，某交易所的成立物料…………………… 我把这些东西就乱扔在电脑桌面上，然后每次换电脑的时候直接拷走了桌面文档，从17年一直到现在。 汗流浃背了……我所有的工作文件，项目文件居然真的全在。我自己都不知道有这么多。 我草，我要先归类一下，然后找AI给我总结一下，我感觉能出不少大宝贝。
2091531899021951201,Sun Aug 23 14:23:58 +0000 2026,34,3,93,8925,7.1,05_independent_trader,否,《死神：千年血战篇》的“守护你”（S4 E5）目前是IMDB上拥有1000+条评论的最高评分剧集。它是唯一一集获得10/10满分的剧集。 动漫历史上最高平分作品，之前一直是由《钢之炼金术师》保持，后来被《进击的巨人》第三季超越。 今日，王座易主 死神最终季，目前均分达到了惊人的9.8分 织姬自爆的那一刻，什么都不重要了
2076491053792944412,Mon Jul 13 02:17:01 +0000 2026,30,2,32,10344,7.1,02_short_selling,否,某个散户觉得超牛逼的kol，装起b来一套一套，身上八卦绯闻一叠一叠。 在我们群里被当做究极反指，顶级弱智，韭菜指标。 群友做空海力士，聊天的时候想到他好像在朋友圈发过要效忠海力士。 群友看了一下发的时间，果然就是海力士的顶的那天。 笑到打滚，群里充满了快乐的空气。 海力士的韭菜们，还好么 https://t.co/efIjTj1i7P
2069472373619712078,Tue Jun 23 17:27:17 +0000 2026,28,1,4,3501,7.1,05_independent_trader,否,"The year ’s at the spring, And day ’s at the morn; Morning ’s at seven; The hill-side ’s dew-pearl'd; The lark ’s on the wing; The snail ’s on the thorn; God ’s in His heaven—  All ’s right with the world! https://t.co/VOwXrBHcwF"
2080291844823601481,Thu Jul 23 14:00:00 +0000 2026,26,0,11,6448,7.1,01_market_making,否,bank的所有操作点位。 本操作当着两位推特大v完成，其中一位是@dov_wo  另一位交易所的我就不艾特了。本操作当着两位vc，一位交易所老板，几位学生的面现场完成。 最后0.19下跌后，再冲高，再回踩0.22再冲顶那一波……我和一位学生现场说了点位，但我俩去海上潜水去了，我的挂单差了一点点没接到，要是人在现场，也就右侧操作了。 评论区有一张图，是群里的后续聊天，也证实了。 本着不给别的做市商添麻烦的心，所以本单盈利保持在了正常范围。 请散户自己对着点位看吧，四个操作全都是右侧，干净清爽。 也请散户不要学我右侧现货交易，请多多使用挂单，限价单交易，谢谢。
2008029679752732923,Mon Jan 05 04:15:57 +0000 2026,23,1,6,6460,7.1,03_manipulation_chips,否,先是在一个月前就帮项目方动了手。 再是提前一周买了现货。 前几天在医院里半夜爬起来给项目方操作，顺便喊学生建仓。 前两天晚上直接开币安广场直播连上涨原理都说了。 随便买点啥都赚钱吧？ 我都快累死了，生孩子，管项目，做自己的账户，还要管学生。 这几天在家要休息的时候看书写教案了 一天天没底的事儿，累。 为什么别人家的A9都天天吃喝玩乐，就我一个好似农奴一样天天忙啊？？？？？？？？？？？
2096437651805237504,Sun Sep 06 03:17:40 +0000 2026,21,0,39,5597,7.1,06_macro_btc_cycles,否,昨晚加了个一直没能见面的老朋友，相谈甚欢。 今天早上起来看鹿鱼5收上来的简历，开心的合不拢嘴。 最开心的是看见@hhh_wore 的简历。 我其实完全不记得他曾经私聊过我，我给过他帮助。  他真的听取了我当年给的建议，并且稳步执行，然后在这轮牛市赚到了钱。生活也变得好了起来。还给我看了他做的单子和点位。  谢谢你啦，你超棒哒！  简历有点多，我今天回复不完了，如果没收到回复的别急哈。 有空的帮我宣传一下鹿鱼5哈。今年重写的很认真。
1910184555237245082,Thu Apr 10 04:14:22 +0000 2025,245,43,19,73934,6.8,05_independent_trader,否,卧槽，还真有人把我所有东西全整理啊！ 太牛逼了！
2024113738295419309,Wed Feb 18 13:28:16 +0000 2026,116,3,20,10577,6.8,05_independent_trader,否,给各位一个真挚的建议。  现在是冷静思考，观察币圈生态的最好时机。如果你真的想赚钱。你现在可以给很多KOL做出分类或者取关。  1，想清楚人到底怎么赚钱的。 2，想清楚这个人的外部包装 3，远离自私的人。
1949114554585395335,Sat Jul 26 14:28:17 +0000 2025,20,20,53,8284,6.8,01_market_making,否,在我们21年做基金的时候，就发现类似软件了。 所有的合约晒单截图，都是可以造假的，连钱包都是可以造假的。 真正能信的只有秀出挂单和买点卖点，这两种方式的图也对真正想学交易的人帮助最大。 但散户不管这个，散户只要看见合约收益xx倍就觉得好厉害。看见钱包余额大就觉得太强了！ 笑笑就完事了。
1977207278941225471,Sun Oct 12 02:58:44 +0000 2025,80,0,17,37936,6.7,05_independent_trader,否,超级无敌霹雳大傻逼。 在币圈信枪十七的人，真是韭菜中的韭菜，韭精。 这b人完全靠骗过日子，靠沉醉自己的人设和社区舔他来自嗨。 属于千古奇葩。 https://t.co/6wb3O8GWlY
1957404102335275265,Mon Aug 18 11:27:59 +0000 2025,72,1,17,25755,6.7,05_independent_trader,否,这一届的散户是真的倒霉啊 进圈关注的KOL，十之八九都是坑 中间还有各种KOL八卦和吃瓜 比TM娱乐圈还热闹 就这样还炒币赚钱啊？ 进圈跟的圈子基本决定了你前期是否会走弯路，你的上限在什么地方。 https://t.co/1HA02UUjyC
1904544618387210451,Tue Mar 25 14:43:16 +0000 2025,72,17,30,20996,6.7,04_operations_exchange,否,今晚给某VC的实习生们讲了这个。 加上前两天提到KOL的事情 说实话，KOL在我这里，真的就是最基础的能力。 19年的时候，我这个文章就写好了，当时在车库咖啡，线下讲给项目方听。后来还给火币的运营组讲过。 社区，KOL，一切的骨架就在这里。 救赎之道，就在其中
1892349504722260251,Wed Feb 19 23:04:14 +0000 2025,62,2,11,29945,6.7,05_independent_trader,否,关我屁事，我基本不去夜店ktv。 这个行业里我是极少数全方位无黑点的人。没有任何人掰得动我。 嗯哼这个事我已经很给他面子了。 我新西兰度假，再见。 https://t.co/Gs0rCMS3x8
2024701712725135540,Fri Feb 20 04:24:40 +0000 2026,59,1,9,4437,6.7,05_independent_trader,否,这两天屏蔽拉黑了好多推特上的人。 太好了。 在币圈，识人一直是一个麻烦事。嗯哼这个事，是天赐良机。完美暴露一个人的三观，智商，搞钱能力等。 芜湖，请继续。 https://t.co/TBRemuOvXo
2072603372583333953,Thu Jul 02 08:48:45 +0000 2026,55,4,32,6389,6.7,05_independent_trader,否,我承诺你们8月开鹿鱼5 我在把所有的课程重写。 过去的课，我会强调思考。 现在发现还是算了，喂饭喂到家，路径讲明确吧。 这次课不再只说二级了。因为发现在币圈生存，二级的知识还不够。班上的人反应我讲的其他东西也很有价值。 好了，我去摸鱼了。 https://t.co/5yHoGuOmnB
2070823406447051064,Sat Jun 27 10:55:48 +0000 2026,47,2,15,8319,6.7,04_operations_exchange,否,我可太喜欢币安太子了。 究极智商筛选器。 不仅筛选散户，而且筛选kol。 他还忠实的履行自己吸引圈内外韭菜的生态定位。 太子不愧是太子！我支持太子接管所有交易所！ https://t.co/hz7n38vAsC
2092546863975301243,Wed Aug 26 09:37:04 +0000 2026,43,1,37,3744,6.7,05_independent_trader,否,喜报，喜报！ 我写完鹿鱼5的课件了哇哈哈哈哈哈哈哈哈哈哈哈哈哈哈哈哈哈哈。  （中午那条推，你们突然那么多人给我点赞，是要我命啊） https://t.co/NGLD1KuCYy
2062847319238746223,Fri Jun 05 10:41:41 +0000 2026,32,3,13,23988,6.6,06_macro_btc_cycles,否,这极大概率是错误的。 这是没有做过大项目的人，在没有经验的情况下的一个想法。 实际上对于ZEC这样基本面不错的大项目方，保持项目稳定长久的活着，能赚到的钱是远大于他直接二级交易砸盘赚到的钱的。 所以从盈亏比上，项目方除非出现极其特殊的情况，不然不是不可能在这个时候自己砸盘的。 还有，都已经熊市中部了。我如果是ZEC的项目方，我哪怕穷的叮当响，我靠着这个项目去借钱，都能再撑个1年。我下个牛市砸不好吗？或者我1011之前砸不行吗？那时候币价高，流动性充足。  这种巨大项目翻车，等官方通告和第三方报告就行。一般2个月后实际情况我们酒桌上都会知道。
2097178910773665934,Tue Sep 08 04:23:10 +0000 2026,26,2,90,12134,6.6,05_independent_trader,否,你永远可以相信ROSE战神，不仅充满正义感，而且交易水平卓越。 太多KOL忽悠散户去相信“神奇指标”了。 市场上是不存在长期51%胜率是神奇指标的，这是定则。 本质上是散户的怠惰和贪婪，让他们迷信这玩意。他们购买KOL的神奇指标，就是购买一个幻觉。  他们在使用“神奇指标”的过程中，产生了自己是交易员的幻觉，然后觉得自己通过努力，找到了“财富密码”
1941521880026091530,Sat Jul 05 15:37:42 +0000 2025,19,3,10,8567,6.6,04_operations_exchange,否,不用焦虑。徐老板这段话就是一个大型免责声明。 OKX一直在致力于合规。所以你们会发现OKX这一轮牛市除了钱包部门，别的部门都没有什么大声音，尤其是LISTING做的非常谨慎小心。 项目方如果联系过OK的上币组就知道了，要审查的内定非常多。 散户不用特别担心这些合规的事情。静静等待徐老板把OKX的合规完全搞定，整个OKX就会如同战争机器一样启动，给散户带来源源不断的利好。
2097177693444059505,Tue Sep 08 04:18:20 +0000 2026,4,0,1,786,6.5,06_macro_btc_cycles,否,其实日本，包括欧美，经常会反复的说社会主义社会主义社会主义。其实什么主义不重要。关键是，我们的政府，在让我们的生活变好。虽然也有一些矛盾和不足，但对于中国这么大体量的国家来说，几乎消灭了贫困，这是一件伟大的事情。 普通老百姓过得很好，这点是最重要的。  我游历各国，很少有国家的老百姓过得好。中国在这方面是绝对的第一。 绝大多数外国政客，为了掩盖自己的治国无能和贪污腐败，所以控制了媒体，不断用大型叙事，比如LGBT，比如“社会主义”，比如自由民主，去转移国家内部的矛盾。  所以中国只要养活好自己，很快，过去骂他的那些国家，就会自己玩死自己了。  政府到底有没有为人民服务。人民的生活到底好不好。 你只需要考虑这两个问题。  日本朋友，你们的生活一落千丈，是因为你们的美国爸爸，和你们无能的政客导致的。
2072244650564592010,Wed Jul 01 09:03:19 +0000 2026,31,4,43,11397,6.3,01_market_making,否,10万％！ ​留作纪念！（流动性缺乏，其实没赚这么多，只有20多倍。不过数字很好看。） 顺便一提，luna当时是真可以赚5000倍左右。 https://t.co/5zFyuYSBCx
2093912850968580470,Sun Aug 30 04:05:01 +0000 2026,31,1,45,3947,6.3,06_macro_btc_cycles,否,啊我写的真好啊真好啊真好啊。 我倒要看看这次讲完，哪个瘪三还能因为叙事亏钱。 我在新课里强化了“叙事”的底层拆解，翻了翻过去的群友聊天记录，抓了一些大家犯的错误，然后结构了一下。 https://t.co/3dTFQ06nZA
1902343915627229331,Wed Mar 19 12:58:27 +0000 2025,25,10,22,7519,6.3,03_manipulation_chips,否,最后一次，明晚开奖。 我线下将会复盘铭文，MEME，以及现在的BSC！ 顺便回答学生们的所有问题 有一点水货你就敲碎我的头 守护庄家荣耀，我辈义不容辞！ 镰刀所指，所向披靡！
1853408164269715824,Mon Nov 04 12:05:15 +0000 2024,23,7,10,9545,6.3,04_operations_exchange,否,今年年中讲交易课的时候，KUDAO报了我的班，但我和他打了个半小时的电话，让他回去沉下心好好做交易就行。他已经从胡子那边入门，只是差积累后的量变产生质变 今天从深圳飞过来见我，说要做人生中的第一个项目。希望今天给你的建议，能帮你扫清障碍 祝你好运，你不再是散户了，你是，新的项目方
1722621095625576855,Thu Nov 09 14:24:08 +0000 2023,20,15,23,7337,6.3,05_independent_trader,否,转发此贴，并且@您的一个好友，留下你的TRC20地址，我会在下一场SPAC开始前抽取三位幸运观众，每人获得66USDT。 散户完成本录音中的三次游戏，可以凭借三次的具体截图，私信我。我会抽取一位做的最好的观众，在过年前发出500USDT奖励和一个特殊奖励，以及一年的跟单机会。
1820740672452014242,Tue Aug 06 08:36:18 +0000 2024,20,23,45,9156,6.3,05_independent_trader,否,收到了医生姐姐给我的红包 太开心了 治愈我的一切emo，满血复活！ https://t.co/pu6b1LEfWS
2074694540997616028,Wed Jul 08 03:18:19 +0000 2026,16,1,5,2613,6.3,05_independent_trader,否,大家如果线下遇见vc，不论是哪个圈的，请他吃饭喝酒，听他重点聊自己投资失败的案例。 这是最大的财富，会全方位提升你的认知。 这点我以前在哪篇文章里写过，不细说了哈。 https://t.co/ffs6mjA2wC
2065785226945773945,Sat Jun 13 13:15:53 +0000 2026,15,2,5,7431,6.3,01_market_making,否,留下流动性吧朋友…… 这两天忙，没玩合约，alpha上随便操作一下，赚点旅游钱。 点位给大家哈。 别问我为什么买在他拉盘前几分钟۶•͈⚇•͈♡ 那个时候你盯盘你也行。 https://t.co/FEGh15ALMQ
1910969820100919325,Sat Apr 12 08:14:43 +0000 2025,63,5,80,14861,6.2,05_independent_trader,否,这可怕的蓝V粉丝占比，以及书签数目。 我这个号的机构和从业者关注度应该是最高的几个人之一。 https://t.co/FiAHYgA7ni
2074777419870068997,Wed Jul 08 08:47:39 +0000 2026,53,1,13,6529,6.2,05_independent_trader,否,我看了一眼今年披露的就业人数数据，灵活就业人数达到了3.2亿。 今年还有1250万大学生毕业。 AI和机器人即将干碎大量人，让他们失去饭碗。  在未来，会持续看好娱乐业和健康产业。 对，二级交易，会变成更重要的技能。  默默想起前辈的话：“学好了交易，你就不用看任何人脸色了。”
2066515093928706210,Mon Jun 15 13:36:07 +0000 2026,52,0,51,9847,6.2,05_independent_trader,否,哪天我不干了，我就和行业里那几个爆了。让你们这些吃瓜群众看看什么是真正的黑幕。 我这个人全无黑点，战绩可查。 我应该学习徐可，给你们这些人把你们干的破事，在推特上写上三天三夜。
2084247584454123846,Mon Aug 03 11:58:42 +0000 2026,48,1,72,8861,6.2,04_operations_exchange,否,没救了。 如果是公关部门和运营部门发的这篇，建议立刻开除！ 如果是更高的人下决策的。 傲慢是死罪！ 这篇文章可以纳入币圈历史上反面公关的前三了！ 已经完全站在用户的对立面。
2074518346884874613,Tue Jul 07 15:38:11 +0000 2026,41,0,0,5161,6.2,05_independent_trader,否,@bojie_li 你们这么理解：被DEEPSEEK说他作弊，戳了他的气管子。他要澄清。 杜老板看见后，说他诈骗跑路，又戳了他的气管子。他要澄清，而且这次明显更慌乱了。 他的气管子就是他的路径，因为他真的就是个需要维护人设的骗子。面子被戳了，他是活不下去的，骗不到人了！
2084998222851068364,Wed Aug 05 13:41:28 +0000 2026,11,0,0,884,6.2,04_operations_exchange,否,我的执行层经验是，这样的项目方非常难以沟通，对技术过于痴迷，认为技术好就会有人来买。哪怕没有这个理念，他们对于其他的方面，也都是毛皮知识，运营，社区，筹码分配，上所路线，公关等等一些列后续，几乎任何一个环节都容易翻车。这类人同时还存在用人问题，很容易被骗子忽悠。 这类人最大的死穴是：傲慢。 这类人的项目通常花光投资人的钱，最终也想不明白自己哪一个地方出了问题。  我现在看见这种就不想聊。
2101715875464454228,Sun Sep 20 16:51:27 +0000 2026,9,0,2,1845,6.2,06_macro_btc_cycles,否,btc的筹码集中度不太好看。因为确实太久了。要考虑的很多。不过我记得还真有人仔细全面的研究过。那个结果我也无法证实或者证伪就是了。  单论一次合格的熊市而言，筹码一定是有震荡横盘阶段的洗盘的。 你其实可以思考一下，为什么长时间横盘可以洗盘，以及横盘久了就会涨，但并不是牛市。不难。 目前这个熊市，还没有震荡，所以我才说筹码集中度不够。
2102376606916542649,Tue Sep 22 12:36:58 +0000 2026,6,0,0,3249,6.2,06_macro_btc_cycles,否,@0xPickleCati    @coolish  @Ethanyu  @cz_binance  @heyibinance  @cyodyssey  @zakk_okx  @sunyuchentron  @thecryptoskanda  @cryptobraveHQ  @dov_wo  请大佬们多给建议
1939681666714439893,Mon Jun 30 13:45:21 +0000 2025,13,8,6,7739,5.9,05_independent_trader,否,我刚刚仔细去看了一下， 我的号在近3个月，开始出现机器人，特点是在评论区抓取一个真人的回复，在前面加上一个表情包，伪装成真人。我本来以为是MCN公司要批量起号，就没管。但其实只要这些人一起举报，我的号大概率会被封掉。 吓得老子一激灵。 呵呵，有点意思啊有点意思
2064545927176810780,Wed Jun 10 03:11:21 +0000 2026,39,0,1,2993,5.8,05_independent_trader,否,@Yumi320521 欠。全世界除了日本，哪个国家觉得玩社交媒体，不打招呼就关注是不礼貌的？ 我还要迎合他喜好是吧。 经济还是太发达了，还需要再被压制30年，一脚给他送回该去的位置。
2100559727336034690,Thu Sep 17 12:17:20 +0000 2026,33,1,8,9696,5.8,05_independent_trader,否,我翻译一下： 对行业没有帮助的菜逼KOL太多，现在市场不好，菜逼KOL原形毕露，要不到饭了。 https://x.com/mk66623/status/2100549062961574230
2062850866198315275,Fri Jun 05 10:55:47 +0000 2026,32,1,27,15847,5.8,02_short_selling,否,这个家伙是我徒弟，和我兄弟明牌做空ZEC做空在山顶上。 我们群的AI知识还是他撑着的。币圈的各路老板们请多多关照我家宝贝徒弟。 年轻有为的全才，比他的老师父年轻时厉害多了。
2086374124906332578,Sun Aug 09 08:48:48 +0000 2026,31,1,72,8858,5.8,05_independent_trader,否,画师从17年，一直在圈子里到现在了。 是很多交易者的启蒙。 没有几个人能像画师这样十年如一日的输出交易知识和所思所想。 还请珍惜画师吧。 如果你觉得画师不好，你可以试着超越他，而不是在那边谩骂。
1848698234199544058,Tue Oct 22 12:09:40 +0000 2024,29,9,12,10703,5.8,05_independent_trader,否,今天最开心的两件事，一是学生学出东西来了，二是听舅舅唠唠嗑 多珍惜珍惜吧 https://t.co/htmpKG4Sx7
1899728200990949819,Wed Mar 12 07:44:33 +0000 2025,26,4,24,35054,5.8,01_market_making,否,懂了，现在就把金蛙群巫师群全杀了，那几个车头群群主全拖出去打死！就能拯救SOL了！ 为了以防万一，再把盘主灭了，把链上做市商全拖出去毙了。当然，我这种万恶之源也不能放过，必须挂路灯！ 别说拯救SOL了，铭文和ETH都能站起来！ 牛市马上就来！ 心动不如行动！
2085640680932790350,Fri Aug 07 08:14:22 +0000 2026,20,0,66,6781,5.8,05_independent_trader,否,年初的时候按着我合伙人和朋友的头，逼他们狂出U。 现在终于有福报了。 我19年起家的时候的1000USDT，汇率是6.3X。去年年末开始持续看跌USDT，汇率应该也会回到6.3X。 顺便一提，我不建议在币圈大量使用理财。我只有急救的仓位是放在币安理活期理财里的。
2085688950967152711,Fri Aug 07 11:26:10 +0000 2026,19,2,80,7788,5.8,06_macro_btc_cycles,否,我觉得我得抓几个老OG，就坐那唠唠嗑，说以前的熊市是怎么样的。让现在的小年轻理解一下17-18的牛市，一睁眼百倍起步是个什么样的情况，给大家补充补充眼力见识和信仰
2094725298776649875,Tue Sep 01 09:53:23 +0000 2026,16,1,42,5017,5.8,06_macro_btc_cycles,否,我第一天就收到了46份邮件……………… 一个都没回复呢。晚点哈。我怕人太多，所以我得筛一下， https://x.com/ZTZZBTC/status/2094390591841042726
2103649649143972066,Sat Sep 26 00:55:34 +0000 2026,15,0,7,2978,5.8,06_macro_btc_cycles,否,偶然翻到这条推特。 你们看看zec现在的价格，和我当时与这个人的争论还有观点。 好玩吗？ 当你知道结果再去看，就会想明白很多事情。 https://x.com/ZTZZBTC/status/2062847319238746223
1896941275498311826,Tue Mar 04 15:10:18 +0000 2025,96,3,50,59825,5.7,05_independent_trader,否,散户别关注我了。 我这个号是做给从业者看的。 我不是KOL，别看。 我菜鸡。 https://t.co/JA4AKGGCev
1929813239292191088,Tue Jun 03 08:11:45 +0000 2025,94,4,54,8275,5.7,05_independent_trader,否,希望十年后的自己，能环游世界，能把公司做好，能每天开开心心的打游戏。 生日快乐。 https://t.co/6HLSDMDnql
2061980013503902166,Wed Jun 03 01:15:19 +0000 2026,92,2,59,14479,5.7,05_independent_trader,否,生日快乐 祝遇见更多有趣的好人 https://t.co/NfKDXpK6uX
1891758135657795818,Tue Feb 18 07:54:21 +0000 2025,85,2,52,161182,5.7,05_independent_trader,否,我与嗯哼先生没有任何联系和关系。 他所有行为仅带表他自己。 https://t.co/ZFtGVS94L0
2082618822163660989,Thu Jul 30 00:06:35 +0000 2026,75,1,84,10407,5.7,05_independent_trader,否,我来看您了，教员。 永远爱您。 懂得越多，越觉得您的伟大。 谢谢您。 https://t.co/AnbcUT6d9D
2006319364463816885,Wed Dec 31 10:59:46 +0000 2025,71,0,34,6486,5.7,05_independent_trader,否,你们在跨年，而我在准备当父亲。 我的doro宝宝，愿你平安来到这个世界。 https://t.co/UIb1COpvIa
1993222632859398482,Tue Nov 25 07:38:02 +0000 2025,68,7,8,27267,5.7,05_independent_trader,否,这就是我师父！ 这么强，还愿意公开出来所有路径，还鼓励大家一起求真的学习，这就是魏神！
2024079699475931169,Wed Feb 18 11:13:00 +0000 2026,58,0,18,16210,5.7,05_independent_trader,否,别问我。我如果说出一些关于他的真相，韭菜们会气死过去的。 再等等，再等等。 我不要流量，等事情全都结束了再聊吧。 https://t.co/MGXHoJBX8y
2101673454026297679,Sun Sep 20 14:02:53 +0000 2026,42,0,24,6314,5.7,05_independent_trader,否,散户别关注我，也别评论我。 你先看看我置顶主页，再张嘴。 我不要流量，我也不是kol。 我虽然对散户非常好， 但请散户不要关注我，谢谢。
2102377715479593167,Tue Sep 22 12:41:22 +0000 2026,5,0,2,1809,5.4,06_macro_btc_cycles,否,@justinsuntron  @0xLoki_Zeng  @punk2898  @GuHype  @CryptoSociety42  @DRbitcoin36  @Bitwux  @LuYao_Trader  @CryptoPainter  @BTC_Alert_  请大佬们多给建议
2101694089305657424,Sun Sep 20 15:24:53 +0000 2026,5,0,1,665,5.4,01_market_making,否,@psychechin 诶呦不错哦。 这里要说一下的就是：USDC交易对的流动性没有那么好。 所以对交易量巨大的人来说，最好在暴跌等特殊情况时，使用USDT交易对。 如果你本金不多，USDC确实是好选择。
2063893239963451655,Mon Jun 08 07:57:48 +0000 2026,33,2,17,3871,5.3,05_independent_trader,否,少和为了钱不择手段的人玩！ 你来币圈是为了赚钱。 但你要和真正的朋友，战友，才能赚到钱。 不择手段为了钱的人不是朋友！
2083430753187377652,Sat Aug 01 05:52:54 +0000 2026,33,0,35,4706,5.3,05_independent_trader,否,推特上确实没啥干货。屎里淘金太浪费时间了。 想研究二级交易的多看看油管吧。外国人还挺愿意分享自己的交易体系的。 https://t.co/PzF7nw7abb
2101578822638518383,Sun Sep 20 07:46:51 +0000 2026,31,6,8,15907,5.3,05_independent_trader,否,https://x.com/i/spaces/1OxwbnNjgodJB
2068708876258582728,Sun Jun 21 14:53:25 +0000 2026,31,1,12,7232,5.3,05_independent_trader,否,我来到离天堂最近的地方。 https://t.co/DVGadoLlb5
1891824183555825890,Tue Feb 18 12:16:48 +0000 2025,27,4,11,10147,5.3,05_independent_trader,否,出门度假了，祝福各位赚钱。 https://t.co/UC224D6ETT
2084439829648228485,Tue Aug 04 00:42:37 +0000 2026,26,0,26,3880,5.3,05_independent_trader,否,今天又可以拉黑一波水军kol了。 保持清理，时间线能干净不少。 https://t.co/i1XhDAumII
2101572211396198812,Sun Sep 20 07:20:35 +0000 2026,24,0,4,3143,5.3,05_independent_trader,否,@StevenClar81069 啊对，你是天才，我是傻逼，啊对对对。
2084134454419931255,Mon Aug 03 04:29:09 +0000 2026,24,0,72,8551,5.3,05_independent_trader,否,姐，你看我这辆也不差！ https://t.co/fBDRQRcZYb
2092968759044841764,Thu Aug 27 13:33:32 +0000 2026,22,1,5,3678,5.3,05_independent_trader,否,白天有十项全能18岁美少女 晚上有无敌小作文代孕孙宇晨  哇，币圈还是太有意思了 https://t.co/7An7sG7jTm
2095529751792464187,Thu Sep 03 15:10:00 +0000 2026,21,0,33,5419,5.3,05_independent_trader,否,滴，送分题。 这有啥不会的。 带群友赚个跑车轮子先。
2099507282421878977,Mon Sep 14 14:35:17 +0000 2026,20,1,30,3960,5.3,05_independent_trader,否,鹿鱼五还在报名哦。 没关闭呢。 今天和群友聊了一些问题，发现这次的人认知也不错。 很开心。 我只是个可爱的人民教师。啦啦啦～
2087175015330635989,Tue Aug 11 13:51:16 +0000 2026,20,0,70,4356,5.3,05_independent_trader,否,我永远爱您，江总书记！ https://t.co/YTm3b8f3tT
2086744183612842089,Mon Aug 10 09:19:17 +0000 2026,19,1,18,3285,5.3,05_independent_trader,否,准备准备你们的问题，晚上八点见。 https://t.co/jjLUwwUjXz
2085013132758667764,Wed Aug 05 14:40:43 +0000 2026,19,8,16,3177,5.3,05_independent_trader,否,https://t.co/dvyXjLkTQk
2059121834906493010,Tue May 26 03:57:56 +0000 2026,18,3,8,2010,5.3,05_independent_trader,否,https://t.co/QFp0h46stj
1818539275379417193,Wed Jul 31 06:48:44 +0000 2024,17,4,14,6623,5.3,05_independent_trader,否,今晚9点半这样开奖吧。我也去搞个视频直播。没关注转发加留言的朋友尽快哦。 https://t.co/0aEez6gFRK
2088171065382158799,Fri Aug 14 07:49:12 +0000 2026,16,6,13,4889,5.3,05_independent_trader,否,昨天这个有好几个问题很不错。散户有空可以听听
2006705022525124713,Thu Jan 01 12:32:14 +0000 2026,75,0,34,11335,5.2,05_independent_trader,否,真是个特别的日子，我的宝贝女儿降生啦！
1886691193628549378,Tue Feb 04 08:20:08 +0000 2025,74,4,38,80108,5.2,04_operations_exchange,否,吴说简直是被吊起来暴打。 dovey赚钱是应该的 她今天表现出的这个水平，碾碎了市场上百分之99.99的项目方老大。
2042285276454928473,Thu Apr 09 16:55:28 +0000 2026,49,0,12,21189,5.2,04_operations_exchange,否,我真受不了了。 我要是某交易所的运营和公关，我整个人能气的疯掉。
2073704415098524077,Sun Jul 05 09:43:54 +0000 2026,48,0,2,2657,5.2,05_independent_trader,否,@busyerwin 世界是个巨大的回旋镖
2099709993872461918,Tue Sep 15 04:00:47 +0000 2026,4,0,0,699,5.0,05_independent_trader,否,@btcbigshort 我看完你推特了，真挺不错的。很久没有正儿八经的交易员出现了。我上升趋势做的不行，但是下跌趋势非常擅长。 我想问一下为什么用MA。我一般只用EMA。在复盘时，时间越近的K线，权重应该越大才对，越能代表近期的市场行为。
2101716230524883207,Sun Sep 20 16:52:52 +0000 2026,3,0,1,467,5.0,05_independent_trader,否,@hahazwei 下跌趋势的定义是，每一个反弹的高点都低于前一个下跌的低点。 严格来说，下跌趋势还没有被破坏掉。 下跌趋势被破坏了。也不代表就来到了上升趋势。 无趋势，其实占据了市场的三分之二时间。
2095474726168904020,Thu Sep 03 11:31:21 +0000 2026,3,0,0,3570,5.0,06_macro_btc_cycles,否,正在直播，有问题的自己上麦问哈。 这都熊市后期了，问不出问题是一个很丢人的事情。证明你没有在熊市做自我反思和复盘。 https://x.com/ZTZZBTC/status/2095474170184487401
2095472928393777218,Thu Sep 03 11:24:12 +0000 2026,3,0,0,403,5.0,05_independent_trader,否,@0xJamesXXX 是我就不能写这篇文章了。你这文章，你能写。我不能写。 文章里面大致是对的，小细节上还有点瑕疵。层级上我觉得还有更诡异的玩法，应该是你没有见到。但无伤大雅。辛苦了，是好文
2101575529468166292,Sun Sep 20 07:33:46 +0000 2026,1,0,1,421,5.0,05_independent_trader,否,@0xDarkmoon_ 我很喜欢你第一张图的走法。特别喜欢。这个剧本也是我想看见的。虽然我觉得你画的不够精细就是了。第二个图参考的区域我不赞成。你应该参考2019.或者你去看一下别的大宗商品的震荡阶段，也有类似K线。
2095466013576003747,Thu Sep 03 10:56:44 +0000 2026,0,0,0,0,5.0,05_independent_trader,否,七点半见。 应该是发文章前最后一次space。 最近心情不好才老space的。 如果你问不出问题是很丢人点事情哦，我以前特别希望能问老板们各种问题。 为我即将开始的空间设置一个提醒！ https://x.com/i/spaces/1mxPaZDbMlmKN
2087421101832126607,Wed Aug 12 06:09:07 +0000 2026,13,0,66,3759,4.9,05_independent_trader,否,又到了是个人都说自己是交易员的熊市阶段了。 让我看看你们的水平呗，我想学习学习新东西。 https://t.co/aaajzYEFaz
2070087212486586712,Thu Jun 25 10:10:26 +0000 2026,9,1,6,2712,4.9,05_independent_trader,否,"doro,doro,orange！ 又来伊斯坦布尔摸鱼咯。 https://t.co/bKl0pmHmOI"
2067587618234065012,Thu Jun 18 12:37:56 +0000 2026,8,0,8,2533,4.9,05_independent_trader,否,来卡兹别克郊游 https://t.co/dItjpSC6oh
2097149743147405369,Tue Sep 08 02:27:16 +0000 2026,5,0,1,516,4.9,05_independent_trader,否,@MofaJapan_jp 啊对对对对，你说的都对，我给你鼓掌！
2049828546835828818,Thu Apr 30 12:29:44 +0000 2026,35,2,4,10865,4.8,05_independent_trader,否,是的。花椒说的没错。 打法已经迭代2个版本了。抓OI这套去年10月就已经在用了，而且当时的打法就已经比现在公布出来的打法要好。 MM自然知道怎么反制MM
2081222336100102623,Sun Jul 26 03:37:26 +0000 2026,21,0,0,5986,4.8,06_macro_btc_cycles,否,@CryptoPainter 我真的佩服这些一直做ETH的，明明其他币比ETH简单多了。BNB/SOL/BTC哪个不比ETH好做，流动性也不差
2083800909113688183,Sun Aug 02 06:23:46 +0000 2026,20,0,1,3917,4.8,05_independent_trader,否,@coolish 熟悉的剧本，只是不同的市场罢了。我开盘第三天买的长鑫拿到现在。就等这个剧本的末期让我吃个大的呢
2096073253651611968,Sat Sep 05 03:09:41 +0000 2026,17,1,1,4500,4.8,06_macro_btc_cycles,否,今明会回复每一封已经收到的邮件，请注意查收。 https://x.com/ZTZZBTC/status/2094390591841042726
2084837291420532989,Wed Aug 05 03:01:59 +0000 2026,17,1,54,5681,4.8,05_independent_trader,否,写的深得我心。 你可以选择用什么姿势赚钱，你周围也一定都会是和你一样的人。
2090746761619067293,Fri Aug 21 10:24:06 +0000 2026,16,1,40,7577,4.8,02_short_selling,否,我才是中文区唯一指定xrp代言人。 每一波xrp暴涨暴跌一定有我在车上
2086784494783365427,Mon Aug 10 11:59:28 +0000 2026,16,4,7,3119,4.8,05_independent_trader,否,https://t.co/Jbpz5AJqhY
2087852829977575900,Thu Aug 13 10:44:39 +0000 2026,15,2,7,7486,4.8,05_independent_trader,否,https://t.co/SByggzalo4
1720771752723435554,Sat Nov 04 11:55:30 +0000 2023,15,4,20,4333,4.8,05_independent_trader,否,https://t.co/SB0uKI9T6U
2099491296872378754,Mon Sep 14 13:31:46 +0000 2026,0,0,0,0,4.5,05_independent_trader,否,不要觉得自己做过，我就做过。  在这个行业里做人做事要有底线。 我知道的事情能开在街头说书讲三天三夜。 我只是懒得管罢了。
2090771072232960229,Fri Aug 21 12:00:42 +0000 2026,14,0,0,3150,4.4,05_independent_trader,否,@yy3344886 早就拉黑他了。这人是真的离谱到了极限
2084633917316092339,Tue Aug 04 13:33:51 +0000 2026,14,0,41,3435,4.4,05_independent_trader,否,别看我，我只是个人民教师。
2085644319571206382,Fri Aug 07 08:28:49 +0000 2026,13,4,9,2988,4.4,05_independent_trader,否,https://t.co/oxDmm4B5Hp
2080214490000535912,Thu Jul 23 08:52:37 +0000 2026,13,0,4,3519,4.4,04_operations_exchange,否,我最喜欢的交易所………………………… 好多传奇交易员，都来自这里。 谢谢你们！ 谢谢！
2074479204134257095,Tue Jul 07 13:02:38 +0000 2026,12,1,13,6629,4.4,05_independent_trader,否,看一看瞧一瞧，我的宝贝徒弟！像他这么酷炫的我家里还有好几个！ （づ￣3￣）づ╭❤～
2094391263139364997,Mon Aug 31 11:46:03 +0000 2026,11,0,1,2605,4.4,05_independent_trader,否,此身天地一蘧庐‌，世事消磨绿鬓疏。 ‌毕竟几人真得鹿‌，不知终日梦为鱼。
2090383554106773754,Thu Aug 20 10:20:51 +0000 2026,11,2,7,3906,4.4,05_independent_trader,否,https://t.co/Vuh0xvKhoQ
2095474170184487401,Thu Sep 03 11:29:08 +0000 2026,10,1,5,6310,4.4,05_independent_trader,否,https://x.com/i/spaces/1AxRnZzdYgkxl
2101692520925409589,Sun Sep 20 15:18:39 +0000 2026,9,0,1,1165,4.4,06_macro_btc_cycles,否,@btcbigshort 放心，散户不会听我们这些老韭菜的。他们只是想要点位和跟单。我太了解散户了。
2094235705677640039,Mon Aug 31 01:27:55 +0000 2026,9,0,1,1710,4.4,05_independent_trader,否,@cryptomi146701 这特么不是最简单的常识么？
2101560255373320341,Sun Sep 20 06:33:04 +0000 2026,8,0,0,5469,4.4,05_independent_trader,否,这里走的挺好的，震荡向上吧。没画大门都不用急。
2093947686357745863,Sun Aug 30 06:23:26 +0000 2026,8,0,7,4355,4.4,05_independent_trader,否,诶嘿~！这点完全赞同比特肥
2096518971822575653,Sun Sep 06 08:40:48 +0000 2026,7,0,3,921,4.4,05_independent_trader,否,@punk2898 这个西米和她的舔狗还有她的矩阵号，真是我今天的乐子来源。给我看笑死了。
2091332472537846132,Sun Aug 23 01:11:31 +0000 2026,7,1,2,3329,4.4,05_independent_trader,否,https://t.co/nv2tKVjhQu
2099519986721280437,Mon Sep 14 15:25:46 +0000 2026,6,0,1,2850,4.4,05_independent_trader,否,@dov_wo 早点休息，不用太放在心上。
2097152251110559971,Tue Sep 08 02:37:14 +0000 2026,6,1,3,3282,4.4,05_independent_trader,否,https://x.com/i/spaces/1nKOLQkVkeQGR
2093635814203052391,Sat Aug 29 09:44:10 +0000 2026,6,0,1,842,4.4,05_independent_trader,否,@GuHype 你怎么搞到的邀请，我十分想去看看，一直没看过HYPE的人
2092922142686155152,Thu Aug 27 10:28:18 +0000 2026,6,0,1,1228,4.4,05_independent_trader,否,@lijiuer1 我有时候很难相信你是个女生。很多女生是不可能有你说的这些认知的。
2101572820178489438,Sun Sep 20 07:23:00 +0000 2026,5,0,1,1215,4.4,05_independent_trader,否,@Miles082510 他的第一句话就会害死你
2097974741122621688,Thu Sep 10 09:05:31 +0000 2026,5,0,0,902,4.4,05_independent_trader,否,@Bqlsj2023 假的。真实成交量排名完全不是这样了
2093957321986891780,Sun Aug 30 07:01:44 +0000 2026,5,0,1,1027,4.4,05_independent_trader,否,@sixsixjay 朋友，我没被孙哥割过，我只在他身上赚钱过。这点我还是很变态的。
2102620488833077396,Wed Sep 23 04:46:03 +0000 2026,4,1,0,1008,4.0,05_independent_trader,否,收藏比TM点赞还多⁽⁽(੭ꐦ •̀Д•́ )੭*⁾⁾
2102436364382073231,Tue Sep 22 16:34:25 +0000 2026,4,0,1,344,4.0,05_independent_trader,否,@MrRyanChi @bc1qDave 那抓了你们这堆优秀的人，我总得有些镇得住场子的绝活儿可以交给你们对吧
2102426594933662100,Tue Sep 22 15:55:36 +0000 2026,4,0,1,310,4.0,05_independent_trader,否,@bc1qDave 谢谢三代目帮我校对。欠你人情，么么哒
2102363584852627754,Tue Sep 22 11:45:13 +0000 2026,4,0,1,423,4.0,05_independent_trader,否,@captain_kent 啊呀，你又净说大实话
2101508713139802550,Sun Sep 20 03:08:16 +0000 2026,4,0,1,497,4.0,05_independent_trader,否,@sixsixjay 不要急，我马上会写一篇文章治一治散户
2101174732347560294,Sat Sep 19 05:01:08 +0000 2026,4,0,1,1031,4.0,05_independent_trader,否,@DRbitcoin36 给你推荐@anorth_chen   ，我学生里的超级靓仔。
2100505899228152028,Thu Sep 17 08:43:26 +0000 2026,4,0,2,921,4.0,05_independent_trader,否,@0xLoki_Zeng LINEA的DEFI是乌拉圭做的。我死去的记忆疯狂攻击我。
2103269512477024684,Thu Sep 24 23:45:03 +0000 2026,3,0,1,258,4.0,05_independent_trader,否,@0xLoki_Zeng @hoyaminabe 我怎么在神奇的地方刷到了你。我完全是顺着这个人的傻屌言论进来的，发现你已经帮我讽刺了。
2102398558842573220,Tue Sep 22 14:04:11 +0000 2026,3,0,1,747,4.0,05_independent_trader,否,@punk2898 谢谢老板的表扬。这文章真的给我写累死了
2102391039088812279,Tue Sep 22 13:34:18 +0000 2026,3,0,0,610,4.0,05_independent_trader,否,@sixsixjay 不拆了，一篇发了，方便后人查阅
2102034257162195366,Mon Sep 21 13:56:35 +0000 2026,3,0,0,936,4.0,05_independent_trader,否,@TingHu888 少和韭菜罗里吧嗦。韭菜懂个篮子。
2101688530389065883,Sun Sep 20 15:02:47 +0000 2026,3,0,1,491,4.0,05_independent_trader,否,@sixsixjay 嗯，确实是开始浮现傻逼了。我本来以为这个时间点，不会有那么多韭菜的，而且是推特上。
2101302517284110497,Sat Sep 19 13:28:55 +0000 2026,3,0,1,677,4.0,05_independent_trader,否,@MindfrogCrypto @thecryptoskanda 此处需要韦陀菩萨给大家普及加密真经
2101193532040261732,Sat Sep 19 06:15:50 +0000 2026,3,0,0,520,4.0,05_independent_trader,否,@GuHype 宝，净说大实话。
2100951913638638052,Fri Sep 18 14:15:44 +0000 2026,3,0,2,1304,4.0,05_independent_trader,否,@bitcoin136 我们上层不是这样的。别闹。这两人也绝不是上层
2099710424136769587,Tue Sep 15 04:02:30 +0000 2026,3,0,0,554,4.0,05_independent_trader,否,@AAAce4518 当然。你在币圈越久，越成熟，你越能理解这些知识的猛男程度
2099525118099878356,Mon Sep 14 15:46:10 +0000 2026,3,0,1,405,4.0,05_independent_trader,否,@dov_wo 别这么说别这么说
2099465894875586797,Mon Sep 14 11:50:50 +0000 2026,3,0,1,2617,4.0,05_independent_trader,否,@MysticXBT 我认识的都不知五个，我都是其中之一。但确实不多。
2098408094153966057,Fri Sep 11 13:47:30 +0000 2026,3,0,1,545,4.0,03_manipulation_chips,否,@MrRyanChi 妈的不看我。 你死定了。 我得告诉你点爆仓密码给你炸成灰
2102734392334692433,Wed Sep 23 12:18:40 +0000 2026,2,0,0,227,4.0,05_independent_trader,否,@BmianMJ 别说自己是垃圾。要选好目标，有计划的去做
2102437337162723374,Tue Sep 22 16:38:17 +0000 2026,2,0,1,193,4.0,05_independent_trader,否,@MrRyanChi @bc1qDave 已经很优秀了
2102405340138709218,Tue Sep 22 14:31:08 +0000 2026,2,0,1,664,4.0,05_independent_trader,否,@sixsixjay 很简单，他们没完成工作，刷推当kol是他们主要工作。
2102405034550136850,Tue Sep 22 14:29:55 +0000 2026,2,0,0,612,4.0,05_independent_trader,否,@jiunian_xx 啊，懒啊主要是！
2102393532623605912,Tue Sep 22 13:44:13 +0000 2026,2,0,0,824,4.0,05_independent_trader,否,@CryptoPainter 前辈别搞我(ᗒᗣᗕ)՞
2101722230107537836,Sun Sep 20 17:16:42 +0000 2026,2,0,1,294,4.0,05_independent_trader,否,@hahazwei 下次有空开space给你们讲
2101670185665274074,Sun Sep 20 13:49:54 +0000 2026,2,0,2,1449,4.0,05_independent_trader,否,@Penny93777 你如果相信全是为老鼠仓服务，那别玩了。
2101608299200495963,Sun Sep 20 09:43:59 +0000 2026,2,0,0,403,4.0,05_independent_trader,否,@0xJamesXXX @jheioff 多少有点离谱了……看来，当时怼她的人级别很高，现在下不来台了
2101571817920147527,Sun Sep 20 07:19:01 +0000 2026,2,0,1,3095,4.0,03_manipulation_chips,否,@0xDarkmoon_ 你不可以完全参照那一段。那一段本身洗盘就不充分
2100884460539703454,Fri Sep 18 09:47:42 +0000 2026,2,0,0,4847,4.0,05_independent_trader,否,@Bitwux 你只是没看见这轮进圈的人的下限之低。 17年可没有这种“神仙”
2100466361604665689,Thu Sep 17 06:06:20 +0000 2026,2,0,0,376,4.0,05_independent_trader,否,@Foresight_News 你就该来看看我这里的年轻人，真的太棒了
2099720377182339129,Tue Sep 15 04:42:03 +0000 2026,2,0,1,652,4.0,05_independent_trader,否,@bc1qDave 你最好直接开始使用
2096099309259260340,Sat Sep 05 04:53:13 +0000 2026,2,0,1,568,4.0,05_independent_trader,否,@thecryptoskanda 欺负我不能去是吧，哼哼哼哼哼哼哼哼哼哼哼哼。气死我了。我也想吃台湾美食
2095456702800056418,Thu Sep 03 10:19:44 +0000 2026,2,0,1,600,4.0,05_independent_trader,否,@yuxin_pig 啊，你和我都是猪圈
2094310428277174402,Mon Aug 31 06:24:51 +0000 2026,2,0,1,585,4.0,05_independent_trader,否,@anorth_chen 你以后别和女友讨论这个………………
2103467353061404847,Fri Sep 25 12:51:12 +0000 2026,1,0,1,343,4.0,05_independent_trader,否,@dearemon 闪铁哑铃呢！太羡慕了，甚至还是满V。朋友真是把压箱底的货给了你。
2103461897706295562,Fri Sep 25 12:29:31 +0000 2026,1,0,1,629,4.0,05_independent_trader,否,@CryptoPainter 不存在远程介入和驾驶，都是本地计算的。这赛道我非常清楚，我买的就是智驾。前几天还在群里分享了智驾的厂商的逻辑
2101717902898643214,Sun Sep 20 16:59:30 +0000 2026,1,0,1,323,4.0,05_independent_trader,否,@hahazwei 那好像是glassnode
2101676103836565826,Sun Sep 20 14:13:25 +0000 2026,1,0,0,719,4.0,06_macro_btc_cycles,否,@Bitfatty 都一样的。不论哪个平台，一两个周期后，环境都会变成一坨屎
2101596739241451581,Sun Sep 20 08:58:03 +0000 2026,1,0,1,2208,4.0,05_independent_trader,否,@huoshan007 那不好意思，不可能有人比我干。
2101596111526064528,Sun Sep 20 08:55:33 +0000 2026,1,0,1,568,4.0,05_independent_trader,否,@SOMA198424 每年都有，搞。你好好上班先。
2100884671756431706,Fri Sep 18 09:48:32 +0000 2026,1,0,0,499,4.0,06_macro_btc_cycles,否,@btcbigshort 币圈老人就是不一样，经历的事情多了，就看得开了
2100765739603111943,Fri Sep 18 01:55:57 +0000 2026,1,0,0,139,4.0,05_independent_trader,否,@bc1qDave 谢谢，善良二字，这可能是，我在币圈受到的最高赞美。 谢谢啊
2100450503574671478,Thu Sep 17 05:03:19 +0000 2026,1,0,0,181,4.0,05_independent_trader,否,@ZEROtaro2026 @ELFINE001 我非常支持高市早苗！ 你去问一百个中国人，他们肯定都支持高市早苗。
2099710621877142016,Tue Sep 15 04:03:17 +0000 2026,1,0,0,397,4.0,06_macro_btc_cycles,否,@Btc_kking 我看了，我兄弟给你做了个PLUS版本
2099553984071790907,Mon Sep 14 17:40:52 +0000 2026,1,0,0,348,4.0,06_macro_btc_cycles,否,@Btc_kking 这个好，这个好啊。谢谢你
2099518934420709729,Mon Sep 14 15:21:35 +0000 2026,1,0,0,304,4.0,05_independent_trader,否,@xiejiayinBitget 恭喜BG生日快乐。家印辛苦了。之后也会继续和你们合作哒
2097978774885433742,Thu Sep 10 09:21:33 +0000 2026,1,0,0,357,4.0,05_independent_trader,否,@sanyuanVC @star_okx @Haiteng_okx 诶呦这个是真的不错，产品部门有心了
2095534066611495303,Thu Sep 03 15:27:09 +0000 2026,1,0,1,340,4.0,05_independent_trader,否,@huafu1111 啊晚点，这两天在医院
2094405373633737002,Mon Aug 31 12:42:07 +0000 2026,1,0,0,355,4.0,05_independent_trader,否,@xin_web4 别，你不差。别这么说
2102742450041463254,Wed Sep 23 12:50:41 +0000 2026,0,0,0,332,4.0,05_independent_trader,否,@agintender 还有5个左右
2102199815350497650,Tue Sep 22 00:54:27 +0000 2026,0,0,0,438,4.0,06_macro_btc_cycles,否,@sisibinance @qingshui_eth 啊拜托了，这个真的很重要
2101597573077491842,Sun Sep 20 09:01:21 +0000 2026,0,0,0,286,4.0,05_independent_trader,否,@SOMA198424 你不要急。慢慢来。上班一年对你绝对有好处。听话。
2100508354787590522,Thu Sep 17 08:53:11 +0000 2026,0,0,1,215,4.0,05_independent_trader,否,@0xLoki_Zeng 我开始幻痛了
2099680793253830715,Tue Sep 15 02:04:45 +0000 2026,0,0,1,251,4.0,05_independent_trader,否,@silastree 你的图是ai生成的，所以这条被折叠了。 你以后要用ai的图，一定用截图软件重新截图一下。
2097685499448377460,Wed Sep 09 13:56:10 +0000 2026,0,0,0,448,4.0,05_independent_trader,否,@0xLoki_Zeng 看得出来是找的完完全全不会的人搞得。世界是个巨大的草台班子
2095706293483012347,Fri Sep 04 02:51:31 +0000 2026,0,0,0,208,4.0,05_independent_trader,否,@kkissigner 最近没啥能亏得地方吧。都比较好做。
2095562570400985241,Thu Sep 03 17:20:25 +0000 2026,0,0,1,408,4.0,05_independent_trader,否,@dov_wo 带班的群，不闹不闹。你多喊我 我其实只是想不起来发给你们。
