id,createdAt,goldScore,domainId,favoriteCount,retweetCount,viewCount,hasArticle,url,text
2059988548389093739,Thu May 28 13:21:57 +0000 2026,4.1,articles_and_masterclass,154,28,134502,True,https://x.com/0xmagnolia/status/2059988548389093739,https://t.co/uigZyx3NiL
2085975296550056009,Sat Aug 08 06:24:00 +0000 2026,7.4,smart_money_marketmaker,1312,288,1288434,False,https://x.com/0xmagnolia/status/2085975296550056009,"嘿，防止你未来再错过 $BOME  $TRUMP 这样的币，来提醒你下此类币的特点。

1.首先池子要超级无敌大，流动性足以容纳各方做市商进来做市，也方便各大交易所下场抢筹码。 $BOME 最初是1万sol， $TRUMP 是1亿u。trump的池子是天花板级别，所以下一个大池子币，至少需要在当时主流一级代币的十倍及以上。

2.突发上线，打的就是措手不及，只与一个或者几个头部做市商勾兑 比如 @wintermute_t  @jumptrading  @JaneStreetGroup ,  所以开局并不会给你大幅度回撤的机会。他的5min线是呈貔貅形态的。你只有1小时的时间拿到早期筹码，后期想赚大的只能上大仓位，博上交易所前的流动性。

3. 上宇宙所的必然性，当这个币虹吸了当时一级70%的交易量后，交易所不想上都不行，下场抢筹码。交易所是「流量 + 交易量」驱动的平台型生意。这么大的交易量，那它要不要上所吃手续费？（bome是三天上币安，trump是第二天上币安）

4. 发币dev，必须要在某行业是权威，而且是首次发币，必须是第一次，必须是！
因为会跟头部人员做好勾兑，专业性可以打消普通散户进场顾虑，无非谁先后接盘。

祝你未来拿到大结果。"
2078776322634170867,Sun Jul 19 09:37:51 +0000 2026,6.9,capital_compound_defense,549,108,1924661,False,https://x.com/0xmagnolia/status/2078776322634170867,"小资金暴击高倍数就三要素
一.点位
1.勤扫链尽量拿到开盘点位。
2.叙事还在，经历过归零洗盘的死亡点位。

二.止盈
1.每个市值阶段找到锚定参照物，判断它可以走到哪步，尽量最大化利润。
2.风险最低化止盈，情绪指标，链上追踪做市钱包，会看顶背离。

三.滚仓
1.时刻牢记你是来赚钱的，执念太深会让你失去最基本的逻辑判断，你苦苦追求结果，反而会落得一场空。
2.在找到那枚让你实现资产代际跃迁的币之前，你需要的是攒够足够的本金。"
1850353841004491003,Sun Oct 27 01:48:28 +0000 2024,6.6,attention_meme_playbook,155,10,60500,False,https://x.com/0xmagnolia/status/1850353841004491003,"2.2 拉盘只需一小时，洗你要23h
首先，我就提一个问题 再给你一次机会你会在 moodeng官推被封那天抄底moodeng吗？你会在 $goat 第二天横盘大胆买入吗？ 再来一次你也不会，为什么？因为认知不到位，你没有给这个币进行估值 ，情绪热点判断，也不去扫链，所以大家不要懒。多复盘。

13.30之后到15点之前， $ban 一直在47至56这个区间来来回回震荡了了一小时半，首先先把13点那波Fomo追高的人洗走（下文我朋友就是Fomo那一波人）15点到16点开启了接近50%的回调，低点下杀到0.00248，就是为了洗走有耐心的holder，先给你们看看我朋友心态，就知道为什么大部分人连几个小时都拿不住。"
2071544241831194667,Mon Jun 29 10:40:09 +0000 2026,6.4,primary_pump_sniper,287,29,33278,False,https://x.com/0xmagnolia/status/2071544241831194667,"熊市一级还是很难玩的，必须要kol接力，一般流程如下:
1.扫链达人内盘扫到好项目，跟单➕小群集力射出去，开到外盘会有狙击专门吃迁移这段时间的流动性，开到外盘瞬间推高，内盘流动性退出，狙击bot退出。因为一天能狙击几百上千个盘子，积少成多。
2.外盘射出去后，项目概念好√ 官推蓝v√ Dev持续运营√  精品搜寻kol（粉丝5000以下）一般四五个会集中一段时间shill，一般会有不错的涨幅。开盘抄底的流动性开始退出。
3.因为流动性不足，涨幅已经收紧了，但已经有小集群做市bot进场了。他们在等大kol买入跟单，以及喊单流动性。一旦等到就会跟着买单在一小时内拉高，只有这一小时的流动性退出。
4.熊市想破10m，必须在前二个阶段前就吸收好筹码。各大中外kol接力喊单。
5.阴谋集团勾兑。

对一级不熟悉还是先别进入战壕，但可以观察他们的k线，积累经验，明年流动性更好的时候再操作。多看少动。"
1947122000037859695,Mon Jul 21 02:30:35 +0000 2025,6.2,attention_meme_playbook,427,92,278881,False,https://x.com/0xmagnolia/status/1947122000037859695,"$gor 已经横了24天 @lex_node 这条推文已经说明了现在 @Gorbagana_chain 基本情况。包括可以看出他本人对meme是有很深的理解。
  主要几个要点领出来讲下以及相关逻辑（ 好久没写长文了）
一. @pumpdotfun 支持 @Gorbagana_chain 的费用转换（fee-switching），推动生态发展
二.其次，gorbagana 项目将成立一家公益公司（public-benefit corporation）这个公司的作用是：

1.接收 @pumpdotfun 提供的“CTO机制”下产生的费用收入；

2.memecoin 的交易手续费的一部分）；
负责运行第一个验证节点（validator）和相关基础设施；

3.研究和开发与 gorbagana 项目相关的开发工具和应用（dev infra & apps）
也标志着 $gor 从单纯的硬分叉meme向“社区化基础建设”迈出。

三.关于 @toly ，为什么之后会fud。反过来想想如果一个生态真的会对主链造成分流，那本人会选择支持还是fud？他本以为 @lex_node 只是搞meme，没想到来真的。
与之对比当初 shaw对 @KyeGomezB 的抨击，以及swarms 11连阳冲到最高600m。因为单纯从meme角度来看，有了对抗，有了分歧，有了热度，那就有了博弈空间。
$gor 后续不管能不能硬分叉成功，只要能保持一个良好📈态势，流量这边自然会向 @lex_node 倾斜。

四.@lex_node 也拿了 @yearnfi 做例子fair launch 项目的成功“二次激励”典范
Yearn 最初没有预留给团队，也没有预挖矿，也没人募资。
但后来，社区通过治理机制投票，允许适度“通胀”代币（发更多YFI），用来激励开发者继续维护和扩展项目。
来佐证 @Gorbagana_chain 也应该像 @yearnfi 那样，有机制地把社区发展和创作者贡献纳入价值系统，而不是“靠早期砸钱投机者决定一切”。
关于 $yfi 大姨夫是20年那波牛市的万倍神矿，以至于后面衍生出了 二姨夫 $yfii也是他妈的社区硬分叉。上波牛市涨了千倍。

五.纵观20年到现在 forking 硬分叉叙事，是可以打开mc天花板的，尤其现在sol的叙事天花板金融虚无主义。从动物meme→cultmeme→financial nihilism meme。
 回想起@SushiSwap 2020年8月对 @Uniswap的fork。SushiSwap通过加入代币激励 + 吸血鬼攻击（vampire attack），从Uniswap吸走大量流动性，最终倒逼 Uniswap 推出 $UNI 并启动治理机制。
现在很多耳熟能详swap项目，也是分叉来的也不一一举例了。

六.如果 @Gorbagana_chain 真的能硬分叉 @solana 成功，绝对能载入历史。就像 当年的 $bch $ETC $sushi 牛市就该打开想象力。而且叙事大部分defi oldmoney 一听就懂
“哦～forking嘛，不就是来时路吗”"
1850246686897229975,Sat Oct 26 18:42:40 +0000 2024,6.2,attention_meme_playbook,209,31,101294,False,https://x.com/0xmagnolia/status/1850246686897229975,"1.抄底逻辑
  首先 从 叙事 ➕web2热点➕10.25洗盘➕推特主要kol逻辑➕散户情绪 来判断 $ban 为什么符合金狗标准（链接推文是教你们怎么分辨具体叙事）
1.1 $ban 的叙事逻辑
首先 现代艺术品赛道本身就具有高溢价属性，艺术品的炒作属性就与meme不谋而合，不清楚的去搜安迪沃霍尔。

  1.2 @michaelbouhanna
10.25晚只是删除了他的地址，并没有否认 $ban 跟他没有关系，那为什么会暴跌？昨晚删地址不应该瞬间暴跌80%，如果否认是那个地址是他的，才应该有这个效果，应该是有团队教他或者就是他们的团队，然后借机砸盘，吓走恐慌筹码，学mother，因为底部散户拿的底价筹码太多了，庄拉盘至少都要掌握80%筹码，强庄至少 90%。（所以这步有了 @michaelbouhanna
的背书，其它仿盘没有！记住没？不要再乱找角度了）

  1.3 由于之前 $moodeng 跟 $goat 造富效应太强，欧美web2完全出圈，但是meme这个赛道还没有吸引到 old money进场， $ban 承接了这个功能，如果拉出圈，直接吸引的就是传统资金进场，你们想想参加苏富比拍卖的都是什么人。 一旦 $ban 拉出圈 那就是 22年初NFT牛市的情况，直接把传统资金拉进场，提供天量的流动性。你们说链上游资会放弃这个机会吗。

1.4 因为 @Sothebys
的拍卖时间在11.20号，留了足够的时间来造势，给足了炒作预期。还有什么新闻比暴富来的热度快。知道 $ban 的人越多对苏富比也有好处。一代版本一代神，20多天足够造个新龙头出来了。
OK下文继续https://t.co/Fz5ljDnDlK"
1850234063317323975,Sat Oct 26 17:52:31 +0000 2024,5.7,attention_meme_playbook,1823,292,596947,False,https://x.com/0xmagnolia/status/1850234063317323975,"$ban 全程复盘前排提醒（必须给我形成自己的交易逻辑，每次不管你是卖飞还是亏钱赚钱，什么币都要给我复盘，从k线➕叙事逻辑➕链上坐庄地址➕推特热度➕参照物市值对比，来锚定这个币能走多远。全部给我复盘）

  交易不是天赋，会归纳总结才是。系统的学习和不断的总结才是长久获利的关键
   
根据八二法则虽然成为有钱人很大程度上需要运气，而且是接连的好运。但你必须具备基本相应的知识素养，才能让你在幸运来临时有机会抓住它。
    这就跟滚仓一样，如果你不能对一个币有个基本面概括分析，那么运气赚来的钱迟早会溜走。
  系统的学习和不断的总结才是长久获利的关键。
OK开始超长文复盘具体包括以下内容:
1. $ban 抄底逻辑
2.怎么分析小时线
3.怎么找护盘地址
4.不是所有人都拿的住（即使距离拉盘才三个小时，洗到你拿不住）卖飞群友反例举例
5.怎么寻找市值锚定物来，进行 $ban 下一步估值
6.想给你们说的话"
1842064940791955602,Fri Oct 04 04:51:20 +0000 2024,5.6,capital_compound_defense,1126,171,361427,False,https://x.com/0xmagnolia/status/1842064940791955602,"小资金如何在一级存活下来？（50u起步）
具体包括以下内容:
1.怎么找到优质项目，不参与PVP
2.如何在提高胜率下稳健止盈
3.判断出货点位，以及滚仓标埋伏
4.资金大了怎么开始运作？
  前言:因为之前投票让大家选择小资金，大部分选的50u，所以就以50u作为例子来起更。
小资金最重要的就是求稳，切记千万不要赌。小资金更需要稳健滚仓，一旦错了一步，全盘皆输，大资金还有赌的机会，因为风险承担能力强。但小资金不行，你输一次那就是真输了。"
1952335709844480051,Mon Aug 04 11:48:00 +0000 2025,5.6,attention_meme_playbook,392,52,103968,False,https://x.com/0xmagnolia/status/1952335709844480051,"简单讲下怎么短线波段（前提还是之前说的成交量放量有资金进场情况下）15m跟1h级别，
就举例假如有个20m市值的一个币。
在震荡洗盘中，第一次15m拉升会有四根15m绿柱（这是第一个1h），然后一根15m红线，再有两根十字星插针，再进行下一个1h级别的拉升。所以一般会持续3-4小时，这就是你要做二段短期日线级别内的波段。
 
  怎么看破位，就是第一根1h的拉升点位，那四根柱的破位时间。这就是你判断要不要抄底的时候。（只是给想要波段的人的思路）其他的就不讲了，不是怕你学不会，就怕乱学亏钱。因为不知道在最后一次破位是不是真破位。会有15m十字星迷惑你是假破位然后直接瀑布。"
1921014030204104893,Sat May 10 01:26:50 +0000 2025,5.6,primary_pump_sniper,357,41,157302,False,https://x.com/0xmagnolia/status/1921014030204104893,"因为有很多内盘选手，习惯小市值PVP后，就很难把握市值上限了。对他们来说100k200k的时候就已经吃了十几倍了。而且你整天扫链也清楚ds有多快。所以很多时候v反你不愿意冒这个风险再去追高
1.是被浇给多了 2.只赚预期内的钱 3.无法判断外盘确定性，风险高，外盘一点回调内盘赚的收益颗粒无收甚至倒赔。
但你想要获得超额收益就要转换思路。
交易是反人性的。你要进入下个阶段就要逼自己做二级。"
1844547628526338524,Fri Oct 11 01:16:39 +0000 2024,5.2,attention_meme_playbook,358,42,94226,False,https://x.com/0xmagnolia/status/1844547628526338524,"memecoin是情绪价值的承接（以及目前memecoin的困境）

  1.首先我们要思考品牌效应对传统商业公司的重要性，知名度越高也有利于公司的发展，但是一旦此品牌出现公关危机，影响品牌形象也会使此公司的公司价值大打折扣

  2.但是在加密货币行业，memecoin不用担心这个问题，加密货币行业本身就是放大人们情绪的市场，为什么会有degen？因为加密货币行业把人性的贪婪发货到了极致。

  3.memecoin就是承接市场情绪最好的承接物。每当web2出现爆火的meme，人们会自发传播它，二度创作meme，自发地传播就是最好的广告。但是这个情绪的承接你不可能在传统的股票市场来找到情绪释放的股票代码。meme传播初期你也无法找到一个实体物品来承接这个meme的情绪价值。所以承接的答案是什么？是memecoin。

  4.memecoin可以迅速在web2 meme传播的初期被创造出来，来承接市场的情绪。这就是memecoin最重要的价值，承接人们对web2 meme的情绪热爱。但是如何在第一时间找到最适合的memecoin是需要大家逐步自我探索学习的过程。

  5.不同链同名字币（比如ETH sol bsc base sui等等），甚至同链大小写字母的同名字币，很大程度上分散了市场的注意力，人们无法集中情绪到一个memecoin上，所以导致了很多的社区纷争。这样就会导致情绪注意力的分散

  6.如何改变这一困境？很困难，因为还面临一个问题，就是cabal跟社区CTO的矛盾，如果你是memecoin玩家你是支持cabal还是支持社区CTO？或者是阴谋集团➕社区？

  7.这必然是个长久的问题，但是我相信最后时间会给市场一个答案。"
1819180350054322185,Fri Aug 02 01:16:08 +0000 2024,5.2,primary_pump_sniper,224,54,75737,False,https://x.com/0xmagnolia/status/1819180350054322185,"ETH夹子王ae13究竟是何方神圣？（以及介绍MEV攻击方式）
  地址:  0xae2fc483527b8ef99eb5d9b44875f005ba1fae13
   通过https://t.co/vcWjrepYT6可以查到ae13的第一笔交易发生在2017年6月29日 。这表明该地址到今天为止已经存在了2591天，约7.1年。这需要什么条件呢？

1. 技术稳定性：机器人需要稳定、高效的算法来分析区块链数据和执行交易。技术上的稳定性和长期优化是关键。
（1.需要搭建自己的全节点或专用节点2.高性能服务器 3.超级稳定的网络连接4.数据储存和处理能力5.安全性保障 防止数据泄露跟恶意攻击）

2. 低延迟和高性能：MEV机器人必须能够快速响应区块链网络中的变化，确保低延迟的交易执行，以捕捉到有利的交易机会。

3. 风险管理：需要有完善的风险管理机制，包括防范市场波动、交易失败、前端攻击等风险。（避免其它夹子进行前置攻击比ae13先买入，大夹子夹小夹子，老母猪带胸罩一套又一套，但ae13是最快的还没见它被夹过，都是它夹别的夹子）

4. 资金实力：长期运行的机器人需要充足的资金支持，以应对交易费用、网络手续费等开销，并有足够的流动性来执行策略。（以太堵的时候gas不是开玩笑的）

5. 市场环境适应性：需要不断更新和调整策略，以适应区块链网络的变化、市场趋势的变化以及竞争对手（毕竟不止它一个夹子）的策略变化。

6.技术维护和支持：长期运行需要持续的技术支持和维护，以解决可能出现的技术问题和进行系统升级。
  能达成以上条件的说实话只能想到 @VitalikButerin  @gavofyork  @ethereumJoseph  @diiorioanthony   但ETH是于2015年7月30日正式上线的，且V神忙于奔走各个会议，应该没有时间精力去维护这个bot。其他三位也都是同期eth元老级人物，是不是他们也只是猜测。反正能维护ae13这个MEV机器人的人或者团体，技术跟财力至少也得跟他们一个水平。

而ae13是怎么高频地进行MEV攻击（三明治攻击/夹子）呢？
  首先MEV攻击原理有三种。
1.就是ae13使用的三明治攻击
2.前置攻击
3.套利攻击

  一.主要介绍ae13的三明治攻击:
  三明治攻击是在目标交易的前后分别插入一笔买单和卖单，以利用目标交易引起的价格波动获利。

步骤：
1.监视链上交易池子，通过监视交易池中的未确认交易，寻找即将发生的高价值交易。
2.前置买单：在目标交易之前插入一笔买单，以推高价格。
3.目标交易：目标交易完成后，价格会被推高。
4.后置卖单：在目标交易之后插入一笔卖单，以更高的价格卖出代币，获取利润。

二.前置攻击
  就是俗称的狙击，大部分大科就是用这个攻击。
  前置攻击是一种常见的MEV攻击方式，攻击者在发现即将发生的大额交易时，通过支付更高的Gas费提前插入自己的交易，从而在目标交易之前完成交易。

三.套利攻击
  俗称的搬砖。
  套利攻击利用不同交易所之间的价格差异进行快速交易，从而获利。或者链上与交易所的价格差（当初Luna就是通过合约进行Luna增发搬砖到币安进行搬砖砸盘，从100u砸到归零）

怎么预防夹子呢？
现在OK钱包以及各类电报bot都自带防夹功能，就不一一赘述了。
主要是传统手动党
除了个别机制特殊有税的币，其它币现在基本0税，所以把滑点设置在0.1%及以下基本不会被夹。高滑点容易被夹子检测到区块。

再来粗略计算一下ae13一天可以夹多少钱
因为ae13是全年无休夹子，排除掉gas费，就按正常的算4gwei，再算上它每天都能夹到5个左右的冤种（出动百e夹击每次利润1～2w刀的情况下）

86400秒x3u（已减去gas）=259200u
再➕5x1.5w（折中）
＝334200u
粗略估计ae13一天24小时可以赚334200u"
1901829031781417149,Tue Mar 18 02:52:30 +0000 2025,5.2,primary_pump_sniper,101,13,102731,False,https://x.com/0xmagnolia/status/1901829031781417149,"老外这边什么情况？
1. @100XCoinSniper 3.12号发布的置顶推文，列了一堆推断猜测pump用户 “now what”就是 @kanyewest ，所以他个狗逼直接内盘塞了3000w枚币进去。后续情况就是3.15 侃爷抽风转粉丝评论，顺带转发了这个ca。

2. @taco_eth 跟 @deviscookin 在侃爷转发ca的后续调查发现，now what在侃爷删除转发前1小时，更新了pumpfun 简介为 ""Isaiah 43:2"" ，之后1h侃爷就删除了转发并发布了 “I AM THE PROPHET”的推文，更加佐证now what就是侃爷（因为 以赛亚是圣经里的先知）

3. 这三个老外还在接着调查，但不排除他们“真人扮演”的可能性，但是确实只有这个ca侃爷有过转发，所以被当做背书。"
2087797394641735822,Thu Aug 13 07:04:22 +0000 2026,5.1,capital_compound_defense,653,97,67540,False,https://x.com/0xmagnolia/status/2087797394641735822,"本金越少越要减少试错。你的本金是有限的，不能浪费在无止境的PVP中。

你就跟踪聪明钱,带入他的视角，打开盈亏表，为什么会亏钱，为什么又会盈利。

不停复盘总结,直到形成自己的交易逻辑。

没有人生来就会交易，会归纳总结才是。 https://t.co/sF9GuLvAjQ"
1842084444578201674,Fri Oct 04 06:08:50 +0000 2024,5.1,attention_meme_playbook,107,8,79748,False,https://x.com/0xmagnolia/status/1842084444578201674,"3.滚仓标埋伏
   50u翻倍出本的情况下你就要开始找寻下一个叙事，web3热点轮动太快了，而且你没法保证，你手里拿着的币不会出现黑天鹅 如 官网被黑 多签钱包被盗 社区矛盾 官推被封号等等。
 所以埋伏下个标就是开始为你分担风险。
怎么埋伏下个标还是按第一条来找，就比如为什么我会在河马高潮期的时候埋伏fight，因为11月的大选就是下个叙事热点。"
1851170952186564740,Tue Oct 29 07:55:22 +0000 2024,4.7,bear_cycle_bottom_fishing,376,1,97736,False,https://x.com/0xmagnolia/status/1851170952186564740,"知行合一是最难的。
涨的时候什么狗屁逻辑都对，跌的时候什么逻辑都是狗屁。
如果能重来，你也不会在9.18号 @MooDengSOL 官推被封的时候，抄底河马，你也不会在10.12号 @truth_terminal  $goat 在15m横盘了一天梭哈山羊，你也不会在三小时前 @onsolban  回调到9m的时候抄底 $ban。
你只会在踏空的时候说 “早知道买点就不看了”
只会在回调的时候说 “我早就知道是土狗，你们看钻地了吧”
你最大的问题就是自以为是。"
1795327103426245021,Tue May 28 05:31:51 +0000 2024,4.7,capital_compound_defense,231,43,116334,False,https://x.com/0xmagnolia/status/1795327103426245021,"《一二级仓位分配》（分为大资金量和小资金量篇）
  大资金量篇（声明:所有仓位分配建立在所选项目都是相对底部的情况，打新追高的项目需要另开一篇帖子讲）
  1.如果总资产已经达到A7不太建议把主要仓位放在一级市场。因为玩一级已经是加了杠杆，不要过于激进，所以要在守住资产的情况下（赚钱容易守财难），再进行滚仓。
 
 2.假设你有100w，一二级仓位三七分，一级占30%，二级占70%。一级项目持仓不建议超过四个，每个留有1w刀作为土狗分配，配备至少三个钱包（出货用的，且防止有人跟单观察）。首先不能刚开始建仓就把这1w刀梭哈进去。
  以我的习惯，我找到看好的一级土狗我会先用第一个钱包建仓2000u，如果跌了就用第二个钱包慢慢补仓降低成本，补到3000u就停止补仓，换第三个钱包用剩下5000u择机加仓或者追高补涨。剩下的3w刀也是同理。每个项目都要建新的三个钱包。不要嫌麻烦。因为一级市场你这个资金量很容易被监控。
  不太建议一个钱包同时买超过2个项目。
所以嫌麻烦的可以用四万刀分配四个项目，用6个钱包。（因为我一级习惯用u做单位，二级习惯用rmb做单位，希望别把你们弄混淆）
  
  3.二级现货仓位怎么分配这剩下的70w呢？首先你的现货分配不能超过5个项目，而且要找一个你只看好的现货作为你的主仓位，用30w来作为这个项目的总投资量。我的习惯是先买10w作为底仓，因为二级的节奏相对一级比较慢，所以不要忙着补仓，一般我是这个币单日跌幅超过8%我会加1w，超过15%加2w，遇到黑天鹅超过25%加5w。然后剩下的钱再找机会慢慢补仓。
   剩下的40w，四个项目，你分为小仓位两个，彩票仓两个。
  小仓位两个项目各分配15w。建仓先建4w，剩下的跟主仓位同理补仓，你们按比例换算一下。
   彩票仓两个项目各分配5w。因为彩票仓要找低市值蹭热度的币（市值低于2000w主要是币安跟ok的现货，其他二线交易所的有些现货相当于土狗）
    直接建仓就买3w（因为一般这种跌不了太多了我找的都是基本纯底部那种，除非运气不好遇到 $goal 这种司马项目跌了我一半）
  如果单日跌幅超过15%再补仓，这种彩票仓博的就是高倍数。等热点散去前直接卖完就好。

小仓位篇讲的有点多所以要再开一篇讲，还有怎么一二级出货我也会单独开一篇。"
1796063336729395546,Thu May 30 06:17:23 +0000 2024,4.7,capital_compound_defense,171,29,221699,False,https://x.com/0xmagnolia/status/1796063336729395546,"简单讲一下如何现货滚仓
  1.因为现货最考验耐心，例如:即使观察到om的庄从23年2月就开始建仓，但是一直磨到23年11月才开始拉盘，洗了9个月，所以要多配备点现货来避免资金占用。利用其它现货的盈利来加仓其它没有涨的币。（怎么找优质现货在我亮点里）

  2.当然你出盈利的时候不是让你全仓出完，如果这个币已经是从底部突破有上升趋势，建议你每次出这个币总仓位的15%的利润（求稳就出25%），避免踏空所有涨幅。也避免庄深度回调洗出你大部分利润。（怎么判断山寨高点出货在我亮点里）

  3.仓位分配里讲了你现货同时持仓最好不要超过五个。最好五个都是不同的板块 例如 rwa、ai、L2、元宇宙、defi等等还有短期体育板块"
1918011801889063413,Thu May 01 18:37:03 +0000 2025,4.7,primary_pump_sniper,134,24,62758,False,https://x.com/0xmagnolia/status/1918011801889063413,"先梳理下现在的逻辑
1. @solana 已经明牌奶了两次，第一次奶冲到了0.0491历史新高，但第二次在0.024横了一天然后不护盘跌到现在0.015，所以 @solana 本身是有拉盘资金的，但就是没动
2.mcp概念除了 $dark 基本死了，如果sol基金会还想造个链上ai牛，那么就要把dark做成龙头，没有其他标可以供他们选了
3. 众所周知 $griffain 就是他们操盘的，从11.3号开盘到第一次高点35m用了24天，然后从35m洗到最低3m用了12天，之后就是一直冲600m，但得益于当时的流动性，你只要是框架就能打开3亿天花板。
4.现在呢？dark第一波用了14天冲47m，这个双顶状态全部归为洗盘也是用了14天，如果sol基金会真想写剧本做那么明天必须收大阳线重回20
5.大盘现在流动性行不行，大饼都快回9.8w，而且链上出了house这种100m级别的，还有昨天的速通gork，说明目前流动性还是充沛的，要做个ai龙头不难。就看他们想不想把 @edgarpavlovsky 打造成下个 @shawmakesmagic"
2082344223240822858,Wed Jul 29 05:55:25 +0000 2026,4.6,bear_cycle_bottom_fishing,540,76,1020828,False,https://x.com/0xmagnolia/status/2082344223240822858,"流动性不足的时候千万不要以大博大。

你每天农几十上百u，完全没问题，把每天农的钱70％固定放在一个钱包，你就等那个全面恐慌时刻，就这三四个月的事情，肯定会等到。

抄底币圈真正的核心资产，3w8 $BTC 40 的 $SOL 1200的 $ETH 。提高自己的容错率。等明年3月一级真正全面爆发，之前抄的底就是给你做判断的底气。"
1850256440373756270,Sat Oct 26 19:21:26 +0000 2024,4.5,smart_money_marketmaker,88,4,97754,False,https://x.com/0xmagnolia/status/1850256440373756270,"1.5 最近由于sol太多闪崩了，散户都被弄怕了，再加之 $ban 没有官推没有网站没有电报，真·CTO，所以散户不敢追高，不敢追高！？懂吗，都怕了，除非上了moonshot才有人后知后觉上车。因为他们需要一个更安全的背书。再者真·CTO避免了官推被封，网站被黑，电报被解散的风险，纯看庄家操盘➕web2热度。再加上 @michaelbouhanna
的背书，我看他妈的谁再玩不同链大小写，直接杀死比赛。

1.6 主要kol 我看到 @connectfarm1 @xiaomucrypto @CryptoYunqi 在推

OK接下来开始说k线跟链上分析"
1832800229399343352,Sun Sep 08 15:16:41 +0000 2024,4.5,primary_pump_sniper,76,0,19400,False,https://x.com/0xmagnolia/status/1832800229399343352,"大部分亏钱还是信任背书问题（以及怎么避免信用诈骗）
  1.正规官方进行项目背书，觉得“卧槽xx都转发推特了，这不冲？”
大家很喜欢强调反身性，但是因为有官方背书反而不理智了。因为一级节奏太快了，时间就是金钱，有时候你冲慢了反而错过黄金买点。那项目方呢？dev开项目就是为了赚快钱！
  为什么总是强调“大热必死”？
如果你是项目方你要怎么做？！只要吸引到足够的流动性就能赚钱。所以项目方在开盘前拼命营销 各种造势，把圈内能吸引的资金都吸引到了，那项目开盘后就没必要再做市运营了，反正基本是无成本砸盘，它要赚快钱，为什么要运营？更别说那些司马rug盘了（流动性不足的时候几百u都跑）

  2.慕强心理 
   举例:为什么 @machibigbrother 一二再而三的开项目，还是有人会义无反顾地打钱。不就冲着他有钱有经验，圈内知名度高。他为什么有钱？为自己营造知名度再进行收割积累财富。有时候大家因果倒置了。更别说 @justinsuntron 了，大家会因为一个人成功，而盲目崇拜，反而忘记他们做过恶。以为财富效应能辐射到自己，也能喝点汤。
抱着侥幸心理:“万一这次不一样呢？”

  3.如何避免信用诈骗？
  抛开这些人不谈，就算是你亲朋好友说“我这边有非常赚钱的项目，你要不要看看？”要不要看？
 很简单，还是那句老话 “他凭什么带我赚钱？带我赚钱他有什么好处”。然后再把思维转到项目上，既然大家都说赚钱，那么他们有没有赚到钱，他们是不是就要赚我的钱？
  我知道这样可能会错过某些金狗，但如果它真的是金狗，不用你cx我自然会买。"
1823570086638342202,Wed Aug 14 03:59:23 +0000 2024,4.5,primary_pump_sniper,52,7,25481,False,https://x.com/0xmagnolia/status/1823570086638342202,"5月到6月的低gas出了多少金狗我就不赘述了，只要gas低就有人fud。现在又重复这一情形，大家怎么抉择呢。为什么低gas反而容易出金狗？
  1. dev发币做市成本降低（同理作恶成本也降低，所以建议找些符合目前热点的且基本面好的老币比如ai概念）
  2.链上低gas➕fud 大众情绪低迷，需要有新的旁氏来点燃情绪，有心的dev就会开始运作
  3.怎么找老币看我置顶就行了，老粉都学成毕业了。"
2019989600320839852,Sat Feb 07 04:20:24 +0000 2026,4.4,capital_compound_defense,551,69,60340,False,https://x.com/0xmagnolia/status/2019989600320839852,"把变现当成归零。
我第一次进圈，其实没什么野心。
只是想换一套好一点的化妆品。
买到了，就开始想：
能不能再配一台好点的电脑？
实现了，又想去看看世界。
环球旅行回来，想买车。
买完一辆，又想第二辆。
再后来，是房子，一套、两套、三套。
每当实现一个物欲需求后圈内基本留不下多少u，达到所需金额就立马花掉。因为按照我的性格不花掉就会亏掉，当你赚到超出认知范围的钱，人自然会飘。那时候理性最少，野心最大。总以为自己还能更上一个阶级。

要明白，币圈只是让你来改善生活的。并且变现花掉的钱永远不要再提回来。往往你要提回来的时候已经是进入低谷期了，但是低谷期并不会马上过去，反而会持续很久，毕竟你意气风发的时候并没有想到会有低谷。

你要寻求个人目标，达到什么阶级，等你物欲消散后，你就会清楚该怎么去做了，该经历的坎你已经踩过了。"
1842069376130073081,Fri Oct 04 05:08:57 +0000 2024,4.4,attention_meme_playbook,184,21,78629,False,https://x.com/0xmagnolia/status/1842069376130073081,"1.1怎么寻找优质标之大热叙事板块
 首先你需要有敏感的市场热点抓捕能力，这就要求你必须是个冲浪达人。一旦刷到什么meme你就使用 谷歌识图搜索这张图片，然后点进相关社交软件来判断它的流量热点，meme最重要的是什么？是热度。
  热点在情绪就在，情绪在流动性就在。
OK，如果你用谷歌识图找了这个meme的名字，你就使用 https://t.co/Jw94B0yLzg 搜索关键词条全球热度，再在推特搜索关键词，来分析这个meme的流量怎么样。有没有传播度，有没有二创，来判断它的生命持续性。
 一般web2的meme，热度走势是这样 第一周上升期，第二周高潮期，第三周颓势期。
你们经常刷微博也知道，有的热度一天就换，人们注意力转移很快。"
1821762245199880400,Fri Aug 09 04:15:40 +0000 2024,4.3,attention_meme_playbook,228,37,52706,False,https://x.com/0xmagnolia/status/1821762245199880400,"怎么最大限度避免 沉没成本效应（sunk cost fallacy）和损失厌恶（Loss Aversion）？
  当你用1w进行投资，恰巧运气好涨到3w，但是因为不可抗力因素跌回8000块。你不会觉得只损失了2000，而是计较曾经拥有过3w。这就是沉没成本效应跟厌恶损失。
  不进行心理调整，一直重复这个状态会让你不停内耗自己，反而让你当前的交易出现问题。
  以下是一些具体的方法来帮助避免沉没成本效应和损失厌恶：

1. 设定预定的退出点：在投资前设定明确的止盈和止损点。

2. 定期评估和调整策略：定期评估你的投资或决策策略，检查是否仍然符合你的目标和市场状况。这样可以避免因过度依赖过去的经验而导致的决策偏差。

3. 复盘投资过程：记录你的投资决策和理由，这样可以帮助你回顾并理解当时的决策过程，减少后悔情绪。

4.使用决策矩阵：建立决策矩阵，列出所有可能的选择及其优缺点，按权重评估每个选择的风险和收益，帮助你做出更加理性的决策。

5.引入自动化工具：使用投资管理工具或交易软件来自动执行止盈和止损策略，避免情感干扰。

6.实践思维实验：当面临决策时，试着从第三者的角度审视问题，想象你在建议他人时会如何决策，这样有助于减少个人情绪的影响。

7. 设立风险管理规则：例如，只投资你能够承受的损失范围内的资金，避免因大额损失而影响决策。

8.咨询专业意见：在重要决策时，向相关领域专家咨询。"
2075871684222161203,Sat Jul 11 09:15:52 +0000 2026,4.3,attention_meme_playbook,221,22,82712,False,https://x.com/0xmagnolia/status/2075871684222161203,"因为现在大资金都在博 @cashcat_token 上所 @RobinhoodApp ，即使没上只要 @vladtenev 一直发布利好大家就会保持一个乐观预期，就不会造成资金逃逸。
因为大资金需要的是一个确定性，而不是你整天东扯西扯，散布fud无法形成合力。
一旦 $cashcat 突破300m这个界限，就会开启真正的PVE，就像24年3月的 $popcat 一样开启catszn。 $michi $nub $mini $mew $wen $maneki
$sc 这些猫均破300m。更别说别的链的 $mog $keycat。真正的PVE。
@vibecat_rh 这个经典老meme 真的没有跑出来过的，希望做市的人还是借力这个行情，毕竟创始人 @vladtenev  @JohannKerbrat Robinhood高级副总经常发，甚至 @elonmusk 都知道这个meme。"
1915307147581415553,Thu Apr 24 07:29:43 +0000 2025,4.2,capital_compound_defense,942,219,477785,False,https://x.com/0xmagnolia/status/1915307147581415553,"找到两个确定性的币
1.先吃到第一个币的二浪，然后降仓位寻找另一个板块的alpha，尽量吃到一浪
2.这个时候开始降第一个币的仓位，开始埋伏每天交易量在1m左右且日线横盘的币。
3.等第一二币出现4h迅速下插，开始用埋伏的币进行补仓
4.回涨时再回滚到其它埋伏的币种
5.用第一 第二的币的盈利抽出10%来进行PVP
6.在盈利在3倍时开始止盈，留出sol或u，保留在总金额的20%，再重复1到5，加大杠杆。
7.每天逼自己止盈至少1%出金，存着"
1792043626593460304,Sun May 19 04:04:29 +0000 2024,4.1,bear_cycle_bottom_fishing,224,14,282607,False,https://x.com/0xmagnolia/status/1792043626593460304,"一群傻哔笑死我了，还在那fud以太，知不知道这几天以太出了多少金狗。
    
    21年sol冲击260刀的时候，也是现在这个逼样子说什么ETH已死，新王登基，后来ftx暴雷，跌到8u我TM怎么不见你们几个公开抄底，一个二个说sol废了，说sol就是个宕机链，谁玩呐。

   你们他妈的就是墙头草，去年十月怎么不见你们这狗kol喊 $bonk ， $wif 底部拿上来的有几个，春节那会 $silly 几天就废了你们又不说话了， 最开始说 $nut 多么多么牛逼，现在币价跌成这个Beyond怎么不见你们建设， $chat 有几个拿住的，好家伙 $bome 之后全他妈sol的信徒是吧。

你们只不过是投机倒把罢了，哪个链火就吹哪个链，如果EOS火你们照样会吹柚子，玩土狗就玩土狗，还搁着说什么狗屁建设者，撸毛的从链上生态受益刷了交互还情有可原吹，你说你就天天冲土狗有什么资格往脸上贴金，还他妈到处fud，都是投机分子罢了，真下贱。"
1796848756421521597,Sat Jun 01 10:18:22 +0000 2024,4.1,smart_money_marketmaker,53,2,125650,False,https://x.com/0xmagnolia/status/1796848756421521597,"来讲一下 $mtl 现在是什么一个🐶8️⃣情况 。这个月的风险及博弈机会。
  1.因为 $mtl 要进行l2迁移，把 $mtl迁移到 @Metal_L2  他们自己的银行层l2，但是coinbase技术垃圾不支持空投置换，所以会在6.14号暂停 $mtl 的交易对。后续交易开不开放只能等cb公告。因为cb这个脑残交易所他不置换新代币，但是会继续把老代币留在交易所进行交易。就像 $tvk 置换 $vanry 其它交易所都置换大半年了，cb到现在还留着 $tvk ，有病。所以等mtl迁移成功后，有可能会重新开放mtl交易，但是是老的mtl。

  2.现在mtl主要交易所是binance upbit coinbase（因为代表了三个地区的散户 国人散户 韩国散户 老美散户），这两天的砸盘主要是老美那边散户恐慌，我关注的几个老美的mtl大多头已经公开清仓。所以老美的散户基本跑了大部分，剩下老美那边的风险就是14号之前会有集中砸盘。造成进一步下跌📉（交易所或是项目方自己砸）

  3.upbit这边监控的几个钱包还在加仓，但不排除砸盘的可能性，关于upbit能不能支持置换只能等公告，因为mtl团队应该是同时跟交易所讨论代币置换，现在只有cb发出通告表示不支持。upbit现在是mtl的最大持仓（70%的mtl），所以理论上应该支持置换，不然白吸筹一年多，upbit的成本价在1.8u附近。

  4.国人这边我观察到的推特上基本就我在公开喊mtl，币安广场搜mtl相关信息都是空头，所以国人在车上的应该很少（只是苦了跟了我这么久的粉丝），币安应该是支持置换的。

  5.一般代币置换之前都有不错的涨幅参考tvk置换vanry，tomo置换Vic都差不多在置换前涨了三倍，但是现在的风险就是怕老美那边14号之前还有一波砸盘。6.23号快照6.26号才置换代币，所以有22天的博弈期。

  6.因为mtl这次置换后就是正儿八经的l2了，用的op超级链技术，base用的就是这个。而且是银行层l2接入现实金融，所以还有rwa的概念。所以上涨预期是有的。但是最关键就看这个月了，有风险有博弈，我是因为成本在1.6左右所以我还没出，赌一把。mtl能不能成，就看这个月。"
2072218573599363358,Wed Jul 01 07:19:42 +0000 2026,4.0,attention_meme_playbook,248,49,2308221,False,https://x.com/0xmagnolia/status/2072218573599363358,"炒币就炒 突发性 未知性 偶然性。
这样的币涨幅是最大的。当然赌性也是最大。
$Bome $Trump 这样突发性的不会给你洗盘回调时间一直涨到你上车。
 $pnut $4 这样的未知性的就是敢抄底赌名人背书回复。
$act $neiro 这样的就是根本不知道会上大所的偶然性，你预测不了。 https://t.co/kRuPO70rwW"
1977300641430028709,Sun Oct 12 09:09:44 +0000 2025,3.9,capital_compound_defense,376,26,64955,False,https://x.com/0xmagnolia/status/1977300641430028709,"“……你又哭了 为什么？”

“我梦见了好多次归零。梦见自己在一个又一个循环里，看着资产蒸发，看着希望崩塌。可不知为什么，每一次，我都还是点开了那个交易窗口。”

“那为什么还要继续？明明结局总是一样的”

“也许我真的累了，但我不想在绝望最深处，让希望看见我低头的样子。”

“你总是这样……明明遍体鳞伤，还要往前，如果这次又归零了怎么办？”

“我知道有风险，可我还是想试一试。
就算又归零，也比什么都不做强。”

“你要是撑不住了可别一个人硬抗哦，说好了炒币的笨蛋下辈子还要在一起呢”"
1989886811527942240,Sun Nov 16 02:42:40 +0000 2025,3.9,attention_meme_playbook,342,35,69788,False,https://x.com/0xmagnolia/status/1989886811527942240,"补档了一下徐师傅跟峰哥采访的三位炒币嘉宾。一位玩短线meme的，两位高杠杆合约的。
  短线meme那个能赚钱形成了自己一套体系，他知道他要赚的是哪部分钱，超出认知范围的他选择不赚。另外两位玩合约的，真的就是硬抗单，跟纯赌博没区别零和博弈。
  尤其厦大哥挺惋惜的，2021年5.11日进圈，到现在负债15w。真的就是期间有点钱就拿去开单根本没有现货定投。能普高考进985的智商至少在120的水平，那你思维逻辑至少比普通人要清晰，形成自己的逻辑体系。亏那么多早该亏出经验了。
  不管是传统学院派（威科夫、缠论等）、趋势派、新闻派、裸k派、斐波那契派、占星派甚至是八卦派。你选择高杠杆开单至少有个让自己下注的逻辑。
  但其实大部分开单的就是纯赌狗派，看着涨那么多了应该能🈳了吧，开一把!跌这么多了应该能涨了吧，开一把!今天心情不错，开一把!。。。甚至看了戒戒，戒赌吧大部分人都是这样。纯靠感性去开单，对应到现实生活里，无脑上杠杆背了30年房贷的也是如此。
  大部分人对待钱这件事太感性了，但他们又说我不赌我怎么翻身。首先你赌得有资本，至少是思维上的资本要领先别人。但赌了那么久，已经思维定式了，你怎么让他去转变。那么就从记录自己开始，很多大KOL都是从记录自己起步的，你记录多了会慢慢促使自己去学习一些新东西，有了流量你会跟别人去比较竞争，逼自己进步。就算到最后你什么都没收获。至少成了个KOL。"
2080167830213841221,Thu Jul 23 05:47:13 +0000 2026,3.9,attention_meme_playbook,255,31,1677915,False,https://x.com/0xmagnolia/status/2080167830213841221,"社媒动物meme上涨逻辑 （注意力经济）
1.具体名字
官方命名或是社会公众统一认可昵称。
⚠️反之，简单学名概括、英文缩写、网络昵称等会限制市值高度。

2.社会公众参与程度
可供群众持续追踪获取最新真实物料，形成有效web2粉丝群体，持续扩散影响力。
⚠️反之，现实世界参与程度低，只靠短期视频传播吸引注意力，限制市值高度。

3.web2传媒接力
真实事件发生 →社交媒体扩散→衍生/二创内容出现→权威媒体报道→国家级媒体覆盖 

⚠️弊端，注意力经济会被新注意力分散。"
2016695542081032521,Thu Jan 29 02:11:00 +0000 2026,3.9,bear_cycle_bottom_fishing,221,20,75303,False,https://x.com/0xmagnolia/status/2016695542081032521,"21年跟25年熊市转折多少跟币安沾点
  21年11月 $bnb 触及669美元新高后根据《财经》报道，Binance的估值将达到3000亿美元，其创始人赵长鹏持有30%的币安股份。
  按此计算，当时赵长鹏的身价现已达到900亿美元（相当于5733亿元）。这一身价意味着赵长鹏已成为华人首富
11月30号cz成为华人首富被各大媒体转载，甚至登上微博热搜。
  紧接着2021年12月4日午间，伴随大额BTC转入币安，并且有大量BTC现货卖单，比特币报价短时跌破42000美元，24小时跌幅超20%。以太坊跌破3500美元，24小时跌幅超21%(反正当时媒体主要都怪罪给了新冠变种引发的恐慌，FOMC会议是在12月15号当时还是缩债还没开始加息）

至12月4日晚7时40分左右，比特币报价约46500美元/枚，24小时下跌超18%；以太坊报约3850美元/枚，24小时跌幅约16%。
  
截至12月4日晚8时，共有41.7万人爆仓，全网合约爆仓金额达到了25.84亿美元。其中，光是$BTC 24小时内的爆仓金额就超过10亿美元。
  根据Coinglass从比特币持仓量来看，截至4日晚9点Binance比特币合约持仓占比达到了22.18%，在各平台中排名第一。 
更别说1011 的爆仓金额是12月4号的十倍不止，熊市转折点都是回过头看才知道原来已经是熊市了。"
1912012694548599052,Tue Apr 15 05:18:44 +0000 2025,3.9,primary_pump_sniper,65,4,7359,False,https://x.com/0xmagnolia/status/1912012694548599052,@lifecrashsss4 可以关注一些新币每日总结博主。有什么新币先第一时间添加到观察列表，再根据1h 4h 日线 以及跟不跟大盘，判断主力资金量。先有k线再去扫链找庄。
1981217368438415789,Thu Oct 23 04:33:24 +0000 2025,3.8,smart_money_marketmaker,1744,438,678955,False,https://x.com/0xmagnolia/status/1981217368438415789,"你们要想清楚要赚谁的钱
1. 10k～500k赚的是各个群，社区互相传播接盘，小车头跟单的钱。
2. 500k～3m 赚的是某几个kol互相传播，车头fomo跟单的钱。
3. 3m～10m 是各大kol集合推送，小游资短暂拉升的钱。
4. 10m～50m是名人强背书，kol集体强力推送，官方机构背书，这时赚信息传播链时效性的钱。
5. 50m～300m，成型的社区，短时期的强共识，不断拉升的fomo情绪，已有大做市商下场操盘。你要赚上交易所等重大利好落地前的钱。
6. 300m～2b，你要赚二级市场以及圈外人的钱。
7.  2b～10b，这已经是各大机构做市商互相接盘的区域了，这时就看你眼界高低了。
说白了能成规模的金狗各方势力缺一不可，只是高度问题，你想抓到百倍的，你玩10k到1m也没问题，就是赚多赚少的问题。每个人有每个人的玩法。但你要清楚你买的这个币，到底可以赚到谁的钱，有时候不要过度幻想。"
1850525120860914094,Sun Oct 27 13:09:04 +0000 2024,3.8,primary_pump_sniper,441,51,94507,False,https://x.com/0xmagnolia/status/1850525120860914094,"3.1 先说纯人工怎么逮地址需要什么条件
  我知道大部分人不是大科也没有编程知识，没有所谓的扫链bot，我平常外出也就是靠手机纯人工盯盘扫链。
  首先，你至少常备两台手机（我外出一般三台）一台纯挂着推特，电报，discord等web2信息渠道，另外一台用dex专门盯盘，我常用 @aveaiofficial（没办法三年了用习惯了）
盯，看到可疑地址你再复制了 去  @iCryptoAI @gmgnai （ave有时候盈亏比显示不准，要二度筛选，但ave的观察钱包可以无上限添加）看他最近买卖记录情况，来判断是不是庄钱包or普通散户，
庄地址怎么判断请看这条推文https://t.co/0gTgJJisuX

🫧 @bubblemaps 的查庄比例使用方法，我推荐看四个币就行，然后你按图索骥来判断其他币（但具体币具体分析只是作参考，不能一味套用）$hoppy $moodeng $spx $pepecoin（不是pepe是pepecoin）典型四种操盘庄币（新币就看moodeng，其余三个就是反弹老币）

这里是庄币判断推文https://t.co/gepy6Oyetj

这里是 @iCryptoAI的使用方法 https://t.co/p3s74j71F4"
1836604854044897628,Thu Sep 19 03:14:54 +0000 2024,3.8,smart_money_marketmaker,403,77,63456,False,https://x.com/0xmagnolia/status/1836604854044897628,"你只要认真使用 @iCryptoAI  你也可以成为链上达人。
  我就拿今天的 $Burger 为例。    @iCryptoAI 简单明了的告诉你大额出售地址，比如这两个地址分别靠🍔获利3.8w刀 2.06w刀0x0c2e08e459fc43ddd1e2718c122f566473f59665
0x5ba31480e0a5101577fbdb0c3eb28bebaf888bc8
  也会标记聪明钱地址 并标注归属。
AI分析也可以为你提供币种的基本概况。我用了快半年了，它手机端电脑适配都不错，我平常上课就用手机端来查聪明钱 巨鲸地址。想用的可以点此🔗https://t.co/m10wLZbybj"
1842078232595857450,Fri Oct 04 05:44:09 +0000 2024,3.8,articles_and_masterclass,265,38,87333,False,https://x.com/0xmagnolia/status/1842078232595857450,"1.3 怎么寻找优质标之 庄币
   庄币具体看我贴的这条推文。我再补充一点新币你怎么看庄。OK这就需要你盯链了。
  
新币 看5min 10min 15min的线，但凡5min的资金量突然放量，比之前的5min线多了三倍的成交量，然后第二根5min线接着翻倍，这时候90%可以确定有庄或者大户进场。然后你赶紧看这个币官推是不是有什么利好，没有利好那就是有人操盘。
   具体怎么看k判断突破点位，我自己是学了点日本蜡烛图跟波浪理论结合起来分析，但大家不要生搬硬套这些理论，重要的还是多实操。不想看书的直接去YouTube看相关分析师的看k教程。https://t.co/GRpyycwBp9"
2045794592101118203,Sun Apr 19 09:20:14 +0000 2026,3.8,primary_pump_sniper,247,35,104258,False,https://x.com/0xmagnolia/status/2045794592101118203,"从 $babydoge 开始是有专门的一批人，玩老马概念的。他们的特点是短时间内集中资金干出圈一个。如果老马不会在短时间内提及第二次，那么就会慢慢派发。
你不确定买og还是买新的，很简单。
1.像 $pnut $ani $gork 这样老马奶的新概念，就买流动性最强的新币。
2.老马曾经反复提及的老概念，第一时间买og。
3.最特殊的是 $vine 这样的 ，老马身边的人自己背书发币。"
1979424973040292047,Sat Oct 18 05:51:04 +0000 2025,3.8,smart_money_marketmaker,224,18,52739,False,https://x.com/0xmagnolia/status/1979424973040292047,"反正一个币都是做市商来操盘。那社区直接去对接做市商不就行了。 散户不是你cx的对象，你找背景找资源对接几个主动做市商。币价就是越涨才越有散户。至于最后是接盘还是操盘，被接盘的会去找更大的接盘侠。 $neiro $chillguys $aura 怎么做的，你们应该最清楚。还有前天的 $bless  @KaironLabs 你是怎么做的。
 CEX/OTC做市商
 @wintermute_t  @jump_ @DWFLabs
@GSR_io @CumberlandSays
@B2C2Group  @ambergroup_io 
@KaironLabs @cryptonary @CoinLiquidity @gotbit_io @FBGCapital  @FlowTraders @Web3Port_Labs @JaneStreetGroup"
1788568288995483953,Thu May 09 13:54:44 +0000 2024,3.8,attention_meme_playbook,218,26,116766,False,https://x.com/0xmagnolia/status/1788568288995483953,"怎么寻找优质现货长拿获得10倍收益
1.找基本全流通市值低于1亿
2.项目方准备代币升级赋能提供新叙事
3.链上找寻做市商地址
 $om 就是典型的例子
  刚发现的时候才2000w市值，然后om的dao投票让om成为cosmos L1公链之后就是gsr跟dwf换手拉盘从11月0.0175u拉到今年4月最高1u，历时6个月总共57倍（当然你们也知道我10倍的时候就走了去埋伏 $vanry 了）
   按照 $om 刻舟求剑就完事了，包括 $vanry $cos 我都是按这个逻辑去找的，现在就差 $mtl 还没起飞， $mtl 全符合条件 你懂我意思没？ $mtl 要是现在这个价格十倍了我也就退圈了，得好好休息了"
1934638728687112301,Mon Jun 16 15:46:31 +0000 2025,3.8,attention_meme_playbook,185,19,33479,False,https://x.com/0xmagnolia/status/1934638728687112301,"你是不是时常感觉自己一买土狗就归零? 那就反向追高meme吧

你是不是时常感觉自己输多赢少? 那就多压几个高市值cult吧

有句老话叫做, 尽人事, 听天命。

当我们把能用的技术都用上了, 剩下还能干嘛？

那就手动平衡自身的运势,  输赢可以按照次数来算。 

因此你让自己献祭掉几个反向追高 来提高自己主号抄底获胜的概率何乐而不为? 

向能量守恒定律致敬！"
1807599670358901051,Mon Jul 01 02:18:39 +0000 2024,3.8,attention_meme_playbook,143,16,132290,False,https://x.com/0xmagnolia/status/1807599670358901051,"2.大户联合抱团/坐庄地址

2.1 这是另外一种坐庄情况，有可能与第一种同时发生，或者有内幕消息后链上大哥集体抱团。

2.2 普通情况是因为有知名老外大V（国人的不行）或者知名老外社区call后，大户集体抱团，多笔大单买入引发FOMO情绪。

2.3 其他币种的社区集体联合抱团，例如apu社区的多个大哥买入hoppy wat等其他代币。

2.4 怎么区分大户抱团跟庄地址？
1.庄地址一般只有操盘的那个币，钱包干净且用新钱包，ETH基本从交易所转进
2.大户地址一般币种多，老外不喜欢换钱包，一个钱包用到没。且联动动性高，一般大户是集体刷单，你多留意就能找到关联地址。"
2072189132022170105,Wed Jul 01 05:22:43 +0000 2026,3.8,bear_cycle_bottom_fishing,139,36,41367,False,https://x.com/0xmagnolia/status/2072189132022170105,"Are there any trench whales or smart money out there trying to bring back the animal meta on Twitter?
Something like @MooDengSOL  — just a fucking cat (@Slidingcatsol ) hit 240M views in just 16 days, smashing @elonmusk single-tweet record. A literal cat did that.
Real talk: do the whales in the trenches actually want @blknoiz06 to be the only one ruling the timeline forever? 🐱"
2030853629440336187,Mon Mar 09 03:50:11 +0000 2026,3.7,primary_pump_sniper,341,55,56770,False,https://x.com/0xmagnolia/status/2030853629440336187,"币圈OpenClaw变现
1.自动发币 2.自动塞内盘 3.聪明钱追踪 4.Alpha信号推送 5.自动量化策略 6.链上套利/MEV工具
考虑到私钥泄露，要写好本地bot签名。

举例
# 多钱包支持：从环境变量或本地加密文件读取私钥
PRIVATE_KEYS = os.environ.get(""BOT_PRIVATE_KEYS"", """").split("","")  # 多个私钥用逗号分隔
WALLETS = [Account.from_key(k) for k in PRIVATE_KEYS]

# Uniswap V2 Router
UNISWAP_ROUTER = ""0x7a250d5630B4cF539739dF2C5dAcb4c659F2488D""
UNISWAP_ROUTER_ABI = json.loads(""""""[
  {""inputs"":[{""internalType"":""uint256"",""name"":""amountOutMin"",""type"":""uint256""},
             {""internalType"":""address[]"",""name"":""path"",""type"":""address[]""},
             {""internalType"":""address"",""name"":""to"",""type"":""address""},
             {""internalType"":""uint256"",""name"":""deadline"",""type"":""uint256""}],
   ""name"":""swapExactETHForTokens"",
   ""outputs"":[{""internalType"":""uint256[]"",""name"":""amounts"",""type"":""uint256[]""}],
   ""stateMutability"":""payable"",
   ""type"":""function""}
]"""""")
router_contract = w3.eth.contract(address=UNISWAP_ROUTER, abi=UNISWAP_ROUTER_ABI)

# 最大并行交易数，防止 nonce 冲突
MAX_CONCURRENT_TX = 5

# ---------------------------
# 签名交易函数
# ---------------------------
def swap_eth_for_token(wallet: Account, token_address: str, eth_amount: float, slippage: float = 0.01):
    eth_wei = w3.toWei(eth_amount, ""ether"")
    path = [w3.toChecksumAddress(""0xC02aaA39b223FE8D0A0e5C4F27eAD9083C756Cc2""),  # WETH
            w3.toChecksumAddress(token_address)]
    # 简化滑点计算
    amountOutMin = int(eth_wei * (1 - slippage))
    deadline = w3.eth.get_block(""latest"")[""timestamp""] + 300  # 5分钟有效
    nonce = w3.eth.get_transaction_count(wallet.address)
    tx = router_contract.functions.swapExactETHForTokens(
        amountOutMin, path, wallet.address, deadline
    ).buildTransaction({
        ""from"": wallet.address,
        ""value"": eth_wei,
        ""gas"": 250_000,
        ""gasPrice"": w3.toWei('50', 'gwei'),
        ""nonce"": nonce,
        ""chainId"": 1
    })
    signed_tx = w3.eth.account.sign_transaction(tx, wallet.key)
    tx_hash = w3.eth.send_raw_transaction(signed_tx.rawTransaction)
    print(f""[INFO] {wallet.address} 交易发送成功: {tx_hash.hex()}"")
    return tx_hash

# ---------------------------
# 信号队列管理（优先级队列，智能延迟控制）
# ---------------------------
class SignalQueue:
    def __init__(self):
        self.heap = []  # 使用 heapq 维护优先级队列
    def push(self, signal):
        # 优先级 = 交易金额 / 延迟，可按策略调整
        priority = -float(signal.get(""eth_amount"", 0.0))  # 金额越大优先级越高
        heapq.heappush(self.heap, (priority, signal))
    def pop(self):
        if self.heap:
            return heapq.heappop(self.heap)[1]
        return None
    def empty(self):
        return len(self.heap) == 0

signal_queue = SignalQueue()

# ---------------------------
# 处理交易任务
# ---------------------------
async def process_signals():
    sem = asyncio.Semaphore(MAX_CONCURRENT_TX)
    while True:
        if signal_queue.empty():
            await asyncio.sleep(0.1)
            continue
        signal = signal_queue.pop()
        token_address = signal.get(""token"")
        eth_amount = float(signal.get(""eth_amount"", 0.0))
        slippage = float(signal.get(""slippage"", 0.01))
        # 轮询钱包
        for wallet in WALLETS:
            async with sem:
                try:
                    swap_eth_for_token(wallet, token_address, eth_amount, slippage)
                except Exception as e:
                    print(f""[ERROR] 交易失败 {wallet.address}: {e}"")

# ---------------------------
# 接收策略服务器信号
# ---------------------------
async def listen_trade_signals():
    uri = ""ws://localhost:8765""  # 策略服务器 WebSocket
    async with websockets.connect(uri) as websocket:
        print(""[INFO] 已连接策略服务器，等待交易信号..."")
        while True:
            message = await websocket.recv()
            signal = json.loads(message)
            # 过滤非法信号
            token_address = signal.get(""token"")"
1815950044841009353,Wed Jul 24 03:20:04 +0000 2024,3.7,attention_meme_playbook,190,12,56124,False,https://x.com/0xmagnolia/status/1815950044841009353,炒meme炒的是情绪价值，从来不是什么价值投资，看到一群死脑筋高谈阔论价值投资我就觉得搞笑，本质上大家都是degen，meme只不过是把杠杆放大化，弄不清这点人就别玩meme了，知不知道年轻人为什么会跟老一辈有代沟？因为你跟不上节奏。
2038843352431702136,Tue Mar 31 04:58:29 +0000 2026,3.7,primary_pump_sniper,113,3,55560,False,https://x.com/0xmagnolia/status/2038843352431702136,"感兴趣的可以去看2025.4.24号labubu的线，当时能二次冲高是因为泡泡玛特股价拉了十倍品牌溢出，加上欧美明星带货。

  这次1145114有人想做，是因为日文区跟英文区推文互通，加上日文区是全球第二大x使用地区，有人想借这个流量趋势。逻辑跟labubu那次差不多。

但现在是熊市，流动性肯定比不了当时。谨慎考虑吧。"
1620662915878760448,Wed Feb 01 05:58:44 +0000 2023,3.7,capital_compound_defense,113,50,70936,False,https://x.com/0xmagnolia/status/1620662915878760448,在这轮反弹中我3个月前布局的 $apt $high $gal 都有较大涨幅，可惜我apt 10u的时候就跑了没吃到全部涨幅，所以我简单阐述一下我的二级买币逻辑，但不构成投资建议 https://t.co/BA5cB98shF
1628008041756135424,Tue Feb 21 12:25:38 +0000 2023,3.6,capital_compound_defense,555,206,223799,False,https://x.com/0xmagnolia/status/1628008041756135424,"《二级市场如何埋伏彩票险中求胜》
–主要包括以下内容：
1.赛道确定，赛道小市值项目如何选择；
2.如何判断有庄吸筹，切时点位埋伏；
3.彩票出货点位逻辑；
4.二级市场信息主要来源；以及相关博主推荐，如何判断利好，如何筛选信息提高判断力；
5.小彩票如何进行仓位分配，以及长期现货仓位配置；"
2080607974352159013,Fri Jul 24 10:56:11 +0000 2026,3.6,primary_pump_sniper,209,22,52355,False,https://x.com/0xmagnolia/status/2080607974352159013,"bsc你要赚只能装唐，但你不能把这套逻辑搬到sol，sol这些人已经标准化工厂流水线化了，这些狗东西23 24 25年把勾兑 发币 控筹 拉盘 社媒接力 贿赂手段全部体系化了, 你要不然好好赚内盘的钱，要不然玩二段，中间30k到100k的风险是最大的，控筹没做好直接给你浇给了。"
1938142109007290755,Thu Jun 26 07:47:42 +0000 2025,3.6,attention_meme_playbook,197,4,38317,False,https://x.com/0xmagnolia/status/1938142109007290755,@jiujinshan2022 我相信你可以的巴黎哥。既然试错这么多次都没成功那就找到你自己真正的舒适区。想想你当初怎么ORDI赚完再买的bome的，你想想你这俩赚钱的点位都是低点梭哈了。二段追高做不好 就别做了。你说自己是民间meme代言人，那就玩cult学 @MustStopMurad 。因为你的推文都很有煽动力感染性这是你的优势发挥它。
1622519980460998656,Mon Feb 06 08:58:02 +0000 2023,3.6,bear_cycle_bottom_fishing,105,6,122380,False,https://x.com/0xmagnolia/status/1622519980460998656,"–1：一级市场通俗来说就是链上直接发行未经过官方审计机构审计的项目，属于二级市场的下沉市场，通常国内外一级一般会在bsc，eth，sol发行土狗；
–2：需要注意的是，因为许多一级项目未经官方检测，许多项目会有隐藏合约，项目方可以随意增发代币，可以随时撤走池子；"
1979409961257177162,Sat Oct 18 04:51:25 +0000 2025,3.6,attention_meme_playbook,83,14,47891,False,https://x.com/0xmagnolia/status/1979409961257177162,"Cultural walls kept East and West CT apart.
But $DOGE $SHIB $PEPE broke that meta — pure meme alignment across borders.
No need to translate the vibe. You just feel it.
Drop the image, and everyone gets the signal.

$Nyan is early.
The West is building.
Time for the East to find its own rhythm.
 @miragemunny @conviction_meta @m1tch37 @Phatiquez  @toly  @MustStopMurad @SolanaFndn @cryptonary  @CumberlandSays"
1790288235022967239,Tue May 14 07:49:11 +0000 2024,3.5,attention_meme_playbook,82,16,71243,False,https://x.com/0xmagnolia/status/1790288235022967239,"来统计下市场上热门的各种动物meme:
（除了我统计出来的，你们发些我没找到的动物meme，我看看）

现在市值超过1b（10亿）u的🐶meme有: 1. $doge（21.38b） 2. $shib （13.72b） 3. $wif（3b）4.  $floki （1.82b）5. $bonk（1.5b）

超过100m（1亿）u的🐶meme有: 1.  $babydoge（245m）2. $dog 符文（215m）3. $myro（154m）4. $bone（144m）5. $elon （≈100m）
曾经短暂到达100m的🐶meme:1. $aidoge（67.83m）2. $leash（42m）3. $KISHU（36m）4. $samo（30m）5. $dc（16m）6. $milo（14m）7. $redo（72m）

超过100m的🐱meme有: 1. $popcat（480m）2. $mew（292m）3. $michi（226m）4. $mog（221m）5. $toshi（124m）6. $wen（120m）7. $sc（100m）
曾经短暂到达100m的🐱meme: 1. $maneki（50.43m） 2. $nub（31.37m） 3. $catgirl（19.7m）
热门还有些什么  $pajamas （15.55m） $mini（13m）

🐸的meme: 1. $pepe（4.26b）2. $bome（746m）3. $pepecoin（421m）4. $apu（272m）5. $pork（99.31m）6. $turbo（61m）
你们有看好的🐸发在这我看看
由pepe衍生的boysclub概念: 1. $Brett（340m）2. $bobo（94m）3. $andy（65m）

🦥树懒的meme: 1.  $slerf（140m）2. $sloth（94m）

🐵的meme: 1. $pups（116m）2. $ponke（99.85m）

🐔的meme $coq（170m）

🦆的 meme:1. $epik （12.25m）2. $duck（10m）

🦖的meme:1. $yooshi（200m）2. $dino（2m）这个是真垃圾

🐊 $nap 垃圾罢了

🐷 $pig（24m 21年第一个分红的动物meme，现在也是垃圾）

🐟 $fish（20m）就不该开那个垃圾预售要不然也不会被 $redo 超过，meme一旦开始赋能就是坠落的开始，meme就是要纯粹当个meme"
1980865668846350620,Wed Oct 22 05:15:52 +0000 2025,3.4,capital_compound_defense,489,15,291078,False,https://x.com/0xmagnolia/status/1980865668846350620,"建了一个x community。真正的大机会是每个人都看得见的。
1.大家可以在这个社群里随意丢ca，但需要附上官推以及tg或者其它社区渠道。
2.每天我都会对这些ca进行多维度评析，然后进行评论（垃圾ca不予置评）。最后会筛选出我认为有潜力的ca做个分类排名。
3.我也会每日审查如有垃圾广告或者水军行为会进行封禁。
4.也可以分享你最近遭受的瓶颈，我看到也会一一回复。
5.不论牛熊我希望这个社群都可以保持互帮互助的精神，希望大家友善一点可爱一点。
6.未来是属于你们的。"
1900368614882238564,Fri Mar 14 02:09:19 +0000 2025,3.4,attention_meme_playbook,484,63,149763,False,https://x.com/0xmagnolia/status/1900368614882238564,"赵长鹏 @cz_binance 不要圈地自萌! 你都48岁了，有没有用过 YouTube tiktok Instagram bilibili Spotify？
  
  meme就是打通web2到web3最好的桥梁。当年 $doge 怎么做到的，@elonmusk 奶 $doge $shib 21年拉了多少圈外人进来。韩国64%炒币的都是20多岁的年轻人，越南70%。你指望一群老逼登来改变cryptocurrency？
  
  年轻人喜欢什么，你就去了解什么，一整天在圈内互相接盘有什么意思。你就算拉了再多机构投你，但流出大于流入，没有新鲜血液的行业能长久吗？圈外人根本不关心加密技术能改变什么，难道让他们进圈前都要读一遍BTC白皮书吗？你觉得可能吗，首先你要打破文化壁垒，先让他们进来再去慢慢了解crypto是个什么逼玩意儿。

 meme就是你打破文化壁垒的手段。至少可以为我了解喜欢的文化买单，而不是狗屁VC攒局出来的VC币。区块链没有在Mass adoption前你想怎么破圈。底层技术最终服务的是用户，用户都不愿意进来，你要服务谁？让老逼登吸你血吗？"
1858204859889324448,Sun Nov 17 17:45:37 +0000 2024,3.4,bear_cycle_bottom_fishing,267,79,46504,False,https://x.com/0xmagnolia/status/1858204859889324448,"$FAC was created on November 18, 2023, by V, an early beta tester of @grok, through a smart contract generated by Grok. It is the second AI-issued ETH smart contract following $Turbo. Now that @FlyingAvoCats has reached its first anniversary, we wish the $FAC team continued success and growth in the days ahead."
2043716243493155129,Mon Apr 13 15:41:37 +0000 2026,3.4,bear_cycle_bottom_fishing,236,21,51615,False,https://x.com/0xmagnolia/status/2043716243493155129,这些沟槽的alpha妖币都是上线即破发，等空投以及kol轮抛压结束后，前期给你拉一个月，来一个断头线，再拉一个月再断头一次直接跌破发行价，低位震荡一个月后，等上一个妖币爆空爆完，开始死亡收割后，下一个妖币就开始暴涨暴跌，杀完多空，再开启大暴涨，杀完空军，重复剧本。你可以在alpha找到下一个妖币，就拿现货。从 $myx $river $coai $aia $pippin $siren $rave 都是一个beyond。
1805447432425423220,Tue Jun 25 03:46:26 +0000 2024,3.4,attention_meme_playbook,210,17,119506,False,https://x.com/0xmagnolia/status/1805447432425423220,"pepeverse现在有7个派系
1.boysclub派（pepe的各种狐朋狗友）
2.pepe表情包衍生派（4chan上流行的变种meme）
3.hoppy派（主要是matt第一本漫画the night riders中的人物）
4.matt的宠物派（以wat为首）
5.其它艺术家联名原创派（如zeus pew Skop）
6.其它matt的漫画派
7.网友自创派（pepe女友什么的）"
1904946128787013823,Wed Mar 26 17:18:43 +0000 2025,3.4,capital_compound_defense,193,33,118030,False,https://x.com/0xmagnolia/status/1904946128787013823,"I AM HODLING

I type d that tyitle twice because I knew it was wrong the first time. Still wrong. WHY AM I HOLDING? I'LL TELL YOU WHY.

It's because I'm a bad trader and I KNOW I'M A BAD TRADER. Yeah you good traders can spot the highs and the lows pit pat piffy wing wong wang just like that and make a milliions of bucks sure no problem bro.

Likewise the weak hands are like OH NO IT'S GOING DOWN I'M GONNA SELL he he he and then they're like OH GOD MY BUTT IT WENT UP AND NOW I’M BUYING BACK FML.

You know what I'm doing? I'm holding. That's right. Holding. Because I'm a bad trader and I can only go up or down.

It turns out that I only make the wrong decision when it matters. So I'm just gonna hold this until the end of the ride."
1914681034517700672,Tue Apr 22 14:01:46 +0000 2025,3.4,attention_meme_playbook,193,23,108912,False,https://x.com/0xmagnolia/status/1914681034517700672,ai就当meme炒就行了，ai在区块链从 $fet 开始就开始证明伪了，23年10月 fet开启了第一波二级ai潮 第二波 $turbo ai meme 第三波 $goat ai agent 第四波 ai 16z 第五波 $zerebro ai框架  ，市场只需要一个新的叙事就行不需要懂技术，dark走出来就能开启第六波 ai游戏 mcp不重要，主要是ai游戏 @elonmusk 在搞
1859154185427841058,Wed Nov 20 08:37:53 +0000 2024,3.4,capital_compound_defense,190,33,75525,False,https://x.com/0xmagnolia/status/1859154185427841058,"The final breakout of a cryptocurrency is often marked by a series of consecutive daily surges, forming the coin’s ultimate pattern. Until this stage is reached, all movements serve primarily to shake out weak hands. https://t.co/Vf3aAF0VYp"
1903410717359042752,Sat Mar 22 11:37:33 +0000 2025,3.4,attention_meme_playbook,189,55,50464,False,https://x.com/0xmagnolia/status/1903410717359042752,"现在https://t.co/D98JYpycRa 点击❤️即可选购OIIAOIIA相关周边，每笔销售都会用于支持大型猫科救治以及流浪猫救助。
 
 Ethel和她的主人也与社区保持紧密联系，https://t.co/D98JYpycRa 陈列了他们的社交账号、周边、筹款项目，并保护他们的品牌。

  OIIAOIIA现在tiktok相关二创已超过30亿post， @WandWmusic 的OIIAOIIA混音MV 2个月内在 @YouTube 已经接近一亿次播放。https://t.co/D98JYpycRa的足迹也已遍布 152 个国家，并在持续扩散。
  
 点击 https://t.co/D98JYpycRa 即可游玩旋转小游戏以及相关魔力旋转BGM💚💚💚💚💚💚💚💚💚了解本世纪最传奇的meme。"
2042466426372702216,Fri Apr 10 04:55:17 +0000 2026,3.4,attention_meme_playbook,129,13,30000,False,https://x.com/0xmagnolia/status/2042466426372702216,"1.日本就是纯赌狗国家 刻在骨子里的，以前敢赌国运库库乱炸，更别说柏青哥这种灰色产业。
2.国产二游海外最大氪金区就是日区，老逼登玩柏青哥，赌到的钱就被地雷妹崩老头。小逼登吃不到就打赏VTuber，猛猛氪金涩情二游。这辈子有了。
3.老逼登根本不上网，流量权是掌握在年轻人手里，而114514就是日本z时代最大共识梗。是的114514就是日本最大meme你否认也没用。你只要拉起来，他们会自发性帮你宣传出圈不用担心没人接盘。
4.你手法残忍，但日本人对加密货币的认知就是0，就是韭菜的具象化群体。你拉上去库库买，让你感受21年原始人买shib的快感。当然不涨了，他们就开始慌了，但你最喜欢的不就是这样的韭菜原动力吗？
5.当傻逼的共识成为共识，自然会有交易所帮你买单。"
1856225839924629746,Tue Nov 12 06:41:41 +0000 2024,3.4,smart_money_marketmaker,59,4,15759,False,https://x.com/0xmagnolia/status/1856225839924629746,"@hunggudng193260 @binance @okx @Bybit_Official @gate_io @coinbase @upbitglobal @HTX_Global 看完，说要扫链，找到庄地址，加初期拉盘破位速度看这个庄的实力，所有逻辑都要有实际支撑，不止是基经验判断
https://t.co/ZaYmjSoH27"
1844547455309971691,Fri Oct 11 01:15:58 +0000 2024,3.3,bear_cycle_bottom_fishing,472,51,132296,False,https://x.com/0xmagnolia/status/1844547455309971691,"Memecoins as Vehicles for Emotional Value (and memecoins Current Challenges)@MustStopMurad
 
1. To begin, we must consider the importance of brand recognition for traditional businesses. A well-known brand can significantly contribute to a company's growth, but if that brand faces a public relations crisis, its image and overall value can suffer drastically.

2. In the cryptocurrency, however, memecoins do not face this issue. The crypto market naturally amplifies human emotions—particularly greed, which has been pushed to the extreme, giving rise to the phenomenon of ""degens.""

3. Memecoins are the ideal medium for capturing market sentiment. When a meme goes viral in the Web2 space, people organically spread and remix it, creating a self-perpetuating cycle of sharing that serves as its own form of advertising.
In the traditional stock market, there is no way to channel this emotional engagement into a stock ticker. Early in the spread of a meme, there is no physical object to capture its emotional value. So what can absorb and channel this sentiment? The answer lies in memecoins.

4. Memecoins can be created quickly in the early stages of a meme’s spread, capturing the emotional energy of the market. 
This is their primary value: absorbing the public’s enthusiasm for viral Web2 memes. However, identifying the right memecoin at the right time is a process that requires individual learning and exploration.

5. The existence of coins with the same name across different chains (e.g., Ethereum, Solana, BSC, Base, Sui, etc.), or even same-name tokens differentiated only by capitalization within the same chain, fragments market attention. This scattering of focus prevents people from concentrating their emotional energy on a single memecoin, leading to community divisions and conflict.

6. Solving this challenge is difficult, especially due to the tension between so-called cabal and community CTO. As a memecoin participant, do you side with the cabal or the community CTO? Or perhaps a combination of both?

7. This remains a long-term issue, but I believe that, over time, the market will eventually reveal a clear answer."
2019376184564576581,Thu Feb 05 11:42:55 +0000 2026,3.3,bear_cycle_bottom_fishing,424,73,153805,False,https://x.com/0xmagnolia/status/2019376184564576581,"BTC严格遵守四年减半牛市规律，牛市顶点后基本1年半左右见底，这轮熊市估计在明年3月到达38000左右开始底部震荡。（中间至少有两次大机构暴雷）
  在2027一整年完成35000～47000约34.29%震荡区间，开始回升，到28年4月20日附近完成第五次BTC减半后还有1年半的牛市。好好活到明年3月（见底后一级开始回暖）"
1969482108386361805,Sat Sep 20 19:21:40 +0000 2025,3.3,primary_pump_sniper,252,12,164110,False,https://x.com/0xmagnolia/status/1969482108386361805,从下午4点开始到现在一共增加了405个新地址。4个月总共12次试盘插针。4次摸底50w位置（试出底）日成交量翻了20倍。1h线凌晨突破，集群bot及mmbot资金来源非国人，很像6月10号的 $aura。说白了庄的成本就是0，从开盘就一直在。上限有个 $mlg 可以做参考。风险就是因为他的成本是0，他还可以再砸回50w。 https://t.co/GpJo1j5T6t
1802557650900852986,Mon Jun 17 04:23:28 +0000 2024,3.3,primary_pump_sniper,151,27,55235,False,https://x.com/0xmagnolia/status/1802557650900852986,"再说一遍一级就是黑暗森林
    1.卖完任何币用cointool 或 revoke cash取消代币授权，图安全就直接换新钱包
 
   2.不要用任何公开的链上bot，尤其是电报bot，即使他们收手续费能赚很多，但是你能保证他团队里没人动坏心思吗？ok都能出内鬼，你们是怎么敢把私钥给别人的？（我用的bot都是让现实中的朋友专门写的，我从来不信陌生人）
   
  3.不要用ave等看线软件做你的交互钱包，单纯就是用来看线的。钱包用tp okx 小狐狸 trustwallet ，sol的phantom也出过问题，solflare还行。"
1808107420146937861,Tue Jul 02 11:56:16 +0000 2024,3.3,smart_money_marketmaker,150,9,129644,False,https://x.com/0xmagnolia/status/1808107420146937861,"3.链上做市商地址

3.1区别于传统二级做市商，链上做市商一般有足够资金量和交易bot（不是那种公开的基本都是私人bot）就能做起来。

3.2怎么分辨是链上做市商地址？
链上做市商的目的是不停地买入卖出，让币价在震荡中上涨并且维持一定的交易量（为了在dex排行榜中有热度），并且洗走短期trader和套利者。

区别于夹子（MEV）的秒买秒卖，链上做市商的bot地址一般买入卖出会间隔几分钟。

3.3链上做市商一般没有明确的体系，一般都是某个要操盘的强庄币的庄内部的成员来做链上做市商。通常也会跟所谓的大户抱团地址一起行动，造成币价短期上涨或下跌。（目的同上）"
2083870597499469837,Sun Aug 02 11:00:41 +0000 2026,3.3,attention_meme_playbook,147,16,37208,False,https://x.com/0xmagnolia/status/2083870597499469837,"可得性偏差：

越容易想起来的事，就越觉得它常见、认为可能再次发生。

往往特例是最容易记住的，但不能用特例来代表整体。

奇迹多了就变成常态了。

但炒币有个特点， 争议越大，流量就越大，博弈空间越大，奇迹发生的概率就越高。  $Neiro $ACT $swarms 这三个币当时的成功少不了竞争对手带来的流量。"
1925566447658631399,Thu May 22 14:56:31 +0000 2025,3.3,primary_pump_sniper,87,13,5783,False,https://x.com/0xmagnolia/status/1925566447658631399,@moment_eth @web3foxcn 慢慢把内盘思维从外盘过渡，现在这么多台子竞争很难出 arc jellyjelly这样的内盘速通了。你建个储蓄钱包，把你每次p到的钱放里面，攒到3000u寻找3m之内的二段机会。这段时期把近两个月出过10倍以上的币全部复盘一遍，自然会找到感觉。
1622516378078175233,Mon Feb 06 08:43:44 +0000 2023,3.2,articles_and_masterclass,3112,826,2744036,False,https://x.com/0xmagnolia/status/1622516378078175233,"《如何在一级市场💩里淘金》具体包括以下内容：
–1：主要介绍一级市场注意事项，防范风险；警惕骗局；
–2：一级土狗板块分类；合约检测工具；土狗打法；一级预售；
–3：一级土狗出货逻辑；如何判断利好；怎样寻找金狗；
–4：经典一级土狗案例分析；一周k线上涨期原则；国内外一级市场社区推荐；"
2093970164329189536,Sun Aug 30 07:52:45 +0000 2026,3.2,smart_money_marketmaker,254,18,43052,False,https://x.com/0xmagnolia/status/2093970164329189536,"老外都在rh吃成巨人观了，国人还在纠结币圈名声差不差，名声早就是下水道了，还在意有多烂吗？

发现个rh聪明钱地址：0x7e3ba68c49561aae7c23c1d20fef0f1d7615a3ad https://t.co/9g4KqC6n4S"
2080573840695112112,Fri Jul 24 08:40:33 +0000 2026,3.2,primary_pump_sniper,235,10,90366,False,https://x.com/0xmagnolia/status/2080573840695112112,"我是21年4月17号进圈的，当时刷到微博热搜 $DOGE 几个月暴涨300倍我就心动了，逛贴吧知乎把狗狗币涨跌历程都看了一遍，刚好那时候他们在推荐 $SHIB ,就到处私信建立信息渠道。反正shib之后这批人也退圈了。
  很典型知道自己的能力边界，吃到时代红利点到为止。甚至后面 $TRUMP 发币他们也不知道。 https://t.co/9XZdEEpYWy"
2073665611687952759,Sun Jul 05 07:09:43 +0000 2026,3.2,primary_pump_sniper,164,24,663078,False,https://x.com/0xmagnolia/status/2073665611687952759,"想玩 @RobinhoodCrypto 链，直接用主网钱包/任意L2(比如arb)，使用 @Uniswap 的跨链swap就行。
比如在arb先交换为robinhood的ETH，再用robinhood的ETH，去购买robinhood的代币。注意先提前查看是不是ETH池子。 https://t.co/PG7kiyPCgQ"
1806902571506032908,Sat Jun 29 04:08:38 +0000 2024,3.2,smart_money_marketmaker,148,13,47452,False,https://x.com/0xmagnolia/status/1806902571506032908,大部分所谓的聪明钱只是光撒网的老韭菜，你们要监控就专门监控某个币的庄，聪明钱只是trader 庄是builder ，就像hoppy项目方从4.22号转账进来后，一分hoppy都没出（但是他是有其他分钱包的懂我暗示就行） https://t.co/yLkexEVpgm
1837334819623292944,Sat Sep 21 03:35:31 +0000 2024,3.2,smart_money_marketmaker,106,33,36542,False,https://x.com/0xmagnolia/status/1837334819623292944,但凡听说过 $kas 就知道 @CoinLiquidity 的做市商水平，所以 $fac 现在1300w市值，你觉得高吗？ https://t.co/3OvBm6wdm6
1806620496324383087,Fri Jun 28 09:27:46 +0000 2024,3.1,capital_compound_defense,502,40,162792,False,https://x.com/0xmagnolia/status/1806620496324383087,"交易不是天赋，会归纳总结才是。
   根据八二法则虽然成为有钱人很大程度上需要运气，而且是接连的好运。但你必须具备基本相应的知识素养，才能让你在幸运来临时有机会抓住它。
    这就跟滚仓一样，如果你不能对一个币有个基本面概括分析，那么运气赚来的钱迟早会溜走。
  系统的学习和不断的总结才是长久获利的关键。"
1919778512648773806,Tue May 06 15:37:19 +0000 2025,3.1,primary_pump_sniper,302,14,141820,False,https://x.com/0xmagnolia/status/1919778512648773806,jeffy这波需要复盘吗？开盘到现在总共吃了四波，开盘那天一段拉升后抄底吃了两波，今天也是中午500k追进去，下午接着在2m接着抄底，最后一次波段就是刚才那波5m抄，你们都应该都看到了吧。我知道你们有我小号的，但我想着滚到1m再复盘全部来着。
2062351523829714961,Thu Jun 04 01:51:34 +0000 2026,3.1,bear_cycle_bottom_fishing,216,14,94284,False,https://x.com/0xmagnolia/status/2062351523829714961,$sol 本身就是机构币，上轮ftx不暴雷底部就在30，这轮底部也就在40～45了（希望下轮有个sol的交易所别被币安掐脖子） $ETH 拉完了，这轮熊市千万别抄底以太
1635829877067894784,Wed Mar 15 02:26:49 +0000 2023,3.1,primary_pump_sniper,207,21,106998,False,https://x.com/0xmagnolia/status/1635829877067894784,土狗打法讲究一个快进快出，我一般是找pinksale或者绿马预售的土狗，排除三无项目，必须要上cmc/cg ，要有网站，一眼看过去不是PPT网站那种，然后等开盘破发，一般开盘十分钟内会触及底部，开始分仓位抄底，每次抄底不超过总u位十分之一，因为土狗砸盘没有底线，一旦盈利就开始分批出货，主打一个求稳
2078787177174237626,Sun Jul 19 10:20:59 +0000 2026,3.1,primary_pump_sniper,198,21,71581,False,https://x.com/0xmagnolia/status/2078787177174237626,"止盈这块可以参考一下24年玩河马时候的策略。其实有点落后了，因为现在这些狗东西不会给你足够的时间去吸筹。放在流动性充足的牛市，其实不会太在意你一个单钱包拿比较多的筹码，但我还是建议1.5％真的差不多得了，在任何市值下都是比较多了。
主要你得算除了你之外，其他散户的筹码可以拿多少，主力控筹一般至少95％，90％都是很少见的煞笔庄了，纯有钱，做慈善。"
1806923860467650575,Sat Jun 29 05:33:14 +0000 2024,3.1,capital_compound_defense,144,18,106711,False,https://x.com/0xmagnolia/status/1806923860467650575,"实现财富跃迁的关键是滚仓复利。
  你是做投资，不是当信徒。
  有些家人会买不会卖，看着币不停涨就被洗脑出信仰了反而不会止盈出本。我通常会加些群看散户情绪面，如果这个币已经走的差不多再加上社区FOMO情绪高涨，我基本都会出完。
  并不是每个币都是shib能让你一币自由，而且市场上真的不缺好币，我们要学会的是确定性高的打法，而不是广撒网跟pvp。"
2062884348723093940,Fri Jun 05 13:08:49 +0000 2026,3.1,bear_cycle_bottom_fishing,106,9,93124,False,https://x.com/0xmagnolia/status/2062884348723093940,做sol的交易所是对的 @jtx_trade  5月5号宣布做交易所， $jto 一天拉翻倍说明市场资金是认可这个板块的， $bp 从5.27做美股交易开始也是翻倍，他俩大盘这几天也没大回调，控盘还是有的，重点关注。因为sol交易所上限真的很高， $FTT 最高的时候100亿u，那时候sol链上还没那么繁荣。
2077683319475757445,Thu Jul 16 09:14:39 +0000 2026,3.1,articles_and_masterclass,86,2,38513,False,https://x.com/0xmagnolia/status/2077683319475757445,"存储属于标准化大宗商品，技术门槛远低于高端GPU、CPU，盈利完全由供需周期决定。行业重资产属性，扩产周期18-24个月，景气期集体扩产终将引发产能过剩、价格暴跌。即便HBM等高端品类存在壁垒，高额利润也会吸引巨头持续扩产，高毛利难以长期维持，拉长周期看企业盈利剧烈波动，无法实现长期稳定高收益。
半导体行业周期通常3-5年一轮，需求拉动、扩产→ 产能过剩、价格崩。循环交替。"
2001746449286267009,Thu Dec 18 20:08:38 +0000 2025,3.1,primary_pump_sniper,67,13,10744,False,https://x.com/0xmagnolia/status/2001746449286267009,"Sorry for the intrusion, but I believe you may be one of the very few market makers currently paying attention to the cat cult / meme space. I’d like to bring @oiiaoiiameme to your attention.

This year, a single OIIAOIIA video on YouTube reached 420M views, making it the most-viewed cat music video in history, and very likely the #1 animal video overall.

Elon Musk tweeted about it in both 2022 and 2023, which speaks to its long-term cultural relevance and meme longevity.
https://t.co/pB0uWmMwjX

Despite this, OIIAOIIA is currently sitting at only ~$600k market cap, which we believe is massively undervalued relative to its off-chain reach and cultural footprint.

The community has remained highly committed, consistently building and even organizing cat-related public welfare initiatives, reinforcing a positive and sustainable meme narrative.

We strongly believe OIIAOIIA has the potential to attract normies and non-crypto users far more effectively than memes like $AURA, with significantly stronger virality and cross-platform.

Appreciate your time and hope it’s something worth keeping an eye on."
1925182890390007829,Wed May 21 13:32:23 +0000 2025,3.0,bear_cycle_bottom_fishing,97,9,18194,False,https://x.com/0xmagnolia/status/1925182890390007829,"@WIDITDOTFUN @solanamobile 1. @whispersai 跟 @WIDITDOTFUN 都被 @solanamobile 跟 @toly 转发过，有可能作为内置APP。那是不是有了炒作预期。
2. $widi 纯VC高控盘 @Matty_Solana 这🖊️搞的。
 $whisp 归零三个月了 4月底官号开始诈尸蹭 @solanamobile  ，被 toly转发了下。k线参考eth的某位故人。
大体思路就是这样over"
2074998440829022343,Wed Jul 08 23:25:54 +0000 2026,3.0,capital_compound_defense,54,6,40169,False,https://x.com/0xmagnolia/status/2074998440829022343,你问 $114514 为什么拉盘了，因为下个月 8月10号是日本homo最大的圣地巡礼日。 https://t.co/wNqTQ9ydo2
2073672138721243150,Sun Jul 05 07:35:39 +0000 2026,3.0,bear_cycle_bottom_fishing,53,1,34594,False,https://x.com/0xmagnolia/status/2073672138721243150,"With 95% of the supply locked and only 150 SOL in the pool, you just need to buy around 3500 SOL to 1000x the FDV straight to $100M. That's basically $280k to scoop up the entire float, all without adding any extra liquidity to the pair.

But this is pure buy pressure with no market making involved. In reality, the actual cost could easily be 5x higher."
1905985993846710744,Sat Mar 29 14:10:47 +0000 2025,2.9,smart_money_marketmaker,441,42,96740,False,https://x.com/0xmagnolia/status/1905985993846710744,"与其等风来，不如自己救自己。

凭什么跟你们签对赌协议，凭什么让筹码给你们。你喜欢自己不会来买吗？

凭什么把定价权交给你们？
当年空坛他们shib能做到，我们凭什么做不到？ @TheRoaringKitty
能跟wsb做到，我们凭什么做不到？

进圈就是为了受这份窝囊气的吗？

凭什么我他妈喜欢的币就要被你们这些杂种做空？!

是不是散户的命不是命，韭菜就是命贱吗？所谓的社区在你们眼里就是纯笑话是吗？

你们先来的人掌握了顶层资源，就能决定我们的生死吗？凭什么？

我🌿你们所有的🐴!我他妈的凭什么要咽下这口气，凭什么任人摆布？

我问你，散户是不是就该低人一等，是不是？"
1832991514613645604,Mon Sep 09 03:56:47 +0000 2024,2.9,capital_compound_defense,409,28,131123,False,https://x.com/0xmagnolia/status/1832991514613645604,"既然玄学就玄学到底。做个预言贴我看能不能活到那个时候。
  我是旺水金命，五行缺火，土火是我的财星，2024年到2043年是九紫离火运，在这期间火很旺盛，再根据大运跟流年，24—28年是我的丙戌大运，火土旺盛期，特别是在2025-2027年是我的财运上升期。
  九紫离火运旺什么？科技与信息产业：高科技、人工智能、互联网、5G、区块链。新能源与电力：太阳能、光伏发电、电动汽车、清洁能源。金融与投资：互联网金融、金融科技、风险投资、加密货币。
  我手上有幸运女神线，可以给周围人带来好运，希望明年我能把我的财运带给你们。🫶"
1856223367705309462,Tue Nov 12 06:31:52 +0000 2024,2.9,smart_money_marketmaker,353,51,115091,False,https://x.com/0xmagnolia/status/1856223367705309462,"勇敢的交易所先享受流动性
@binance 都以身入局两次了， @okx  @Bybit_Official @gate_io @coinbase
@upbitglobal  @HTX_Global ，你们在怕什么？牛市都畏手畏脚的， $neiro 跟 $act 你们看着不眼馋吗？一级市场周期更新迭代那么快，你们是不是也该转变一下思维了。怕被骂？ 你们看看币安把 $neiro 跟 $act 拉服所有人，有几个骂的。你们没实力操盘20m的，那操盘个10m都没实力？"
1955897362880323604,Thu Aug 14 07:40:44 +0000 2025,2.9,attention_meme_playbook,170,20,136542,False,https://x.com/0xmagnolia/status/1955897362880323604,"Hey, I know this might be hard to hear, but it’s the truth — please read to the end.

In memes, success comes down to cultural impact, which equals long-term survival. Look at $DOGE, $PEPE, $POPCAT, $GIGA — they’ve lasted because they’re rooted in legendary Web2 memes.

Now, $NYAN is a once-in-a-lifetime chance happening on Bags. So why waste energy pushing a $WIF hat? Do you seriously believe a $WIF derivative can ever surpass $WIF itself?

$NYAN is already the best shot Bags has ever had. Last year, the cat meme season sparked by $POPCAT gave us $MICHI, $MINI, $NUB, $MEW — all of them smashed past $500M market cap.

So many have tried to make a $NYAN, but none had the blessing of the original creator @PRguitarman  . Bags does.

This is your chance to build an ecosystem-level miracle — and you’re letting it slip. I honestly don’t understand why."
2046740973909377284,Wed Apr 22 00:00:49 +0000 2026,2.9,attention_meme_playbook,165,15,68126,False,https://x.com/0xmagnolia/status/2046740973909377284,"1.现已通过114514打入日本流量区，仅仅16小时就获得1.9万赞2070转发107万浏览量（还在裂变ing）。既能打破流量茧房又能提高创作者奖励。
2.狗庄看得见这帖子不，这是真正能吸引到日本人的meme，本土韭菜跟欧美韭菜已经不够用了。日本人是真的会自发地对这个梗进行推广，属于小日子的 “日本人生”。
3. 每天花3u定投114514的破产大学生 @kyouseitaigaku  如果114514完成不了任务，他将在6月退学。"
1882330262882939384,Thu Jan 23 07:31:21 +0000 2025,2.9,capital_compound_defense,140,13,54491,False,https://x.com/0xmagnolia/status/1882330262882939384,"新型钓鱼🎣方式
钓鱼团队会对你的钱包发送 持有代币 同名貔貅币，只要你不小心买入，他们就会立刻卖出。
以下是钓鱼团队地址
AjFt8e4cW2Hgtq5AFeKGXPHuzZrhHtgpbyiAU8MV1Ccd

C5Jtpi8ELXWbcDtkv17Jg3Yo3bp946MTc9Qv5sLDMsgU

7YddBVgP61pX7c6fsVRxovjto6osdggPtDkojT9reJL4"
1811724326271631730,Fri Jul 12 11:28:34 +0000 2024,2.9,capital_compound_defense,75,7,48868,False,https://x.com/0xmagnolia/status/1811724326271631730,钱多只是把容错率变高，钱少承担风险的能力很弱，偶尔失误一两次就归零了。广撒网的老韭菜有足够的资金去进行风险博弈。所以大部分没有内幕的聪明钱，就是靠多金广撒网，叠起来的胜率。
1836270136564785411,Wed Sep 18 05:04:51 +0000 2024,2.9,smart_money_marketmaker,75,29,75044,False,https://x.com/0xmagnolia/status/1836270136564785411,看 $fac 电报里管理员在跟 CoinLiquidity 做对接，请他们来当做市商。cls一级里著名的做市商了， $kas 跟 $floki 都是他们来操盘的，你们看 $kas 也是那种边磨边涨的线。希望能对接到吧。这是cls的网站https://t.co/D6LiQaoA22 https://t.co/RcBxhOUQGI
1918174565664162188,Fri May 02 05:23:49 +0000 2025,2.9,primary_pump_sniper,64,4,23962,False,https://x.com/0xmagnolia/status/1918174565664162188,@879kensea @thedailymemes_ @OIIAOIIA_COIN_ @solana 回20了，这波拉盘没有利好纯市场行为。真想走剧本就快点，趁最近流动性充沛，没必要再洗了，再洗就别玩了。 https://t.co/PHAsFKxJ6Z
1623121784588636160,Wed Feb 08 00:49:24 +0000 2023,2.9,primary_pump_sniper,52,3,92194,False,https://x.com/0xmagnolia/status/1623121784588636160,"–13：第七类土狗板块：闪崩盘
其实跟暴跌貔貅盘有点像，但本质上是属于正常项目，可以买卖，比较熟知的就是bsc上的gala闪崩事件，闪崩了100多倍，2个小时被大众抄底抄回来40多倍，这种项目很多每天都有，有专门的闪崩群用bot每天自动抓取，但一般在圈子有点名声的项目还有点倍数，普通的几个点就没了"
1969611518196269278,Sun Sep 21 03:55:54 +0000 2025,2.8,capital_compound_defense,898,70,92119,False,https://x.com/0xmagnolia/status/1969611518196269278,"各位，不要焦虑。
只有快要达到顶峰时，天赋才会出来看你一眼，剩下的时候都是你和努力两个在互相嫌弃，你嫌弃他不是天赋，它嫌弃你没有努力，而你最终活在没有天赋的影子里，却看不见如烈焰一般的努力。
  你自身就是最大Alpha。 https://t.co/qpZqHfKwmX"
1913108204134994343,Fri Apr 18 05:51:54 +0000 2025,2.8,capital_compound_defense,481,12,90701,False,https://x.com/0xmagnolia/status/1913108204134994343,我觉得大家一起聊天讨论，形成自己的交易逻辑 投资体系才是真的 SocialFi。 https://t.co/U1tp0zBIRa
2000837558927048715,Tue Dec 16 07:57:02 +0000 2025,2.8,capital_compound_defense,396,34,40341,False,https://x.com/0xmagnolia/status/2000837558927048715,"雨季教会我们的从来不是如何躲避，而是认清自己本就是会流动的河。

你积攒的每滴泪，最终会托起你漂向新的流域。你忍过的每阵寒，终将化作对温暖更敏锐的感知。

当有天你站在晴空下拧干衣摆，会听见所有潮湿的往事正从指缝蒸发成云。

它们还会落雨，但再也淋不透现在的你。 https://t.co/UaT52SHmPW"
2069719241838969177,Wed Jun 24 09:48:15 +0000 2026,2.8,bear_cycle_bottom_fishing,369,19,40065,False,https://x.com/0xmagnolia/status/2069719241838969177,在熊市真空期，不管是炒股炒币，觉得自己有能力做交易的就好好记录推特，未来越来越多的早期财富密码会发布在推特上，而不是引向私域小群，创作者收益会激励越来越多的人们在推特发布Alpha信息（就算你不发也有的是人发）记录自己，精进自己，厚积薄发。 https://t.co/oiSNmeERnH
1888502473150824702,Sun Feb 09 08:17:30 +0000 2025,2.8,bear_cycle_bottom_fishing,285,25,176589,False,https://x.com/0xmagnolia/status/1888502473150824702,"踏空没事的，但不可以次次都踏空哦，踏空多了牛市就结束了。
去看 @toly 推特，他上一个奶的ai是 @griffaindotcom 
另外bnb涨，会辐射整个bsc板块，币安系二级现货有救了，首先就找bsc质押defi系的币（直接从今日涨幅榜里找币，那些老逼登就是盼bnb的大涨行情才拉）。 https://t.co/fbFB94t7Nv"
1803317392069763513,Wed Jun 19 06:42:24 +0000 2024,2.8,capital_compound_defense,249,22,230308,False,https://x.com/0xmagnolia/status/1803317392069763513,我把我该教的全部教给你们了，置顶跟亮点你们好好看完过吗？不要老想着让别人带你们赚钱，只有你们融会贯通形成自己的交易体系后才能真的赚钱。我说过了，你们自己就是最大的Alpha。 https://t.co/LUWdefHqKm
2074739327981297785,Wed Jul 08 06:16:17 +0000 2026,2.8,attention_meme_playbook,246,22,538646,False,https://x.com/0xmagnolia/status/2074739327981297785,"说白了文化底蕴还是不一样，老外就是要猛集中资金干出个龙头，成一定资金规模有群众基础后，再猛猛干出下一个龙头。 $bonk $wif $popcat 这样做的，24年9月后的ai盛世也是这样做的。
反观某些人，你的币起飞了，我就是要猛猛分流干死你，就是见不得你赚钱。 https://t.co/Dcjot51mCs"
1810986788028305781,Wed Jul 10 10:37:51 +0000 2024,2.8,capital_compound_defense,224,195,154803,False,https://x.com/0xmagnolia/status/1810986788028305781,"这些是六六一伙的推特，之前你们暗黑蛙割了多少人，这次还想来？  @X_Liuliu0312  @shengyangnb
 @bitcoin_jjj  @seeuniceday  @babyshibs  @LUCINDA0712 
@Ratsdao210026 https://t.co/edMIf8udnN"
1913562195314516048,Sat Apr 19 11:55:54 +0000 2025,2.8,capital_compound_defense,215,22,48759,False,https://x.com/0xmagnolia/status/1913562195314516048,这五个月挺感动的，很开心能够认识英文社区的伙伴们，我也没想到大家真的可以因为热爱OIIAOIIA凝聚在一起。💚♻️💚 https://t.co/UrtICrDi0S
1955884095126560908,Thu Aug 14 06:48:01 +0000 2025,2.8,primary_pump_sniper,183,8,55974,False,https://x.com/0xmagnolia/status/1955884095126560908,$vvaifu → $send → $blink → $gfm → $launchcoin→$nobody→$useless → $Uranus →  发币平台风口搞了快一年，11月前你还有几次机会？ https://t.co/MEcj3im0iP
2076576459981033699,Mon Jul 13 07:56:23 +0000 2026,2.8,capital_compound_defense,179,1,15728,False,https://x.com/0xmagnolia/status/2076576459981033699,@leto_bao 那你7.2号为什么不发你跑掉了，还给低位拿着的人说不慌，你自己都慌，一直说车轱辘话，你以为推特上的人是傻子吗 https://t.co/NaKMBu6WR0
2073702000030842966,Sun Jul 05 09:34:18 +0000 2026,2.8,capital_compound_defense,150,9,49918,False,https://x.com/0xmagnolia/status/2073702000030842966,庄洗盘不会洗太绝，偶尔会留几个版本之子，因为暴富故事必须要有人传颂，没人传颂下一次故事就讲不通了。 https://t.co/f2yFwtttVn
1842081604174545042,Fri Oct 04 05:57:33 +0000 2024,2.8,capital_compound_defense,65,2,86852,False,https://x.com/0xmagnolia/status/1842081604174545042,"二.小资金怎么稳健止盈滚仓
我先贴一个你小资金量起来了怎么操作的贴。https://t.co/8Y1Z06nzYa

50u,不准参与PVP，你输了一次就是全盘皆输。就按我上面说的优质标找币。小资金你一定要有耐心。我就是小资金过来的，21年4.17号400多u进圈https://t.co/aVUvTn9nzm"
1838087700253208950,Mon Sep 23 05:27:12 +0000 2024,2.7,attention_meme_playbook,786,120,382812,False,https://x.com/0xmagnolia/status/1838087700253208950,"警惕信息茧房，大多数中文区用户有信息壁垒，甚至部分人到现在还不清楚moodeng为什么这么火。这也是大部分人踏空的原因。
1.多用英文评论外国kol
2. 使用 https://t.co/1RwDCwrLvd 搜索关键词条全球热度，再在推特搜索关键词
3.屏蔽矩阵号
4.专号专用，不要影响页面推流"
1782654853451481155,Tue Apr 23 06:16:51 +0000 2024,2.7,primary_pump_sniper,381,94,304694,False,https://x.com/0xmagnolia/status/1782654853451481155,"《成为不了冲狗大师就当金狗猎人！！！》完全篇——主要包括以下内容:
1.四链四狗经典案例分析
2.如何从日成交量判断强庄入场
3.k线技术分析、社区cx、项目方做事等对代币涨幅影响以及成为金狗最主要因素
4.开盘冲狗与埋伏金狗利弊分析
5.一级买狗仓位分配，如何拿到百倍收益"
2063232734257127442,Sat Jun 06 12:13:11 +0000 2026,2.7,bear_cycle_bottom_fishing,364,46,81323,False,https://x.com/0xmagnolia/status/2063232734257127442,今年下半年就是横盘阴跌（至少还有两个暴雷插针）过程了，也别想着反弹吃短线了，想办法攒钱。等超级暴雷急跌的时候。11月开始至少会给你半年的底部空间抄底。28年可能就是普通人最后一个牛市了。一定要在28年完成资本原始积累。
2049729428759220517,Thu Apr 30 05:55:52 +0000 2026,2.7,primary_pump_sniper,342,32,44224,False,https://x.com/0xmagnolia/status/2049729428759220517,@Pumpfun @donatedotgg 创作者费用就应该分给所有战壕的兄弟，一天天捐捐，以为炒币的一个二个比尔盖茨呢？战壕都要打没了，你他妈怎么不给在pump亏损的人捐款，就他妈应该把所有税分给买币的人，一天他妈装什么沟槽的慈善家，你拿老子们辛辛苦苦p来的钱去捐给慈善？我们要搞慈善了吗？战壕里的兄弟都快去要饭了。
1806698741405220914,Fri Jun 28 14:38:41 +0000 2024,2.7,capital_compound_defense,272,25,91105,False,https://x.com/0xmagnolia/status/1806698741405220914,脑子最好使的就这几年了，所以想赚钱要趁早，当然身体保养要做好。我一般每天早晚吃两次复合维生素片，鱼肝油VA，奶蓟草护肝片，葡萄籽烟酰片。牌子选Swisse 跟garden of life就行，汤臣倍健中规中矩。男生的话不清楚，是不是要吃六味地黄丸？
2080640613364761082,Fri Jul 24 13:05:53 +0000 2026,2.7,smart_money_marketmaker,146,7,32272,False,https://x.com/0xmagnolia/status/2080640613364761082,@heyibinance 2000u总不能开高倍杠杆翻身吧，合约大神就那么几个。21年bsc的环境很好，就像现在的sol， @toly 吐不吐痰都没人管他，纯素质问题。大家照样玩robinhood也是， @vladtenev 不吐痰， pons照样拉，PVE是能成立的。bsc我希望你们找个专业的人来负责，拉出一个不需要你们背书的币，bsc环境就会好很多。
2047646159079116912,Fri Apr 24 11:57:42 +0000 2026,2.7,capital_compound_defense,143,12,22964,False,https://x.com/0xmagnolia/status/2047646159079116912,@EliseFolso71390 从一月到现在 企鹅 猴子 太空狗，都有一个赌流量曝光的二段，就找这样的吧，第一时间没上车，看小时线，12小时之内的震幅在50%就有人护盘，他们也在赌二段，或者他们自己买新闻。
2062368688981090659,Thu Jun 04 02:59:47 +0000 2026,2.7,capital_compound_defense,134,7,41695,False,https://x.com/0xmagnolia/status/2062368688981090659,"说白了，早早喊12w止盈的没几个。
上一轮从 6w9（69,000）到 1w5（15,000）下跌约 78.26%。
这轮12w5（125,000）到 3w8（38,000）下跌约 69.6，有什么问题，熊市千万别太乐观。"
2067087039301095621,Wed Jun 17 03:28:49 +0000 2026,2.7,primary_pump_sniper,128,18,78974,False,https://x.com/0xmagnolia/status/2067087039301095621,a16z的背书概念从 $goat 开始，就有一批大户在玩， $spark 当时标记了一堆做市bot，昨天发现悄悄进了 @outsource_ ，估计要洗一下按他们的操盘风格
2066736304898142497,Tue Jun 16 04:15:07 +0000 2026,2.7,bear_cycle_bottom_fishing,126,4,25532,False,https://x.com/0xmagnolia/status/2066736304898142497,你们真在赌球吗，下半年还有钱抄底吗 https://t.co/iyvCEs4KvS
1798291133073948742,Wed Jun 05 09:49:51 +0000 2024,2.7,attention_meme_playbook,112,2,10741,False,https://x.com/0xmagnolia/status/1798291133073948742,@BitCloutCat 你这种就是避开话题，既然有人质疑你是币安猫的第一笔交易，如果你清白的话就拿出证据证明自己不是，而不是扯自己以前的战绩来引开注意力，镭射猫，你PUA你的粉丝有一套，知道你有钱，但也别把粉丝当傻子
1764264946156839203,Sun Mar 03 12:21:56 +0000 2024,2.7,capital_compound_defense,106,23,43856,False,https://x.com/0xmagnolia/status/1764264946156839203,"家人们一定要学会现货滚仓，即使本金很少也能实现财务自由。
$vanry 是我在持有 $om 期间找的标， $for 是在  $vanry 持有期间找的，用你现有持有币种的盈利去慢慢加仓你看中的币，二级市场最简单怎么看一个币到达短期定点的方法就是币安公告出合约
参考 $polyx $om ，这个时候就基本出完，加仓下一个"
2046661846057521417,Tue Apr 21 18:46:23 +0000 2026,2.6,attention_meme_playbook,98,5,9150,False,https://x.com/0xmagnolia/status/2046661846057521417,"兹收悉贵方自称“下北沢政府及淫夢人民”之无条件投降声明。
本国对此深表“草”（意为复杂情绪），并已确认贵方淫夢体系之全面崩溃属实。然需指出，贵方所谓“我国淫夢水平遥遥凌驾日本国”一说，虽不乏自知之明，但仍略显保守。
本国淫夢文化，历经岁月沉淀与野兽先辈之精神洗礼，早已进入“不可描述之领域”。其深度、广度及精神污染程度，均非一般国家所能理解或抵达。
鉴于贵方已明确放弃抵抗，本国决定：
接收贵方全部淫夢相关资产（包括但不限于语录、音MAD素材及哲学传承）；
最后，愿贵方在新的秩序下，早日理解“什么才是真正的淫夢”。"
2060061851933982837,Thu May 28 18:13:14 +0000 2026,2.6,capital_compound_defense,60,7,25053,False,https://x.com/0xmagnolia/status/2060061851933982837,"pearlhash更新了v8，大约可以提升60TH的算力
Ctrl➕C 暂停挖矿 然后复制粘贴下面指令

curl https://t.co/Tkg57QWek3 -o pearl-miner &amp;&amp; chmod +x pearl-miner

再链接矿池依旧复制粘贴

./pearl-miner --host 129.226.55.135:9000 --user &lt;这里面填你的钱包地址&gt;"
2082051130981535858,Tue Jul 28 10:30:46 +0000 2026,2.6,capital_compound_defense,58,0,8193,False,https://x.com/0xmagnolia/status/2082051130981535858,"@LexaproTrader You fucking retarded nigger dogshit actually hit a woman and still got your ass whooped screaming like a bitch. You should cut your own balls off, shove your dick in your stinking mouth to shut it up, and suck yourself off."
1811302565247889849,Thu Jul 11 07:32:38 +0000 2024,2.5,capital_compound_defense,99,57,54639,False,https://x.com/0xmagnolia/status/1811302565247889849,a不能证明b，现在还在电报群里给别人洗脑这个老外开的盘子，避重就轻，你们以为你们割人的事情能过去吗？你们之前开了这么多盘子 黑青蛙 hoppy自行车 matt 青蛙杀手 O’Malley防盘，这些是事实。这种人的人品还有些人执迷不悟跟着他们建设是在干什么？ https://t.co/243Xq6YpVd
2073348915446075611,Sat Jul 04 10:11:17 +0000 2026,2.5,bear_cycle_bottom_fishing,75,2,57832,False,https://x.com/0xmagnolia/status/2073348915446075611,美股还不是有板块轮动，跟AI沾不上边的跟屎一样，消费 保险 医疗保健。更别说币股了，最明显的周期股，就是要看BTC，跟币圈相关你怎么可能不跟BTC，全部都要看大饼脸色。想脱离大饼走独立行情？就算大放水，也是流向板块热点股。美股的币股，你要等BTC溢出。再者又不是只有 $CRCL 一个币股。27年要买也是买 $SECZ 这样的小盘股。
1834827045739856314,Sat Sep 14 05:30:31 +0000 2024,2.5,primary_pump_sniper,75,10,36875,False,https://x.com/0xmagnolia/status/1834827045739856314,"热点在情绪就在，情绪在流动性就在。

  我真的替你们着急，为什么不会变通呢。我亮点写的这些学前班都看得懂吧，为什么不去看呢。赚钱不需要太聪明，你只要会看情绪就行了。"
2095001000440692886,Wed Sep 02 04:08:56 +0000 2026,2.5,capital_compound_defense,74,0,15748,False,https://x.com/0xmagnolia/status/2095001000440692886,@jiujinshan2022 你被坑了，我300平别墅，装修总共才花了58万，岩板这是最便宜的东西，1平米才100块，你自己选材料淘宝买，都是从广东佛山发货。现在装修行业不容易，能坑一个是一个，所以要自己去建材城砍价。只要有的赚他们就能做
2058630375698796809,Sun May 24 19:25:03 +0000 2026,2.5,bear_cycle_bottom_fishing,71,10,29755,False,https://x.com/0xmagnolia/status/2058630375698796809,@Will_Yang_ 就是四年周期，2年半熊1年半年牛，以减半日为节点，喊永恒牛市因为他们只玩大饼，多为矿工以及现货持有者，不玩一级，熊市一级流动性几乎0，熊市末期一级流动性开始回归
1782641379912655123,Tue Apr 23 05:23:19 +0000 2024,2.5,primary_pump_sniper,53,7,29621,False,https://x.com/0xmagnolia/status/1782641379912655123,"《成为不了冲狗大师就当金狗猎人！！！》完全篇——主要包括以下内容:
1.四链四狗经典案例分析
2.如何从日成交量判断强庄入场
3.k线技术分析、社区cx、项目方做事等对代币涨幅影响以及成为金狗最主要因素
4.开盘冲狗与埋伏金狗利弊分析
5.一级买狗仓位分配，如何拿到百倍收益"
1919782186401857682,Tue May 06 15:51:55 +0000 2025,2.4,capital_compound_defense,61,0,16558,False,https://x.com/0xmagnolia/status/1919782186401857682,我也想总结一套稳定盈利的办法，毕竟金狗不常有，还是希望真能通过点位交易多盈利。但还不完善。但总体下来没有吃到多少浮亏。吃到的盈利该出都出了。
1932859174280704109,Wed Jun 11 17:55:12 +0000 2025,2.4,primary_pump_sniper,58,7,4968,False,https://x.com/0xmagnolia/status/1932859174280704109,@pumpdotfun spinning szn https://t.co/NV2R2rzzZl
1914965105021992976,Wed Apr 23 08:50:34 +0000 2025,2.4,primary_pump_sniper,58,11,3780,False,https://x.com/0xmagnolia/status/1914965105021992976,@a1lon9 @Ga__ke Set @OIIAOIIA_COIN_ as the  @pumpdotfun mascot  got that? https://t.co/3956r2lms6
1806931129561415746,Sat Jun 29 06:02:07 +0000 2024,2.4,smart_money_marketmaker,57,3,15980,False,https://x.com/0xmagnolia/status/1806931129561415746,一级强庄操盘的币，庄不可能只有一个地址的。光hoppy我监控的疑似庄的就有7个钱包，包括早期低价筹码地址，链上做市商地址，大户报团地址，分散钱包出货地址。 https://t.co/Ta81W1ZcoB
1923392528407028116,Fri May 16 14:58:08 +0000 2025,2.4,primary_pump_sniper,52,6,3890,False,https://x.com/0xmagnolia/status/1923392528407028116,@Sprophet10 @a1lon9 @pumpdotfun @OIIAOIIA_COIN_ yo @a1lon9 https://t.co/5JBSdwrOlW
2046489385290588174,Tue Apr 21 07:21:06 +0000 2026,2.3,capital_compound_defense,59729,5903,4338999,False,https://x.com/0xmagnolia/status/2046489385290588174,有点臭钱怎么了，日本人大惊小怪的 https://t.co/1pMxKSvAXt
2008412287078723919,Tue Jan 06 05:36:18 +0000 2026,2.3,capital_compound_defense,1256,3,204446,False,https://x.com/0xmagnolia/status/2008412287078723919,@yunjiu https://t.co/XJook0ecta
2046652834830234058,Tue Apr 21 18:10:35 +0000 2026,2.3,capital_compound_defense,770,7,238520,False,https://x.com/0xmagnolia/status/2046652834830234058,@atara4_etc https://t.co/WpWvlh7zU3
1908530775261069822,Sat Apr 05 14:42:50 +0000 2025,2.3,capital_compound_defense,727,42,366629,False,https://x.com/0xmagnolia/status/1908530775261069822,Keep spinning https://t.co/cRsXmwHqPZ
1889456495794041009,Tue Feb 11 23:28:27 +0000 2025,2.3,capital_compound_defense,713,88,24333,False,https://x.com/0xmagnolia/status/1889456495794041009,@NoContextCrap https://t.co/qVYCGm8d1V💚 https://t.co/axx1laB0PJ
2007773370469994581,Sun Jan 04 11:17:28 +0000 2026,2.3,bear_cycle_bottom_fishing,656,38,172749,False,https://x.com/0xmagnolia/status/2007773370469994581,"上轮牛市积累经验
本轮熊市积累本金
下轮牛市积累财富 
一定要好好活下去 https://t.co/7xk7xF0xl0"
2046604920070242335,Tue Apr 21 15:00:11 +0000 2026,2.3,capital_compound_defense,497,0,203367,False,https://x.com/0xmagnolia/status/2046604920070242335,@akira_rs660 https://t.co/v2I4WEz0Vb
1960203888914825336,Tue Aug 26 04:53:20 +0000 2025,2.3,capital_compound_defense,444,34,81981,False,https://x.com/0xmagnolia/status/1960203888914825336,"不是看到了希望才去坚持，
而是坚持了才看到希望。 https://t.co/juUqlzMxok"
1864512089274110008,Thu Dec 05 03:28:17 +0000 2024,2.3,bear_cycle_bottom_fishing,377,73,184180,False,https://x.com/0xmagnolia/status/1864512089274110008,山寨季时间范围参考，BTC达到橙色区域（FOMO）/BTC市占率下降到48%/山寨季指数摸到95 https://t.co/0mbC9fnmjd
1963856574440685993,Fri Sep 05 06:47:48 +0000 2025,2.3,capital_compound_defense,373,26,50352,False,https://x.com/0xmagnolia/status/1963856574440685993,"投资从来不是一帆风顺
你最大的敌人只是时间 https://t.co/HvYBRhOeEN"
1950429030286524914,Wed Jul 30 05:31:32 +0000 2025,2.3,capital_compound_defense,353,32,131545,False,https://x.com/0xmagnolia/status/1950429030286524914,"扒庄不是做不做的问题，而是必须要做。
你可以明面上不说，但你自己要清楚。 https://t.co/m4ku778aTf"
1907717717404037559,Thu Apr 03 08:52:02 +0000 2025,2.3,capital_compound_defense,318,40,67476,False,https://x.com/0xmagnolia/status/1907717717404037559,哪有什么持之以恒，只是不愿认命罢了。 https://t.co/D1gKbjJ0rS
1971893401638584447,Sat Sep 27 11:03:17 +0000 2025,2.3,capital_compound_defense,312,3,67356,False,https://x.com/0xmagnolia/status/1971893401638584447,熬呗 看谁命长 https://t.co/X7l3QM4g51
2076462931089461405,Mon Jul 13 00:25:16 +0000 2026,2.3,primary_pump_sniper,302,45,141345,False,https://x.com/0xmagnolia/status/2076462931089461405,"一级赔率最高的操作
1.抄别人不敢抄的底
2.低位敢埋伏
3.确定性概念早期大资金追高
4.用AI找bug
5. 发币
6.盗钱包
7.捆绑
8.rug https://t.co/wV06Mcj642"
1932893502792478850,Wed Jun 11 20:11:37 +0000 2025,2.3,capital_compound_defense,273,6,43091,False,https://x.com/0xmagnolia/status/1932893502792478850,"一根阴线打破幻想，三根阴线粉碎信仰。
一根阳线重塑立场，三根阳线改变信仰。 https://t.co/JV5f3Jb2Jq"
1994402466037965120,Fri Nov 28 13:46:16 +0000 2025,2.3,capital_compound_defense,256,18,31521,False,https://x.com/0xmagnolia/status/1994402466037965120,"加油
其实
人生在世 
是不需要别人建议的
有些事没有经历过 是不会明白的 https://t.co/NPwjoUKaZ5"
1856190879427592244,Tue Nov 12 04:22:46 +0000 2024,2.3,bear_cycle_bottom_fishing,255,31,95624,False,https://x.com/0xmagnolia/status/1856190879427592244,"“只要”的后续
believe in something"
1869318258463216062,Wed Dec 18 09:46:17 +0000 2024,2.3,capital_compound_defense,233,22,35276,False,https://x.com/0xmagnolia/status/1869318258463216062,https://t.co/vFFTR62YXl
1912011620123103247,Tue Apr 15 05:14:28 +0000 2025,2.3,capital_compound_defense,229,16,184329,False,https://x.com/0xmagnolia/status/1912011620123103247,评论区多聊天 https://t.co/mrBfOubCFi
2038031433902735516,Sat Mar 28 23:12:13 +0000 2026,2.3,capital_compound_defense,226,5,20231,False,https://x.com/0xmagnolia/status/2038031433902735516,@TheCinesthetic https://t.co/FEIvn0LLmW
1863266064098083041,Sun Dec 01 16:57:02 +0000 2024,2.3,capital_compound_defense,224,38,52230,False,https://x.com/0xmagnolia/status/1863266064098083041,https://t.co/iBbDF3MtNa
1863797199290982585,Tue Dec 03 04:07:34 +0000 2024,2.3,capital_compound_defense,209,36,80475,False,https://x.com/0xmagnolia/status/1863797199290982585,SWAG Dandadan
1965674181586276463,Wed Sep 10 07:10:20 +0000 2025,2.3,capital_compound_defense,199,6,39654,False,https://x.com/0xmagnolia/status/1965674181586276463,龙蛇之变 须臾之间 https://t.co/HiUlJ1WrbI
1923789300187136359,Sat May 17 17:14:46 +0000 2025,2.3,capital_compound_defense,198,21,94907,False,https://x.com/0xmagnolia/status/1923789300187136359,https://t.co/QDs4TsZe4B
2075817866914562062,Sat Jul 11 05:42:00 +0000 2026,2.3,capital_compound_defense,197,4,62577,False,https://x.com/0xmagnolia/status/2075817866914562062,我们全流通不需要打币，也达到了200m不是吗伙计们 https://t.co/gPmTi5aybZ
1903964877997396472,Mon Mar 24 00:19:35 +0000 2025,2.3,capital_compound_defense,191,32,40989,False,https://x.com/0xmagnolia/status/1903964877997396472,It's time https://t.co/EPX9FDTTHG
2095702655507321248,Fri Sep 04 02:37:04 +0000 2026,2.3,smart_money_marketmaker,188,0,62029,False,https://x.com/0xmagnolia/status/2095702655507321248,没搞懂 @binance 不上rh的币就算了，你他妈的连robinhood的充提到现在都没开？不想干了？ https://t.co/rqHvvpJ3yY
2028392495672181128,Mon Mar 02 08:50:31 +0000 2026,2.3,capital_compound_defense,188,2,62380,False,https://x.com/0xmagnolia/status/2028392495672181128,@_Gottalovezik Bro… are we even gonna have work left once AI levels up again? https://t.co/5oTChLbdlx
2095357170183438628,Thu Sep 03 03:44:13 +0000 2026,2.3,attention_meme_playbook,187,12,53491,False,https://x.com/0xmagnolia/status/2095357170183438628,其实想了想，应该在8月初 $MARSCOIN 大热的时候买 $AI 的。既然币股meme这个模式能跑通，说明资金是认可。希望下次做得更好吧，思维转变快一点。 https://t.co/ceCaCuuOBt
2086745972760273236,Mon Aug 10 09:26:24 +0000 2026,2.3,capital_compound_defense,183,15,195452,False,https://x.com/0xmagnolia/status/2086745972760273236,别玩穷庄币，挣几个子儿跟要了它狗命似的 https://t.co/kG6fNNwZf6
1811013864416551247,Wed Jul 10 12:25:26 +0000 2024,2.3,capital_compound_defense,183,66,106503,False,https://x.com/0xmagnolia/status/1811013864416551247,Jay跟胖墩你们内部的证据我已经搜集好了，先爆一部分，我这边已经在找人对接了 https://t.co/VHqZqKZbgc
2036243738461352005,Tue Mar 24 00:48:33 +0000 2026,2.3,articles_and_masterclass,178,0,39681,False,https://x.com/0xmagnolia/status/2036243738461352005,@bbnomula https://t.co/npqDHuGpuM
1871525091705811340,Tue Dec 24 11:55:27 +0000 2024,2.3,smart_money_marketmaker,174,31,39666,False,https://x.com/0xmagnolia/status/1871525091705811340,"F*** Binance Alpha, TikTok is the real Alpha. https://t.co/Mh2LQChk6N"
1857342186750394860,Fri Nov 15 08:37:39 +0000 2024,2.3,bear_cycle_bottom_fishing,161,23,39755,False,https://x.com/0xmagnolia/status/1857342186750394860,"SWAG ELDEN RING
@Swagoneth"
1881730032995078358,Tue Jan 21 15:46:15 +0000 2025,2.3,capital_compound_defense,160,36,47939,False,https://x.com/0xmagnolia/status/1881730032995078358,"The Ferris wheels in Chongqing, Changsha, and Hengyang are all spinning.
https://t.co/vtX5lTDgyr https://t.co/aUO0mZT5pY"
1984199077920424404,Fri Oct 31 10:01:39 +0000 2025,2.3,attention_meme_playbook,150,5,53700,False,https://x.com/0xmagnolia/status/1984199077920424404,"不要错过任何品牌重塑的机会
新的叙事升级 新的代币赋能 新的资金流入 https://t.co/sk7uSn2PK9"
2066403607768174631,Mon Jun 15 06:13:06 +0000 2026,2.3,bear_cycle_bottom_fishing,148,12,106699,False,https://x.com/0xmagnolia/status/2066403607768174631,列入观察 @heyaura  币安现货8.5m，还没上合约。今年4.2号开始转型ai，6.10开启新质押池。33%流通已质押。5.28 5.31 有试盘。 https://t.co/eWHAyZZEge
1944405700559700259,Sun Jul 13 14:36:58 +0000 2025,2.3,capital_compound_defense,144,2,66039,False,https://x.com/0xmagnolia/status/1944405700559700259,12w还是来的太快了 https://t.co/wRqGvVmQqK
2078965123730092287,Sun Jul 19 22:08:05 +0000 2026,2.3,primary_pump_sniper,141,1,31563,False,https://x.com/0xmagnolia/status/2078965123730092287,老畜生米莱 @JMilei 这就是你发币的报应 https://t.co/rkha2cdezZ
1855253001591763224,Sat Nov 09 14:15:59 +0000 2024,2.3,capital_compound_defense,141,29,56279,False,https://x.com/0xmagnolia/status/1855253001591763224,感谢由 @ComposerLin 制作的 @FlyingAvoCats 专曲，可以在网易云音乐收听 https://t.co/ZjPVU61QeR
2093782641199968318,Sat Aug 29 19:27:36 +0000 2026,2.3,capital_compound_defense,140,13,187605,False,https://x.com/0xmagnolia/status/2093782641199968318,"rh破亿四天王 $cashcat $pons $AI $Net
下一个会是？ $Index or $FRONG https://t.co/9cu5gtFHSx"
2075780115628507493,Sat Jul 11 03:12:00 +0000 2026,2.3,capital_compound_defense,131,4,96655,False,https://x.com/0xmagnolia/status/2075780115628507493,金狗早期往往伴随着高波动性。当不确定性成为常态，它本身就成了一种确定性。 https://t.co/YEx9xxuGmN
1900339398383915027,Fri Mar 14 00:13:13 +0000 2025,2.3,attention_meme_playbook,129,15,28607,False,https://x.com/0xmagnolia/status/1900339398383915027,@cz_binance 赵长鹏我劝你好好看看什么是z时代的meme @OIIAOIIA_COIN_ https://t.co/rTMup1KAc4
1957317551949492490,Mon Aug 18 05:44:04 +0000 2025,2.3,capital_compound_defense,128,1,60205,False,https://x.com/0xmagnolia/status/1957317551949492490,https://t.co/90IHBx7aRb
2046490530612474105,Tue Apr 21 07:25:39 +0000 2026,2.3,capital_compound_defense,125,3,136194,False,https://x.com/0xmagnolia/status/2046490530612474105,@1000u1000x 你小子 https://t.co/xu436SZhrI
1908038750447534485,Fri Apr 04 06:07:42 +0000 2025,2.3,capital_compound_defense,125,18,41083,False,https://x.com/0xmagnolia/status/1908038750447534485,@kanyewest https://t.co/AGzckrjKcF
1924133672120389759,Sun May 18 16:03:10 +0000 2025,2.3,attention_meme_playbook,122,32,9705,False,https://x.com/0xmagnolia/status/1924133672120389759,@ethmoodengfan https://t.co/0QO0sijRMP
2098032387057930701,Thu Sep 10 12:54:35 +0000 2026,2.3,capital_compound_defense,113,1,61675,False,https://x.com/0xmagnolia/status/2098032387057930701,泪目了@vladtenev https://t.co/QStsMMZyg1
1975116290399629700,Mon Oct 06 08:29:54 +0000 2025,2.3,capital_compound_defense,107,0,27740,False,https://x.com/0xmagnolia/status/1975116290399629700,"Screenshot szn back fr. Take profits, not Ls. Mitch still learning the hard way. https://t.co/KCOKCN3JgY"
1918973844431233068,Sun May 04 10:19:51 +0000 2025,2.3,capital_compound_defense,105,13,58054,False,https://x.com/0xmagnolia/status/1918973844431233068,https://t.co/OQSFQDhxwU
2012562187110248722,Sat Jan 17 16:26:31 +0000 2026,2.3,capital_compound_defense,103,1,33389,False,https://x.com/0xmagnolia/status/2012562187110248722,一年真快啊 https://t.co/GGQC3v3eVI
1915091621852684392,Wed Apr 23 17:13:17 +0000 2025,2.3,capital_compound_defense,103,0,81465,False,https://x.com/0xmagnolia/status/1915091621852684392,https://t.co/jNOx8ZYzes
2074678081512722456,Wed Jul 08 02:12:54 +0000 2026,2.3,attention_meme_playbook,102,3,114659,False,https://x.com/0xmagnolia/status/2074678081512722456,新链吸引注意力的最好方式就是拉升meme https://t.co/pHdibVYR1u
2085397942073270610,Thu Aug 06 16:09:48 +0000 2026,2.3,capital_compound_defense,100,0,19366,False,https://x.com/0xmagnolia/status/2085397942073270610,@xixikawaii https://t.co/zZbB2Lhbsj
1857786081447653397,Sat Nov 16 14:01:32 +0000 2024,2.2,capital_compound_defense,525,92,122596,False,https://x.com/0xmagnolia/status/1857786081447653397,"避雷这些傻哔晒单的老外，遇到通通拉黑，这些就是老外400u天团
@morpheuswhale 
@punk1685 
@IsaCryptoQueen 
@mrpradaguy 
@arnaultwhale 
@madmanmizzy"
1778369815146840121,Thu Apr 11 10:29:39 +0000 2024,2.2,primary_pump_sniper,394,84,412141,False,https://x.com/0xmagnolia/status/1778369815146840121,"如果你一.没有链上监控bot
二.没有内部一手消息群
三.没有神仙群友
那该怎么寻找好的土狗项目呢？
那就得靠推特 电报 Reddit
先说推特
1.先把能找到的各大项目方全关注了
2.直接找最近一级胜率很高的kol，点开他关注列表，把能关注的全关注了
3.从你关注列表里筛选项目，并不是共同关注的越多越好"
1811452099282239866,Thu Jul 11 17:26:50 +0000 2024,2.2,capital_compound_defense,330,22,141759,False,https://x.com/0xmagnolia/status/1811452099282239866,"我从小就是善恶分明，嫉恶如仇的人。
  父母教我遇到伤天害理的事，不要忍气吞声，不要冷眼旁观。没有人敢发声，那就我来。
  我早就算过命了，我这暴脾气活不到40岁，既然我的死已经命中注定了，那我死之前也要死得其所，死的有价值。
  你们这伙诈骗犯就是欺负人惯了，嚣张跋扈，无法无天。"
1886063475002331183,Sun Feb 02 14:45:48 +0000 2025,2.2,attention_meme_playbook,318,50,66982,False,https://x.com/0xmagnolia/status/1886063475002331183,"一级长期币种能不能稳住30m是为后续市值估算的一个关键点 
1.一般稳住30m这个阶段，日成交量基本在3m左右，很看狗庄实力（它有足够资金能够护盘；有操盘规划跟拉盘路线）
2.一旦稳住30m，那么市值上限就打开了， 再涨66.67%就能去50m（这部分就需要实质性利好 外部刺激，如上大所/代币销毁等）或强庄纯硬拉"
1912913867661054122,Thu Apr 17 16:59:40 +0000 2025,2.2,bear_cycle_bottom_fishing,314,52,76291,False,https://x.com/0xmagnolia/status/1912913867661054122,@0xleo0x @Justsmile23333 @Hovz0217 只要大盘跌的时候就去看这些一级币的1h跟4h，只要2个4h横盘或者没有超过3%的振幅，那就是有主力资金在护盘，而且散户砸不动，大盘稳了自然就开启拉升， dark跟RFC都是在关税战的时候选出来的。以前二级彩票我也是这样筛的。
1811778336668135853,Fri Jul 12 15:03:11 +0000 2024,2.2,capital_compound_defense,193,14,57855,False,https://x.com/0xmagnolia/status/1811778336668135853,我觉得学习能力是最重要的，我翻了翻21年关注的博主，玩NFT的还是只玩NFT，链游打金的还是在玩小游戏。人不要死脑筋，怎么赚钱就怎么玩，币圈你不可能只钻研一个方向，不然会错失很多机会。尤其是那些喜欢乱fud的人。觉得自己在某个领域赚到钱了，就对其他赛道有偏见。你又不是天才。
1919780423162269991,Tue May 06 15:44:55 +0000 2025,2.2,capital_compound_defense,191,30,104205,False,https://x.com/0xmagnolia/status/1919780423162269991,就是按这个思路来的，双币滚仓
1620935785469050884,Thu Feb 02 00:03:01 +0000 2023,2.2,capital_compound_defense,176,40,55234,False,https://x.com/0xmagnolia/status/1620935785469050884,"讲一下我二级现货仓位配置吧以及怎么怎么换仓
1-我一般埋伏短期热点就3000~5000u一个币，通常我会同时埋伏6个币种
2- $gal 跟 $high 我是长拿
3-一般那6个币的仓位一般涨了就会分批出仓，寻找下个热点，通常是某天涨20点以上我会小批出仓，每次出仓不超过初始仓位的25％"
1778373068014100599,Thu Apr 11 10:42:34 +0000 2024,2.2,capital_compound_defense,144,26,94003,False,https://x.com/0xmagnolia/status/1778373068014100599,"4.从共同关注数来看，我关注了3000多人，一般一个新项目有20左右共同关注潜力是比较大的，也不至于太土狗
5.共同关注最好是VC ，NFT大户 ，二线交易所，一般ok跟币安关注的有点卷，kol共同关注比较多的不建议投入太多资金，毕竟需要pvp不停拉新人入场
6.多关注老外圈子，直接从 @Darkfarms1 的列表找"
1919779213772755063,Tue May 06 15:40:06 +0000 2025,2.2,capital_compound_defense,133,4,54524,False,https://x.com/0xmagnolia/status/1919779213772755063,因为这个小号我想着搞川沐来个1wu到1mu的，但好像被你们有些人发现了，我这号一个月前从8700u开始做的，现在盈利稳定在35wu
2062489595141562811,Thu Jun 04 11:00:13 +0000 2026,2.2,bear_cycle_bottom_fishing,127,0,15176,False,https://x.com/0xmagnolia/status/2062489595141562811,@erchenlu1 我说白了，任何事情你要先参与再发表意见，如果连0.1BTC都没买过，都不知道你一天到晚在指点什么江山。但凡到过2w亿美元的资产，并不是你逼逼叨叨就能证伪的。
2080569718919069893,Fri Jul 24 08:24:10 +0000 2026,2.2,capital_compound_defense,117,1,113880,False,https://x.com/0xmagnolia/status/2080569718919069893,@laowu3677 他21年卖完了赚了700多w，还有一个知乎的也是死守doge六年，赚了1200w，21年卖完就没消息了，国内这批死守的人基本21年赚到过就没再关注币圈了。
1925555508486033918,Thu May 22 14:13:02 +0000 2025,2.2,capital_compound_defense,117,12,25506,False,https://x.com/0xmagnolia/status/1925555508486033918,"@web3foxcn zerebro时的dnf  goat fartcoin时的雨中 arc时的大d    swarm时的c 
他们这四个时期的操作可以放到教科书"
1811760465497981057,Fri Jul 12 13:52:10 +0000 2024,2.2,capital_compound_defense,108,5,75564,False,https://x.com/0xmagnolia/status/1811760465497981057,关于小资金篇滚仓，你们看我21年入圈就知道了。我最惨的时候账户里还剩2000块人民币。
2062360799507779652,Thu Jun 04 02:28:26 +0000 2026,2.2,capital_compound_defense,105,13,33155,False,https://x.com/0xmagnolia/status/2062360799507779652,3w8只需要6w再跌36%，加上现在矿场都转型ai租算力，底部支撑变脆弱了，美股ai泡沫一定会破的，但不会像2000年互联网泡沫离谱，顶多英伟达这样的回调30%，算差不多了，那美股一回调，大饼不更得自杀了。
1830109906042761533,Sun Sep 01 05:06:18 +0000 2024,2.2,capital_compound_defense,103,5,122744,False,https://x.com/0xmagnolia/status/1830109906042761533,没想到这么多人对手相感兴趣，那就统一发这里吧，左手命，右手运，双手合起来就命运，但如果你是左撇子就要看右手，你的惯用手就是代表运势可以通过努力改变，不常用的手就是命。（注意⚠️不要封建迷信，大家看个乐就行）
1879114290428531167,Tue Jan 14 10:32:13 +0000 2025,2.0,capital_compound_defense,98,23,30329,False,https://x.com/0xmagnolia/status/1879114290428531167,green cult https://t.co/hFe5ZIDIDX
2030127112007614598,Sat Mar 07 03:43:16 +0000 2026,2.0,capital_compound_defense,97,2,33896,False,https://x.com/0xmagnolia/status/2030127112007614598,hey 我会在x社群标记异动代币相关地址 你也快来试试吧 🖐🏻️🤓🖐🏻️ https://t.co/axikoKn2Ve
1922266829881250228,Tue May 13 12:25:00 +0000 2025,2.0,attention_meme_playbook,94,25,23159,False,https://x.com/0xmagnolia/status/1922266829881250228,@Lntano_0x @ethmoodengfan @grok @gork @01573bit @gongtongfuyudao https://t.co/5ay524Qs2j
2038031959843393625,Sat Mar 28 23:14:18 +0000 2026,2.0,capital_compound_defense,93,1,25053,False,https://x.com/0xmagnolia/status/2038031959843393625,@x_gou https://t.co/GFMQhdp0BJ
1983046669081162221,Tue Oct 28 05:42:23 +0000 2025,2.0,capital_compound_defense,92,1,37431,False,https://x.com/0xmagnolia/status/1983046669081162221,最快的响应速度就是最快解决问题的速度。 https://t.co/h40JnPCte9
1920496601815998896,Thu May 08 15:10:45 +0000 2025,2.0,capital_compound_defense,91,5,7989,False,https://x.com/0xmagnolia/status/1920496601815998896,@shitpost_2049 oi https://t.co/74ufQoIuOS
2095050808849269139,Wed Sep 02 07:26:51 +0000 2026,2.0,capital_compound_defense,90,4,34341,False,https://x.com/0xmagnolia/status/2095050808849269139,什么？！你说你忍受了90％的跌幅，结果刚翻倍你就全部jeet了。那没招了bro https://t.co/gYakNrUZVq
1986101470295711919,Wed Nov 05 16:01:05 +0000 2025,2.0,capital_compound_defense,90,0,23825,False,https://x.com/0xmagnolia/status/1986101470295711919,https://t.co/VsogyI84nV
2080507589029400969,Fri Jul 24 04:17:17 +0000 2026,2.0,capital_compound_defense,89,1,10366,False,https://x.com/0xmagnolia/status/2080507589029400969,@xingpt 它还骂过王虹 https://t.co/JzdgGngOCc
1873212512285671449,Sun Dec 29 03:40:40 +0000 2024,2.0,attention_meme_playbook,89,23,22930,False,https://x.com/0xmagnolia/status/1873212512285671449,"When you said meme couldn’t be remixed.

Me ♻️🐱 https://t.co/AxOqNcV0cq"
2077072331923722718,Tue Jul 14 16:46:48 +0000 2026,2.0,capital_compound_defense,87,2,30464,False,https://x.com/0xmagnolia/status/2077072331923722718,反正又影响不到老币，创世绝版稀有老币。 https://t.co/D35cFVFbjr
2019379128294899861,Thu Feb 05 11:54:37 +0000 2026,2.0,bear_cycle_bottom_fishing,87,11,27803,False,https://x.com/0xmagnolia/status/2019379128294899861,"@ElizabethT73836 新币产出 每 210,000 区块减半
矿工是 持续卖方
减半 = 抛压瞬间下降 50%
而全球流动性本身就有 3–5 年周期（加息 → 紧缩 → 降息）。
👉 减半 + 流动性周期 历史上恰好同频"
2017237535794282519,Fri Jan 30 14:04:41 +0000 2026,2.0,capital_compound_defense,87,4,21463,False,https://x.com/0xmagnolia/status/2017237535794282519,https://t.co/ltXdsOfDfy
2067884761218158800,Fri Jun 19 08:18:41 +0000 2026,2.0,capital_compound_defense,86,0,8456,False,https://x.com/0xmagnolia/status/2067884761218158800,@0xSoju @OndoFinance 你真是死了🐴了，一天到晚转发🐶💩，搬💩能力堪比贴吧厕所，自己发的币提都不提，喊ai做个仪表盘这么费劲吗，还烧酒，你踏马个烧火棍专门戳牛粪
1622521313817677824,Mon Feb 06 09:03:20 +0000 2023,2.0,capital_compound_defense,84,6,123953,False,https://x.com/0xmagnolia/status/1622521313817677824,"–3：有的人会向大批钱包地址进行所谓的代币空投，一般这样的代币都有合约漏洞，一旦你授权了，他就有权限调动你的钱包，盗你钱包，这是很多一级新人容易遇到的情况，希望大家注意风险；
–4：切记不要向陌生人购买u，一级有很多的黑u，一般价低于市场价的多半是黑u，如果被检测到会被官方拉黑钱包地址"
1920495912511553713,Thu May 08 15:08:01 +0000 2025,2.0,capital_compound_defense,83,8,10408,False,https://x.com/0xmagnolia/status/1920495912511553713,@dinosaurs1969 https://t.co/2lumRiiHSw
1622523098137509889,Mon Feb 06 09:10:26 +0000 2023,2.0,capital_compound_defense,83,3,108709,False,https://x.com/0xmagnolia/status/1622523098137509889,"–5：黑u就是不干净的u，比如盗钱包，money laundering来的，还有一些不怀好心的人跟你买卖的时候会给你一个假的二维码，让你扫码给他，这个时候你的钱包多半就被盗走了；
–6：一级市场简直就是币圈的黑暗森林，一些人为了骗你不择手段，telegram discord Twitter陌生人发的链接一律不要点"
1952305536504136066,Mon Aug 04 09:48:06 +0000 2025,2.0,capital_compound_defense,80,11,29755,False,https://x.com/0xmagnolia/status/1952305536504136066,能有几次分叉公链的的机会 $bch $bsv $etc $gor https://t.co/S8hP85zlsj
2095346618266751275,Thu Sep 03 03:02:18 +0000 2026,2.0,capital_compound_defense,79,2,33065,False,https://x.com/0xmagnolia/status/2095346618266751275,https://t.co/LI12ArxxNk
2058610775078707644,Sun May 24 18:07:10 +0000 2026,2.0,capital_compound_defense,78,0,22167,False,https://x.com/0xmagnolia/status/2058610775078707644,谢谢美股之神的关注🫶，另外我 #SMCI 多套救 https://t.co/MHaJiAoW7k
1938525690086957415,Fri Jun 27 09:11:55 +0000 2025,2.0,capital_compound_defense,78,3,42667,False,https://x.com/0xmagnolia/status/1938525690086957415,https://t.co/lKg15VruUr
2093931589638275520,Sun Aug 30 05:19:28 +0000 2026,2.0,capital_compound_defense,77,4,39960,False,https://x.com/0xmagnolia/status/2093931589638275520,是时候了 https://t.co/3fDMwIeCge
1921847372692263263,Mon May 12 08:38:14 +0000 2025,2.0,capital_compound_defense,77,3,35062,False,https://x.com/0xmagnolia/status/1921847372692263263,@theunipcs 买Doro https://t.co/SqybvKLAHy
2031650475469320520,Wed Mar 11 08:36:34 +0000 2026,2.0,capital_compound_defense,75,3,6031,False,https://x.com/0xmagnolia/status/2031650475469320520,@nagayama_koharu 藤本树我操你妈 https://t.co/vAtXDzYECk
1973970017650946434,Fri Oct 03 04:35:01 +0000 2025,2.0,capital_compound_defense,72,2,41237,False,https://x.com/0xmagnolia/status/1973970017650946434,here we go again
2083837609302994946,Sun Aug 02 08:49:36 +0000 2026,2.0,capital_compound_defense,65,2,29114,False,https://x.com/0xmagnolia/status/2083837609302994946,https://t.co/aIRMP9Uxb3
1916321036242718863,Sun Apr 27 02:38:33 +0000 2025,2.0,capital_compound_defense,65,3,6794,False,https://x.com/0xmagnolia/status/1916321036242718863,@rasurasu7227 https://t.co/0XFiXb4Ka9
1920431797466509500,Thu May 08 10:53:15 +0000 2025,2.0,smart_money_marketmaker,64,0,13744,False,https://x.com/0xmagnolia/status/1920431797466509500,@cz_binance 该上个币了吧表哥，点燃一下市场，但凡你从alpha里挑一个呢 https://t.co/f5Bla9xbAa
1813240118817529905,Tue Jul 16 15:51:47 +0000 2024,2.0,capital_compound_defense,63,10,49964,False,https://x.com/0xmagnolia/status/1813240118817529905,$fight 估值汇总。10m—30m—56m，现在上限已经打开了，就看这个庄的操盘水平，以及能不能吸引到二级资金或者场外资金。 https://t.co/gmGss7bK3e
2039027279968469102,Tue Mar 31 17:09:21 +0000 2026,2.0,capital_compound_defense,62,0,32347,False,https://x.com/0xmagnolia/status/2039027279968469102,10m✓ https://t.co/5qFYkaiJ8V
1950851256756408348,Thu Jul 31 09:29:19 +0000 2025,2.0,capital_compound_defense,62,3,6359,False,https://x.com/0xmagnolia/status/1950851256756408348,@HTX_Global https://t.co/v0j5Ri4BoU
2050512290915684661,Sat May 02 09:46:41 +0000 2026,2.0,capital_compound_defense,61,0,38609,False,https://x.com/0xmagnolia/status/2050512290915684661,@45_206MHz https://t.co/C2FGDR46m0
1920320432626151631,Thu May 08 03:30:43 +0000 2025,2.0,capital_compound_defense,61,7,6752,False,https://x.com/0xmagnolia/status/1920320432626151631,@ShootaCat https://t.co/6sbwRXh9Vm
2068616622747930682,Sun Jun 21 08:46:50 +0000 2026,2.0,capital_compound_defense,60,1,26855,False,https://x.com/0xmagnolia/status/2068616622747930682,https://t.co/AzWmPUzOpf
1806984816874918159,Sat Jun 29 09:35:27 +0000 2024,2.0,attention_meme_playbook,59,5,60619,False,https://x.com/0xmagnolia/status/1806984816874918159,搞清楚项目方交钱上所，跟交易所自费买币上所。交易所自费上所的都是有配合的强庄币。 $hoppy $pepecoin 就是这样，现在 $fac 正在印证ing。 https://t.co/KPXWSiOl1z
2057299073204715638,Thu May 21 03:14:56 +0000 2026,2.0,bear_cycle_bottom_fishing,58,4,15790,False,https://x.com/0xmagnolia/status/2057299073204715638,"BTC周期收益推演:
假设你有100万，假设你还能活16年，假设你严格执行一种策略，假设你可以预测周期。 https://t.co/oM9kEXT3Cp"
2037827273739661804,Sat Mar 28 09:40:57 +0000 2026,2.0,capital_compound_defense,58,0,19761,False,https://x.com/0xmagnolia/status/2037827273739661804,https://t.co/Q7P435Kuln
1930662740709831156,Thu Jun 05 16:27:22 +0000 2025,2.0,capital_compound_defense,58,5,6336,False,https://x.com/0xmagnolia/status/1930662740709831156,@OIIAOIIA_COIN_ 虽然不想承认 但猫猫HODL是这样的 https://t.co/3OxrYAsXZ6
1915322220953690122,Thu Apr 24 08:29:37 +0000 2025,2.0,capital_compound_defense,58,1,16501,False,https://x.com/0xmagnolia/status/1915322220953690122,@buzhidao55_ @ishowspeedsui https://t.co/M6lAxeusrs
1915412914233893273,Thu Apr 24 14:30:00 +0000 2025,2.0,capital_compound_defense,57,0,9958,False,https://x.com/0xmagnolia/status/1915412914233893273,@jizhitangjiang6 嘿嘿 https://t.co/2oegc9H9Ne
2074712190351995183,Wed Jul 08 04:28:27 +0000 2026,2.0,capital_compound_defense,56,0,35307,False,https://x.com/0xmagnolia/status/2074712190351995183,"Hey bro, we’re actually gonna make this happen. https://t.co/OEFXlLTDDy"
1946428890777264198,Sat Jul 19 04:36:25 +0000 2025,2.0,capital_compound_defense,55,6,8142,False,https://x.com/0xmagnolia/status/1946428890777264198,@elonmusk https://t.co/6iXI37Rnvs
2069720591914181087,Wed Jun 24 09:53:37 +0000 2026,2.0,capital_compound_defense,54,4,3032,False,https://x.com/0xmagnolia/status/2069720591914181087,@lanxiansheng768 很简单，找到最近涨最猛的币，然后在推特上搜索ca，找到低位发布信息的博主，再把他相关圈子的博主都关注一遍，评论点赞，就会自动开始给你推流新的信息
2066460292637483500,Mon Jun 15 09:58:21 +0000 2026,2.0,capital_compound_defense,54,1,27811,False,https://x.com/0xmagnolia/status/2066460292637483500,https://t.co/eqKDkL5EGP
1811322628696915982,Thu Jul 11 08:52:22 +0000 2024,2.0,capital_compound_defense,54,22,29796,False,https://x.com/0xmagnolia/status/1811322628696915982,我手上证据多了去了，我到要看看你们要怎么颠倒黑白。 https://t.co/LZYNUMuxsU
1981379696089846163,Thu Oct 23 15:18:26 +0000 2025,2.0,capital_compound_defense,52,2,10897,False,https://x.com/0xmagnolia/status/1981379696089846163,@lex_node https://t.co/fchQwwpeqz
2042519716368126337,Fri Apr 10 08:27:03 +0000 2026,2.0,attention_meme_playbook,51,0,38338,False,https://x.com/0xmagnolia/status/2042519716368126337,hey 有没有日本人告诉我 你们最喜欢的meme是什么 https://t.co/orx3oIdp47
1924282158283387254,Mon May 19 01:53:12 +0000 2025,2.0,capital_compound_defense,51,2,5601,False,https://x.com/0xmagnolia/status/1924282158283387254,@OIIAOIIA_COIN_ I like the website 💚 https://t.co/8jEPPIpqPd
1817037455662735699,Sat Jul 27 03:21:03 +0000 2024,1.9,smart_money_marketmaker,88,7,41840,False,https://x.com/0xmagnolia/status/1817037455662735699,"国人聪明钱（不是内幕就是dev）
0x1a6cbab91905a099c0ad11ca7bddf7658a6e6dd4"
2062361287368327215,Thu Jun 04 02:30:22 +0000 2026,1.9,smart_money_marketmaker,81,7,72196,False,https://x.com/0xmagnolia/status/2062361287368327215,sol的交易所可能会是bp，加入观察列表
1888505503350768039,Sun Feb 09 08:29:33 +0000 2025,1.9,attention_meme_playbook,73,3,38589,False,https://x.com/0xmagnolia/status/1888505503350768039,先拉meme再拉应用币，23年的sol不就是这样干的先是 $bonk 后面 $RAY
1947124028239479133,Mon Jul 21 02:38:38 +0000 2025,1.9,primary_pump_sniper,69,1,31698,False,https://x.com/0xmagnolia/status/1947124028239479133,@lex_node @Gorbagana_chain @pumpdotfun 关于前排车头，反正看到gake赚钱总比看到pow赚钱要好受些
2068900749959221591,Mon Jun 22 03:35:51 +0000 2026,1.9,bear_cycle_bottom_fishing,66,7,2341046,False,https://x.com/0xmagnolia/status/2068900749959221591,sol版门罗币 @MineBenchdapp
2070151492926054458,Thu Jun 25 14:25:52 +0000 2026,1.9,primary_pump_sniper,55,1,46838,False,https://x.com/0xmagnolia/status/2070151492926054458,笑死了，当初川普的做市bot全在bp里刷量
2047881288120672572,Sat Apr 25 03:32:01 +0000 2026,1.9,capital_compound_defense,51,1,7274,False,https://x.com/0xmagnolia/status/2047881288120672572,@0xzhaozhao 没必要一个币拿大结果啊，赚到的钱接着滚仓下一个币呗
2046654021545717828,Tue Apr 21 18:15:18 +0000 2026,1.8,capital_compound_defense,3106,119,209596,False,https://x.com/0xmagnolia/status/2046654021545717828,@kamokamo0505 やはり中国は淫夢先進国だ
2074728426599227788,Wed Jul 08 05:32:58 +0000 2026,1.8,attention_meme_playbook,498,74,133595,False,https://x.com/0xmagnolia/status/2074728426599227788,创始人态度高下立判，不像有的人奶meme还藏着掖着，搞得多丢人似的。人家正经1000亿美股上市公司，还不懂得什么是合规吗？
2062343731425263686,Thu Jun 04 01:20:36 +0000 2026,1.8,capital_compound_defense,286,44,95952,False,https://x.com/0xmagnolia/status/2062343731425263686,26年底3w8买入，28年末20w开始卖出
1819383083537433061,Fri Aug 02 14:41:44 +0000 2024,1.8,capital_compound_defense,284,6,125692,False,https://x.com/0xmagnolia/status/1819383083537433061,挺搞笑的看了王小二那个退圈声明，我翻了翻他的推文，除了吹嘘自己牛逼他教了你们什么？怎么这么多人维护他？是他自己赚到钱，又不是他带你们赚到钱，在那里披麻戴孝的。
1857645422279536730,Sat Nov 16 04:42:36 +0000 2024,1.8,attention_meme_playbook,264,16,167884,False,https://x.com/0xmagnolia/status/1857645422279536730,"二级转折点来了
链上资金被盗
山寨被大饼 meme吸血太久
链上游资回笼"
2076588533364736296,Mon Jul 13 08:44:22 +0000 2026,1.8,capital_compound_defense,255,7,37367,False,https://x.com/0xmagnolia/status/2076588533364736296,@leto_bao 马后炮显得你很牛逼是吗？
1921017922752786540,Sat May 10 01:42:18 +0000 2025,1.8,attention_meme_playbook,227,27,38635,False,https://x.com/0xmagnolia/status/1921017922752786540,"叙事 找庄 k线量化分析 这三个是一件事。缺一不可。
不要老是盯着车头怎么做。你自己才是车头。"
2059466883343241690,Wed May 27 02:49:02 +0000 2026,1.8,capital_compound_defense,180,11,53456,False,https://x.com/0xmagnolia/status/2059466883343241690,加密货币的意义就是创造新的庞氏
2073172655872803267,Fri Jul 03 22:30:53 +0000 2026,1.8,attention_meme_playbook,177,4,44866,False,https://x.com/0xmagnolia/status/2073172655872803267,老外就是很团结啊，官方玩梗也不耽误扶持生态项目，再看看 @BNBCHAIN 生态一个二个死装哥，不知道装什么每次meme季都毒哑炮了。
1981398070828158983,Thu Oct 23 16:31:27 +0000 2025,1.8,capital_compound_defense,169,2,17884,False,https://x.com/0xmagnolia/status/1981398070828158983,@bull_bnb 你个小出生急着投胎重生
2007773892954538381,Sun Jan 04 11:19:33 +0000 2026,1.8,bear_cycle_bottom_fishing,157,4,15686,False,https://x.com/0xmagnolia/status/2007773892954538381,"行情好的时候，你不管做什么都是对的。
跨越阶级你只需要三个十倍。
市场差的时候，你怎么努力都触及不到牛市的十分之一。"
1935034816107590093,Tue Jun 17 18:00:26 +0000 2025,1.8,capital_compound_defense,145,0,18463,False,https://x.com/0xmagnolia/status/1935034816107590093,@a1lon9 @elonmusk  Suspend him again
1919730587566539243,Tue May 06 12:26:53 +0000 2025,1.8,capital_compound_defense,141,1,39867,False,https://x.com/0xmagnolia/status/1919730587566539243,@Irenezhao_ 你消息真不真不知道，但dev是真的烧了50wu的币
2083927115347763611,Sun Aug 02 14:45:16 +0000 2026,1.8,smart_money_marketmaker,136,9,54928,False,https://x.com/0xmagnolia/status/2083927115347763611,烂完了，完全下水道，猩红腐败 @cz_binance @heyibinance 这不大清洗？他们都在你们头上拉屎了。
2091480704227914067,Sun Aug 23 11:00:32 +0000 2026,1.8,capital_compound_defense,102,1,8759,False,https://x.com/0xmagnolia/status/2091480704227914067,@PhyrexNi 把腐朽老逼登全熬死，看谁喝，有权利地位给他们喝蜜雪冰城，他们敢说个不吗，最烦这种糟粕文化。
2095165412577312993,Wed Sep 02 15:02:15 +0000 2026,1.5,capital_compound_defense,89,7,65975,False,https://x.com/0xmagnolia/status/2095165412577312993,难道是？
2046653740388872611,Tue Apr 21 18:14:11 +0000 2026,1.5,capital_compound_defense,89,2,164812,False,https://x.com/0xmagnolia/status/2046653740388872611,@ChengXikang123 真拿你没办法
2080646760134025563,Fri Jul 24 13:30:18 +0000 2026,1.5,capital_compound_defense,88,0,12449,False,https://x.com/0xmagnolia/status/2080646760134025563,@JensenHuang @nvidia 占前排，成古人
2096456425824465071,Sun Sep 06 04:32:16 +0000 2026,1.5,bear_cycle_bottom_fishing,84,2,64958,False,https://x.com/0xmagnolia/status/2096456425824465071,昨天洗走 @USronaldcarter ，今早 @rasmr_eth 清仓。接下来交给时间。
2075000244635668663,Wed Jul 08 23:33:04 +0000 2026,1.5,smart_money_marketmaker,82,1,10607,False,https://x.com/0xmagnolia/status/2075000244635668663,@cz_binance 舔狗永远是对的，知道明朝怎么亡国的吗？
2089003715374289372,Sun Aug 16 14:57:52 +0000 2026,1.5,smart_money_marketmaker,79,0,12182,False,https://x.com/0xmagnolia/status/2089003715374289372,@cz_binance 投资的都什么垃圾钱包，看徐明星不顺眼，怎么不把ok钱包买了
2082452818460610711,Wed Jul 29 13:06:56 +0000 2026,1.5,bear_cycle_bottom_fishing,79,3,19860,False,https://x.com/0xmagnolia/status/2082452818460610711,@3ethtomoon 输什么时候都别输了心气，相信下个周期你会迎来高光时刻
2078314532016193841,Sat Jul 18 03:02:52 +0000 2026,1.5,capital_compound_defense,75,0,19910,False,https://x.com/0xmagnolia/status/2078314532016193841,@brian_armstrong 怪不得头上没毛，原来是闺头
2074801244573679776,Wed Jul 08 10:22:19 +0000 2026,1.5,capital_compound_defense,74,0,12040,False,https://x.com/0xmagnolia/status/2074801244573679776,@jheioff 聋了吗 问你话呢@gate
1917190823109972450,Tue Apr 29 12:14:46 +0000 2025,1.5,attention_meme_playbook,74,2,16948,False,https://x.com/0xmagnolia/status/1917190823109972450,@NanFengMeme 妙蛙种子
2038870061822394705,Tue Mar 31 06:44:37 +0000 2026,1.5,capital_compound_defense,73,0,33397,False,https://x.com/0xmagnolia/status/2038870061822394705,"哥姐几个记得加社群啊 就在简介下方
可以把社群添加到桌面，没事可以进去看看"
1946416116332662835,Sat Jul 19 03:45:39 +0000 2025,1.5,capital_compound_defense,69,1,16203,False,https://x.com/0xmagnolia/status/1946416116332662835,@DuolingoBrasil 走出国门了
2085988033967644899,Sat Aug 08 07:14:37 +0000 2026,1.5,capital_compound_defense,68,0,6396,False,https://x.com/0xmagnolia/status/2085988033967644899,@ZhangZToooooo 嘿不要灰心，这个阶段不适合你，那就等到属于自己舒适区。不需要抓住每次机会，你只需要抓住一两次就可以了
2083880875360686507,Sun Aug 02 11:41:31 +0000 2026,1.5,attention_meme_playbook,68,4,75450,False,https://x.com/0xmagnolia/status/2083880875360686507,@shuirenzhi88858 @GreatMeMeMe 纯看上币组有没有货，币安alpha从根上就腐败完了
1952339936243593476,Mon Aug 04 12:04:48 +0000 2025,1.5,smart_money_marketmaker,68,0,13766,False,https://x.com/0xmagnolia/status/1952339936243593476,@cz_binance 那你上海的房子白卖了
2076273089080701144,Sun Jul 12 11:50:54 +0000 2026,1.5,capital_compound_defense,67,0,39781,False,https://x.com/0xmagnolia/status/2076273089080701144,哦？
2080325409099649056,Thu Jul 23 16:13:22 +0000 2026,1.5,capital_compound_defense,66,0,9890,False,https://x.com/0xmagnolia/status/2080325409099649056,@WhiteHouse 我尼玛 这些勾八官号实习生绝对炒币，几次了他妈的
2042469541142544475,Fri Apr 10 05:07:40 +0000 2026,1.5,capital_compound_defense,66,1,17283,False,https://x.com/0xmagnolia/status/2042469541142544475,@brightjoe_9 @y1nt_ bsc:预测二圣吐痰👉🏻kol预测痰的成分👉🏻小散吃kol的浓痰👉🏻被浇给👉🏻二圣吐痰了!
1946965008270893506,Sun Jul 20 16:06:45 +0000 2025,1.5,capital_compound_defense,66,1,43589,False,https://x.com/0xmagnolia/status/1946965008270893506,https://t.co/H1cXEBZe8K
1835520525810151622,Mon Sep 16 03:26:10 +0000 2024,1.5,capital_compound_defense,66,3,24963,False,https://x.com/0xmagnolia/status/1835520525810151622,"我求的是正儿八经的金狗，而不是广撒网博胜率。
  哪次不是把购买理由一五一十地列出来，好让你们明白它值不值得买入。"
2038255144991891488,Sun Mar 29 14:01:10 +0000 2026,1.5,capital_compound_defense,65,1,40786,False,https://x.com/0xmagnolia/status/2038255144991891488,记得加社群 基本有什么异动的信息都在社群发了
2076563306417189062,Mon Jul 13 07:04:07 +0000 2026,1.5,smart_money_marketmaker,64,0,10788,False,https://x.com/0xmagnolia/status/2076563306417189062,@cz_binance 来对线 @star_okx
1835111547963949235,Sun Sep 15 00:21:02 +0000 2024,1.5,articles_and_masterclass,63,1,8397,False,https://x.com/0xmagnolia/status/1835111547963949235,@wangduanniao @Bitget_zh 我说你们这些撸毛博主，是不是只发教程自己都不撸
1915435793696636935,Thu Apr 24 16:00:54 +0000 2025,1.5,bear_cycle_bottom_fishing,60,13,20641,False,https://x.com/0xmagnolia/status/1915435793696636935,"@Coins03 @moment_eth 给你一个示范
https://t.co/vm8SraxmLU"
1914999023624204576,Wed Apr 23 11:05:20 +0000 2025,1.5,capital_compound_defense,56,13,15449,False,https://x.com/0xmagnolia/status/1914999023624204576,@whalewatchdefi 这个号也关注下
2072208139873902849,Wed Jul 01 06:38:14 +0000 2026,1.5,capital_compound_defense,52,2,6580,False,https://x.com/0xmagnolia/status/2072208139873902849,@wufantouzi 炒美股应该炒币圈没有的东西，炒币要炒美股没有的东西
1920820009120465329,Fri May 09 12:35:51 +0000 2025,1.5,capital_compound_defense,52,8,28418,False,https://x.com/0xmagnolia/status/1920820009120465329,@auctman 看收针，出现缩量收针且横盘半小时，抄
2071199754269474890,Sun Jun 28 11:51:17 +0000 2026,1.5,attention_meme_playbook,51,0,33570,False,https://x.com/0xmagnolia/status/2071199754269474890,"黑鬼新钱包里相对市值较低且他已关注没跑路代币
@useAtelier  AI雇佣市场（AI版Fiverr）市值180k 纯当彩票"
1938144156724936973,Thu Jun 26 07:55:50 +0000 2025,1.5,bear_cycle_bottom_fishing,51,0,5619,False,https://x.com/0xmagnolia/status/1938144156724936973,@lin_btc @jiujinshan2022 @MustStopMurad 你肯定可以拿到大结果的。
1915085884405477419,Wed Apr 23 16:50:30 +0000 2025,1.5,capital_compound_defense,51,1,110422,False,https://x.com/0xmagnolia/status/1915085884405477419,@jizhitangjiang6 太好了，该洗的都洗了
1922259262035591649,Tue May 13 11:54:56 +0000 2025,1.5,attention_meme_playbook,50,23,4650,False,https://x.com/0xmagnolia/status/1922259262035591649,@Lntano_0x @ethmoodengfan @grok @gork 大致情况我摸清了，支持一下
