ID,发布时间,推文正文,点赞数,转发数,回复数,浏览量,含金量评分,所属领域,本地配图
1968245893905482170,Wed Sep 17 09:29:24 +0000 2025,"另外总结一下一些朋友目前碰到的几个问题。
edgeX：
1. Websocket Error 400：如果你遇到这个报错，是由于你还没有开通edgeX的api白名单，需要你在edgex的discord开票并申请白名单，一般需要1-2天的时间处理。

2. 仓位失衡导致程序退出主要是有三个潜在的原因:
 - 价格变化过快导致 post only (maker) 的订单无法成交，当连续失败15次后会放弃下单。针对这个问题，我会在这周内改进。我的解决方案是在下单时用 while loop，当发生post only (maker) 的订单无法成交时，无限重试，当发生其他问题时重试固定的次数或直接报错。
 - 关仓的限价单自动过期，导致关仓的数量和仓位不对等：这个问题主要存在于早期的脚本中，因为官方的 python sdk 默认每个订单的时间只有3天左右，3天后自动过期。在最新的sdk中我已经修复这个问题，将每个订单的过期时间改为50天。
 - 误报订单成交：这也是早期的脚本中的一个bug，最新版的脚本中已修复。

Backpack：
1. 网络不稳定导致脚本退出：不知道为什么edgex基本没有这样的问题，但backpack对网络稳定性特别敏感，很多用vpn的朋友都碰到了这个问题。最新版的脚本已经应用了 @Anti_Oracle 增加的重试机制，虽然不能百分百避免网络问题导致的退出，但已经是目前最好的办法了。有能力的朋友建议用云服务器，我的backpack脚本在云服务器上已经连续跑了快两天了都没有出问题。
2. 仓位失衡导致程序退出：Backpack这边没有像edgeX那样代码有bug导致仓位失衡，主要还是网络问题导致下单失败，最终仓位失衡。增加了重试机制后应该会好一点，但最好的解决办法还是用云服务器。",0,2,0,5598,7.5,Perp DEX 量化做市与无损刷量：edgeX 帕拉梅拉 200k 战役、Backpack/Paradex/Aster 六大协议脚本工程化,
1968241329076347075,Wed Sep 17 09:11:15 +0000 2025,"[Backpack | edgeX 开源脚本更新]

刚才发布了最新版本的脚本到 GitHub，在这里特别感谢 @Anti_Oracle 和 @0xstan_ 两位朋友为代码做出的贡献。当我表示要给他们发个红包激励表示感谢时，他们不约而同的拒绝了。再次感谢！

@Anti_Oracle 改进了以下功能：
1. 增加了发送请求失败时的重试机制，主要解决当网络不稳定时的请求失败。
2. 增加了当仓位不平衡程序退出时的飞书信息通知（需要自己设置，默认为不发送信息）
3. 增加了支持自定义储存 environmental variables 的文件
4. 在日志中增加了交易所和交易对的信息
5. 当脚本退出并手动重启后，等待对应的下单间隔时间后再进行下单

@0xstan_ 修复了当设定 --direction sell 时，backpack的下单问题。

已经在跑脚本的朋友需要重新运行一下 pip install -r requirements.txt 来安装新的dependencies，也可以直接 pip install tenacity>=9.1.2 ，因为只增加了这么一个dependency。

如果你还在用旧的edgex的脚本，建议尽快换成这个新的，因为新的脚本修复了不少bug，以后也会不断增加支持的交易所。

如果你碰到任何的报错，请随时私信我报错的日志，这样我不仅可以帮助你解决你的问题，也可以帮助改进这个脚本。谢谢大家！

https://t.co/4A0l5ABsoC",0,7,13,14746,8.3,Perp DEX 量化做市与无损刷量：edgeX 帕拉梅拉 200k 战役、Backpack/Paradex/Aster 六大协议脚本工程化,
1965768235237933303,Wed Sep 10 13:24:04 +0000 2025,"ETH又到了最近5天的新高，用我的这个脚本刷 edgeX 交易量的朋友们舒服了吧？无损刷了5天交易量，如果止盈设的比手续费稍高一点，还能有盈利。我自己上周刷了2000万交易量，拿了两百多分。

开心之余还是要风险提示：这不是中性策略，如果你选择看多，那么跌的时候你还是会被套住😁",0,1,3,7488,6.0,Perp DEX 量化做市与无损刷量：edgeX 帕拉梅拉 200k 战役、Backpack/Paradex/Aster 六大协议脚本工程化,
2097682668250955891,Wed Sep 09 13:44:55 +0000 2026,"今天被铺天盖地的 laptop 刷屏，才看到 LIT 已经破 5u 了，TGE前的 100u/分 终于兑现。

我在六月底的时候看到 Lighter 有交易竞赛，就顺便把一些套保的仓位移到了 Lighter。

没有刷交易量，只是持仓，因为交易竞赛比的是pnl和回报率，结果拿到了大约 1万个 LIT 的奖励，现在价值已经超过5万u。

5万u，放在其他的项目，得刷多少交易量才能拿到5万u的空投？

看看这1万个LIT我能坚持拿到什么时候吧",0,1,8,12223,5.2,Perp DEX 量化做市与无损刷量：edgeX 帕拉梅拉 200k 战役、Backpack/Paradex/Aster 六大协议脚本工程化,
2095145121213804661,Wed Sep 02 13:41:37 +0000 2026,"@Maomaoyuoxo @variational_io 有没有区别，是不是创新都不重要，就像是说“hyperliquid就是链上永续合约”，它是或不是都不重要。

有市场，有用户，能盈利就可以了",0,0,1,389,3.4,Perp DEX 量化做市与无损刷量：edgeX 帕拉梅拉 200k 战役、Backpack/Paradex/Aster 六大协议脚本工程化,
1983464936258060720,Wed Oct 29 09:24:26 +0000 2025,"[ edgeX 专属活动 | edgeX <> Lighter 对冲模式脚本更新]

这段时间应该是 edgeX 和 Lighter 最后的窗口期了，原因看聊天记录截图（Alan是edgeX项目官方的）。

因为最近在休假，所以没有更新脚本，但今天还是挤时间写了 edgeX 和 Lighter 的对冲模式，不含手续费磨损0.004%-0.006%，所以再加上你的手续费就是最终的磨损，总磨损一般在万一左右（根据市场波动）。

配合明天开始的我的社区专属活动，获得最高1000u奖励（用我的邀请码就能参加），就能将损耗压得更低。

使用我的邀请链接，获得永久 vip 1 的费率，10%返佣，以及 10% 额外奖励积分，并获得参与社区专属活动的资格。
邀请链接: https://t.co/AUEWRSOf2x

脚本: https://t.co/4A0l5AC0ea

私信我加入 tg 交流群。",0,7,19,11472,9.3,Perp DEX 量化做市与无损刷量：edgeX 帕拉梅拉 200k 战役、Backpack/Paradex/Aster 六大协议脚本工程化,tw_1983464936258060720_1.jpg; tw_1983464936258060720_2.jpg; tw_1983464936258060720_3.jpg
1980880046870130773,Wed Oct 22 06:13:00 +0000 2025,"[Lighter 每周积分规则解读]

@Lighter_xyz 公布了每周 25 万分数的分配方式，以前都是社区的猜测，这是官方第一次公布具体的信息。每周的积分分为两部分：
👉 20 万给普通用户
👉 5 万给做市商

一、做市（适用于高级账户）- 每周 5 万积分

1️⃣ LLP 特殊规则

LLP 金库本身承担做市功能，但不参与积分分配。
系统会先计算包含 LLP 在内的初始比例，然后剔除 LLP 部分后，再按比例放大其他做市商的积分。

例如：
若 LLP、做市商 A、做市商 B 的初算占比分别是 50%、30%、20%，
则 LLP 不参与分配，A 实际得分 = 30% / (1-50%) × 50,000 = 30,000
B 实际得分 = 20% / (1-50%) × 50,000 = 20,000

2️⃣ 挂单交易量公式
每个高级账户根据“挂单交易量”获得分数：
score = volume + max(0, (volume - 2.5B) × 0.25)
也就是说，超过 2.5B 的交易量部分会额外获得 25% 的加权，以奖励高交易量的做市商。

3️⃣ 流动性激励
针对专业做市商，根据以下因素额外奖励：
 - 挂单距离盘口的深度
 - 市场整体流动性
 - 挂单持续时间与稳定性

此外，Lighter 会根据交易对在全网的交易活跃度进行加权：
 - 相对冷门的交易对 → 积分加权
 - 高流动性交易对 → 积分降权

二、散户（适用于普通 & 高级账户）- 每周 20 万积分
散户积分规则相对模糊，但可分为五大类：
1️⃣ 交易量
2️⃣ 仓位
3️⃣ 合约费率
4️⃣ 爆仓与强减
5️⃣ 收益与亏损

其中比较重要的几点：
- 每个种类都有降权和加权，奖励“更高质量的交易”，也可以说是惩罚“刷交易量”。
  - 是否是高级账户可能会影响每个种类中积分的加权与降权，官方文档中明确指出的是，高级账户对“收益与亏损”这部分的分数有加权影响。
  - 有些种类适用于整个Lighter上的交易，而有些种类会根据交易对的不同有不同的权重。
  - 有些种类会根据每天的数据来计算，而有些种类则会根据每周的总量来计算
  - 分数分配并不是线性的，官方文档中的举例是：2倍的交易量并不意味着2倍的分数，可能是3倍的分数，也可能是1.5倍的分数。（但交易量肯定是降权的）
  - 每个交易对有不同的权重。官方举例：$100 BTC 的交易量获得的分数与 $100 HYPE的交易量获得的分数是不同的，且这个权重不仅仅局限于交易量这个类别，也适用于其他类别。
  - 刻意地亏钱和爆仓不会收益。这条有点含糊，所以这里附上英文原文“Intentionally losing money or getting liquidated will not be beneficial.”

另外，还有非常重要的关于女巫的通知：每个用户可以有最多10个Lighter账号。
 
总结一下：
如果你是高级账户（0.002% maker 手续费，0.02% taker 手续费），你可以参与做市商和散户的积分分配；如果你是普通账户（maker和taker都是0手续费），可以参与散户的积分分配。整体而言，我认为这个规则还是非常合理的。",0,5,19,9878,8.3,Perp DEX 量化做市与无损刷量：edgeX 帕拉梅拉 200k 战役、Backpack/Paradex/Aster 六大协议脚本工程化,
1975748417985880110,Wed Oct 08 02:21:45 +0000 2025,"[免费开源脚本又又又新增一所：Extended]

脚本目前已支持市场上大多数未发币的 Perp DEX：
Backpack | edgeX | Paradex | Aster | grvt | Lighter | Extended

Extended 还相对比较早期，团队背景靠谱，也将是我接下来重点撸的一个交易所。

我的 extended 的邀请码也是官方大使： https://t.co/V0TEgVkcxY

使用我的邀请码可以获得：
 - 10%手续费的立即减免（项目方也说了马上会推出自动返佣机制）
 - 积分的加成
 - 参与目前正在进行的专属交易量竞赛，最高奖池$70000，竞赛将于10月15日结束

开源 Github 地址: https://t.co/4A0l5ABsoC

私信我加入免费TG交流群组。",0,14,18,19295,10.0,Perp DEX 量化做市与无损刷量：edgeX 帕拉梅拉 200k 战役、Backpack/Paradex/Aster 六大协议脚本工程化,tw_1975748417985880110_1.jpg
1993600942835405086,Wed Nov 26 08:41:18 +0000 2025,"edgeX 和 Lighter 的空投基本决定了其他各个小所的收入以及发币预期(aka 卷的程度)，所以即使你只参与了其他perp dex，也值得关注一下这两个所的情况。

这里也顺便同步一下其他 perp dex 的积分季的信息。

Lighter：今年1月开始的积分，还没有明确的结束和tge的时间。
Paradex：从24年2月就开始积分，本来承诺今年6月结束，但项目方决定无情延迟到2026Q1。
Extended：24年8月上线，25年2月追溯发放积分并开始积分活动。
Backpack：25年3月追溯内测期间的交易行为并开始发放积分，目前刚开始了第四季。",0,0,1,3027,7.5,Perp DEX 量化做市与无损刷量：edgeX 帕拉梅拉 200k 战役、Backpack/Paradex/Aster 六大协议脚本工程化,
1993600789705551965,Wed Nov 26 08:40:42 +0000 2025,"大的真的来了 @edgeX_exchange 

今天 edgeX 倒数第二周的积分出来了，7天后，这一积分季就正式结束了，TGE也就在眼前了。

更重要的是 edgeX 悄悄更新了官方文档，放上了代币分配，确认25%空投，更更重要的是，

空投的代币全部无锁仓！

而团队及其他情况下获得的代币都有锁仓。

从去年12月开始 alpha season，到今年6月开始 open season，两季积分季恰好历时一年。

但 edgeX 在 perp dex 这个长周期的赛道其实已经把节奏控制得非常好了，没有拖拉，没有过度承诺，一步一步都踩实了。",0,4,17,14771,9.2,Perp DEX 量化做市与无损刷量：edgeX 帕拉梅拉 200k 战役、Backpack/Paradex/Aster 六大协议脚本工程化,tw_1993600789705551965_1.jpg
2064702672284930427,Wed Jun 10 13:34:12 +0000 2026,"使用邀请码获得Saturn积分加成：QUANT

我自己是没有精算，但根据推特上其他朋友的计算，Pendle 上 LP-srUSDat 7.5x 的积分，对应的年化大约是4%，也就是说，总年化收益大约在16%左右。",0,0,0,1956,3.4,Perp DEX 量化做市与无损刷量：edgeX 帕拉梅拉 200k 战役、Backpack/Paradex/Aster 六大协议脚本工程化,
1930185111703564723,Wed Jun 04 08:49:26 +0000 2025,"百万美金 DeFi 记录 - Day 7

最近整个 DeFi 市场的收益普遍回落，我的一些PT也快到期，所以必须得研究一些新项目，准备调整一下仓位。

首当其冲需要调整的是我在 @InfraredFinance 挖的 drUSD（仓位约 10 万美金），当前收益已下滑到 8%，而 @reservoir_xyz 的第一季积分活动也已结束，继续持有的性价比不高。

目前我在评估三个备选项目，对我来说都属于风险相对高一些的类型，这几天会继续深入研究，等做出决定后会第一时间分享。

🔍 备选一：@infinifilabs
这是一个昨天刚上线的项目，但我其实已经关注了一段时间。目前需要邀请码才能参与，如果你也想进去研究，可以使用我的邀请码：HPNS2CWZ。

存款项目、有积分活动，并根据锁仓时间提供 10%-20% 不等的 APY。盈利机制稍微有点复杂，但思路挺有意思。我会在周五前把白皮书看完，然后查一下数据，之后分享我的分析。

🔍 备选二：@Lighter_xyz
最近 perp dex 层出不穷，Lighter 是其中之一。我在考虑的是 Lighter 的 LLP（Lighter Liquidity Provider），类似于 Hyperliquid 的 HLP，和交易所上的用户做对手盘。

目前 LLP 的一周 APY 高达 100%，但新用户的存款额度有限，只能存入 Lighter 账户余额的 25%。例如转入 10 万美金，只能存入 2.5 万，其余额度需要通过在 Lighter 上交易赚取积分来解锁。
LLP 的收益远高于 HLP，我会着重研究其结构是否有额外风险，看看这是否是收益高的代价。

🔍 备选三：@falconfinance
Falcon 的 USDf 最近热度很高，TVL 快接近 $600M。我其实在内测阶段就存了几十万，当时 APY 高达 20%，但在积分机制启动后，TVL 暴涨，收益明显下滑。

相比其他 Delta Neutral 稳定币，USDf 有个比较大的隐忧：它接受了一些市值较低的 meme 币作为抵押，而且官方的 transparency dashboard 至今没有公开具体的相关持仓数据。

因为收益低及不透明这两个原因，我此前选择了暂时清仓 USDf。如果最后决定再次布局，我可能会选择去 Pendle 上做 LP，据说积分是会追溯Pendle上的仓位的。

如果你最近也在研究新项目或有什么其他好的项目，欢迎留言推荐给我，一起学习！👏👏👏

#DeFi #稳定币 #收益策略 #Lighter #Infinifi #Falcon #Infrared #百万美金计划",0,2,6,2743,7.5,Perp DEX 量化做市与无损刷量：edgeX 帕拉梅拉 200k 战役、Backpack/Paradex/Aster 六大协议脚本工程化,
2062164165469327491,Wed Jun 03 13:27:04 +0000 2026,@Web3Feng 我在lighter犯贱了之后，BP开盘第一秒就卖完真是卖得酣畅淋漓,0,0,3,3231,3.4,Perp DEX 量化做市与无损刷量：edgeX 帕拉梅拉 200k 战役、Backpack/Paradex/Aster 六大协议脚本工程化,
2011372501696479416,Wed Jan 14 09:39:08 +0000 2026,"使用我的邀请码可以获得：
 - 直升 VIP 1
 - 10% 积分加成
 - 10% 手续费返佣

https://t.co/IkV4RPOoiV",0,0,2,4057,4.2,Perp DEX 量化做市与无损刷量：edgeX 帕拉梅拉 200k 战役、Backpack/Paradex/Aster 六大协议脚本工程化,
2011372089031152093,Wed Jan 14 09:37:30 +0000 2026,"[ edgeX PRE-TGE 积分季 | 50u成本, 2700u收益]

这个推文不是为了 CX 大家去无脑刷 edgeX，而是想说，算清楚帐，靠技术领先别人，到处都是确定很高的高收益机会。

我的 edgeX <> Lighter 代码框架都已经开源给你们了，之前花时间去研究的朋友们现在该收获了。

--- PRE-TGE 积分活动基本情况介绍 ---
之前介绍过， @edgeX_exchange 已经明牌承诺在今年3月31日肯定发币，也就是离发币最远也只有不到2个半月的时间了。

edgeX 也在上周开启了新的一季 TGE 前的积分活动。在上一季积分活动分配 25% 代币不变的情况下，增加额外的 2% - 5% 的代币用于奖励 TGE 前的新一季积分活动。

每周的积分(XP)总量由平台总交易量决定，最高档是 $17.5B 交易量分配 120万 XP。因为 edgeX 每周的交易量远高于17.5B，所以可以理解为每周固定分发 120万 XP。

XP对应的代币奖励份额根据 TGE 时间决定：
2月3日前 TGE：2% 代币分配
3月3日前 TGE：3.5% 代币分配
3月31日前 TGE：5% 代币分配

那么假设未来每周的交易量是 $25B，根据不同TGE时间，每 1XP 对应的 edgeX 代币数量如附图所示：每1XP对应约3.4个代币，如果 edgeX 在 TGE 后的 FDV 是 $1B，1XP 对应的价值就是 $3.4 左右。

--- 我上周的得分 以及 收益 ---
上周我的交易量是 1500 万，拿到了 810 分，假设发币后是 $1B 的FDV，对应的价值就是约 810分 * 3.4 代币 * $1 = $2700，你也可以根据你对 edgeX 的 FDV 预期调整。

换句话说，如果你认为 edgeX 的 FDV 是 $1B，那么根据上周的数据，交易量磨损的保本线是2700/1500万 = 0.018%，也就是万1.8。

我的磨损是 0.0024%，约350u。另外，交易量超过5万就可以参与MARU的抽奖（我感觉也是根据交易量有基本的参数，而不是完全随机的），我抽到了6000个，对应价值300u，所以实际成本只有50u，但拿到的XP价值2700u，50 倍的收益。",0,7,13,11494,9.2,Perp DEX 量化做市与无损刷量：edgeX 帕拉梅拉 200k 战役、Backpack/Paradex/Aster 六大协议脚本工程化,tw_2011372089031152093_1.png
2008865179610530191,Wed Jan 07 11:35:56 +0000 2026,"[ edgeX pre-TGE 积分赛季]

edgeX 开始了一个 Pre-TGE 积分赛季，与上一赛季的积分独立，新的积分名称为 XP。

根据上个积分赛季结束后的数据，已经为所有活跃用户追溯并分发了70万 XP。

XP 获取方式：
 - 交易赚 XP（现货权重 3×）
 - Perp 交易亏损也有 XP（10% 权重）
 - Vault / TVL 贡献
 - 在现货账户连续持有 ETH 24h+：每 $5,000 ≈ 1 XP + 20 MARU，不足部分自动累计，每日快照 & 分发
 - 手机app新人任务

XP 叠加加成：
 - 手机端交易：1.2× XP
 - 持有 MARU：
    ≥50k：1.05×
    ≥200k：1.10×
    ≥500k：1.15×
 - Messenger 身份：最高 1.10×

除了 XP 以外，还有 MARU 的奖励。
每周交易量 ≥ 50,000U，周三 XP 结算后，去 MARU 页面 100% 中奖抽取。注意！不抽 = 过期清零。

👉 关于 TGE 和代币分配，edgeX 放出了更多的信息：
官方确认最晚 TGE 的日期是3月31日，很可能提前，但不会更晚。

根据 TGE 的时间，分配给 Pre-TGE Season 的代币会有不同的占比：
如果在 2月3日前 TGE：2% 代币分配给Pre-TGE Season
如果在 3月3日前 TGE：3.5% 代币分配给Pre-TGE Season
如果在 3月31日前 TGE：5% 代币分配给Pre-TGE Season

另外，为了更大地保障前期用户的权益，在TGE的24小时内，Pre-TGE Season 前的积分用户会先收到代币。Pre-TGE Season的XP对应的代币会在TGE 24小时后分发。",0,5,8,8131,8.4,Perp DEX 量化做市与无损刷量：edgeX 帕拉梅拉 200k 战役、Backpack/Paradex/Aster 六大协议脚本工程化,tw_2008865179610530191_1.jpg
2008865181816791281,Wed Jan 07 11:35:56 +0000 2026,"上面的是信息搬运，下面说一下我的看法

我和所有人一样，都希望 edgeX 直接发币，而不是延迟。官方本来已经确定空投25%，现在新的赛季的代币是在25%的基础上额外的空投，所以好消息是原来积分对应的代币数量不会变，不会被稀释。

不可否认的是，初始流通会增加 2%-5%，但这增加的部分是空投24小时后才能领取，所以我个人觉得这对空投的价格影响不大。如果想要继续持有，那长期来看，这额外的2%-5%的代币也不会对币价产生大的影响。

总而言之，这对我来说肯定是一个机会，无损刷就不怕反撸，所以这个活动我肯定会参与。（无损刷的脚本框架我已经开源了哦，不过还是需要你自己动手小改一下）

使用我的邀请链接，额外10%手续费返佣和10%额外积分：
https://t.co/AUEWRSNHcZ",0,1,4,4151,7.5,Perp DEX 量化做市与无损刷量：edgeX 帕拉梅拉 200k 战役、Backpack/Paradex/Aster 六大协议脚本工程化,
2026666883521356061,Wed Feb 25 14:33:33 +0000 2026,"Lighter 上有一场大戏 (针对LLP的攻击？) 正在发生

这个账户开仓了价值$2400万的ARC，并且还在不停地TWAP开仓，目前浮盈$500万，每天需要付$95万的资金费。
https://t.co/dAKcgaRiZ1

他想要做什么？
下一步会发生什么？",0,2,9,86839,4.8,Perp DEX 量化做市与无损刷量：edgeX 帕拉梅拉 200k 战役、Backpack/Paradex/Aster 六大协议脚本工程化,
2003641260699979931,Wed Dec 24 01:37:57 +0000 2025,"[ Ethereal 27.2% 真实现金年化收益 + 积分 ]

Ethereal 是 Ethena 扶持的 Perp Dex，这里重点介绍一下存入 Ethereal 的交易保证金的被动收益，目前高达 27.2%。

存入 Ethereal 的资金都可以收到利息，利息分为两部分：
1. 只要存入USDe就有4.3%的基础利息，这个利息是没有门槛的。
2. 最高22.9%的额外补贴利息：Ethereal 会拿出每周25%的交易费收入作为补贴，返还给用户。每周根据用户的仓位以及保证金金额按比例分配收益，最高的年化收益为22.9%。

因此，在Ethereal上开仓对冲，放着不动，拿积分的同时吃到25%+ 年化的利息，是非常舒服的。

目前我在账户里放了5万u测试，账户内开多45ETH，开空2BTC，并在其他交易所对冲。以此实现100%对冲的同时，单个账户内也有ETH和BTC的对冲，不需要频繁调整保证金。

单币3倍杠杆，但因为有btc和eth的对冲，价格波动引起的风险较小。

上周这样杠杆的仓位可以吃到完整的27%的现金利息，另外还拿到了17万积分。先不说 Ethereal 积分值不值钱，这27%的真实年化太香了。

Ethereal 目前用邀请码才可以参加：
https://t.co/SdDS311OPx",0,11,19,60571,10.0,Perp DEX 量化做市与无损刷量：edgeX 帕拉梅拉 200k 战役、Backpack/Paradex/Aster 六大协议脚本工程化,tw_2003641260699979931_1.jpg
1996226000179314980,Wed Dec 03 14:32:21 +0000 2025,@Boywus @SystemicStratHL @HyperliquidX @paradex 看得我菊花一紧 看来在这些新的dex上套利也要小心,0,0,0,1820,4.6,Perp DEX 量化做市与无损刷量：edgeX 帕拉梅拉 200k 战役、Backpack/Paradex/Aster 六大协议脚本工程化,
1996174351406670305,Wed Dec 03 11:07:07 +0000 2025,"分享的意义在这一刻具像化了

我拿到了 @edgeX_exchange 创作者活动的头号大奖 EpicSer NFT，目前总量只有133个。

过去一个月，我写了三篇长文，开源了两套代码，从一个程序化套利者的角度分享了真实的 edgeX 使用经验与体验。

再次感谢 @edgeX_exchange 的这次活动，我以后也会继续分享更多有用的信息，同时也鼓励大家一起来分享自己的 alpha。

(顺便分享一条昨晚刚收到的来自陌生人的私信，每次看到这样的感谢的私信，就觉得我整理代码并开源花的时间值了）",0,2,12,3928,7.0,Perp DEX 量化做市与无损刷量：edgeX 帕拉梅拉 200k 战役、Backpack/Paradex/Aster 六大协议脚本工程化,tw_1996174351406670305_1.jpg
1960632869514055733,Wed Aug 27 09:17:57 +0000 2025,"[八月套利小结 | 年化 145% | ROI 12%]

目前还是在跑三个中性策略，理论上不会有回撤，但昨天因为特殊情况，遭遇了第一次回撤（后面会细说）。

八月至今，三个策略在各个交易所上的总交易量约 $16 亿。因为是高频量化套利，虽然交易量看起来巨大，但其实是薄利多销，利润率并不算高。从7月正式开始跑这几个策略，我也在不断加大资金量，所以收益率有所摊薄，但 八月依然保持年化约 145%，ROI 约 12%。这也是为什么我把 DeFi 理财账户一半的资金挪了出来，笔记套利一个月的收益接近 DeFi 理财一年的回报。

目前的主要的交易所是 Lighter，三个策略大约 35% 的交易量都在上面。但昨天也正是在 Lighter 上，我第一次出现了亏损。

事情经过大概是这样：昨天 Lighter 做了一次不停机升级，但升级出现问题，平台宕机了 10 分钟。在宕机前几分钟，通过 API 提交的市价单既不能成交，也没有任何报错，直接导致中性策略失衡。为了控制风险，我选择立即平仓，吞下了部分损失。

虽然代码里已经写了保护机制，且触发保护时距离宕机仅 30 秒，但因为是多线程高频交易，这 30 秒内就累积了 100 ETH 的未对冲仓位。所以我今天的主要任务，就是把保护机制细化到每一笔交易，避免类似情况再次发生。

虽然遇到小事故，但我依然长期看好 Lighter，不管是近期各方面数据的增长，还是长期来说链上Robinhood运营模式的叙事，都让Lighter成为我最看好的 Perp dex。值得一提的是，我还没去找 support 开票，项目方就已经主动联系我。

Lighter目前依然不收交易手续费，且 API 已经完全开放，不再需要白名单。如果你想尝试量化交易，不论是中性策略还是方向性策略，我觉得都应该尝试一下Lighter。

推荐码在评论区自取。",0,9,22,28113,9.3,Perp DEX 量化做市与无损刷量：edgeX 帕拉梅拉 200k 战役、Backpack/Paradex/Aster 六大协议脚本工程化,tw_1960632869514055733_1.png
2092411721193558245,Wed Aug 26 00:40:04 +0000 2026,"[ 冷静地聊一聊 @entropyIO ]

我觉得这件事很有意思，一边是一堆KOL在推 Entropy，包括我自己。另一边则是一群人在那阴谋论说KOL一人5万u的KOL轮、付费宣发，拉黑项目。

我作为一个为数不多的有 tier 4 邀请码的人，据我所知，我身边的人没有一个人收到了所谓的KOL轮，也没有付费宣发。

那为什么一群KOL不约而同地在聊 entropy 呢？

1. 市场太饥渴了。
你能说出一个2026年的让人兴奋的新项目吗？反正我是一个都没想到。那为什么 entropy 让人兴奋呢？
从长期来看，ribbit 领投 $1400万，团队专业背景，有空投预期，甚至有“替tradexyz发空投”的这种说法，未来预期拉满了，现在找不到第二个类似的新项目。

2. Roger @HassnHh30961 的影响力。
从 Lighter 开始我就和 Roger 一直有交流，包括很多大户和KOL都在Lighter的时候就和Roger有合作，最后Lighter空投的大结果大家也都知道。这次 Roger 也参与了 entropy，嗅觉灵敏的大家一下子就跟上了。

3. 套利套麻了。
entropy 现在直接补贴手续费拉新，我的 tier 4 邀请码手续费全免，直接把entropy当成lighter来用，各种套利玩法。（我平均日化 0.5% 跑了快一周了，过去二十四小时8万u本金盈利680u 🤫 现在币圈撸毛人是真的在撸毛了。

4. 邀请链接背后潜在的积分奖励。
对于大多数KOL来说，entropy的潜在积分奖励远远大于反佣。entropy的吃单手续费只有0.008%，什么概念？被邀请人交易1000万只有800u手续费，即使是最高级 tier 4，也只能拿到50%，也就是400u的反佣。更何况大多数KOL，包括我，都是额外手动返现的，100%反佣到被邀请者手里。

那为什么会有另一边在唱衰/拉黑entropy的人呢？
我不是他们，我不知道。但我能理解为什么会有人一看到一大群kol的集中宣发就ptsd：币圈确实乱，99%的人都曾经受过这样那样的伤。

但更大胆地说，我认为主要原因还是：
1. 不是这个赛道的，完全不了解hyperliquid/tradexyz，甚至不了解 lighter
2. 自己没有足够投研和学习能力，不了解用了tier 4邀请码后“零手续费”的意义

我在我的tg群里也鼓励大家不要无脑亏损刷。现在的手续费补贴是一个很好的机会，如果你说你不懂套利，不懂代码，那也没关系，接受你就是赚不到这个钱，比如我就是接受我永远赚不到炒币的钱。别人炒币一晚上翻倍，我得15%年化理财5年。

或者，你也可以努力一点，投研，学习，抓住机会。我的群里不少人都是在去年的这个时候开始刷perpdex，对套利一窍不通，只会秒开关刷交易量。最后有没有被反撸我不知道，但现在有不止一个人已经可以在套利盈利的基础上刷交易量了，又吃又拿。

套利并不是没有门槛，但我想在这时候来fud entropy的人，大多应该是完全没有尝试过，对套利也完全没有一点点理解的，否则一看到手续费全反，就会有触电的感觉。

总结就是，客观的来说，不管entropy最终能不能成为 the next big thing，从短期和长期来说，都是一个很好的机会。主观的来说，个人要不要尝试抓住/有没有能力抓住这个机会，是个人自己的事了。

提前感谢用我tier 4邀请码的朋友们。
entropy.io/?r=yourquantguy",0,21,63,58255,10.0,Perp DEX 量化做市与无损刷量：edgeX 帕拉梅拉 200k 战役、Backpack/Paradex/Aster 六大协议脚本工程化,tw_2092411721193558245_1.jpg; tw_2092411721193558245_2.png; tw_2092411721193558245_3.png
2092411560882757793,Wed Aug 26 00:39:25 +0000 2026,"[ 冷静地聊一聊 @entropyIO ]

我觉得这件事很有意思，一边是一堆KOL在推 Entropy，包括我自己。另一边则是一群人在那阴谋论说KOL一人5万u的KOL轮、付费宣发，拉黑项目。

我作为一个为数不多的有 tier 4 邀请码的人，据我所知，没有一个人收到了所谓的KOL轮，也没有付费宣发。

那为什么一群KOL不约而同地在聊 entropy 呢？

1. 市场太饥渴了。
你能说出一个2026年的让人兴奋的新项目吗？反正我是一个都没想到。那为什么 entropy 让人兴奋呢？
从长期来看，ribbit 领投 $1400万，团队专业背景，有空投预期，甚至有“替tradexyz发空投”的这种说法，未来预期拉满了，现在找不到第二个类似的新项目。

2. Roger @HassnHh30961 的影响力。
从 Lighter 开始我就和 Roger 一直有交流，包括很多大户和KOL都在Lighter的时候就和Roger有合作，最后Lighter空投的大结果大家也都知道。这次 Roger 也参与了 entropy，嗅觉灵敏的大家一下子就跟上了。

3. 套利套麻了。
entropy 现在直接补贴手续费拉新，我的 tier 4 邀请码手续费全免，直接把entropy当成lighter来用，各种套利玩法。（我平均日化 0.5% 跑了快一周了，过去二十四小时8万u本金盈利680u 🤫 现在币圈撸毛人是真的在撸毛了。

4. 邀请链接背后潜在的积分奖励。
对于大多数KOL来说，entropy的潜在积分奖励远远大于反佣。entropy的吃单手续费只有0.008%，什么概念？被邀请人交易1000万只有800u手续费，即使是最高级 tier 4，也只能拿到50%，也就是400u的反佣。更何况大多数KOL，包括我，都是额外手动返现的，100%反佣到被邀请者手里。

那为什么会有另一边在唱衰/拉黑entropy的人呢？
我不是他们，我不知道。但我能理解为什么会有人一看到一大群kol的集中宣发就ptsd：币圈确实乱，99%的人都曾经受过这样那样的伤。

但更大胆地说，我认为主要原因还是：
1. 不是这个赛道的，完全不了解hyperliquid/tradexyz，甚至不了解 lighter
2. 自己没有足够投研和学习能力，不了解用了tier 4邀请码后“零手续费”的意义

我在我的tg群里也鼓励大家不要无脑亏损刷。现在的手续费补贴是一个很好的机会，如果你说你不懂套利，不懂代码，那也没关系，接受你就是赚不到这个钱，比如我就是接受我永远赚不到炒币的钱。别人炒币一晚上翻倍，我得15%年化理财5年。

或者，你也可以努力一点，投研，学习，抓住机会。我的群里不少人都是在去年的这个时候开始刷perpdex，对套利一窍不通，只会秒开关刷交易量。最后有没有被反撸我不知道，但现在有不止一个人已经可以在套利盈利的基础上刷交易量了，又吃又拿。

套利并不是没有门槛，但我想在这时候来fud entropy的人，大多应该是完全没有尝试过，对套利也完全没有一点点理解的，否则一看到手续费全反，就会有触电的感觉。

总结就是，客观的来说，不管entropy最终能不能成为 the next big thing，从短期和长期来说，都是一个很好的机会。主观的来说，个人要不要尝试抓住/有没有能力抓住这个机会，是个人自己的事了。

提前感谢用我tier 4邀请码的朋友们。
entropy.io/?r=yourquantguy",0,0,0,0,8.5,Perp DEX 量化做市与无损刷量：edgeX 帕拉梅拉 200k 战役、Backpack/Paradex/Aster 六大协议脚本工程化,tw_2092411560882757793_1.jpg; tw_2092411560882757793_2.png; tw_2092411560882757793_3.png
1958080606836871240,Wed Aug 20 08:16:10 +0000 2025,"给跑量化或者大资金交易(>$100m)的朋友分享一个小小的alpha：

如果你在任意主流 CEX 的合约交易量 30 天超过 $100m，就可以在币安申请为期一个月的做市商流动性等级体验。期间挂单的手续费是按照流动性计划的tier 2 返佣（具体费率可以看截图），以ETHUSDC为例，是-0.006%，假设你交易 10万u，不仅不需要付手续费，还给你返现 6u。我是在三个星期前申请的，下周就到期了，不确定现在条款是否还有变化。

如果想长期保留做市商等级，最低要求是维持币安整体交易量的 0.1%。我认真尝试了，把维持最低等级作为目标，但发现难度太大了。比如我昨天单日 $50m 的交易量只占 0.05%，也就是说要做到单日 $100m 才能保住最低档的做市商身份。

最后发现还是卷不过宇宙第一所里的专业玩家，于是前几周就乖乖逃去其他所了。

活动链接： https://t.co/6IX58pCmRB",0,10,3,11808,9.5,Perp DEX 量化做市与无损刷量：edgeX 帕拉梅拉 200k 战役、Backpack/Paradex/Aster 六大协议脚本工程化,tw_1958080606836871240_1.jpg; tw_1958080606836871240_2.jpg
2090218889124671529,Wed Aug 19 23:26:32 +0000 2026,"Lighter 的 LLP 一晚上赚了 0.5% 🔥🔥

前两天还在考虑要不要取出来换成 RLUSD 的理财，差点就大腿拍断",0,0,3,6401,4.4,Perp DEX 量化做市与无损刷量：edgeX 帕拉梅拉 200k 战役、Backpack/Paradex/Aster 六大协议脚本工程化,tw_2090218889124671529_1.jpg
2087635231742324831,Wed Aug 12 20:20:00 +0000 2026,"Variational 这个活动确实牛逼

如果你是任何 Perp DEX 的活跃用户，比如Hyperliquid或Lighter，可以查一下自己的地址，可能有最高 15000U 和 3000 分的奖励。

用我的邀请码，我拿到的所有奖励都返还给你。

还有额外的15%积分加成：OMNIQUANT
https://t.co/xgPHGFKch1",0,3,6,13415,6.8,Perp DEX 量化做市与无损刷量：edgeX 帕拉梅拉 200k 战役、Backpack/Paradex/Aster 六大协议脚本工程化,
2041884614197707108,Wed Apr 08 14:23:23 +0000 2026,"@limxn6 对手盘被清算时，仓位会被市场上其他的交易者接走，如果因为清算时流动性不足而穿仓了，由券商负责承担损失或追债。
hyperliquid无法做到这一点是因为无法找到用户追责，而传统金融里的券商可以。",0,0,2,695,4.2,Perp DEX 量化做市与无损刷量：edgeX 帕拉梅拉 200k 战役、Backpack/Paradex/Aster 六大协议脚本工程化,
2039143317183873521,Wed Apr 01 00:50:26 +0000 2026,"StandX 也要有持仓收益的玩法了，开仓后根据账户整体仓位杠杆分配收益。

目前我除了套利以外，也就在几个 perp dex 存钱或者开仓拿点oi的分数，所以会考虑试一下 StandX 的这个奖励机制。

我稍微研究了一下文档，目前还不清楚实际年化能有多少。但好的地方是，你的仓位对应的奖励是可以在前端几乎实时看到的，所以这两天空了就会测试一下。",0,1,3,6648,5.6,Perp DEX 量化做市与无损刷量：edgeX 帕拉梅拉 200k 战役、Backpack/Paradex/Aster 六大协议脚本工程化,
1967897676407771278,Tue Sep 16 10:25:42 +0000 2025,@sheldonlai0411 @Backpack_CN 你想让交易所惩罚做市商？？🤣🤣🤣 有这闲工夫多去学习一下吧，这样才能赚到钱。,0,0,0,1950,4.6,Perp DEX 量化做市与无损刷量：edgeX 帕拉梅拉 200k 战役、Backpack/Paradex/Aster 六大协议脚本工程化,
1967889253611835437,Tue Sep 16 09:52:14 +0000 2025,"Backpack 的脚本跑了20小时了，没有问题。5000u本金目前刷了170万交易量，从截图里也可以看出，因为刚好是从相对低点开始刷的，我设置的每单止盈比手续费高，所以不仅没有磨损，还有盈利。

如果还没有注册backpack，可以用我的邀请链接，有30%交易手续费反佣（给自己留了5%作为写代码咖啡钱）：
https://t.co/hPsdi6sDW2

另外，有很多朋友问我 Lighter 的脚本，之所以没有把这个策略用到lighter是因为快速开关仓对分数的降权很厉害。我自己有在 lighter 跑量化的策略，主要目的是盈利不是积分，每周的交易额大约一亿u，只能拿200分左右，所以这个刷量的脚本非常不适合lighter。如果想参与lighter，我觉得比较好的办法还是真实交易或者找平台对冲吃合约费率。

下一个脚本是 Paradex，目标是把没发币的交易所都撸一遍。

最后常规的风险提示：这个策略是有风险的！被套了的话，要么认亏手动平仓，要么像我一样扛单。我之所以选择这个策略并选择扛单，是因为： 
1. 这个策略虽然会被套，但能够稳定的有交易量 
2. 我长期看多，即使被套了，就当做是我现货的仓位放着 
3. 我有足够的资金来把合约的仓位转换成现货，能够保证不爆仓等着涨回来",0,20,32,73501,10.0,Perp DEX 量化做市与无损刷量：edgeX 帕拉梅拉 200k 战役、Backpack/Paradex/Aster 六大协议脚本工程化,tw_1967889253611835437_1.jpg
2099857382431940953,Tue Sep 15 13:46:28 +0000 2026,"突然发现 Ondo 刚好现在有个新活动可以叠加，只要：
 - 用邀请码注册
 - 入金100u以上
 - 交易500u

就能拿20u的体验金

活动持续到9月30日，奖励将在活动结束后分发。

邀请码：
https://t.co/BUCm0T3ZS5",0,0,0,1932,4.0,Perp DEX 量化做市与无损刷量：edgeX 帕拉梅拉 200k 战役、Backpack/Paradex/Aster 六大协议脚本工程化,
1965370410327048428,Tue Sep 09 11:03:15 +0000 2025,"@Wayne145591 可以去cex做呀，我的github里有binance的，配合现在binance上usdc的交易对不收手续费，还挺不错的。

是的，edgex的take-profit是按手续费算的，主要目的还是无损刷分。",0,0,1,943,5.0,Perp DEX 量化做市与无损刷量：edgeX 帕拉梅拉 200k 战役、Backpack/Paradex/Aster 六大协议脚本工程化,
1965362391195033995,Tue Sep 09 10:31:23 +0000 2025,"[edgeX 脚本更新]

1. Fork 了edgeX 官方的 Python SDK，并且增加了两个功能：
 - 增加了对 post only 的订单的支持
 - 增加了根据订单号查询订单状态的功能

2. 更新了edgeX的脚本：
 - 使用新的 forked Python SDK，并加入requirements.txt
 - 修复了 Partial Filled 关仓时没有止盈的bug
 - 因为使用了官方的 Python SDK，原来导出在 csv 里的交易记录暂时不支持了

脚本目前只支持 ETH 和 BTC，如果你认为ETH或BTC近期会涨/跌/横盘，我认为这个脚本是无损刷交易量最好的简单策略。比起马丁策略，我认为这个策略风险更小，交易量也更稳定。

如果你还没有使用邀请码，记得加上： https://t.co/AUEWRSNHcZ

使用邀请码有以下福利：
1. 直接升级为 VIP 1 的手续费费率 
2. 享受10%手续费返佣，每24小时自动结算一次，在edgeX网页上直接领取。这是在 VIP 1 的手续费费率的基础上返佣，所以实际手续费是 0.013%*0.9 = 0.0117% 
3. 10%的积分加成",0,3,13,9150,8.3,Perp DEX 量化做市与无损刷量：edgeX 帕拉梅拉 200k 战役、Backpack/Paradex/Aster 六大协议脚本工程化,
2094711125245857824,Tue Sep 01 08:57:04 +0000 2026,"昨天发完推特就赶紧加到了100万u，过去24小时2000u收益，年化73%。

之前想把这个策略停了只因为收益从几个月前的几百年化降到了最近几周只有10%左右的年化，且没有任何的额外积分收益。

10%左右稳定的年化听起来好像还不错，但其实收益远不如去一些有积分的交易所做一样的策略，比如Entropy，Lighter Robinhood，或是Variational。

但是对我来说，超过30%年化以上的现金收益比什么积分都更来的实在，所以赶紧又把一部分资金挪回这个策略了。",0,4,6,17191,6.6,Perp DEX 量化做市与无损刷量：edgeX 帕拉梅拉 200k 战役、Backpack/Paradex/Aster 六大协议脚本工程化,tw_2094711125245857824_1.png
1978015870489096515,Tue Oct 14 08:31:47 +0000 2025,"[开源脚本更新 | 新增 Extended <> Lighter 对冲模式 | 磨损 0.01%]    

Extended 邀请链接 (10%手续费减免，积分加成):  https://t.co/V0TEgVkcxY

另外，总奖金高达 $7,0000 的社群专属活动也将在不到24小时后结束了（北京时间10月15日早上8点），目前总交易量已解锁第二档奖励，排名前150名的最低奖励为 $175，使用我的邀请链接即可参加。

Extended 和 Lighter 的对冲模式已正式加入脚本。我自己也做了测试，根据每次下单的金额，磨损在 0.008% - 0.015% 之间。每单越小，磨损越小，但交易量刷得也慢，主要是因为 Extended 的流动性和交易量还不大，但也说明交易所还在早期，现在是刷分的最好时机。

测试结果：
 - 耗时：3小时
 - 交易量：$300k
 - 参数：每单 0.01 BTC
 - 手续费磨损：$0，因为Extended挂单零手续费且Lighter吃单零手续费
 - 交易磨损：$36.38 (0.012%)

脚本逻辑：  
1. 在 Extended 以 post-only 的挂单开仓  
2. Extended 的挂单成交后马上在 Lighter 以市价单开对冲单  
3. 在 Extended 以 post-only 的挂单平仓  
4. Extended的挂单成交后马上在lighter以市价单平仓

示例命令行：python hedge_mode.py --exchange extended --ticker BTC --size 0.01 --iter 200    

如果大家发现有bug或注意到有什么问题，欢迎反馈。谢谢！    

脚本GitHub：https://t.co/4A0l5ABsoC

测试结果： https://t.co/0Cnlll5ufm

私信我加入TG交流群（不发公开链接是为了防骗子和广告）。

脚本以交流为目的，使用脚本交易有风险，请自行评估，为自己的资金负责。",0,9,17,15138,9.3,Perp DEX 量化做市与无损刷量：edgeX 帕拉梅拉 200k 战役、Backpack/Paradex/Aster 六大协议脚本工程化,tw_1978015870489096515_1.png
1975569585345556786,Tue Oct 07 14:31:08 +0000 2025,"[美股 | 感受牛市的快乐]

对于美股，我自己的目标就是跌的时候比大盘少跌，涨的时候和大盘涨的一样就行了，结果今年跌的时候跌的少，涨的时候涨的多。YTD收益 27%，比S&P 500 高了12%，drawdown 也比 S&P 500 低了一半。

其中近期很大一部分的收益都是通过 BMNR, COIN, GME 的风险可控的期权组合提供的，我之前也分享过。HOOD 也是功臣之一，我从$18持有到现在，虽然之前给它套了100-140的 collar，但依然不妨碍超额收益。

持有 HOOD 的经验也是我长期看好 @Lighter_xyz 的重要原因之一。Fun facts: Lighter 的创始人和 Robinhood 的创始人都叫 Vlad，他们是高中同学，Lighter的Vlad曾经在 Robinhood 的早期做过他们的advisor。另外，如果你看看Lighter的投资人和宣布公测时的祝贺信，就能明白为什么现在 lighter 积分的场外价格已经超过100u一分了：HAUN Ventures, Founders fund (Peter Thiel), a16z, 其中 Joseph Lonsdale (Palantir的联合创始人) 和 Robinhood 的 Vlad 都用私人账户公开祝贺。如果你没听说过这些名字，可以问一下AI，你会被哇哦到。

顺便推荐一下 Howard Marks 的这个视频，我觉得对于 Risk 和 Portfolio Management 的理解非常有帮助。

https://t.co/lThwPOdVdL",0,2,4,7623,7.6,Perp DEX 量化做市与无损刷量：edgeX 帕拉梅拉 200k 战役、Backpack/Paradex/Aster 六大协议脚本工程化,tw_1975569585345556786_1.jpg
1975493724340699470,Tue Oct 07 09:29:41 +0000 2025,"这么多年过去了，Web3 不仅仍是一个法外之地，也是一个道德的洼地。

最近连踩了两个坑: Falcon 和 Aster, 结果昨天得知又踩了一个新的坑。

新坑是和项目方签的 private deal，是目前头部生态里的一个算是头部的项目，目前 TVL 也有几亿了。我们一群人一共存了大约2000万u，存款时项目的tvl还是零，也就是说，我们真的是从零开始第一波存款的人。

private deal 的回报是TGE时按固定比例的代币发放，比如存100万每个月可以拿0.0x%的代币，且在 TGE 时全部释放，所有的条款都在文档里写的清清楚楚。

这个deal已经存了几个月了，还有不到一个月就完成了，所以项目方发来了第二期存款的条款。结果发现在第二期的文档里提到说代币发放规则要改，要从全部释放改成锁仓，且推迟预计的TGE时间，如果想要在TGE时全部释放，则要像Plasma一样，自己按照一定的FDV在ICO时掏钱购买。

当时真的是问号脸，项目方甚至都没有通知一声，而是默认“我们想改就改，改了就是改了，你们知道就知道，不知道也好”。

同样是人，为什么有的人可以这么不要脸呢？而我却连“去和项目方确认这个规则真的改了”这件事都觉得是我冒犯他了？可能因为我还是无法接受有人会这样默默地改了白纸黑字写在文档上的事，还一副理所当然的样子。唉",0,1,22,24465,5.4,Perp DEX 量化做市与无损刷量：edgeX 帕拉梅拉 200k 战役、Backpack/Paradex/Aster 六大协议脚本工程化,
1993319189881184369,Tue Nov 25 14:01:43 +0000 2025,"我的开源脚本支持以上大部分的交易所，但也请注意风险。

一方面是使用脚本的风险，请理解脚本逻辑后再使用。
另一方面是“反撸”的风险，任何项目都有可能发币时不如预期，请自己做好研究，控制成本。

脚本链接：https://t.co/4A0l5ABsoC

几乎都是全网最高福利的各交易所邀请码：

edgeX 邀请码: https://t.co/AUEWRSNHcZ
享受 VIP 1 费率；额外 10% 手续费返佣；10% 额外奖励积分

Backpack 邀请码: https://t.co/hPsdi6sDW2
全网最高手续费自动返佣

Paradex 邀请码: https://t.co/Yr8KdBSptw
10% 手续费自动返佣以及 5% 积分加成

grvt 邀请码: https://t.co/L1jPEgtH7O
全网最高的1.3x积分加成；35%手动返佣

Extended 邀请码: https://t.co/V0TEgVkcxY
10%的即时手续费减免；5%积分加成",0,0,0,2955,7.5,Perp DEX 量化做市与无损刷量：edgeX 帕拉梅拉 200k 战役、Backpack/Paradex/Aster 六大协议脚本工程化,
1993319180913742046,Tue Nov 25 14:01:41 +0000 2025,"4. @grvt_io 

TGE 预期：
2026年Q1结束目前正在进行的第二季，预计随后就会 TGE。

第一季已经结束，将会在TGE时分发10%的代币。目前是第二季，已经明牌 12% 的代币将会分发给第二季的积分持有者。

第二季每周分发125000分，目前一共9周，总分约1.125m。

金库：
 - 先说 grvt 的一个非常重要的特点：满足一定条件后，grvt的交易账户的余额可以收到10%年化的利息
 - grvt 的 GLP金库在前两个星期刚刚开放，年化为 35%，目前已经存满限额了，但预计不久就会增加额度再次开放。

获取积分：
grvt 是少有的靠存款和持仓拿分可以比刷交易量更多的交易所。
 - 资金存入 grvt 的金库或者放在交易账户里吃利息，即使不交易也有积分，上上周存 13万u 大约能拿100分一周，但最近tvl上升，所以积分效率可能没有这么高。
 - 持仓有15%的积分分配，积分效率大约是5万u的仓位30分一周。
 - 交易量拿分大约是5-10万/分，根据币种、交易行为的不同有浮动。",0,0,3,1989,6.2,Perp DEX 量化做市与无损刷量：edgeX 帕拉梅拉 200k 战役、Backpack/Paradex/Aster 六大协议脚本工程化,
1990760812068418006,Tue Nov 18 12:35:38 +0000 2025,"正在写一篇最近几天如何亏掉了一辆帕拉梅拉，没想到 @edgeX_exchange 就来送温暖了。

这是 edgeX 为期四周的创作者活动的期中奖励，还有两周结束。

$MARU @edgeXMaru 是 edgeX 即将上线的官方meme， stay tuned。

Thank you, edgeX。 https://t.co/UL60rwzWcV",0,1,15,7551,5.8,Perp DEX 量化做市与无损刷量：edgeX 帕拉梅拉 200k 战役、Backpack/Paradex/Aster 六大协议脚本工程化,tw_1990760812068418006_1.jpg
1990723494116553012,Tue Nov 18 10:07:21 +0000 2025,"这篇文章挺难读的，因为有很多不常见的名词，所以我在这边大概解读一下。

文章的核心意思可以总结成一句话：
@edgeX_exchange 正在做一套专门为“永续 + 高频交易”设计的链上基础设施，让链上交易能做到接近 CEX 的速度，但安全性依旧完全继承以太坊。

为什么要这么做？
因为现在的 DeFi 永续都存在同一个根本问题：所有交易都必须排队，一个个串行执行。这意味着一旦交易量大、行情波动时，链上撮合节点会瞬间挤爆，速度和延迟都无法满足做高频、做套利、做挂单量化的需求。更糟的是，一些项目为了提速会牺牲公平性或透明度，导致链上撮合无法完全验证。

edgeX 的做法是反过来：不再用通用公链那种“大家共用一条拥堵道路”的模式，而是给永续交易专门造一条“高速公路”。EDGE Stack 有三个关键点：

第一，Multi-VM（多虚拟机）：把永续合约的执行环境独立出来，不和普通 DeFi 混在一起跑。永续的撮合、清算、风险逻辑跑在专用的 edgeVM 上，不会因为有人发币、做治理、做复杂合约而拖慢永续市场。

第二，并行执行（PTE）：edgeX 把交易拆成多个并行车道。例如 BTC 和 ETH 的订单簿互不干扰，各自独立并行执行；同一市场里，只要两个操作不冲突，也可以同时执行。这能让吞吐量随着市场数量线性增长，同时保持所有操作可验证，最终状态仍然和顺序执行一致。

第三，FlashLane（快车道）：系统把所有交易分为“快车道”和“慢车道”。下单、撤单等对延迟敏感的操作永远走快车道；提现、治理这些不急的走慢车道，避免影响撮合。并且，FlashLane 会给出毫秒级的软确认，告诉你订单大概会在哪个 batch 执行，让执行时序变得可预测。这对做高频、做套利、做挂单量化的交易者非常有帮助。

最终，所有并行执行的结果都会汇总成一个状态根，并提交回 Ethereum Rollup 层，继承以太坊的最终性、安全性和可验证性，不牺牲透明度。",0,3,8,8836,8.3,Perp DEX 量化做市与无损刷量：edgeX 帕拉梅拉 200k 战役、Backpack/Paradex/Aster 六大协议脚本工程化,
2054212076696895629,Tue May 12 14:48:19 +0000 2026,@jeff_run_faster deribit是最大的期权中心化交易所，derive是最大的链上期权交易所,0,0,0,1332,4.2,Perp DEX 量化做市与无损刷量：edgeX 帕拉梅拉 200k 战役、Backpack/Paradex/Aster 六大协议脚本工程化,
2038929751121756506,Tue Mar 31 10:41:48 +0000 2026,"edgeX 币价拉垮也就算了，没想到1分还不等于1分。

一年前我刚开始全职做defi的时候，对项目方的要求是 radical truth (aka 真城)，现在终于可以承认我太天真了。

回望过去一年，也就只有 lighter 做到了，其余的都连基本的“人”都称不上。

这不是在骂，是基本事实：
把给积分的空投比例从25%降到了7%，然后再看看截图里 edgeX 的创始人在大使群说的话：“我们没想到这件事会引发这么大的担忧”。

1. 如果你真没想到把空投比例从25%改到了7%之后社区不会有反应，那你是猪脑子，不是人。
2. 如果你明明知道，还这么说这么做，更不是人。

还他妈一群人给他点赞？？？

应该发的空投：
1. Points + NFT = 25%
2. XP = 5%

实际发的空投：
1. Points = 7%
2. NFT = 1%
3. XP = 5%
4. Maru = 3%
4. MM = 14%

在场外买我分的兄弟都亏得实在太惨了，所以我在场外卖的分都按照 25个币/分 结算了。以后再在场外卖分我也不卖给认识的人了，都是兄弟，结果最后成了我从你那赚钱了。",0,12,36,43354,9.5,Perp DEX 量化做市与无损刷量：edgeX 帕拉梅拉 200k 战役、Backpack/Paradex/Aster 六大协议脚本工程化,tw_2038929751121756506_1.jpg
2064454733566247001,Tue Jun 09 21:08:58 +0000 2026,@lin_yiliu Hyperliquid 上的价格大概率就是对应一股的价格，不需要换算了，现在还是2万亿左右的估值,0,0,1,1502,3.4,Perp DEX 量化做市与无损刷量：edgeX 帕拉梅拉 200k 战役、Backpack/Paradex/Aster 六大协议脚本工程化,
1929876967857295591,Tue Jun 03 12:24:59 +0000 2025,"正在做公开地址的准备，有什么比DeBank更好用的公开多个账户的工具吗？

主要诉求是能够尽可能地在一个页面中体现全部的投资组合，包括目前DeBank不支持的：
Solana
COSMOS (Noble)
Hyperliquid 的 HLP",0,0,4,2020,3.4,Perp DEX 量化做市与无损刷量：edgeX 帕拉梅拉 200k 战役、Backpack/Paradex/Aster 六大协议脚本工程化,
2061806856217968990,Tue Jun 02 13:47:15 +0000 2026,"[ 币圈资产 portfolio tracker 开源 ]

一个月前 vibe coding 把这个portfolio tracker做出来了，基本满足了我自己的所有需求，一直没提起是因为一直没时间整理出一个开源的版本。

目前的这个版本终于可以事实追踪到我在币圈的全部资产了，再也不用手动算账了 🥹

已有的功能：
1. 支持所有debank上支持的资产
2. 支持 solana, sui, cosmos 上的资产
3. 支持 Binance, OKX, Bitget, Gate, Hyperliquid, Extended
4. 支持增加自定义钱包和资产，比如你持有1个BTC，就可以直接添加1 BTC的资产，价格会自动引用coinmarketcap上的数据。
5. 支持将钱包分组
6. 每天自动将所有账户的资产快照一次，并可以查看每个钱包/分组的历史数据

代码多多少少还有很多可以改进的地方，比如每天的快照会在历史数据上产生多个不同的总余额，但整体来说我觉得够用了，所以就没有再花时间。以后会再慢慢改进。

网页版目前注册会有100点免费的credit，每添加一个钱包会扣除1点，主要是防止有人来撸我的毛。但其实以后都会给大家免费使用的，如果哪天真的用的人太多了，我就加一个众筹的按钮，毕竟如果使用量大了，各个api也确实不便宜。如果credit用完了可以私信我，我给你无限加。

从我个人的需求来说，下一个会添加的功能是出入金的记录，这样就不仅能看到整个portfolio的“balance”，也能看到去除出入金后的“performance”。其实是用AI一句话的事，但我就是一直拖着。😅

这个本来就是给我自己用的，顺手免费分享给大家，如果哪里可以改进，欢迎留言，很乐意为你们的需求做调整。

网页版的网址是：
https://t.co/9wv3vFsFIA

github 开源代码自托管版：
https://t.co/fpmTRZL2fZ",0,10,16,24123,8.9,Perp DEX 量化做市与无损刷量：edgeX 帕拉梅拉 200k 战役、Backpack/Paradex/Aster 六大协议脚本工程化,
2082132145204506740,Tue Jul 28 15:52:42 +0000 2026,"复盘得很清楚

除去tradexyz清算能力的问题，我觉得这里面还有一个很大的问题是hip-3市场与hyperliquid原生市场的区别化：需要在一定程度上告知用户hip-3市场相较于hyperliquid原生市场额外的风险。

用hyperliquid上的金库来打个比方，大家都知道HLP是hyperliquid官方运营的金库，如果出了什么大问题，应该责怪hyperliquid；而用户自建的金库比如“YOLO everyday”是一个不知道什么人建的金库，随时都有可能-50%。这两者的边界和区别是绝大多数用户都很清楚的。

而hyperliquid原生市场和hip-3的市场，对很多用户来说并不知道实际的风险差别在哪，比如我是看了这条推才知道原来HLP不负责hip-3的市场。其他还有什么区别呢？我也说不上来。",0,4,4,24983,7.0,Perp DEX 量化做市与无损刷量：edgeX 帕拉梅拉 200k 战役、Backpack/Paradex/Aster 六大协议脚本工程化,
2081894215223525583,Tue Jul 28 00:07:15 +0000 2026,"This is how a single share of 000660 trading at 1,272,000 KRW ($868) ""broke"" the $400M SKHYNIX market on Hyperliquid.",0,8,10,43237,5.2,Perp DEX 量化做市与无损刷量：edgeX 帕拉梅拉 200k 战役、Backpack/Paradex/Aster 六大协议脚本工程化,tw_2081894215223525583_1.png; tw_2081894215223525583_2.jpg
1945011191509585930,Tue Jul 15 06:42:59 +0000 2025,"百万美金 DeFi 记录 | 账户更新 - Day 48

以后(尽量)固定每月 1 号和 15 号更新一次账户总结。

过去两周账户总额上涨了 $8,200，Google Sheets 中也新增了每月的账户变化，以及对应 15% 年化收益目标下的“应有账户余额”一列。由于积分收益在空投前无法体现，当前总额会低于目标值，这是预期之内的。

账户主要的变化：
1. 把 Morpho 里的资金全部分配到了其他项目
2. Term AVAX USDT vault 投入了$150k (激励只持续7月一个月)
3. Huma Classic 的6个月锁仓增加了 $60k
4. fxSAVE 全部移到了 Pendle 的 LP，因为 fxSAVE 本身有11%的收益，放到 Pendle 后还有额外激励

另外，我套保质押了30万的 HUMA 来增加 Huma LP 的收益，保守估计大约能增加5% APR。

注：像我最近在做的 Lighter 套利和这波 pump 的收益都没有计入这个账户。这个账户只统计账户内真实的稳定币理财(wa kuang)收益。

#DeFi #稳定币 #链上理财 #Pendle #Huma #TermFinance #fxSAVE #百万美金计划 #CryptoYield #OnchainIncome",0,2,8,6958,8.4,Perp DEX 量化做市与无损刷量：edgeX 帕拉梅拉 200k 战役、Backpack/Paradex/Aster 六大协议脚本工程化,tw_1945011191509585930_1.jpg
1940131185457603000,Tue Jul 01 19:31:35 +0000 2025,"Lighter 刚更新了这周的积分，我也来交成绩单了。

过去一周因为还在调试策略，大概60%的时间在跑，一共710万的交易量，25% APR，Lighter的积分拿了65分。

说实话，比我预想的积分少了一些，但策略本身25%的APR比我预想的高了，所以已经满意了。",0,0,12,10602,4.8,Perp DEX 量化做市与无损刷量：edgeX 帕拉梅拉 200k 战役、Backpack/Paradex/Aster 六大协议脚本工程化,
2011141280986759474,Tue Jan 13 18:20:21 +0000 2026,"[ grvt 信息同步 ]

grvt 更新了每周分数的分配比例，主要的变化是将交易的 40% 分数份额提高到了50%，将存款和金库的15%份额降低到了5%。具体的份额可以看配图。

每周释放的分数依然由总交易量决定。

最近几周grvt的交易分特别卷，成本每周都在上升。我觉得这个调整是合理的，毕竟交易所最重要的还是交易。

虽然OI的分数配额没有调整，但因为TVL和金库的配额降低了，所以靠OI拿分的朋友们的分数肯定会稍稍减少一点。但总的来说，grvt 的存款有10%的固定收益，又能拿分，对我这种曾经主打defi理财的人来说，是真的挺香的。

另外，友情提醒各位在刷分的朋友，一定要算好成本和预期收益，别看着别人刷就啥都不知道也上了。

如果你想要参与 grvt，用我的邀请码可以额外拿 30% 的积分，以及最高返佣：
https://t.co/4negTm5T3K",0,3,5,6173,8.0,Perp DEX 量化做市与无损刷量：edgeX 帕拉梅拉 200k 战役、Backpack/Paradex/Aster 六大协议脚本工程化,tw_2011141280986759474_1.jpg
2008494866171392345,Tue Jan 06 11:04:26 +0000 2026,"[ grvt 隐藏的超高收益 ]

今天 grvt 出分了，我存了10万u，60万u的仓位，30万u空BTC，30万u多ETH，并在另一边完全对冲，这一周拿了80分。

现在不少交易所都在做类似于“保证金被动收入”的功能，grvt肯定是最舒服的。只需要每个月交易10笔，不限金额，账户内的保证金就能有固定 10% 年化的收益(最高10万u)，甚至都不需要像其他交易所那样维持仓位。仅仅从这10%的收益，我已经不知不觉赚了 1400 多u了。

在10%年化的基础上，再像我一样维持一个仓位，还能拿每周的积分。

grvt 每周发放 150,000 积分，第二季目前的总积分约 190 万分，计划在 2026Q1 TGE，预计TGE时总积分约 310 万分，第二季明牌空投12%。

推特上大家都喜欢把每分价值往高了喊，但我更喜欢保守地估计。目前 grvt 的数据在 Paradex 和 Extended 中间，而后面这两个交易所在 polymarket 上 fdv > $300m 的概率都在 75% 左右。

所以如果我们以 $300m 的 fdv 进行保守估计，明牌 12% 的空投，310万总积分，那么每分就是11.6u。按照我这样存款10万u，每周80分，就是 48% 的 APR，再加上10%的保证金固定收益，年化58%。

如果我们再保守一点，假设fdv只有一半， $150m，那也有 34% 的 APR。

妈妈，我再也不怕被反撸了。

使用我的邀请链接还能拿额外30%的积分，最高手续费返佣：
https://t.co/L1jPEgtH7O

风险提示：
合约只要有杠杆就有风险，所有链上项目都有项目风险，明白你在做什么，为你自己的资金负责。",0,12,41,19885,10.0,Perp DEX 量化做市与无损刷量：edgeX 帕拉梅拉 200k 战役、Backpack/Paradex/Aster 六大协议脚本工程化,tw_2008494866171392345_1.jpg
2026261275529937282,Tue Feb 24 11:41:48 +0000 2026,"[ Perp DEX 总结]

2026一开年就增加难度，
稳定币理财找个 8% 都难，
去年那些随随便便就 30% 年化的 perp dex 理财也没了，
积分的估值也在不断地跌，
市场流动性差，套利系统的收益也只能勉强在15%左右，
就连美股我也没啥想法了，目前只有大概25%的仓位。

至少今年上半年大概率就吃吃去年的老本了，
等TGE，等 spaceX ipo，等美股回调，等大盘回暖。

总结一下我目前各个perp dex的bag和预期的估值：

1. edgeX 
原来的积分大概3000分不到（不包括已经在场外卖了的3000分），XP又刷了不少。我的预期大概是1B FDV，30u/分，3u/XP。
也是唯一一个确定在Q1发币的项目了。

2. Backpack
S4才开始参与，结果刚好碰上了积分成本几乎最低的一个赛季，单赛季拿了中等六位数的分数。现在盘前是500M FDV，0.3u/分，我的预期是0.25u/分。

3. grvt
大号积分是排行榜上的前 20，我的预期大约是250M FDV，8u/分。

4. Paradex
没撸很多，分数都卖得差不多了，剩下一点就随意了，现在场外0.13u/分，开盘估计也差不多这个价格。

5. Extended
也是没撸多少分，随意了。现在场外的最高买价是1.1u/分。

6. Ethereal
从开放交易的第一天就开始存钱了，平均下来20%左右的年化还是赚了不少的。现在拿了8位数的积分，还有7位数的 Ethena Exchange Point。
按照投入的资金成本和时间成本来算，Ethereal 可能是我过去六个月里参与的最“大”的毛了。

7. Variational
上周末刚开始做，已经能做到无损了，应该是我接下来这段时间重点做的项目。

8. Lighter
我个人认为 Lighter 的新赛季大概率会追溯 TGE 后的所有交易活动。目前我几乎所有的套利和对冲都是用Lighter，10位数的交易量，所以 Lighter 很有可能会是一个大惊喜。

现在这行情，上面的这些交易所都很有可能会延迟发币，可能像 edgeX 那样增加流动，直接再开一个赛季，也有可能像 Backpack 那样拿女巫的分数出来再延期一段时间。
但至少这两个交易所都已经用了一次“延期发币卡”了，这次请务必准时发币🙂

最后必须要再夸一下 Lighter，准时发币，散户赚到了钱，大户赚到了钱，工作室也赚到了钱，真的很良心了。

谁能想到，去年大火的一个赛道，目前只 TGE 了 Lighter 一个项目，就已经给人一种凉凉反撸的感觉。",0,6,20,51560,8.3,Perp DEX 量化做市与无损刷量：edgeX 帕拉梅拉 200k 战役、Backpack/Paradex/Aster 六大协议脚本工程化,
2021199375075307999,Tue Feb 10 12:27:37 +0000 2026,@Metabape @Backpack 我猜没有这么复杂，可能就是简单的像convertible bond一样，用treasury shares或者直接发新股。,0,0,1,1331,3.4,Perp DEX 量化做市与无损刷量：edgeX 帕拉梅拉 200k 战役、Backpack/Paradex/Aster 六大协议脚本工程化,
2018703394987204891,Tue Feb 03 15:09:29 +0000 2026,@0xEmoCat @rf_extended @extendedapp 不仅仅是extended，我所有平台的刷量脚本都停了，就不点名了，做市商集体出逃+平台稳定性差，导致过去几天每个平台的点差、订单簿深度、延迟都大得离谱。,0,0,5,3991,4.6,Perp DEX 量化做市与无损刷量：edgeX 帕拉梅拉 200k 战役、Backpack/Paradex/Aster 六大协议脚本工程化,
2006008217013227675,Tue Dec 30 14:23:23 +0000 2025,"[ 2025 总结(一) Perp DEX ]

Lighter 是我今年在币圈里收益最高的一个项目，包括10万个 LIT 的空投 (5000分)，以及高于空投价值的套利收益。
趁着今天 Lighter 发币，我也开始写我的 2025 总结系列，从不同的角度对2025进行总结、复盘、分享。第一部分必须是 Perp DEX 了。

1. Lighter
前几个月 Lighter 积分的场外价格在100u/分的时候，还以为最终空投的收益会惊喜地超过套利的收益，但目前来看还是套利的收益比空投价值更高。

6个月，$30亿交易量，25万笔交易。就像我之前说过的一样，今年大热的 Perp DEX 是给所有程序员的一个福利，只要愿意花时间，就能有结果。

对我来说，整个参与Lighter的过程没有什么遗憾的。我是6月才开始接触 Lighter，然后逐渐开始建立以 Lighter 为中心的套利系统，以盈利为目的，顺便拿积分。这也是为什么有很多人可能会惊讶，觉得我拿到的分应该远不止 5000 分。

我自己也反思过，如果早期把策略调整得更偏向积分，那就能多拿不少分，包括如果我能分更多号，拿分的效率更是能指数上升。但后来想想，这些都是马后炮的说法，我没有牺牲收益来换取积分这件事，是由我的风险偏好决定的。最近两周关于 Lighter 女巫的闹剧也更加让我觉得没什么遗憾的。

空投的 10 万个 LIT 一个都还没卖。长期看好 Lighter，接下来也会继续围绕 Lighter 来改进我的整个系统。

2. edgeX
Lighter 和 edgeX 是过去几个月里流量最高的 Perp DEX。应该有很多人都和我一样，不管对项目本身看不看好，但对他们的空投预期是很高的。

不幸的是edgeX的空投延期到26年3月了，

幸运的是因为我的风险偏好，在刷 edgeX 时也选择了套利收益为重心，顺便拿积分，还卖了3000分的积分套现（具体数字和细节可以看我之前发过的长文）。

目前手上还有3000分，一个NFT，以及30万个MARU（已经卖了50万个）。

虽然大家都很不满，但我就不fud自己的bag了，希望三个月后大家都能有好结果。

3. 其他一众 Perp DEX
目前还在拿积分的还有：
 - Backpack，目前还没有做到无损刷，成本大约 0.05u/分，每周刷2000万左右来维持在VIP3，因为VIP4就没有反佣了。
 - Extended，负成本刷分，大约是万0.2的收益，但量不大，因为我的策略需要下小单，所以要开多号。但我懒得搞多号，所以就只开了一个号，把参数调整到了在无损的基础上刷最多的量。

其他几个都是存款+开仓位拿利息和积分，包括grvt, ethereal, paradex。

4. 展望 2026
几乎所有的 Perp DEX 都计划在2026的Q1或Q2发币，但说实话我并不看好发币后的价格表现。

一方面是从市场的角度来看，其实这次 Lighter 的发币后的价格不如预期(现在的价格是50-60u/分，而一个多月前的 OTC 有 100u/分)，又有 edgeX 临时推迟3个月发币。另一方面是从产品本身来看，同质化严重，没有独特的吸引力。

因此，虽然我会继续参与各个项目，使劲拿分，但会更重视真实收益，比如像 grvt 和 ethereal 这样的，存款、开仓就能拿真实利息收益的同时还能拿积分的策略。

当然，这更多的只是我自己的风险偏好下做出的判断，如果明年开启狂暴牛市，说什么都是多余的。

Backpack 是唯一的一个例外，毕竟他是 CEX，有非常不一样的叙事。虽然目前我是在以 0.05u/分的成本刷分，但接下来一段时间其中的一个目标就是改进Backpack的脚本，实现无损。

👉 配图是 Github 的活动记录，整个八月我只有4天没有往 Github 上传代码，而且很可能是我写了代码但保存在了本地而已。所以再说一次，每个努力的码农都能在 Perp DEX 拿到好结果，如果你错过 Perp DEX，还会有下个机会的，但记得要努力。",0,14,59,32732,10.0,Perp DEX 量化做市与无损刷量：edgeX 帕拉梅拉 200k 战役、Backpack/Paradex/Aster 六大协议脚本工程化,tw_2006008217013227675_1.png
2000933283312357876,Tue Dec 16 14:17:24 +0000 2025,"Hey @vnovakovski , I’ve traded $3B+ on Lighter since June, and wanted to flag an execution issue that has significantly deteriorated over the past few weeks.

First, credit where it’s due: Lighter is a genuinely great product with a strong long-term vision. Zero fees, clean UX, and a model that scales. Funny enough, I’ve never traded on Hyperliquid but I've traded $3B+ on Lighter.

TL;DR: Average latency looks fine, but during volatile markets execution reliability breaks down. P90/P95 blow out to seconds, sometimes even up to 10 seconds, making execution unpredictable when speed matters most.

According to the documentation, there's a 300ms latency for market order from a standard account. That’s roughly true in calm markets. 

However, using my 10,000+ ETH trades from the past week, the picture changes materially once the market becomes volatile — exactly when latency matters most:
• Median latency (P50) stays around ~325ms
• But tail latency degrades non-linearly
• P90 and P95 jump into seconds during high short-term volatility

Data and insights in 🧵👇",0,20,32,79239,7.7,Perp DEX 量化做市与无损刷量：edgeX 帕拉梅拉 200k 战役、Backpack/Paradex/Aster 六大协议脚本工程化,
1995824960158220627,Tue Dec 02 11:58:45 +0000 2025,"今天是 @edgeX_exchange 积分的最后一天了。

从明天开始到TGE中间的空白期，edgeX 会有一个奖励池，包括：
• 20 张 EpicSer NFT 
• 1 亿枚 MARU （占总量的1%）

具体活动细节还没出来。

摩拳擦掌中。。。",0,0,6,6378,5.2,Perp DEX 量化做市与无损刷量：edgeX 帕拉梅拉 200k 战役、Backpack/Paradex/Aster 六大协议脚本工程化,
1995677446189056243,Tue Dec 02 02:12:35 +0000 2025,"@CadencePen11689 @edgeX_exchange @Lighter_xyz 这个市场是肯定有的，hyperliquid即使没有积分还是长期占据收入榜一已经证明了这一点。

手续费其实也不贵，edgex的手续费比cex低，lighter更是零手续费。",0,0,0,487,6.4,Perp DEX 量化做市与无损刷量：edgeX 帕拉梅拉 200k 战役、Backpack/Paradex/Aster 六大协议脚本工程化,
1995665681850007724,Tue Dec 02 01:25:50 +0000 2025,"交易所是真赚钱

Hyperliquid, edgeX, Pumpfun 的年化收入占据前三,
其中 @edgeX_exchange 还未发币

前十中除去四个公链，剩下六个项目中有五个是 DEX

其中包括另一个未发币的 perp dex 项目 @Lighter_xyz 

edgeX 和 Lighter 预计都是12月底左右TGE",0,3,10,14457,7.2,Perp DEX 量化做市与无损刷量：edgeX 帕拉梅拉 200k 战役、Backpack/Paradex/Aster 六大协议脚本工程化,
2089791410950074385,Tue Aug 18 19:07:53 +0000 2026,"Can someone pls explain what account #5 is doing on @Lighter_xyz Robinhood?

It’s connected to over 2,000 Lighter accounts, representing roughly 25% of all accounts on the platform.

a third-party service provider?
a market maker?
a crazy farmer?

I’m genuinely curious.",0,0,0,0,5.8,Perp DEX 量化做市与无损刷量：edgeX 帕拉梅拉 200k 战役、Backpack/Paradex/Aster 六大协议脚本工程化,
2087319835671740432,Tue Aug 11 23:26:44 +0000 2026,"[ etherfi U卡 10% 返现活动 ]

我最近几乎所有的日常开销都用etherfi，确实是美元区和欧元区最好的U卡了：
 - 3% 实时返现，且额度管饱(最低等级每月前2000u)
 - 美元和欧元消费完全零手续费，1 USDC = 1 USD
 - 无缝支持Apple Pay和Google Pay
 - 消费退款实时到账，消费欧元退欧元，完全没有磨损
 - 刷到现在还没碰到过被拒刷的

我也测试了人民币支付：
- 可以直接把卡加进支付宝
- 我给自己充了100话费作为测试，扣费15.02U，另外还有0.45U的返现，也就是说 100人民币=14.57U -> 1U = 6.86人民币
- 折算下来大约是按照Google的汇率（6.75），额外还有1.5%的返现

所以我也和etherfi联系，给大家弄了个活动，只要用我邀请码注册的，每个人前600U的消费有10%的返现，也就是60U。

活动有时间期限，在9月12日前的消费才有效。

我是真的觉得etherfi的卡好用才来推广的。我作为邀请人，只能收到你们消费0.1%作为奖励，也就是说你们消费100万u，我也只有1000u奖励。

邀请链接：
ether.fi/@quant 
邀请码：QUANT",0,1,24,26789,6.4,Perp DEX 量化做市与无损刷量：edgeX 帕拉梅拉 200k 战役、Backpack/Paradex/Aster 六大协议脚本工程化,tw_2087319835671740432_1.jpg
2087318181266309605,Tue Aug 11 23:20:09 +0000 2026,"[ etherfi U卡 10% 返现活动 ]

我最近几乎所有的日常开销都用etherfi，确实是美元区和欧元区最好的U卡了：
 - 3% 实时返现，且额度管饱(最低等级每月前2000u)
 - 美元和欧元消费完全零手续费，1 USDC = 1 USD
 - 无缝支持Apple Pay和Google Pay
 - 消费退款实时到账，消费欧元退欧元，完全没有磨损
 - 刷到现在还没碰到过被拒刷的

所以我也和etherfi联系，给大家弄了个活动，只要用我邀请码注册的，每个人前600U的消费有10%的返现，也就是60U。

邀请链接：
ether.fi/@quant 
邀请码：QUANT",0,0,0,0,6.4,Perp DEX 量化做市与无损刷量：edgeX 帕拉梅拉 200k 战役、Backpack/Paradex/Aster 六大协议脚本工程化,tw_2087318181266309605_1.jpg
1971142704949051546,Thu Sep 25 09:20:17 +0000 2025,"[DEX开源脚本现状更新]

自从两周前开始开源后，目前脚本支持 4 个交易所，在接下来一周内会再增加 2-3 个其他交易所的支持。在这里也放上我的邀请链接，都是全网最高的返佣和福利：
 - edgeX | 永久享受 VIP 1 费率；10% 交易手续费返佣；10% 额外奖励积分:
https://t.co/AUEWRSNHcZ

 - Backpack | 35% 交易手续费自动返佣:
https://t.co/hPsdi6sDW2

 - Paradex | 10% 交易手续费返佣以及潜在未来福利:
https://t.co/Yr8KdBSptw

 - Aster | 30% 交易手续费自动返佣:
https://t.co/4GszMkXWVO

脚本有很多参数可以调整，来适配你自己的风险偏好，但脚本的核心逻辑很简单：
1. 用maker单挂单开仓
2. 开仓后马上再挂单关仓，可以选择挂单的价格来决定是磨损
3. 重复以上两步

这个基础的策略适用于目前支持的四个交易所。因为都是 maker only 的单子，所以相当于是在做市，基本排除了女巫的风险。

[Aster暴力刷量] 另外，应群友的要求，我还单独为Aster增加一个暴力刷量的策略。逻辑也很简单，先挂单，成交后立马市价单平仓。这个策略的损耗在0.025%左右，但因为是用市价单瞬间平仓，有被女巫的风险。

🚨 最后还是风险提示：
这个策略不是中性策略，本质上是一个以刷量为目的，从单向网格魔改的策略。因为是单向网格，你需要自己选择方向，如果你看多，那么在震荡或向上的市场中你都会有很高的交易量且可以有盈利，但在向下的市场中，仓位会被套住有浮亏。

如果想要更详细的脚本信息或有任何问题，可以私信我加入我的 Telegram 群组。群组永久免费，没有设置公开只是为了防止诈骗和广告。",0,15,21,20168,10.0,Perp DEX 量化做市与无损刷量：edgeX 帕拉梅拉 200k 战役、Backpack/Paradex/Aster 六大协议脚本工程化,tw_1971142704949051546_1.jpg
1971128776521286112,Thu Sep 25 08:24:56 +0000 2025,@xiazhikong1 我自己也在刷，30%返佣全部返给用我链接的人，我自己一分不拿，哪句话是骗了？ https://t.co/ObrDC8qNu4,0,0,0,601,4.4,Perp DEX 量化做市与无损刷量：edgeX 帕拉梅拉 200k 战役、Backpack/Paradex/Aster 六大协议脚本工程化,tw_1971128776521286112_1.jpg
1971015664015114430,Thu Sep 25 00:55:28 +0000 2025,"目前我自己还是在用我开源的脚本稳稳的刷，得益于这两天BTC整体的上升趋势，不仅无损刷了1000万交易量，还有一千多u的收益。
欢迎使用我 30% 的返佣链接，以及下周1.5x的积分加成，加群请私信我（永远免费，没有公开只是为了防止骗子加入）。
https://t.co/c7wlyAYCEe https://t.co/WQHUONAoby",0,1,6,10002,7.0,Perp DEX 量化做市与无损刷量：edgeX 帕拉梅拉 200k 战役、Backpack/Paradex/Aster 六大协议脚本工程化,tw_1971015664015114430_1.jpg
1971015661112422559,Thu Sep 25 00:55:27 +0000 2025,"为什么大家在疯狂卷 Aster ? 潜在收益究竟有多高？
你的链上精算师已上线。

先上结论：根据刷分方法的不同，每一百万分数的成本在 200u 到 400u 之间；按照现在的币价，根据不同的空投分配方法，一百万分的潜在空投价值在 550u 到 1200u 之间。

首先，每次空投的计算都会带有很多的已知和未知，我们只能应用已知，合理估算未知。

已知：
 - 第二期持续四周，目前是第三周，共空投4%的代币
 - 前两周总交易量149亿，共产生积分160亿
 - 空投不是按照每周1%，也不是完全按照每周的交易量的总占比，项目方会酌情在两者之间调整

未知：
 - 空投的时间与空投时的币价
 - 总积分（主要由交易量决定，目前每天320亿交易量）
 - 每周分配到的空投数额

通过已知合理估算未知：
1. 假设发空投时的币价维持在2u左右，在其他情况下的损耗和收益也可以直接从下图找到
2. 假设总积分是总交易量的1.5倍，前两周大约是1.1倍，但由于这两周几乎所有人都有1.5x积分加成以及kol一层层的积分奖励，所以用1.5倍来保守估计
3. 每周分配到的空投数额以两种极端方式计算 - 完全按交易量分配 以及 每周1%，分别对应下面的两张表格

因此，你需要对空投时的币价有个预估，其次对交易量有个估计（决定了总积分），最后就可以根据你的假设找到下图中对应的两种空投分配的极端情况下每100万分的价值了。",0,17,15,46239,8.7,Perp DEX 量化做市与无损刷量：edgeX 帕拉梅拉 200k 战役、Backpack/Paradex/Aster 六大协议脚本工程化,tw_1971015661112422559_1.jpg
2103038683842531434,Thu Sep 24 08:27:49 +0000 2026,"Variational 32%的空投，估计还有最后10周时间拿分，在TGE前团队会：
 - 结束“内测”，正式上线（大概是不再需要邀请码）
 - 继续上线新的swaps市场
 - 开放交易API
 - 分享更多的 $VAR 回购及代币赋能

估计得卷上天了，但卷上天了也得继续卷，尤其是开放交易API后。

https://t.co/oqRikF8yPP",0,0,13,7583,4.8,Perp DEX 量化做市与无损刷量：edgeX 帕拉梅拉 200k 战役、Backpack/Paradex/Aster 六大协议脚本工程化,
1968601871272058984,Thu Sep 18 09:03:55 +0000 2025,"[欢迎加入我的 Telegram 交流群组]

建立tg群组的原因：
1. 我最近专注于 Perp DEX 的脚本，但也需要照顾原来因为defi而关注我，对脚本没有兴趣的朋友刷推特时的观感。

2. 脚本会有频繁更新，以后小更新就先第一时间发在tg群组，有大更新时再在推特同步。

3. 有很多朋友对脚本有同样的问题，可以统一在群组里解答。

4. 分享一些不适合在推特上公开分享的东西，以满足我的分享欲。

https://t.co/5hcg5D4kiR",0,3,17,19088,6.0,Perp DEX 量化做市与无损刷量：edgeX 帕拉梅拉 200k 战役、Backpack/Paradex/Aster 六大协议脚本工程化,
2100529971286450656,Thu Sep 17 10:19:05 +0000 2026,"派出 币安和OKX 两员CEX大将和 Perp DEX 做了个比较

如果要用一句话总结：Perp DEX - we are still early.

即使是链上老大哥Hyperliquid和币安一比也只能是小虾米，更别说其他的 Perp DEX 了。

比较有意思的是 TVL 和 持仓量 的比较，比如 OKX 的资产储备(TVL) 是 Hyperliquid 的4倍，但合约持仓量却只有Hyperliquid的60%。

这个差异主要是中心化交易所提供的其他服务，比如各种理财、双币赢等等。从另一个角度来说，也许这是一个 Perp DEX 可以拓展的方向。

另外一个令我比较意外的点是：
Variational的OI居然已经是Lighter(主网，不含RH)的150%，然而交易量却只有Lighter的70%，这还是在Variational上线超低点差的swaps之后。是大家都在用OI在吃积分吗？

（看到这个图里Lighter几乎只有一根线这么粗的“柱形图”，让我觉得LIT再涨10倍不是天方夜谭；也或者是现在LIT的价格是已经包含了很多的预期。）",0,1,9,13816,8.0,Perp DEX 量化做市与无损刷量：edgeX 帕拉梅拉 200k 战役、Backpack/Paradex/Aster 六大协议脚本工程化,tw_2100529971286450656_1.jpg
1966160303512748416,Thu Sep 11 15:22:00 +0000 2025,"如果你用了我的邀请码，还有10%的返佣，所以vip2买卖一次的实际手续费是0.0198%。
等你刷到3000万交易额了，还能再申请Messenger Program，返佣提升到25%，实际手续费就只有0.0165%了，这时候0.8左右的take_profit就有收益了。所以按照0.8的take_profit从0刷到4500万，确实没有盈利，但实际的磨损也是非常低的。",0,0,1,437,4.8,Perp DEX 量化做市与无损刷量：edgeX 帕拉梅拉 200k 战役、Backpack/Paradex/Aster 六大协议脚本工程化,
1966139568647737646,Thu Sep 11 13:59:36 +0000 2025,"在edgeX上刷了13天，2万u本金，4600万交易量，1000u浮亏，拿了550分，按场外的12u/分算，价值6600u。今天也终于刷到了VIP3，手续费低了不少。趁着市场涨了一些，我也把策略的参数改得更保守了，目标是降低风险，保持4500万/月的交易量来维持VIP3的费率。先试两周，再根据实际交易量调整参数。

接下来的计划是尽可能每周写一个Perp dex的脚本，然后每个dex都放 1万u 用脚本跑着。

一是因为我相信整体的收益肯定还是很不错的。倒不是认为Perp dex能再有像hype一样的大毛，说实话除了其中一两个perp dex让我觉得很有特色，大多数的dex我都不能理解他的go-to-market，但这不妨碍拿到高收益。在项目前期参与，控制交易成本，只要能发币，收益都不会低。

二是因为很多朋友有脚本的需求，我所有这方面的脚本也都会开源，很乐意能够给大家带来一点点的帮助。",0,8,28,34148,9.3,Perp DEX 量化做市与无损刷量：edgeX 帕拉梅拉 200k 战役、Backpack/Paradex/Aster 六大协议脚本工程化,tw_1966139568647737646_1.jpg
1963552472787546353,Thu Sep 04 10:39:25 +0000 2025,"Binance 已经将USDC的永续合约交易对 零手续费 的活动延续到了12月10日，所以有很多对手续费敏感的策略都可以继续在Binance上跑，但注意，必须是挂单。

如果你是手动玩家，Binance的USDC交易对也是不错的选择，流动性充足，且无手续费。

如果你在各种dex刷分或者做合约费率套利，Binance的USDC交易对也可以作为对冲的选择，比如在Lighter上做合约费率套利，或是在其他Perp dex上刷分的同时在Binance上对冲。

如果需要 Lighter 邀请码，请随时私信我。",0,2,0,5706,8.4,Perp DEX 量化做市与无损刷量：edgeX 帕拉梅拉 200k 战役、Backpack/Paradex/Aster 六大协议脚本工程化,tw_1963552472787546353_1.jpg
1983704133384479086,Thu Oct 30 01:14:55 +0000 2025,"@Dongyan14733351 不是价差回来。

假设 lighter ETH $3100, edgex 3000
开仓：多edgex 空lighter -&gt; 亏$100

关仓：空edgex 多lighter -&gt; 赚$100

怎么就亏了呢？",0,0,1,124,5.2,Perp DEX 量化做市与无损刷量：edgeX 帕拉梅拉 200k 战役、Backpack/Paradex/Aster 六大协议脚本工程化,
1973549268452389372,Thu Oct 02 00:43:07 +0000 2025,"[免费开源 perp dex 脚本]
Backpack | edgeX | Paradex | Aster | grvt | Lighter

BTC 又冲上了最近一个月的高点，这也意味着用我的脚本开多了 BTC 的朋友们都又无损刷了所有的交易量。

目前这个免费开源的脚本已支持6个 perp dex，在这里也放上我的邀请码（全部都是全网最高返佣以及福利）：
 - Backpack(35% 返佣): https://t.co/hPsdi6sDW2 
 - edgeX (直升VIP 1, 10% 返佣, 10% 积分加成): https://t.co/AUEWRSNHcZ
 - Paradex (10% 返佣及潜在福利)：https://t.co/Yr8KdBSptw
 - Aster (30%返佣，1.5x 积分加成)： https://t.co/4GszMkXWVO
 - grvt (官方大使，使用邀请链接获取潜在福利)：https://t.co/L1jPEgtH7O
 - Lighter

脚本链接：https://t.co/4A0l5ABsoC",0,60,37,56217,10.0,Perp DEX 量化做市与无损刷量：edgeX 帕拉梅拉 200k 战役、Backpack/Paradex/Aster 六大协议脚本工程化,tw_1973549268452389372_1.jpg
1991540395394961834,Thu Nov 20 16:13:25 +0000 2025,@ruixyz @Polymarket literally getting surprise from edgeX every single day 🥰,0,0,1,724,4.2,Perp DEX 量化做市与无损刷量：edgeX 帕拉梅拉 200k 战役、Backpack/Paradex/Aster 六大协议脚本工程化,
1991534321304498316,Thu Nov 20 15:49:17 +0000 2025,"@Polymarket Polymarket everything, edgeX everything",0,0,0,580,4.2,Perp DEX 量化做市与无损刷量：edgeX 帕拉梅拉 200k 战役、Backpack/Paradex/Aster 六大协议脚本工程化,
1991511594979979576,Thu Nov 20 14:18:59 +0000 2025,@isb123456 @edgeX_exchange hype毋庸置疑是目前perp dex的老大，但edgeX有潜力做一个后来的搅局者。目前来说，edgeX最明显的优势是有原生的手机app，其次是edgeX的大币的订单簿深度甚至比hype还好。从长期来看，edgeX有一些基建上的创新，在极端市场情况下的表现可能会更稳定，具体可以看我前几天发的官方blog的中文译版和解读。,0,0,1,756,6.0,Perp DEX 量化做市与无损刷量：edgeX 帕拉梅拉 200k 战役、Backpack/Paradex/Aster 六大协议脚本工程化,
1991463552230768667,Thu Nov 20 11:08:05 +0000 2025,"每天都有惊喜

@edgeX_exchange 正式官宣和 @Polymarket 的合作。

edgeX 的手机 app 做的是真不错，现在直接可以在 edgeX 的app上交易 Polymarket 了，直接抢占目前最火的两个赛道。

做事的项目方最帅。",0,2,2,7061,5.2,Perp DEX 量化做市与无损刷量：edgeX 帕拉梅拉 200k 战役、Backpack/Paradex/Aster 六大协议脚本工程化,
1991436856186020207,Thu Nov 20 09:22:00 +0000 2025,"[Backpack S4 | 免费对冲脚本更新]

@Backpack 的第四季开始了，创始人确认这是最后一季了。

我自己这段时间也是趁着 Backpack 不怎么卷，买了个 NFT 在猛刷。

脚本更新内容：
Backpack 的对冲模式新增了 --max-position 参数，实现了大家一直想要的「逐渐建仓并持仓」功能。

示例命令：
python hedge_mode.py --exchange backpack --ticker BTC --size 0.01 --iter 10 --sleep 600 --max-position 1

解释一下这个参数组合的效果：
 - 使用对冲模式交易 BTC：在 Backpack 上挂多单的同时，在 Lighter 上做对冲；
 - 每次下单 0.01 BTC（--size 0.01），逐渐把仓位加到 1 BTC（--max-position 1）；
 - 仓位达到 1 BTC 后，脚本会暂停 600 秒（--sleep 600），然后开始减仓，每次减 0.01 BTC，直到 bp 上的仓位达到 -1 BTC；
 - 如此「加仓 → 减仓」为一个循环，共重复 10 次（--iter 10）；
 - 在第 10 次循环结束时，bp 的仓位会回到 0，脚本自动退出

-----分割线-----

根据S3最后几周的数据，大约1000-2000u交易量可以拿到一分，100u的持仓可以拿到1分，所以以这个模式进行对冲理论上可以提高得分效率，同时也能在lighter稍微拿一点分（可以忽略不计）。

backpack 全网最高反佣：https://t.co/hPsdi6sDW2

开源脚本：https://t.co/4A0l5ABsoC

免责声明：使用脚本有风险，请自己做好研究和学习，DYOR。",0,8,7,16682,8.2,Perp DEX 量化做市与无损刷量：edgeX 帕拉梅拉 200k 战役、Backpack/Paradex/Aster 六大协议脚本工程化,
1986347054340448349,Thu Nov 06 08:16:56 +0000 2025,"edgeX 官方宣布第一季积分将于4周后正式结束，大的要来了。

如果你还想抓住最后的尾巴，拿一些edgeX的积分，应该没有比使用我的邀请码，参与我的社群专属活动更对的姿势了。

全网最好的福利：
1⃣ 直升 VIP 1，享受更低手续费
2⃣ 10% 自动反佣
3⃣ 10% 积分加成

另外还可以参加目前正在进行的社群专属活动，达到指定交易量即可领取最高1000u奖励。（详情见截图）
活动时间只剩下最后一周，这也将是降低成本最后的方法了。

邀请链接：https://t.co/AUEWRSOf2x

如果对 edgeX <> Lighter 脚本对刷有兴趣，也可以使用我的开源脚本。",0,0,2,11265,8.5,Perp DEX 量化做市与无损刷量：edgeX 帕拉梅拉 200k 战役、Backpack/Paradex/Aster 六大协议脚本工程化,tw_1986347054340448349_1.jpg
1928084814969852223,Thu May 29 13:43:36 +0000 2025,"百万美金 DeFi 记录 - Day 1

2025.05.29 Snapshot｜账户资产 $1M｜预计年化收益 15.39%

今天是记录的第一天，主要解释一下记录的图表和收益的计算方式。接下来我会每两周更新一次资产详情，并实时分享每天的操作思路。

📊 图表顶部是账户总览，包括：
 - 当前总资产（约 100 万美金）
 - 每月预估收入（约 $10,968）
 - 总年化收益率（目前为 15.39%）

收益我分为两部分：
 - 基本收益：包括 PT 增值、LP 收益等。
 - 积分收益：根据当前 YT 市场情况估算出的积分价值。

所有收益都换算成 APR，便于横向比较。
目前总 APR 偏低，主要因为还有 11 万 USDC 没部署。

📌 简单讲下当前的持仓情况（项目详情后续会单独介绍）：
1. 最大仓位是 Noble 的收益池子，放弃积分换取约 14.5% APY。我也存了两万到积分池做对冲。

2. PT-cUSDO：在 Napier 和 Spectra 分别买了 PT，临近到期，收益约 20%。

3. Sonic aUSDC：Pendle 上的 LP，基本收益 10%，积分预估 2%。最近在考虑撤出，因为LP收益下降明显。

4. drUSD：质押到 Dolomite 后再存到 Infrared，APR 在 10%-15% 区间波动。

5. LP sUSDe：Pendle 上的 sUSDe LP，不解释了。

6. Fluid USD0/USDC：约 14%，等研究一下其他项目后会移走，收益其实不差，但是我在其他账户的USUAL仓位已经很多了。

7. Usual USD0++ USL：在 Euler 上拉满杠杆，收益爆炸。

8. Termmax：固定利率循环贷，进得早，锁定了 22% APR。

9. Huma：主池存了 4 万，羽毛池存了 1 万，都锁仓了半年。

10. Ethereal：这个项目还是得参与一下，Pendle 上存了 LP，约 2 万。
11. Hyperliquid：存了约 1.3 万进金库。

12. Perena：很早期就参与，项目进度缓慢，好在只投了 1 万 LP 放在 Exponent，放到到期再说吧。

🔚🔚🔚🔚

接下来我会实时分享操作逻辑和新项目的研究，也会每两周更新一次像这样的账户总结。如果有好的项目请推荐给我，也欢迎一起交流。

#DeFi #CryptoYield #RealYield #Pendle #NobleFi #USUAL #HumaFinance #DeFi实盘 #链上收益 #稳定收益",0,3,7,3086,9.3,Perp DEX 量化做市与无损刷量：edgeX 帕拉梅拉 200k 战役、Backpack/Paradex/Aster 六大协议脚本工程化,tw_1928084814969852223_1.jpg
2034651792122822943,Thu Mar 19 15:22:43 +0000 2026,"对我来说这个月最好的理财：预测市场

这个月最好的理财产品：
 - Backpack FDV $500M NO
 - Backpack FDV $1B NO
 - edgeX FDV $2B NO
 - edgeX FDV $3B NO

一个个都年化100%打底。

先声明，我爱Backpack，也爱edgeX，但币价和市值预期是客观存在的事实。
另外，标题里也说了，这是“对我来说”的最好的理财，因为这两个平台我都有不少的分，且都是3月TGE。

这四个市场我一共买了大几万u，除了 Backpack FDV $500M NO，其他都是在三月初概率80%-90%左右买入的，也就说三月底TGE后如果没有达到FDV，月化就有百分之十几。

- Backpack FDV $500M NO：
均价0.63买入，现在0.83，+31%

- Backpack FDV $1B NO：
均价0.88买入，现在0.97，+10%

- edgeX FDV $2B NO：
均价0.91买入，现在0.97，+6.5%

- edgeX FDV $3B NO：
均价0.91买入，0.96卖了移仓到了 $2B NO, +12%

如果这些到期时全部是NO，一个月整体收益在15%左右。

别小看这月化15%，假设本金是8万，收益1.2万u。这已经相当于100万u按照15%的年化理财了一个月才能有的收益。

当然，不能只谈收益不说风险。

风险是显而易见的，要是FDV真的有那么高，本金就归零了。

但这也是为什么我说这是“对我来说”这个月最好的理财，因为我在这两个平台都有不少的分，如果真有这么高的FDV，我在空投赚的比预测市场赚的要多得多。

所以这个“理财”不适合所有人，但这种对冲的思路也许适用于每个人。",0,3,12,14423,7.8,Perp DEX 量化做市与无损刷量：edgeX 帕拉梅拉 200k 战役、Backpack/Paradex/Aster 六大协议脚本工程化,
2029702704826597690,Thu Mar 05 23:36:49 +0000 2026,"Paradex 收了$16M手续费但目前流通市值只有 $8M ???

我在 Paradex 只有几万分，基本开仓都是拿的OI分，所以币价怎么样也无所谓了。

但我实在看不懂的是，Paradex现在的流通居然只有 $8M。

不是$8000万，是$800万。

大家帮我看看我到底有没有算错啊？
空投25%，其中4.4%已经在tge前就被项目方回购了，所以即使所有空投都被领取了，流通也只有20.6%。

目前币价0.04，总量10亿个，FDV $40M，流通 = $40M * 20.6% = $8.24M

更离谱的是，Paradex 从今年1月到现在已经收了 $16M 的手续费了。

再说一遍，$8M的流通，已经很离谱了，项目方居然还已经收了 $16M 的手续费。

真是离谱他妈给离谱开门，离谱到家了。",0,2,33,15728,7.6,Perp DEX 量化做市与无损刷量：edgeX 帕拉梅拉 200k 战役、Backpack/Paradex/Aster 六大协议脚本工程化,tw_2029702704826597690_1.jpg
2029698052370333794,Thu Mar 05 23:18:20 +0000 2026,"孙哥说大家不要慌，我们的LIT还没卖，我们相信LIT迟早会爆拉的，我们取钱是为了整理钱包，我们马上就会存回LLP的。

(很好奇是Lighter传销了孙哥还是孙哥真心看好Lighter而主动存的)
https://t.co/COTNdn5iva",0,0,2,3360,4.4,Perp DEX 量化做市与无损刷量：edgeX 帕拉梅拉 200k 战役、Backpack/Paradex/Aster 六大协议脚本工程化,
2029677315458764926,Thu Mar 05 21:55:56 +0000 2026,"美国证券交易委员会(SEC) 与孙宇晨及 TRON 达成和解，此前案件一度被暂停。

与此同时，孙哥今天从 Lighter 提走了 $152M。

整整 1亿5千万美金，占了 Lighter 17% 的 TVL。

man gotta pay his bill 🤣",0,0,5,11857,4.4,Perp DEX 量化做市与无损刷量：edgeX 帕拉梅拉 200k 战役、Backpack/Paradex/Aster 六大协议脚本工程化,
2070100235771060585,Thu Jun 25 11:02:11 +0000 2026,"[ 曾经的北美搞钱“奇技淫巧”之三 - 推荐奖励 ]

之前分享过，从大学开始我就没安分过，从大学的时候倒买倒卖supreme、球鞋，赚到了人生的第一笔六位数。

也分享过在美国的博彩网站那撸了$100K+，合法合规。

今天再来分享一下北美的另一个搞钱方法：推荐奖励。虽然搞到的钱不多，大约四五千美金，但我只花了大约10分钟。

原理很简单：你在北美的优惠码网站上po自己的邀请链接，使用你邀请链接的人可以拿10%折扣，而你则可以拿10%的credit。

我只po了两个公司的邀请码，一家是三星，另一家是一个早餐订阅的公司的（名字都不记得了）。

先站在消费者的角度，在google上搜coupon code，然后在所有能找到的网站上po上你自己的邀请码，其中优惠的内容得写得抓眼球但又真实。并不是一上传就会开始有收获，这和网站本身的推荐机制也很有关系，有时候给你的推荐码推到前排了，积分就哗啦啦的来。

试想一下，别人用你的推荐码买一个1000刀的大彩电，你就能拿100刀，还是不错的吧。

当时想到做这件事也是因为想买一个三星大彩电，所以就去找了一下折扣码，于是想到我也可以po我自己的邀请码。随手po了几个网站，没想到有一天开始就突然开始疯狂收到邮件（见配图）。因为这个积分只能用于抵扣，不能直接变现，所以我在三星官网上买了几个折价率最低的手机，然后在eBay上卖了变现。

在三星有了收获后，我又po了一家做早餐订阅的公司的邀请码。因为收到的credits只能自己用，最后到离开美国都没把credits用完（后来上市了，然后出了一个食物安全的事故，现在好像已经倒闭了？）

现在甚至可以考虑用AI作为工具，帮你做一些重复的事情。但是不是还有这样的机会，我也不清楚了，就当是分享一下我自己的经历吧。",0,13,10,43780,9.1,Perp DEX 量化做市与无损刷量：edgeX 帕拉梅拉 200k 战役、Backpack/Paradex/Aster 六大协议脚本工程化,tw_2070100235771060585_1.jpg
1930599098891038945,Thu Jun 05 12:14:28 +0000 2025,"百万美金 DeFi 记录 - Day 8  

昨天读完了 @infinifilabs 的白皮书。有时间的朋友可以当作闲时读物来看一看，内容不算轻松，但思路非常有意思。我这篇文章会总结一下白皮书内容，介绍这个项目的整体机制。 

当前项目还在白名单阶段，如果你也想参与研究，可以使用我的邀请码：HPNS2CWZ  

项目目前有积分活动，但不在这里介绍了。因为项目本身结构较复杂，所以内容会稍长。如果没有耐心阅读全文，建议直接看 (3) 部分了解核心机制和文章最后我的看法和评估。 

(1) 背景：从银行系统的问题出发
白皮书花了很多篇幅解释一个传统银行系统的核心问题：期限错配（短期负债 vs. 长期资产）。
简单说，银行拿我们的活期存款（可以随时取出），去做长期贷款（几年才回款）。只要大家不一起取钱就没问题，但一旦发生挤兑，就容易崩盘。
InfiniFi 的目标，就是在链上构建一种不会因为期限错配而系统性失控的“新型银行架构”。

(2) DeFi 中的“机会”其实是一样的问题
所有 DeFi 存款型协议，其实和银行一样：
用户存入资金 → 协议把它们拿去投资 → 赚收益。
但只要是投资，就有锁仓或赎回延迟的问题。比如：
 - 存 AAVE 是短期资产，流动性好、收益低；
 - 买 Pendle 上的 PT 是长期资产，收益高，但流动性差。

InfiniFi 的野心就是：
在控制流动性风险的同时，把 PT 的高收益分给大家。

(3) 核心机制：锁仓 × 收益乘数 × 自我匹配
在 InfiniFi 里，用户用稳定币铸造 iUSD，之后可以选择：
 - 不锁仓：流动性用户
 - 锁仓：非流动性用户，获得时间乘数（如1年 = 2x收益）

这些锁仓时间信息，构成了系统的“负债期限结构”。
系统再根据这些数据去匹配不同期限的资产（短期资金去 AAVE，长期资金去 Pendle），实现自我资产负债匹配（self-laddering）。

🧠 打个比喻：
你和一群人走进链上银行，手里拿着稳定币准备存款。
银行问你：“你多久不会来取钱？”
 - 如果你说“随时可能取”，那你的钱就放在 AAVE；
 - 如果你说“我1年内不取”，那你的钱就可以拿去放长期贷款，并获得收益乘数加成。
锁仓时间越长，乘数越高，收益也越多。

(4) 投资透明 + 投票负责 + 风险共担
传统银行的存款人对资产配置一无所知，也没有决策权。
而在 InfiniFi，锁仓用户有投票权，每周参与投票决定资金流向。

特别巧妙的是：损失首先由锁仓用户承担，且按投票权比例分担。也就是说，谁投票、谁负责。锁得越久，收益越多，但亏损时承担得也越多。

这机制强化了系统的内生风控：
有收益也有责任，才能真正让“投票”成为有意义的行为。

(5) 如何稳定 iUSD 的价格
iUSD 是系统核心，自然必须保稳。InfiniFi 提出了两个机制：
✅ Curve 二级市场流动性池：可供用户临时退出
✅ 动态增长的保险池：每次 depeg，系统都会回购 iUSD，并把回购的代币放入赎回队列，同时增强保险池

这样做的结果是：
每一次 depeg，保险池更强，系统更稳。利用的正是 DeFi 系统中套利会自发修复价格这一机制。

(6) 锁仓机制的一个特别设计
InfiniFi 的锁仓，是从申请提款开始计时，而不是存入那一刻就锁。
比如你选择“锁1个月”，实际意思是：
在你主动申请提款前，你的资金不会被锁，仍享有完整的收益（例如15.8%）
一旦申请提款，收益开始线性下降（在这一个月里从15.8%降到当前流动性收益 8%）

这样做有两个好处：
 - 提高了资金利用效率
 - 避免用户因“锁死资金”产生焦虑

📘总结一下 InfiniFi 的亮点设计：
 - 锁仓时间 × 收益乘数 × 投票权紧密绑定
 - 投票用户承担风险，非投票用户兜底在后
 - 用真实用户行为构建负债期限结构
 - 自梯度匹配资产，实现收益最大化
 - Curve + 保险池双重机制维护稳定币 peg

🚨最后是我的一些看法：
InfiniFi 的设计非常有意思，机制复杂但逻辑清晰。它最大的优势之一是链上几乎100%透明：从存款、取款、收益分配，到资金的实际投资去向，所有信息都可以在链上公开验证，且资产配置由存款用户投票决定，真正实现了去中心化的资产管理。

如果你本身就是一个 Pendle 的重度用户，那 InfiniFi 非常值得关注。它可以在不改变你风险敞口的前提下，分散平台风险，并获得相同甚至更高的收益。

而如果你习惯使用 Aave / Morpho / Fluid 等平台来存款，那你也可以选择不锁仓参与 InfiniFi，获得高于这些平台的收益，同时由锁仓用户承担主要风险。

当然，任何新的 DeFi 项目本身都意味着额外风险，尤其是 InfiniFi 目前还处在早期阶段。对我而言，即使项目已经过审计，在 DeFi 世界，时间才是最有效的风控机制。

因此，我会考虑先投入一小笔资金进行试水，观察其实际运作表现。

附图是我根据链上数据核验的收益情况：
目前系统年化收入约 $1.17M，而覆盖当前存款需求所需的年化回报为 $1.12M，说明收益结构是健康的，不存在透支分配的情况。",0,3,9,7659,8.8,Perp DEX 量化做市与无损刷量：edgeX 帕拉梅拉 200k 战役、Backpack/Paradex/Aster 六大协议脚本工程化,tw_1930599098891038945_1.jpg
1950889318244909215,Thu Jul 31 12:00:33 +0000 2025,"顺便简单总结一下我目前重仓的几个项目，并放上邀请码。

1. @MMTFinance 
可以做稳定币 LP，收益还行，预计一个月左右 TGE，所以可以有空投预期的收入。

邀请链接：https://t.co/qOWZP1Sazw",0,0,1,960,3.8,Perp DEX 量化做市与无损刷量：edgeX 帕拉梅拉 200k 战役、Backpack/Paradex/Aster 六大协议脚本工程化,
1945816527493824857,Thu Jul 17 12:03:06 +0000 2025,"感谢朋友对安全性的质疑，所以再再再补充一下：
Liminal不是黑盒，是可查可控的。
你可以选择：
1. Regular mode: Liminal 为你创建一个独立的地址，私匙由Liminal离线加密管理，你的存款是会直接存到这个新的地址里，你可以在转账记录里可以找到这个地址。接着你就可以去 hypurrscan 查新地址在 Hyperliquid 的链上交易记录和仓位了。这种模式下，所有交易和仓位都是可查的，但不能直接控制新钱包里的资金和仓位。

2. Institutional mode: Liminal直接用你自己的钱包在Hyperliquid上开一个子账户，Liminal对你的子账户只有交易的权限，但没有提款的权限，所有资金都只由你自己控制，甚至你可以手动改变仓位来破坏 Liminal 的策略😅。这种模式下，所有交易都发生在你自己的账户下，资金也只由你自己控制。
Institutional mode 不是只有机构才能用，任何人都可以直接选择这个模式，“Institutional mode”不过是个名称。",0,0,1,4151,5.8,Perp DEX 量化做市与无损刷量：edgeX 帕拉梅拉 200k 战役、Backpack/Paradex/Aster 六大协议脚本工程化,
2016839150029135975,Thu Jan 29 11:41:39 +0000 2026,@Dex_Jiufeite 嗯确实，把extended的金库当作理财随手开单，不用担心资金移动的问题，edgex的app也确实是perp dex里做的最好的了,0,0,0,1051,4.6,Perp DEX 量化做市与无损刷量：edgeX 帕拉梅拉 200k 战役、Backpack/Paradex/Aster 六大协议脚本工程化,
2016827043237728584,Thu Jan 29 10:53:32 +0000 2026,"[ 为什么不 Perp DEX ]

刷了这么久的 Perp DEX，几乎每个项目我都有一大筐积分，但今天抛开积分，说点大实话。

虽然我不是一个做方向交易的交易员，但从我参与 Perp DEX 的这些体验来说，Perp DEX 目前最大的三个问题：

1. 稳定性 - 不管是链本身的问题，还是底层服务商的问题，还是自己系统的问题，Perp DEX 经常动不动就宕机，或出现严重延迟。

2. 点差/订单簿深度 - 尤其是除了BTC、ETH、SOL 以外的小币种，这和用户数量有很大关系，没人交易，就没有做市商愿意进来，点差和深度也就越差，导致更没有人愿意交易。这在短期内很难改善。

3. 存取款速度 - 其实这点我很难理解，这里就先不说有些 Perp DEX 甚至要求盈利在 24 小时后才能提现😂，排除这种搞笑的特殊情况，为什么 Perp DEX 的存取款普遍都这么慢？是链上的技术原因还是平台自身的风控原因？

昨天我在 Lighter 上提了40个ETH，等了5个小时才到账，我去咸鱼找人面交都要不了这么久。前面的两点我其实都还能忍，但存取款这么慢实在受不了，如果碰到极端市场情况等着用钱，可能就是因为这存取款的速度导致巨大损失。

从上面三点来看，top 5 的中心化交易所基本上都没有什么大问题，而 Perp DEX 里确实也只有 Hyperliquid 敢说自己在这些方面做得不错。

如果要总结一下，这些所有的因素掺杂在一起，就是四个字：用户体验。

即使是 Hyperliquid，因为没有手机App，完全没法和 top 3 的中心化交易所在“用户体验”上竞争。

如果你说有特定的人群会想要用 Perp DEX，那是当然的，但大家喊的不都是要从CEX抢份额，甚至要打倒万恶的CEX吗？如果是这样，想要从CEX抢市场份额，路长得望不到尽头。",0,4,25,14990,8.3,Perp DEX 量化做市与无损刷量：edgeX 帕拉梅拉 200k 战役、Backpack/Paradex/Aster 六大协议脚本工程化,
2009236724531015763,Thu Jan 08 12:12:19 +0000 2026,"[ 长文随笔 ]

一。  stackoverflow | tailwind 
刚才刷到 Yishi 老板的推，提到了 tailwind 和 stackoverflow，才想起来我好像还 subscribe 了 Tailwind 的付费版本，登陆了一看才发现当年是花了$249买了永久使用。

世界变化得实在是太快了，今年开始学计算机的大学生会不会都不知道世界上曾经存在过 stackoverflow 这样一个巨大的码农开源社区，且唯一的功能就是互相帮助debug，不管是大神还是新手，几乎每天都需要去 stackoverflow。如果现在有人说他想做一个这样的产品，大家都会觉得是天方夜谭吧。

其实根本就没过去多久。chatGPT作为一个产品，是在2022年11月发布的。

也就是说，三年前，每一个写代码的人，几乎每天都会去stackoverflow。现在你问AI的所有有关代码的问题，在当时都是去stackoverflow找答案。

而三年后，我也已经记不清上次用stackoverflow是什么时候了，在遇到难解决的代码问题时，甚至都忘了有这么一个选择的存在。

二。 记第一次套利经验 | Supreme 
但我还是清楚的记得，在大二的圣诞假期，我一个学 Finance 的学生在 stackoverflow 上疯狂冲浪，为了写一个抢 Supreme 衣服的脚本。

那个时候很多我身边的留学生，都在做一些赚钱的兼职，且每个人都不同，但其实大家都又不缺钱。

有专门倒买倒卖 AJ 的，每天在网上找各种发布的信息、去实体店抽签、和 Foot Locker 的店员搞好关系开后门。想想当时有同学开着敞篷6系从 Foot Locker 运了三十多双鞋去USPS打包然后寄到国内，挺搞笑也挺后怕的，说不定在停车场就被打劫了。

也有每次新iPhone发布的时候熬夜去排队的（是的，那时候抢到了iPhone还能溢价卖出去）。

还有女朋友在国内，然后男朋友负责在美国代购，女朋友负责在国内接单和分发。

我是那个专门做 Supreme 的，抢到了卖回国内能有50% - 1000% 的溢价。

因为Supreme 每周固定时间都会限量发布一次新产品，亚洲、欧洲、美国有时差，美国是最后一个发布的地区，所以当美国发布时，已经可以通过其他地区的网站找到对应商品的id，直接编程好秒下单，有点类似于Crypto里直接调用合约存钱的意思。

但 Supreme 也会女巫：每个收货地址+姓名的组合每样商品只能买1件，付款只能用信用卡，且信用卡的持有人姓名必须和收货地址的姓名一样。

有女巫当然也有绕开女巫的办法。

我发现只要名字有稍许的不同，Supreme就不会砍单，信用卡公司也不会拒单，我的大楼也不会拒收包裹。

比如，假设我的名字是 Alex，我可以把收货地址和信用卡持有人姓名都填成 Alexa，结果两边都不会出问题。因此，我就可以用多张卡，稍微改一下名字，下多单，比如 Alex, Alexa, Alax, Alexe, 等等。这样就绕开了一个单品只能买一件的限制。

当时利润最高的就是 Supreme 的 BOGO tee，就是你们常常能看见的假货横行的一件t恤上一个长方形里面写着""supreme""。

如果我没记错的话，发行价是30美金，抢到了卖到ebay能卖200美金，运到国内能卖300美金。而且因为只是一件t恤，所以运费便宜，收益巨大。

刚开始我就只在百度贴吧里卖，后来销量越来越大，我开始向ebay上的卖家直接收，还和在网上交流过的其他二道贩子直接订货，并开了家淘宝店。

直到有一年，国内开始严查关税，成本越来越高，竞争也越来越激烈，就停了。

三。 Perp DEX 套利 | 压力
Supreme 的套利似乎不是为了赚钱，而是为了赚钱的乐趣。现在做套利赚钱，就真的只是为了赚钱，但好像又不是为了钱而赚钱。

特别累，最近一周没有一天睡超过6个小时的。

Perp DEX每个台子每个脚本都有很多改进的空间，自己的套利系统也需要整个重写来提高收益和效率，还有预测市场在手动操作，每天需要刷微信群，推特，telegram，discord，和各个项目方的联系，社群的维护，还有web3以外的公司的一大堆事需要处理。

压力真都是自己给自己的，我的压力来源是我脑子里时时刻刻在提醒自己的“机会成本”：如果这个脚本晚一天去改进，那么就是少赚了xxxxx。奇怪的是，别说少赚了，即使我的银行账户现在少了xxxxx，也不会对我的生活有任何影响，那我到底为什么要在意呢？

我想了一下，大概是不想有“可能的遗憾”吧。担心未来的哪一天对自己说，“如果那天把这个脚本改了就好了”。

每个人消解压力的方式不同，对我来说，最简单粗暴的办法就是把事干完了。

所以这几天退了几个经常吹水的群，先埋头苦干去了，等空一点了再回来吹水。

写这么长一段，都是因为 Yishi 老师的一条推提到了 stackoverflow 和 tailwind，唤起了当年那个对代码充满兴趣却学了金融的学生记忆，可能真是年纪大了，就喜欢唠叨些以前的破事，假装怀旧。",0,7,22,11196,8.3,Perp DEX 量化做市与无损刷量：edgeX 帕拉梅拉 200k 战役、Backpack/Paradex/Aster 六大协议脚本工程化,
2006865869134021001,Thu Jan 01 23:11:23 +0000 2026,"我和评论区里的几位朋友的看法一样，也认为图里的估值是偏高的，我自己心目中的估值大概是打5-8折。

我本来想用perpetualpulse上的oi估值模型（配图），但现在的perp dex用各种招数来冲oi，我觉得对个别项目很不准确。

在这里感谢 @0Xlynn03，建议我用 Polymarket 上的数据来算估值，虽然还是有偏差，但我认为这已经是“排除我自己的主观看法，用一个统一的模型来衡量所有 perp dex 的估值”最好的方法了。主要的偏差还是在于这些polymarket市场的流动性不够。

估值的数据大家就看个乐子，可以按照自己的判断打个折，主要目的还是整理一下目前各个项目积分情况和tge进度。",0,1,17,22305,7.6,Perp DEX 量化做市与无损刷量：edgeX 帕拉梅拉 200k 战役、Backpack/Paradex/Aster 六大协议脚本工程化,tw_2006865869134021001_1.jpg
2006779547338027241,Thu Jan 01 17:28:22 +0000 2026,@LumaoDoggie 根据积分总量来计算空投比例的话基本上大差不差，lighter女巫前总分1200万分左右，按照25%的空投，理论上应该20.8个币/分，实际收到的是20币/分。,0,0,0,1678,4.6,Perp DEX 量化做市与无损刷量：edgeX 帕拉梅拉 200k 战役、Backpack/Paradex/Aster 六大协议脚本工程化,
2006767439116476914,Thu Jan 01 16:40:16 +0000 2026,"感谢 @CS_Don11 提供的信息，Paradex 分2个赛季第一赛季5%，第二赛季15%。
绝大多数人都只参与了第二赛季，所以已更新表格，只反映 s2 的积分情况。 https://t.co/Bzx1bCqWAl",0,0,0,4527,5.2,Perp DEX 量化做市与无损刷量：edgeX 帕拉梅拉 200k 战役、Backpack/Paradex/Aster 六大协议脚本工程化,tw_2006767439116476914_1.png
2006762487564173349,Thu Jan 01 16:20:35 +0000 2026,"[ Perp DEX 2026 ]

2026 的第一天，整理了一下各个 Perp DEX 的发币预期，用来给 2025 年留下来的一堆积分做一个相对理性的估值参考。

FDV 全部根据 Polymarket 的数据计算（用钱投票最准确）：
把「FDV 高于某个数」的概率视为累计分布 →
用相邻档位做差得到各 FDV 区间概率 →
再用区间中点做概率加权平均，得到市场隐含的「预计 FDV」。

表格按 剩余可获得积分的周数 排序，方便横向比较。

数据不代表任何个人意见，仅仅是根据所有公开信息，为我自己手上的积分价值有个大概判断，顺便整理出来分享给大家。

如果有任何数字或信息不准确，欢迎指正 🙏

* grvt 没有上 polymarket，所以估值取了 paradex 和 extended 的中间值。",0,19,26,38170,9.9,Perp DEX 量化做市与无损刷量：edgeX 帕拉梅拉 200k 战役、Backpack/Paradex/Aster 六大协议脚本工程化,tw_2006762487564173349_1.png
2001645972674273565,Thu Dec 18 13:29:23 +0000 2025,"[ Polymarket 娱乐局 ]

前几天花几百u以 $0.05 的价格买了 5000 shares Lighter 会在12月30日发币，逻辑是：
1. 12月29日的概率有40%，那么12月29日附近的日子的概率比起其他日子也应该高一些。
2. 随着时间一天天过去，最后几天以及25年不发币的概率就会越来越大，这是与时间做朋友的。
3. 不需要真的等到12月30日发币了再卖出，等再过几天，概率上去了就可以卖了（现在已经赚了50%了）

别笑话我就几百u在这分析的头头是道的，大家就以娱乐为目的乐一乐吧。

往polymarket里冲了3000u，现在余额4100u。最近几天越玩越觉得有意思，尤其是在自己熟悉的市场，比如 Lighter 和 edgeX 的 TGE 市场。

已经联系了之前买 spaceX 的 VC，问他们有没有 Polymarket 的 deal。前几天看到有个链上项目有 $13B 估值的deal，但这种需要经过链下实体的投资(通常是SPV)，我还是偏好直接走tradFi，更可靠一些。这也是为什么我之前非常看好 robinhood 做 pre-ipo 的 tokenization，可惜被openai和不懂的人以谣传谣，现在似乎没啥声音了。

非投资建议。",0,2,9,65809,8.4,Perp DEX 量化做市与无损刷量：edgeX 帕拉梅拉 200k 战役、Backpack/Paradex/Aster 六大协议脚本工程化,tw_2001645972674273565_1.jpg
2001585935373218141,Thu Dec 18 09:30:49 +0000 2025,@c_dylanber @Lighter_xyz 行，那我去把我 polymarket 上的 14B YES 给卖了😠,0,0,1,1126,3.8,Perp DEX 量化做市与无损刷量：edgeX 帕拉梅拉 200k 战役、Backpack/Paradex/Aster 六大协议脚本工程化,
2001584115200520463,Thu Dec 18 09:23:35 +0000 2025,"[ grvt 择时对冲脚本已经上线 | 磨损0.0067%]

grvt <> yourQuantGuy 为期三周的社群专属活动正在进行中，使用我的邀请码注册即可报名参加活动，并享受：
 - 1.3X 积分加成
 - 全网最高反佣

私信我进入 Telegram 社群获取参赛码。

同时我也发布了最新的 grvt 脚本，截图里的数据是运行了12小时，按照 0.039% 的市价单手续费计算。

择时对冲的优点：
1. 比普通对冲的磨损更小，目前测试12个小时，总磨损在 0.0067%，用35u的亏损，拿了53万的交易量。
2. 更高的积分效率，因为用的是市价单，而 grvt 市价单的积分权重更高

择时对冲的缺点：
因为需要等待价差的时机，所以比简单对冲的量要小一些。

运行指令：只需要在原来对冲指令的基础上额外加上 --v2 就行了。

例如截图里的数据是我用下面的指令，grvt和lighter各1万u的本金，最大仓位是4.5倍杠杆，如果你愿意承担更大杠杆的风险，交易量也会越高。
python hedge_mode.py --exchange grvt --v2 --ticker BTC --size 0.02 --iter 10 --max-position 0.5

--size: 每单开0.02 btc
--max-position: 最大仓位是0.5 btc

注意这里 --iter 没有实际作用，只是我懒得去掉了。

程序开始运行后需要大约20分钟收集数据，大约半小时后才会开始交易。

grvt 邀请链接： https://t.co/L1jPEgtH7O
加入 Telegram 社群请私信我",0,3,14,8547,9.3,Perp DEX 量化做市与无损刷量：edgeX 帕拉梅拉 200k 战役、Backpack/Paradex/Aster 六大协议脚本工程化,tw_2001584115200520463_1.jpg; tw_2001584115200520463_2.png
2090583749788377354,Thu Aug 20 23:36:21 +0000 2026,"I’m rebating 200%, which is the actual “100%”. 

All HIP-3 project only gets half of the fees as revenue, the other half goes to Hyperliquid.

So the 120% you see is actually 120% of the 50% fees that Entropy receive, meaning entropy subsidies an extra 20%, and you pay the rest 40% of the fees.",0,0,1,795,5.4,Perp DEX 量化做市与无损刷量：edgeX 帕拉梅拉 200k 战役、Backpack/Paradex/Aster 六大协议脚本工程化,
2090428317841207322,Thu Aug 20 13:18:43 +0000 2026,"@0xpsyche1 @Lighter_xyz 这个是BTC的maker手续费，付手续费的taker大概是10%，也就是$5000左右。

再加上其他的市场，一天的fee毛估估大概三四万u吧",0,0,1,291,3.8,Perp DEX 量化做市与无损刷量：edgeX 帕拉梅拉 200k 战役、Backpack/Paradex/Aster 六大协议脚本工程化,
2090424827312054480,Thu Aug 20 13:04:51 +0000 2026,"[ 从免费账户到高级账户， @Lighter_xyz  做市玩家的改变 ]

从8月17日到8月19日，Lighter Robinhood的BTC交易量变化不大，都在150M左右，然而订单的结构却发生了很大的变化。

8月17日，62%的maker交易量来自于免费账户，
8月19日，仅仅24%的maker交易量来自免费账户。

Lighter从BTC这个市场的maker订单手续费收入也翻倍，从$5,700上升到了近$13,000。

我的观点可能是来自我身边朋友的信息壁垒，但我认为很大程度上是很多原来用免费账户进行做市的人放弃了，由于Lighter给的积分太少。

以我自己为例，我在8月16日-8月17日，24小时做BTC市交易量为$12m左右，占了约10%，但只拿到了2分，所以就放弃了。

但从项目的角度来看，这个变化是非常有利的，收入直接翻了一倍。

从我自己的角度来说，其实积分对我来说也没有那么重要，只希望lighter能想办法让 Lighter robinhood 的流动性变更好，毕竟我的收益大头还是来自套利。

Lighter.",0,0,6,5528,8.0,Perp DEX 量化做市与无损刷量：edgeX 帕拉梅拉 200k 战役、Backpack/Paradex/Aster 六大协议脚本工程化,tw_2090424827312054480_1.png
2090424754905739427,Thu Aug 20 13:04:34 +0000 2026,"[ 从免费账户到高级账户，Lighter 做市玩家的改变 ]

从8月17日到8月19日，Lighter Robinhood的BTC交易量变化不大，都在150M左右，然而订单的结构却发生了很大的变化。

8月17日，62%的maker交易量来自于免费账户，
8月19日，仅仅24%的maker交易量来自免费账户。

Lighter从BTC这个市场的maker订单手续费收入也翻倍，从$5,700上升到了近$13,000。

我的观点可能是来自我身边朋友的信息壁垒，但我认为很大程度上是很多原来用免费账户进行做市的人放弃了，由于Lighter给的积分太少。

以我自己为例，我在8月16日-8月17日，24小时做BTC市交易量为$12m左右，占了约10%，但只拿到了2分，所以就放弃了。

但从项目的角度来看，这个变化是非常有利的，收入直接翻了一倍。

从我自己的角度来说，其实积分对我来说也没有那么重要，只希望lighter能想办法让 Lighter robinhood 的流动性变更好，毕竟我的收益大头还是来自套利。

Lighter.",0,0,0,0,8.0,Perp DEX 量化做市与无损刷量：edgeX 帕拉梅拉 200k 战役、Backpack/Paradex/Aster 六大协议脚本工程化,tw_2090424754905739427_1.png
2090403160858718285,Thu Aug 20 11:38:46 +0000 2026,@Cody_DeFi 大概率是会有分割的，就像币安us和币安不共享流动性，lighter主网和lighter robinhood不共享流动性,0,0,0,3807,3.4,Perp DEX 量化做市与无损刷量：edgeX 帕拉梅拉 200k 战役、Backpack/Paradex/Aster 六大协议脚本工程化,
2090386710714532300,Thu Aug 20 10:33:23 +0000 2026,"如果 Lighter 对免费做市账户更友好一点，比如我这种 1200 万挂单交易量不止给 2 分，也许今天就不会插这根针了？

开玩笑的，Lighter不管你怎么做，我都还是爱你的 ❤️ https://t.co/QBLTmrPPx9",0,0,10,11512,5.2,Perp DEX 量化做市与无损刷量：edgeX 帕拉梅拉 200k 战役、Backpack/Paradex/Aster 六大协议脚本工程化,tw_2090386710714532300_1.jpg
2090275269059784846,Thu Aug 20 03:10:34 +0000 2026,"[ 新交易所: @entropyIO | 100%反佣 ]  

entropy 是 Hyperliquid 上最新的一个HIP-3的交易所。 

我本来是不看好大多数的HIP-3交易所的，但是 entropy 还是有点不一样的：  
 - entropy 大概率会有空投  
 - Ribbit (也投了Lighter) 领投 $1500万 种子轮  
 - 由 Hyperion 提供了50万个HYPE用于HIP-3  
 - 美国的团队，成员来自Jane Street/Citadel/Polymarket
 - 目前已经在HIP-3上线了ANTH和SNDK  

entropy 会是我接下来多放一些注意力的地方， 
一方面是因为项目背景还不错， 
另一方面是因为hype上的 growth mode 吃单手续费本来就0.01%都不到，entropy还给了100%反佣的邀请码，一下子就有了很多玩法。  

昨天刚上线我就已经捣鼓了一天，因为刚上线，整体的交易量不高，我目前大概占了平台20%的交易量。  

100% 反佣邀请链接（全网最高）：
entropy.io/?r=yourquantguy 
用网页打开后可能还需要手动填邀请码: yourquantguy

*手续费返佣仅适用于entropy自己的市场(因为其他的市场的手续费是直接给hype的，不是给entropy)，目前有ANTH和SNDK两个市场。",0,3,8,31200,9.3,Perp DEX 量化做市与无损刷量：edgeX 帕拉梅拉 200k 战役、Backpack/Paradex/Aster 六大协议脚本工程化,tw_2090275269059784846_1.png
2090256730340933965,Thu Aug 20 01:56:54 +0000 2026,"[ 新交易所：@entropyIO | 100%反佣 ]

entropy 是 Hyperliquid 上最新的一个HIP-3的交易所: 

我本来是不看好大多数的HIP-3交易所的，但是 entropy 还是有点不一样的：
 - entropy 明确了会有空投
 - Ribbit (也投了Lighter) 领投 $1500万 种子轮
 - 由 Hyperion 提供了50万个HYPE用于HIP-3
 - 美国的团队，成员来自Jane Street/Citadel/Polymarket
 - 目前已经在HIP-3上线了ANTH和SNDK

entropy 会是我接下来多放一些注意力的地方，
一方面是因为项目背景还不错，
另一方面是因为hype上的 growth mode 吃单手续费本来就0.01%都不到，entropy还给了100%反佣的邀请码，一下子就有了很多玩法。

昨天刚上线我就已经捣鼓了一天，虽然因为刚上线，整体的交易量不高，但我目前大概也占了平台20%的交易量。

100% 反佣邀请链接（全网最高）：
entropy.io/?r=yourquantguy

*手续费返佣仅适用于entropy自己的市场(因为其他的市场的手续费是直接给hype的，不是给entropy)，目前有ANTH和SNDK两个市场。",0,0,0,0,7.5,Perp DEX 量化做市与无损刷量：edgeX 帕拉梅拉 200k 战役、Backpack/Paradex/Aster 六大协议脚本工程化,
2085291880170803249,Thu Aug 06 09:08:21 +0000 2026,"[ 一个神矿，轻松50%+年化，还剩下17天 ]

最近的perp dex都在搞现金奖励的活动，于是我每个所放了1万u，全部测试了一遍，目前最牛逼的是 Phoenix 这个交易所：
 - 每天15000U的现金奖励，日结，每天就能领
 -  交易量和持仓都有奖励（具体数据在下面，年化50%+）
 - 持续时间还挺久：8月23日结束，还剩下17天

因为只要持仓就能拿奖励，所以可以用以前用过的一样的策略：BTC和ETH反向开一样的仓位，然后再用另一个交易所的号对冲。这样就完全对冲，没有任何风险敞口。

这是用1万u测试3天的结果：
第一天：
用1万u本金开仓名义价值13万的仓位（phoenix: +$65000 ETH, -$65000 BTC; 另一个交易所: -$65000 ETH, +$65000 BTC），并持仓24小时；

拿到奖励56u，市价交易手续费41u，实际盈利15u

第二天：
0交易，保持第一天13万u的持仓；
拿到奖励22u

第三天：
0交易，保持第一天13万u的持仓；
拿到奖励18u

如果只看后两天持仓的收益，年化73% ！！！如果后续的奖励没有衰减得很厉害的话，应该可以算是近期的一个神矿了。

而且其实我的杠杆并不高，只有当BTC/ETH的汇率对波动超过15%才会爆仓，风险很小。如果杠杆再高点，轻松超过100%的年化。主打一个真实版的人有多大胆，地有多大产。

三天测试完成，刚才增加了资金加大了仓位，等着今天晚上收菜。

用我的邀请码可以有10%手续费减免：
phoenix.trade/?code=QUANTGUY",0,1,12,9923,7.6,Perp DEX 量化做市与无损刷量：edgeX 帕拉梅拉 200k 战役、Backpack/Paradex/Aster 六大协议脚本工程化,tw_2085291880170803249_1.jpg; tw_2085291880170803249_2.jpg
2085291289851887659,Thu Aug 06 09:06:00 +0000 2026,"[ 一个神矿，轻松50%+年化，还剩下17天 ]

最近的perp dex都在搞现金奖励的活动，于是我每个所放了1万u，全部测试了一遍，目前最牛逼的是 Phoenix 这个交易所：
 - 每天15000U的现金奖励，日结，每天就能领
 -  交易量和持仓都有奖励（具体数据在下面，年化50%+）
 - 持续时间还挺久：8月23日结束，还剩下17天

因为只要持仓就能拿奖励，所以可以用以前用过的一样的策略：BTC和ETH反向开一样的仓位，然后再用另一个交易所的号对冲。这样就完全对冲，没有任何风险敞口。

这是用1万u测试3天的结果：
第一天：
用1万u本金开仓名义价值13万的仓位（phoenix: +$65000 ETH, -$65000 BTC; 另一个交易所: -$65000 ETH, +$65000 BTC），并持仓24小时；

拿到奖励56u，市价交易手续费41u，实际盈利15u

第二天：
0交易，保持第一天13万u的持仓；
拿到奖励22u

第三天：
0交易，保持第一天13万u的持仓；
拿到奖励18u

如果只看后两天持仓的收益，年化73% ！！！如果后续的奖励没有衰减得很厉害的话，应该可以算是近期的一个神矿了。

而且其实我的杠杆并不高，只有当BTC/ETH的汇率对波动超过7%才会爆仓，风险很小。如果杠杆再高点，轻松超过100%的年化。主打一个真实版的人有多大胆，地有多大产。

三天测试完成，刚才增加了资金加大了仓位，等着今天晚上收菜。

用我的邀请码可以有10%手续费减免：
phoenix.trade/?code=QUANTGUY",0,0,0,0,7.6,Perp DEX 量化做市与无损刷量：edgeX 帕拉梅拉 200k 战役、Backpack/Paradex/Aster 六大协议脚本工程化,tw_2085291289851887659_1.jpg; tw_2085291289851887659_2.jpg
1969821771860996597,Sun Sep 21 17:51:22 +0000 2025,@vnovakovski Traded $500M worth of ETH on Lighter in the last month myself—can confirm this is true. Lighter 🚀🚀🚀,0,0,0,886,3.4,Perp DEX 量化做市与无损刷量：edgeX 帕拉梅拉 200k 战役、Backpack/Paradex/Aster 六大协议脚本工程化,
1982456563043549223,Sun Oct 26 14:37:31 +0000 2025,"感谢 @grvt_io 对我们社群的认可，这$1500的奖励也将全部回馈给用了我 grvt 邀请链接的朋友们。

$1500 会用作抽奖的奖金，从用了我 grvt 邀请码的朋友中抽取10位，按照抽中的10位的交易量占比分配奖金。这是我能想到的相对公平的方法：首先你得运气好，再从运气好的10位中根据贡献分配奖金。

还没有参与 grvt 的朋友可以用我的邀请码，享受全网最高的返佣以及积分加成，并有机会参与未来的社群专属活动。

grvt 邀请链接：https://t.co/L1jPEgueXm",0,1,18,11135,6.2,Perp DEX 量化做市与无损刷量：edgeX 帕拉梅拉 200k 战役、Backpack/Paradex/Aster 六大协议脚本工程化,tw_1982456563043549223_1.jpg
1979926486623908063,Sun Oct 19 15:03:54 +0000 2025,"辟一下 hyperliquid 的谣

关于 hyperliquid 新一季的传言，原po是开玩笑P的图，结果被一些KOL当做真的在转发，而且转发的时候还直接用了这张图，而没有引用这个原po的 tweet。

虽然 hyperliquid 随时有可能开始新的一季，但这张图是假的。附图是被修改前的原文 https://t.co/l39NxT7Fa3",0,0,11,19076,5.4,Perp DEX 量化做市与无损刷量：edgeX 帕拉梅拉 200k 战役、Backpack/Paradex/Aster 六大协议脚本工程化,tw_1979926486623908063_1.jpg
1979774579678781744,Sun Oct 19 05:00:16 +0000 2025,"[开源脚本更新 | ApeX 策略支持 | 社群专属交易竞赛]

@OfficialApeXdex 是 Bybit 孵化的去中心化交易所，正在进行交易量挖矿活动。为期12周，每周释放 69,000,000/12 = 5,750,000 积分。

我不仅为大家拿到了全网最高的 30% 返佣 + 5% 手续费减免的福利，还争取到了从 10月20日 至 11月2日 为期两周的专属交易量竞赛，总奖金高达$5500，在交易挖矿的同时享受额外的奖励。

开源脚本也已支持针对 ApeX 的两个策略：
 - 经典策略：挂单开仓，小波动止盈，无止损
 - Lighter 对冲策略：ApeX 挂单开仓，Lighter 对冲

ApeX邀请链接： https://t.co/O82NO22Rl7
（使用邀请链接自动参与社群专属交易竞赛）

脚本链接： https://t.co/4A0l5AC0ea

风险提示：脚本仅供交流学习，如果想要使用脚本，请务必理解脚本逻辑，了解各个参数后再使用，为你自己的资金负责。",0,2,5,19272,8.5,Perp DEX 量化做市与无损刷量：edgeX 帕拉梅拉 200k 战役、Backpack/Paradex/Aster 六大协议脚本工程化,tw_1979774579678781744_1.jpg
1974951054719815851,Sun Oct 05 21:33:18 +0000 2025,"没有骂 Aster 有三个原因，一是觉得骂了也没用，性格使然；二是在出结果前我已经有了一定预期，也在推特和群里都说了不撸aster了，三是我自己主要是在第三期用脚本无损撸的，所以是少赚了，但没有亏。

Aster项目方作恶是无疑的，最恶心的就是在9月27日发了公告，说 “4% 的 ASTER 会分配给本赛季，但这并不代表这 4% 会在 4 周中平均分配”，故意扭曲大家对空投的预期，但结果确是“4% 在 4 周中平均分配”。恶心！比USUAL说USD0++脱锚是因为“我卖的是债券”更恶心百倍！(对，这茬过不去了🤓)

至于我自己的预期，其实在我第一次算Aster的积分价值的时候，就已经把这个风险计算在里面了。我的公开的Google Sheets 里面包括了过去四周每一天的交易量，每一期的积分总量，以及在两种不同情况下的积分价值：1. 4%按积分总量均分， 2. 按每周1%分，这两种情况也是分别对应了最好情况和最坏的情况。（见配图）第三周结束后，算了算预期，我当时还在纠结要不要硬刷到100M，因为那时候如果没有挂单的0手续费，风险/收益比已经不是很好了，当看到周二周三的交易量飚到70M，就放弃了。

大家发声一起骂也是一件好事。我接触web3的时间也算挺晚了，但那时候鱼龙混杂，乌烟瘴气能够理解，可没想到这么多年后还能有这么大的项目方这么明晃晃地作恶，就像是什么都没有发生。

这件事说到最后，除了骂一句，似乎也只能说一句 DYOR，为你自己的资金负责。

这让我想到了有一个群里的朋友想让我写一个edgeX的策略，用固定的磨损来换积分，但他却没有自己算过磨损和积分的比例。如果你希望用万2的磨损来刷edgeX，我愿意直接用磨损的八折卖你积分，几u一分？你自己算吧。",0,2,13,15378,8.5,Perp DEX 量化做市与无损刷量：edgeX 帕拉梅拉 200k 战役、Backpack/Paradex/Aster 六大协议脚本工程化,tw_1974951054719815851_1.jpg
1974793307722068371,Sun Oct 05 11:06:29 +0000 2025,"[ApeX Season 1 | 邀请码 35% 手续费优惠]
ApeX 是 Bybit 孵化的去中心化交易所，已经发币，但从明天开始会有交易量挖矿的活动，类似于正在进行的ASTER的活动。

注意！在明天完成一笔交易就能获得额外奖励倍数，所以即使你现在不感兴趣，我也建议先注册了，然后做一笔交易来获取这个奖励倍数。不管现在有没有兴趣，这个奖励倍数肯定得先拿了。

活动维持12周，每周发放固定的积分，所以越早参加肯定是越划算。

我也为大家争取到了 30% 的返佣，使用邀请码还有5%的手续费折扣，所以相当于是 5% 手续费折扣 + 30% 返佣，另外活动开始后还有根据我们车队交易量的积分加成。

邀请码： https://t.co/Zt4qUdoWUZ

具体活动介绍：https://t.co/XBE4cnZWhh",0,6,8,12478,7.4,Perp DEX 量化做市与无损刷量：edgeX 帕拉梅拉 200k 战役、Backpack/Paradex/Aster 六大协议脚本工程化,
1995109840016826529,Sun Nov 30 12:37:07 +0000 2025,"[edgeX 倒计时 3 天 | 我做了什么准备]

12月2日是 @edgeX_exchange 积分活动的最后一天了，上周五 edgeX 开展了韩国社区的AMA，其中有一些新的重要信息。

1. 创作者活动（嘴撸）将于12月3日结束，并预计即时分发奖励。

2. 现货市场 与edgeX的 meme 币 MARU 也预计在12月3日同时上线，MARU没有锁仓，除了作为meme币，也是为了测试现货市场。MARU 的分配并不与edgeX的积分直接线性相关。

3. 持有 edgeX 的 NFT EpicSer 也会有空投，包含在25%的创世空投内，但具体的比例暂时不公布。

4. Polymarket 预计在26年1月上线 edgeX 的 app，同时 edgeX 也在为 Polymarket 向亚洲社群征求本土化的建议，看得出来 Polymarket 与 edgeX 是深度合作，并不是简单的 API 接口。

5. 在积分活动结束与TGE中间的空白时间，edgeX将举办各种交易竞赛，奖励包括 NFT 等。

🥸 所以我就开始做准备了
对我来说最重要的就是第五点了，交易竞赛和 奖励中的 edgeX 的 NFT。 EpicSer 目前一共只分发了133个，且总量也只有299个，我个人认为 EpicSer 的价值肯定超过所有交易竞赛的第一名奖励。

交易竞赛大概率会有不同维度的竞赛，对我来说最重要的肯定是交易量。

目前我的套利程序依然在盈利的基础上运行，但是交易量并不高，因为套利需要等待时机。

因此我从昨天开始调试两个新的策略，目标是在无损的基础上尽可能增加交易量。目前：
策略 A: 0.002% 磨损(含手续费)，12小时 150万 交易量
策略 B: 0.0025%磨损(含手续费)，12小时 200万 交易量

这几天会继续测试和调试策略，做好准备，希望能在积分赛结束后的活动中分到一杯羹。

（万一活动里没有交易量竞赛就GG了😂",0,2,10,23431,8.5,Perp DEX 量化做市与无损刷量：edgeX 帕拉梅拉 200k 战役、Backpack/Paradex/Aster 六大协议脚本工程化,tw_1995109840016826529_1.jpg
2035509610434679078,Sun Mar 22 00:11:23 +0000 2026,"[Backpack 预测市场 $610,000 的赌注]

有人在 Polymarket 上花了 $610k 赌注 Backpack FDV $100M, $200M, 300M, 500M 的 YES。

最终的FDV和收益的关系：
$100M - $200M: 亏损 $600,000
$200M - $300M: 亏损 $200,000
$300M - $500M: 盈利 $135,000
> $500M: 盈利 $250,000

目前浮亏 $86k。

佩服！祝好运！",0,0,9,7921,6.2,Perp DEX 量化做市与无损刷量：edgeX 帕拉梅拉 200k 战役、Backpack/Paradex/Aster 六大协议脚本工程化,tw_2035509610434679078_1.jpg
2066132402083098668,Sun Jun 14 12:15:26 +0000 2026,"用我的 Variational 邀请码可以
 - 直升银
 - 15%积分加成
 - 我收到的点差反佣全额返还

邀请码：OMNIQUANT
邀请链接：https://t.co/xgPHGFKch1",0,0,2,2787,3.4,Perp DEX 量化做市与无损刷量：edgeX 帕拉梅拉 200k 战役、Backpack/Paradex/Aster 六大协议脚本工程化,
2081477677958263053,Sun Jul 26 20:32:05 +0000 2026,"是谁的bot在Lighter上出问题了？ 

疯狂市价flip交易HYPE和ZEC，几分钟亏了50万u 😂

那么他亏的这50万u去哪了呢：
 - Lighter的做市金库 LLP 赚了 $143k （舒服了）
 - 其他四十个Lighter独立账户赚了 $1k 以上，其中盈利最高的单一账号盈利$38k

盈利的都是挂单在高位或者低位接到单的。

虽然我在做HYPE的套利，但因为都是用市价单，没有挂单所以没有吃到红利，不过至少存的LLP舔到了一口 😊",0,2,10,21409,6.0,Perp DEX 量化做市与无损刷量：edgeX 帕拉梅拉 200k 战役、Backpack/Paradex/Aster 六大协议脚本工程化,
1941857369467551948,Sun Jul 06 13:50:49 +0000 2025,"Lighter 邀请码：22405A3H
Backpack 邀请链接：https://t.co/gfculP44yZ",0,0,1,2551,3.8,Perp DEX 量化做市与无损刷量：edgeX 帕拉梅拉 200k 战役、Backpack/Paradex/Aster 六大协议脚本工程化,
1941857329198034944,Sun Jul 06 13:50:39 +0000 2025,"[脚本套利] 周末的简单更新
Lighter 夸所套利的代码终于无中断地跑了完整的一周，上一周的年化居然有35%。

Backpack 的代码也在这两天准备好了，等周一市场活跃一点再调试一下，下周也开始跑起来。

评论区里有lighter和backpack的邀请码。backpack是有反佣的，申请反佣主要是因为我自己脚本的交易量比较大。如果有朋友用了我的链接有超过10u的反佣（交易费的25%），可以联系我，会返还给你。

另外，向一些被我烦到的朋友说声抱歉！最近两周一直在更新关于合约夸所套利的情况，没怎么分享什么挖矿/存款项目的信息和研究。虽然这条推还是关于套利的哈哈，但我保证是最近的最后一条有关套利的更新了，下周开始会回到百万美金 Defi 理财的主题。其实这也说明我的推特内容非常真实地反映我当下的关注点。

回到正题，来简单说一下 Lighter 和 Backpack 的套利情况。
1⃣ Lighter | 35% APR | $12.6m volume | 4356 trades
代码已经无中断跑了一周，我也在 Google Sheets 里加上了从上周六零点到这周六零点完整一周的所有的交易记录。主要有两个变化：1. 每笔交易的交易额从2000u提高到了4000u来提高资金的利用率。2. 杠杆调整到了3x，来提高最大仓位。

Lighter 官方也开始了对 API 的收费，目前免费API依然存在，但是给 taker order 增加了300ms的延迟，目前这个延迟对我下单滑点的影响不大。

这个策略不适合刷 Lighter 的积分，因为官方明确说了taker order在积分方面是有惩罚的，上周700万的交易量只拿了65分，但35%的APR已经是又吃又拿了，所以完全没有抱怨。

2⃣ Backpack
上周终于申请到了 Backpack 的反佣，但即使算上反佣，这个策略的收益也可能只能刚好覆盖掉手续费，所以backpack基本上是为了刷积分而刷的。这周需要继续调试一下，希望整体能有个5%的 APR，这样算上backpack本身5% USD的利息，可能有10%不到的收益，再加上积分，挺不错的了。

Lighter 邀请码：22405A3H
Backpack 邀请链接：https://t.co/9lCAH8REVr",0,5,12,10485,8.3,Perp DEX 量化做市与无损刷量：edgeX 帕拉梅拉 200k 战役、Backpack/Paradex/Aster 六大协议脚本工程化,
2012893727509950553,Sun Jan 18 14:23:57 +0000 2026,"现在tge之前贡献手续费刷量的人还是太多了，grvt的tvl大约80m，过去一周交易量有10b。

如果收入按照5b的taker交易量，手续费万3，再去掉35%反佣，5b*0.03%*0.65 = $975,000
80m的tvl按照10%的APR，只需要付 80m*10%/365*7 = $153,000 的利息。

$153k 利息支出 / $975k 手续费收入 = 15.7%，也就是交易所其实只拿出了16%的手续费收入来补贴这10%的存款利息。",0,0,0,1430,4.8,Perp DEX 量化做市与无损刷量：edgeX 帕拉梅拉 200k 战役、Backpack/Paradex/Aster 六大协议脚本工程化,
2007814752580313556,Sun Jan 04 14:01:55 +0000 2026,"因为之前都没有认真玩OP，今天拿到了高分之后打算开始好好玩，所以进了Opinion的Discord。

结果一进去就看到里面有人发了我的截图，说我是吹牛逼，说我截图是P的，制造焦虑和蹭流量。。。

要P图要蹭流量我干嘛不蹭Lighter的流量？Lighter上我三十多亿交易量，我说我只拿了5000分别人还觉得我说少了。

接下来我来教一下小学数学。

Opinion 一周发10万分，上周：
$960m 交易量
1.85m 笔交易
$1.78m 手续费
$110m 持仓
以及许多无法量化的纬度

现在假设10万分按照上面的单一数据发放：
$960m 交易量：1万交易量/分
1.85m 笔交易：18.5笔交易/分
$1.78m 手续费：17.9u手续费/分
$110m 持仓：1000持仓一整周/分
还有很多其他无法量化的因素暂时不去讨论

现在用你自己的数据来比较一下，你觉得凭什么你能拿到比别人更高的分？

(数据来自于 https://t.co/HMXRlw33cB)",0,1,32,19899,6.6,Perp DEX 量化做市与无损刷量：edgeX 帕拉梅拉 200k 战役、Backpack/Paradex/Aster 六大协议脚本工程化,
2007774528391561543,Sun Jan 04 11:22:04 +0000 2026,"[ 预测市场 | Opinion ]

上周 Opinion 的分数暴击了，不到四万的交易量拿到了 80 分。

预测市场研究了两周，实在是没找到什么容易的套利切入口，各路大神都很厉害，也特别卷，所以没打算刷。上周 Opinion 刚好有个圣诞活动，所以就参加了一下，没想到运气爆棚，分数暴击了。

所以这周开始会用一样的策略继续手刷 Opinion，看看下周能不能延续这样的高效率。

说来滑稽，这个策略是一位在Lighter的女巫时期闹得沸沸扬扬的当事人给我的灵感，我有和他交流过。

最关键的就是，如果每个用户都有一张 baseball card，上面有各种指标，每周的分数会根据每个人的 baseball card 上的数值分配。当你每项指标都超过大多数用户，那么你的 baseball card 就成了“六边形战士”。这时候如果你还拿不到比其他人更高的的积分效率，那这就是项目方的问题了。",0,22,53,69165,10.0,Perp DEX 量化做市与无损刷量：edgeX 帕拉梅拉 200k 战役、Backpack/Paradex/Aster 六大协议脚本工程化,tw_2007774528391561543_1.jpg
2005416972859891932,Sun Dec 28 23:13:59 +0000 2025,"@Lighter_xyz https://t.co/aQcz88fjq7

熟悉产品部署的朋友肯定知道，一般是 dev -&gt; staging -&gt; production",0,0,1,6529,3.4,Perp DEX 量化做市与无损刷量：edgeX 帕拉梅拉 200k 战役、Backpack/Paradex/Aster 六大协议脚本工程化,
2005414263129804988,Sun Dec 28 23:03:13 +0000 2025,"LIT/USDC 🤫

@Lighter_xyz https://t.co/CojuF4WRCj",0,4,13,19500,5.2,Perp DEX 量化做市与无损刷量：edgeX 帕拉梅拉 200k 战役、Backpack/Paradex/Aster 六大协议脚本工程化,tw_2005414263129804988_1.png
2005362783815430482,Sun Dec 28 19:38:40 +0000 2025,"@hellosuoha @Polymarket Polymarket 上 Lighter 所有市场的OI全部加起来都没有10M。

如果要传播阴谋论还是去鼓吹老鼠仓吧，改一下数据库，给自己发一万分，空手套白狼，这不比真金实银去 Polymarket 割韭菜简单得多",0,0,0,1943,4.8,Perp DEX 量化做市与无损刷量：edgeX 帕拉梅拉 200k 战役、Backpack/Paradex/Aster 六大协议脚本工程化,
2005252017384558985,Sun Dec 28 12:18:31 +0000 2025,"[ 预测市场 与 Perp DEX ]

过去一两周都在研究预测市场，写代码收集数据监测市场，观察高手的交易记录，思考套利的机会。

整体来说，想要做到像合约交易一样完全对冲的策略很难，无损很难，想要套利就更难了。如果打开一点风险敞口，机会就会多一些，但并不是我的风险偏好。

流动性差，bid/ask spread 大，手续费高。

从平台来说，Polymarket 的空投预期不明朗，Opinion 上全是刷子，非常卷，其他几个BSC上的预测市场就更不用说了。

目前最容易实现的是和欧洲当地合规的线上博彩平台进行体育赛事的对冲。数据监控下来，不仅无损，还能有收益，且下单的窗口期都不短。最重要的是当地的税法规定博彩收入不需要交税。

但有两个主要的问题让我没有进行下一步：
1. 合规的线上博彩平台不支持API，只能用脚本监控并提醒，然后手动下单。
2. 合规的线上博彩平台只能用法币入金，也就意味着在对冲套利时，需要频繁地在 usdc/usdt 和法币之间兑换，中间会有很多潜在问题。

至于 Perp DEX，主要有两个方向：刷分 和 套利。对我来说其实是一回事，套利顺便刷分。

不管接下来 Crypto 会怎么发展，大家的信仰落在哪里，唯一已经被反复验证过的，始终是交易所。无论是 CEX 还是 DEX，它们都有真实的交易需求、持续且可观的有机收入，也经受了十几年的周期检验。

接下来这段时间，我会持续关注预测市场。我认同预测市场会是下一个大热的赛道（也许已经是了？），尤其是在明年世界杯的加持下，但实在找不到太好的切入口。

所以我还是会把主要的精力放在 Perp DEX，改进以 Lighter 为中心的套利系统，毕竟1积分=1积分，1u=1u，到手的u才是真的赚到。",0,8,27,16604,8.3,Perp DEX 量化做市与无损刷量：edgeX 帕拉梅拉 200k 战役、Backpack/Paradex/Aster 六大协议脚本工程化,
2002759870773121453,Sun Dec 21 15:15:37 +0000 2025,"Lighter 在今天的更新后将 Order Book 的推送改成了50ms，而不是每一次Order Book 的变化。

但这这次更新后，lighter并没有同步更改 order book sequence的推送方法，导致sequence 可能从 100 直接跳到115。因此，我代码中的sequence检查会报错。

如果在用我的脚本，建议大家先把脚本都停了，等我代码的更新。

如果会代码的朋友可以自己disable order book sequence check，就可以继续运行了。",0,1,7,30690,5.2,Perp DEX 量化做市与无损刷量：edgeX 帕拉梅拉 200k 战役、Backpack/Paradex/Aster 六大协议脚本工程化,
2088937617463103951,Sun Aug 16 10:35:13 +0000 2026,补充一句：创收无可厚非，但希望 @Lighter_xyz 以后在对积分系统作出这么重大的改变时，能通知社区。毕竟免费账户的maker也是给交易所提供流动性的，直接一刀切不给积分，对用免费账户做市预估的收益也有很大的影响。,0,0,0,2143,4.2,Perp DEX 量化做市与无损刷量：edgeX 帕拉梅拉 200k 战役、Backpack/Paradex/Aster 六大协议脚本工程化,
2088935407077494883,Sun Aug 16 10:26:26 +0000 2026,"Lighter 调整了积分机制：免费账户做市（maker）已经完全不给积分了。

我认为，这个改动的本质并不是为了抑制刷分，而是为了创收。

昨天是周六，QQQ 和 SPY 基本没有波动，但 Lighter 上却产生了近 $150M 的交易量（同期 Hyperliquid 只有约 $60M）。

原因很简单：很多人都在用免费账户挂 maker 单，再用另一个免费账户做 taker 吃单来刷积分。

一开始可能只是少数人在用两个号对刷，后来一些做市商闻到了“肉香”，开始把订单堆到 QQQ 的盘口里，排队等着被吃。盘口越来越厚，刷交易量的人也越来越多，于是出现了截图里这夸张的一幕：

价格几乎没有波动，Bid/Ask Spread 只有 $0.01，但交易量却达到每分钟约 $1M。

没过多久，Lighter 就调整了积分规则：免费账户的 Maker 不再获得积分。

为什么我认为，这不是为了打击刷分，而是为了创收？

因为这次影响最大的，并不是刷分的人，而是付费账户的做市商，而他们恰恰是 Lighter 唯一真正的收入来源。

目前 Lighter 的手续费结构大致如下：
免费账户 Maker：0 手续费
免费账户 Taker：0 手续费
高级账户 Maker：约 0.01%
高级账户 Taker：约 0.03%（几乎没人会用）

大家都知道，为了刷积分，有大量用户会用免费账户作为 Taker去不断吃单。而 Lighter 唯一能从这些交易中赚钱的方式，就是让这些免费 Taker 去吃付费 Maker的订单，从而收取约 0.01% 的 Maker 手续费。

但现实却是，大量刷量订单都被免费 Maker接走了。交易量再高，对 Lighter 来说收入依然是 0。

另一方面，付费 Maker 本身竞争力也很弱。

即使是过去 14 天交易量超过 $5B 的顶级做市商，Maker 手续费仍然高达 0.0084%。也就是说，只有双边价差超过 0.0168%，做市才有利润空间。

从商业角度来看，如果想提高收入，封杀免费 Maker 几乎是唯一合理的选择。

但如果目标真的是打击刷分，其实还有更合理的方法。例如直接对明显的对刷交易、刷量账户进行积分女巫处理（像昨天那种刷交易量的行为是显而易见的），而不是一刀切取消免费 Maker 的积分。

所以分享这件事，一方面是告诉大家规则已经变了；另一方面，我也能理解项目方所面临的 dilemma：刷量带来了漂亮的交易量数据，却没有带来收入。

但长期来说，这个改变真的是对的吗？我持保留意见。从我的角度来说，交易所最重要的还是订单簿的深度和点差，Lighter主网之所以还行，是因为付费账户的maker最低手续费只有0.0028%。而在Lighter Robinhood，最低0.0084%的手续费让做市商的成本直接高了3倍。

如果不配合降低付费账户的maker手续费，积分过后，必然也不会有人继续在Lighter Robinhood上交易，支付这高昂的点差给做市商。",0,5,43,61462,9.3,Perp DEX 量化做市与无损刷量：edgeX 帕拉梅拉 200k 战役、Backpack/Paradex/Aster 六大协议脚本工程化,tw_2088935407077494883_1.jpg
1969413630912299132,Sat Sep 20 14:49:34 +0000 2025,"[edgeX的另类理财 | 超高收益还能治好你的Perp DEX fomo]

今天介绍一下edgeX的金库，我也是存了一段时间了。其实标题党了一下，本来算是另类，但从昨天开始已经不另类了。为什么呢？

昨天之前： 有项目方的托底的8%年化固定收益，保证不亏损，且可以拿edgeX的积分。按照积分的场外价格12u/分计算，总年化约40%。所以我把这个金库称为另类理财 - 积分作为主要收益的年化40%的存款理财。

昨天开始：金库完全放开，项目方不再补贴，也不从中抽成，金库自负盈亏。这意味这存这个金库有亏损的可能，但收益空间也变大。

昨天是放开后的第一天，单日收益达到了0.91%，年化332%。当然，随着新资金的涌入和市场的变化，金库是不可能持续保持这么高的收益的，所以挖矿还是要尽早。另外，如果你最近 fomo perp dex 但又不想刷交易，那这个金库真是太适合你了 - 又有存款收益，又能拿 edgeX 的积分。

有兴趣的朋友可以用我的 EdgeX 大使邀请链接，享受普通邀请码没有的福利： https://t.co/AUEWRSNHcZ
 - 永久 VIP 1 费率
 - 10% 手续费返佣
 - 10% 额外奖励积分",0,5,11,10503,9.3,Perp DEX 量化做市与无损刷量：edgeX 帕拉梅拉 200k 战役、Backpack/Paradex/Aster 六大协议脚本工程化,tw_1969413630912299132_1.jpg
1964299862444498966,Sat Sep 06 12:09:16 +0000 2025,"[随笔] 我不懂编程，可以用 AI 写套利/量化程序吗？

最近看到不少人在推特上过度简化了“用 AI 写代码来做套利或程序化交易”这件事，也常有人私信我，问的内容大概是“我不会编程，怎么用 xxx 的 API 搞套利”。

我的看法是：AI 并没有真正降低“程序化交易”这件事的门槛。AI 不能帮你跨过那道坎：从“完全不会写代码”到“能写出一个稳定可跑的交易脚本”。

如果你对编程完全零基础，我的建议是：先不要想着依赖 AI，而是要学习最基本的编程知识，建立起一套逻辑体系。等你能像一个 Manager 一样，把 AI 当作“实习生”去支配时，AI 才能在写交易程序这件事上真正帮到你。

我并不是说完全不会写代码的人就一定写不出可运行的交易程序，而是这里面的风险不值得你去这么做。程序化交易的坑太多了，你必须自己先有完整的逻辑体系，尤其是风险控制的体系，才能主导 AI 去实现。AI 可以帮你补充一些遗漏的风险点，但前提是你得知道自己在做什么。

举个正在发生的例子：Lighter 今天在 UTC 11AM 停机维护了 15 分钟，重新上线后，ETH 订单簿的 best bid 一直卡在 $4299.09，直到现在过去 1 小时还没修复。如果代码里没有做最基本的检查，不管你跑什么策略，都极可能直接亏损，因为显示的价格和实际成交价格完全不一致。幸好我的代码里有最基础的订单簿检查逻辑，所以避开了这次潜在的坑。

这个例子并不是说 AI 不会想到这种检查，而是想说明：坑实在太多了。如果你完全不懂代码、没有自己深思熟虑过的一套逻辑体系，你真的敢完全信任 AI 生成的一堆字符吗？

最后补一句：这里讨论的仅限于“让 AI 写涉及资金的自动化交易程序”。如果你只是想用 AI 写一个监测费率的小脚本，然后自己手动套利，那完全没问题。",0,17,16,28253,10.0,Perp DEX 量化做市与无损刷量：edgeX 帕拉梅拉 200k 战役、Backpack/Paradex/Aster 六大协议脚本工程化,tw_1964299862444498966_1.png; tw_1964299862444498966_2.jpg
1964269096301641735,Sat Sep 06 10:07:01 +0000 2025,"edgeX的服务器是在新加坡的，所以如果想要最低延迟，可以选择在AWS的 ap-southeast-1 region 设立服务器。

我比较懒，所以在用已有的 Tokyo 的服务器，如果你在ap-southeast-1设立了服务器，麻烦告知一声大概的延迟，谢谢！",0,3,4,9794,5.6,Perp DEX 量化做市与无损刷量：edgeX 帕拉梅拉 200k 战役、Backpack/Paradex/Aster 六大协议脚本工程化,
1974392813010768308,Sat Oct 04 08:35:03 +0000 2025,"[免费开源脚本已支持 grvt | 搭配全网最高最高积分加成与返佣]

我一直都只是分享脚本，从来都没有刻意推荐过哪个交易所，但我觉得 grvt 真的很适合我们的脚本。

原因：
1.  grvt 的 marker order 都是 -0.01% 手续费，注意，是负手续费，而我们的脚本刚好都是用 maker order。也就是说，如果你有100万交易量，从手续费就能赚到100u。

2. 现在 grvt 一点都不卷，大家应该都知道，所有现在成熟的交易所，回望早期，都觉得当时的积分好拿得离谱。所以拿分还是要趁早。

用我的邀请码也可以拿到全网最好的福利：
 - 全网最高的 1.3x 积分加成
 - 未来最高手续费返佣 （项目方说返佣系统预计在10月中上线）
 - 即将开始的专属活动与交易竞赛（用我的邀请码注册的用户才能参加）

https://t.co/L1jPEgtH7O

对于现在的perp dex的这个风口，我自己的看法是：只要是没有发币的交易所，就没有必要从基本来考虑要不要刷，只需要做好风控，控制好资金量，耐心等待结果。

拿我自己来说，目前脚本支持的所有交易所里，只有aster我没有在刷，因为损耗和收益已经非常清楚了。其他的交易所我都在刷，只是放的资金量不同。

个人意见，仅供参考，非投资建议，为你自己的资金负责。欢迎DM我加入永久免费的 Telegram 交流群。

GitHub地址： https://t.co/4A0l5ABsoC",0,23,29,24087,10.0,Perp DEX 量化做市与无损刷量：edgeX 帕拉梅拉 200k 战役、Backpack/Paradex/Aster 六大协议脚本工程化,tw_1974392813010768308_1.jpg
1994738913148010645,Sat Nov 29 12:03:12 +0000 2025,"也许很多人错过了，但 Perp DEX 可能比 美国梦 更 “美国梦”

过去半年我一直在深度参与 perp dex，主要是  @Lighter_xyz 和 @edgeX_exchange

目前我在 Lighter 上的交易量超过了 $30亿，edgeX 参与得晚了一点，但交易量也接近了 $10亿。

虽然我不玩合约，但这是我目前为止在 Crypto 各个赛道里体验最好的一次，不管是从项目方的沟通、产品本身、以及最重要 - 赚钱的机会。

之所以把 Perp DEX 和 “美国梦” 类比，是因为这条赛道：
1. 只要努力就能有结果 （向上流动的机会）
2. 有各种不同可参与的选择 （自由选择的人生）
3. 有足够的确定性 （安稳与富足的生活）

首先要先明确一点：
这条赛道是偏向散户的，而不是大户，edgeX 和 Lighter 都是这样。

如果把这个赛道分成两部分：套利 和 撸分，
从套利来说，同样的策略，资金量越小，资金效率越高，收益越高。
从撸分来说，大户的降权非常厉害，Lighter 1000万的交易量拿到的分可能只是100万交易量拿到的分数的2倍。

再说回“美国梦”
Lighter 的出现很大程度上降低了套利的门槛。以前一些以交易手续费为门槛的策略，现在因为Lighter的零手续费，全都完全开放给了大众。就像我之前分享时说的，只要你是一个合格的程序员，在目前这个阶段实现年化20%的中性套利策略完全没有问题。

如果你没有技术，一样可以靠努力参与这个赛道：
我在各个群里都看到过一个人管理几十、甚至上百个 Lighter 的账号，每个账号每周可能只有1分，但全部加在一起，假设每周有80分，按照现在场外 $70/分 的价格，就是价值 $6000，一个月就是 $24000。

当然，纯撸分是有成本的，但 Perp DEX 这个赛道的确定性已经非常高了，尤其是现在有高流动性的OTC积分交易作为参考，只要做好成本的控制，被反撸的概率非常小。

我说这些的目的并不是为了“鼓励”大家去参与，尤其是现在最热门的两个项目都已经接近 TGE 了。

只是看到群里一些之前完全没接触过套利的程序员朋友，看了我的文章后开始参与并给出了正向反馈；还有一些努力多号刷 Lighter，每周拿到几十甚至上百分的朋友，让我有感而发。

最后也想真心地表扬一下 edgeX 和 Lighter，这两个项目都非常不错。虽然目前仍在发展阶段，难免会有一些问题，但团队的态度非常积极，而且可以明显看到他们在不断改进和进步。

Perp DEX 这个赛道有这些新的搅局者不断创新、折腾花样，用户肯定是最终受益的群体之一。",0,9,25,20037,8.3,Perp DEX 量化做市与无损刷量：edgeX 帕拉梅拉 200k 战役、Backpack/Paradex/Aster 六大协议脚本工程化,
1992163806869586406,Sat Nov 22 09:30:38 +0000 2025,@gch_enbsbxbs 提醒一下，paradex用api交易是有fee的哦，虽然很少,0,0,1,1435,4.2,Perp DEX 量化做市与无损刷量：edgeX 帕拉梅拉 200k 战役、Backpack/Paradex/Aster 六大协议脚本工程化,
2037842011500290327,Sat Mar 28 10:39:31 +0000 2026,"[ Ethereal 15% 积分加成 -> 30% 潜在年化收益]

自从几个月前 Ethereal 的主网上线后，我就开了仓位，并分享策略，因为Ethereal提供账户资金 3.5% 的基础年化收益，以及根据仓位，最高 23.7% 的额外年化收益，是非常不错的被动收入。

因为很多推特上的朋友都用了我的邀请码，所以项目方正式授予了我大使的身份。从今天开始，所有使用我邀请码的用户都可以获得 15% 的积分加成。

这 15% 的积分加成也适用于 Ethena Exchange Points，Ethena 将会拿出一定数量的 ENA 作为空投，据说目前定的数量是 ENA 总供应量的 0.5%。

目前按照我 120k 本金，6倍杠杆（3倍空ETH，3倍多BTC），每周：
 - 现金收益大约是年化 9%
 - 40万 Ethereal 积分
 - 20万 Ethena exchange points (按照0.5%ENA总供应量计算，估值约 $500，21% 年化收益)

也就是说，总年化收益大约有 9%现金收益 + 21%ENA奖励收益 + Ethereal 积分价值。

最近的市场实在是没有什么好的机会，所以我自己也会在这周末再增加一些仓位作为理财。

另外，Ethereal 也很快会推出 RFQ 机制的预测市场，我觉得这至少比自己做预测市场要合理得多，有兴趣(套利)的可以关注一下。",0,4,7,8293,8.3,Perp DEX 量化做市与无损刷量：edgeX 帕拉梅拉 200k 战役、Backpack/Paradex/Aster 六大协议脚本工程化,
2032814816679612834,Sat Mar 14 13:43:14 +0000 2026,"CJ说的没问题，我再根据我自己的经验展开说说。

首先要分清楚在卷什么，是卷空投积分，还是卷套利收益，还是卷整体收益（积分+套利收益）。

大概的关系是这样的：
市场好的时候，积分卷，套利收益不卷
市场差的时候，积分不卷，套利收益卷

但“整体收益”是不一定的，需要考量积分价值和获取成本。

举几个我自己过去半年的例子：
1. edgeX
很多人看过我发的那篇在edgeX套利的文章，做套利的那段时间刚好是edgeX积分最卷的时候，流动性和订单簿深度都超好，好到挂单都能被秒吃。
这种情况就特别适合做套利，为了刷积分的散户和工作室为了交易量，完全不顾及合理价格，直接就吃单，而套利赚的就是他们不顾及合理价格吃单后产生的价格偏差。
除了套利的收益，我还在场外卖了不少积分，目前看来也是正确的选择。

2. Lighter
Lighter更是一个 “积分卷，套利收益不卷” 的典型例子。在Lighter最火最卷的时候，也是套利收益最好的时候。
零手续费直接刺激了 散户/工作室 刷交易量，也大大提高了套利的收益。最夸张的那段时间，即使我用相对大资金（$M）做一样策略的套利，也能有日化0.5%-1%。当时在Lighter的做市商大概也都赚疯了，这还是不算积分价值的情况下。

3. Backpack
前几天刚结束的Backpack是一个“积分不卷，套利收益卷，但整体收益高”的例子。
我是S4才开始参与Backpack的，用套利的思路亏损拿分，前几天算了一下，总体成本大约$0.04/分。
亏损拿分不是因为做不了盈利，而是用亏损的策略后，整理收益反而更高。
比如，用10万u，两个不同策略有不同的两种结果：
 - 每周收益 200u，100万交易量 -> 1500 分
 - 每周亏损 100u，500万交易量 -> 7500 分

我选择的是第二种策略，因为按照0.15u/分的保守价值，第一种策略的年化是 22%，第二种策略的年化是53%。

以上都是基于有能力做套利的基础上的讨论，如果只能简单刷量拿积分，那卷不卷就都是在赌积分价值会不会更高了。卷的时候赌积分价值会在TGE后更高，不卷的时候赌积分价值会在TGE后更高，没有任何博弈。",0,0,8,12907,7.5,Perp DEX 量化做市与无损刷量：edgeX 帕拉梅拉 200k 战役、Backpack/Paradex/Aster 六大协议脚本工程化,
2030071259984228842,Sat Mar 07 00:01:19 +0000 2026,"2026真的太难了

1.
上周决定买一些Polymarket的pre-ipo，结果昨天告诉我因为我拖太久所以已经卖完了。

结果今天就放出消息Polymarket要以200亿的估值融资，是上一轮估值的两倍。

2.
前天Robinhood的RVI打新，按照以往的经验，最多就中个十分之一。

因为是Robinhood自己的venture ETF，我就想参与一下，打了$15万，原来预计打到一两万就放着不管了，结果全中了，一下子就慌了。
今天开盘直接比IPO价格低了10%，亏了一万刀止损了三分之二，剩下的三分之一就当时投了个VC吧。

3.
空投的Lighter在 $1.9 的时候卖了一半，剩下的一半还一直拿着，眼看着就快破 $1 了。

即使不按高点算，按照我领到空投时$2.4的价格算，少赚了6位数。

4.
再看看满满一手五花八门的积分，原来的预期基本上每个交易所都是六位数的收益。

现在按照Polymarket上的赔率，预期一降再降，剩下的那些perp dex积分加起来能换到六位数空投吗？",0,1,22,24682,8.4,Perp DEX 量化做市与无损刷量：edgeX 帕拉梅拉 200k 战役、Backpack/Paradex/Aster 六大协议脚本工程化,tw_2030071259984228842_1.jpg
1938941333260894239,Sat Jun 28 12:43:32 +0000 2025,"昨晚抓了一晚上 Backpack 上 BTC 和 ETH 的 order book 数据，今天和 Lighter 做了个价格对比，想看看能不能两边刷积分的同时顺带做点套利。

结果 ETH 的价差太小，基本没法做。但 BTC 有点机会。

配图是 BTC 在 Lighter 和 Backpack 上的 best bid - best ask 的差值：
蓝色 表示开仓时的价差（在 Lighter 开多，Backpack 开空）
红色 表示平仓时的价差（在 Lighter 开空，Backpack 开多）

如果开仓的蓝色差值 + 平仓的红色差值 > 0，就是正向套利。理论上可以在价差 0.05% 时开仓，在 -0.02% 时平仓，不算手续费每轮大约赚 0.03%。

但实际操作上有两个问题：
1. 手续费问题：Backpack maker 手续费是 0.02%，只有交易量超过 1000 万才降到 0.013%，超过 5000 万才免手续费。在手续费没免前，这套策略就是纯刷积分，没实际盈利。
2. 流动性问题：Backpack 的成交非常稀疏，maker 单可能挂一分钟都没成交。昨天是周五所以对流动性有一定影响，但即使在周中，也有一半时间每分钟的成交量是 0.x 或 0.0x BTC。可能可以等第二赛季开始后再观察一下。

所以最终我决定暂时不用这个策略去刷 Backpack 的积分了。

不过这次测试反而让我对 Lighter 更加看好：零手续费确实能提升用户活跃度和交易频率，形成正循环，带动流动性和更紧 的 bid/ask spread，在 perp DEX 方向上对 Hyperliquid 的地位有潜力发起挑战。图二是各交易所24小时交易量排名，可以看到 Lighter 即使还在内测，交易量已经在 Hyperliquid 的 30%-50% 徘徊了。",0,3,4,10688,9.3,Perp DEX 量化做市与无损刷量：edgeX 帕拉梅拉 200k 战役、Backpack/Paradex/Aster 六大协议脚本工程化,tw_1938941333260894239_1.png; tw_1938941333260894239_2.jpg
2063173612811563255,Sat Jun 06 08:18:15 +0000 2026,"每个年龄段都能想到一件尴尬到刻在记忆里的事，连当时的空气都记得的那种。

 - 小时候：风险管理失败，想跑回家拉屎结果在家门口没憋住。

 - 小学：我对着全校发言，话说到一半对着话筒打了个嗝。

 - 初中：谈恋爱被家长发现，短信里的旷世情话被爸妈逐字阅读。

 - 高中：去香港考 SAT，一个东南亚家长看我很紧张，问：“Are you okay?”

我硬生生听成：“Are you a gay?”

然后认真质问他为什么觉得我是 gay。

 - 工作后：第一天去世贸中心 3 号楼客户办公室，午饭时把一整份 Pad Thai 打翻在了高级办公室的地毯上。

一群完全不认识的同事帮我收拾残局，还分午饭给我吃。

 - 去年：刷perp dex的时候大言不惭地说被套住了就卖PUT扛着，结果现在心满意足的在$4000被套了不少ETH。

小时候丢屎
长大后丢脸
再后来丢钱

😭",0,0,18,9184,6.2,Perp DEX 量化做市与无损刷量：edgeX 帕拉梅拉 200k 战役、Backpack/Paradex/Aster 六大协议脚本工程化,
2073214306242429183,Sat Jul 04 01:16:23 +0000 2026,"刚好我也更新了一下我之前vibe coding的Boros看板，增加了一个不同市场在不同交易所的历史implied APR的图，以此来比较各个交易所之间的结构性费率差，以及在Boros的implied APR的体现。

以HYPE为例，HYPE在hyperliquid的费率总是高于其他所，并基本维持在一个费率差，因此只要看到Boros的implied APR反转或是收敛了，无脑冲了就行。

配合这些Boros的看板，基本上能掌握Boros上所有的市场行为了。

我自己做的看板（主要着重于历史数据的可视化）：
https://t.co/L205MamgOo",0,4,3,15701,7.2,Perp DEX 量化做市与无损刷量：edgeX 帕拉梅拉 200k 战役、Backpack/Paradex/Aster 六大协议脚本工程化,tw_2073214306242429183_1.jpg
2017680500660621318,Sat Jan 31 19:24:52 +0000 2026,"Garret Bullish 在 Hyperliquid 上的仓位爆仓后，HLP直接赚了大约 $1500 万，给 HLP 带来了 5% 的收益。

这一幕我们在1011也见过。

但更有意思是，HLP 因此被迫持有了大约 $2.2 亿 的ETH仓位，而 HLP 的本金也就 $2.7 亿。也就是说，现在HLP的资金被迫几乎 1:1 持有了 ETH。

所以，现在 ETH 的价格将会很大程度上影响 HLP 的收益，如果ETH继续回弹，HLP的收益将会进一步上升",0,6,14,55174,6.6,Perp DEX 量化做市与无损刷量：edgeX 帕拉梅拉 200k 战役、Backpack/Paradex/Aster 六大协议脚本工程化,tw_2017680500660621318_1.jpg
2022680257682145356,Sat Feb 14 14:32:07 +0000 2026,"vitalik 这篇关于预测市场的长文我觉得挺有意思的

他大概说的是，最近预测市场越来越偏向crypto和体育比赛，这类“从赌狗身上赚钱”的市场，偏离了预测市场特有的“社会信息价值”。

他认为预测市场从一个产品的角度出发，应该引导用户更多地把它作为一个对冲的工具，甚至在长期替代稳定币和部分法币功能，构建新一代金融体系。

我觉得他的这种想法非常地宏观和理想化，有一个币圈特有的“叙事”的味道。

在我看来，产品如何引导用户只能拉开预测市场中这个产品与那个产品的暂时的区别，而整个预测市场这个行业的发展方向最终还是朝向满足用户需求的方向。

就像是期货的发明，最初真的是以农民为农作物的价格对冲为主要目的的金融工具。农民担心丰收后价格下跌，商人担心歉收导致价格上涨，于是双方提前约定未来某个时间、以某个价格买卖粮食或商品。

发展到现在，期货依然承载着对冲这个作用，但真正以对冲为目的的合约可能不超过10%，更多的是交易员的投机。

说回预测市场，我不认为平台需要像 vitalik 这样理想主义地思考，刻意地引导，创造一个叙事。平台只需要先做好最基础的工作，比如流动性、订单簿深度、结果的裁决流程等等，同时找到用户的需求，比如不同的市场、新的机制等等。

在做好这些之后，预测市场自然会发展成它应该发展成的样子，包括 vitalik 提到的对冲，不仅仅是金融对冲，也包括生活日消类的对冲，比如房租、米面粮油等等。

就像是期货市场，即使最初的真实作用就是农民用来对冲的工具，也不影响今天这样既有实际对冲作用，又有赌狗无脑冲提供流动性。

比如我，买了几万u的 edgeX 高fdv的NO作为对冲。",0,5,6,18632,7.8,Perp DEX 量化做市与无损刷量：edgeX 帕拉梅拉 200k 战役、Backpack/Paradex/Aster 六大协议脚本工程化,
1999653907312574908,Sat Dec 13 01:33:37 +0000 2025,"[ grvt <> yourQuantGuy 社群专属交易竞赛 ]

grvt 是我目前还在刷的交易所之一，目前排名前30，我也为社群争取来了最高 $15,000 奖金的专属交易竞赛，在周一正式开始，为期三周。

注意，必须使用我的邀请码注册的账户才有参赛的资格。

使用邀请码享受 1.3x 积分加成，以及全网最高的手续费反佣。

邀请链接：https://t.co/L1jPEgtH7O

交易竞赛：https://t.co/xkuK3aHTDR",0,1,7,6890,6.2,Perp DEX 量化做市与无损刷量：edgeX 帕拉梅拉 200k 战役、Backpack/Paradex/Aster 六大协议脚本工程化,tw_1999653907312574908_1.jpg
1997252323308142664,Sat Dec 06 10:30:35 +0000 2025,"这周 Lighter 出分收到了惊喜，几个号一共拿了 470 分。

昨晚在 Polymarket 关于Lighter会不会在这个月发币的市场以 $0.15 买了 10000 shares 的 NO

另外还有我几周前 $0.55 买的1000 shares edgeX会在12月发币的 YES

最后不会 Lighter 发币了，edgeX 没发，然后我两头亏吧🤣 https://t.co/wETIgdDRTc",0,0,21,13441,6.6,Perp DEX 量化做市与无损刷量：edgeX 帕拉梅拉 200k 战役、Backpack/Paradex/Aster 六大协议脚本工程化,tw_1997252323308142664_1.jpg; tw_1997252323308142664_2.jpg; tw_1997252323308142664_3.jpg
2040219930478428412,Sat Apr 04 00:08:31 +0000 2026,"edgeX 已经TGE超过72小时了，而 @opinionlabsxyz 上的 TGE FDV 预测市场还没有结算。

果然是个______项目。",0,1,18,19425,5.0,Perp DEX 量化做市与无损刷量：edgeX 帕拉梅拉 200k 战役、Backpack/Paradex/Aster 六大协议脚本工程化,
1970106128970441093,Mon Sep 22 12:41:18 +0000 2025,"这 Korea Blockchain Week 办的活动也太有意思了吧哈哈哈，让四个选手用四个不同的 Perp DEX 现场交易比赛，很有韩国esports的味道了。

哪里能看直播吗？我想去送个火箭",0,0,2,7198,4.2,Perp DEX 量化做市与无损刷量：edgeX 帕拉梅拉 200k 战役、Backpack/Paradex/Aster 六大协议脚本工程化,
1970089502396825757,Mon Sep 22 11:35:14 +0000 2025,"Negative fees are great. I’m building strategies on grvt, and the problem is the low volume. Partially because grvt is still new, partially because the taker fees are high while other exchanges are going for zero fees. High taker fees -> no taker -> no volume -> no maker order filled -> negative fees doesn’t matter. Would love to hear your thoughts on this. Thanks!",0,0,2,693,5.4,Perp DEX 量化做市与无损刷量：edgeX 帕拉梅拉 200k 战役、Backpack/Paradex/Aster 六大协议脚本工程化,
1967611807725433271,Mon Sep 15 15:29:46 +0000 2025,"[Backpack | edgeX 脚本]

趁着写 Backpack 的脚本，我把整个代码框架重新写了一下，把 backpack 和 edgeX 的脚本放在了同一个Repo里，以后增加其他的交易所也会更加方便。新的脚本在文末的链接里，以后只会更新这个新的版本，原来的edgex脚本会停止更新。

🚨这次脚本有很大的改变，在用原来脚本的朋友一定要认真阅读🚨

变化：
1. --exchange： 增加了 --exchange，可以选择 backpack 或 edgex

2. --ticker: 取消了 --contract-id，增加了 --ticker，所有交易所可以直接用ticker，比如BTC, ETH, SOL，脚本会自动找到对应的合约id

3. --take-profit：从绝对的价格改成了百分比。 --take-profit 0.02 代表当价格涨了0.02%时止盈。所以如果你的手续费是0.013%，那么止盈设为 --take-profit 0.026 则刚好覆盖手续费

因为时间有些匆忙，所以我自己只跑了8个小时作为测试，如果有任何问题，请私信我。

最后再再再再再风险提示一下：
这个策略是有风险的！被套了的话，要么认亏手动平仓，要么像我一样扛单。

本脚本仅供教育和交流目的。加密货币交易涉及重大风险，可能导致重大损失。使用风险自负，切勿用无法承受损失的资金进行交易。

https://t.co/4A0l5ABsoC",0,22,19,62672,8.9,Perp DEX 量化做市与无损刷量：edgeX 帕拉梅拉 200k 战役、Backpack/Paradex/Aster 六大协议脚本工程化,
1967532701176705038,Mon Sep 15 10:15:25 +0000 2025,@wxwx72702 下一个就是paradex，这周内完成,0,0,1,651,3.8,Perp DEX 量化做市与无损刷量：edgeX 帕拉梅拉 200k 战役、Backpack/Paradex/Aster 六大协议脚本工程化,
1967519738147303460,Mon Sep 15 09:23:54 +0000 2025,"Backpack的脚本也写好了，但还需要稍微整理一下代码，今天就会开源。昨晚跑了一晚上作为测试，10000u的本金，设置的是 --quantity 0.4 --take-profit 1.2 --max-orders 40 --wait-time 450

8小时跑了80万交易量，因为碰到下跌，浮亏700u，目前20单被套着，还有20单的开单余量。没关系，只要不平仓，只要涨回来了，就不会亏🥺。因为参数比较保守，虽然现在被套了20单，其实只有大约2.2x的杠杆，所以完全不担心。

如果你还没有Backpack的账号，可以用我的邀请链接，手续费 30% 返佣。我申请到的返佣是35%，所以30%直接返还给了大家，只给自己留了5%作为写代码咖啡钱。
https://t.co/hPsdi6sDW2

再再再再风险提示一下，这个策略是有风险的！被套了的话，要么认亏手动平仓，要么像我一样扛单。我之所以选择这个策略并选择扛单，是因为：
1. 这个策略虽然会被套，但能够稳定的有交易量
2. 我长期看好ETH，即使被套了，就当做是我ETH现货的仓位放着
3. 我有足够的资金来把合约的仓位转换成现货放着，能够保证不爆仓等着涨回来",0,10,22,28393,10.0,Perp DEX 量化做市与无损刷量：edgeX 帕拉梅拉 200k 战役、Backpack/Paradex/Aster 六大协议脚本工程化,tw_1967519738147303460_1.jpg
2099434227548799260,Mon Sep 14 09:45:00 +0000 2026,"[ entropy 反佣 | 惊喜赚手续费 ]

@entropyIO 的反佣可以领了，以HYPE的形式发放。

3300u里大约一半是我自己的，另外一半是社区朋友们的（记得来找我领，全返！）。

其实直到前几天才发现之前一直搞错entropy的反佣规则了，如果你是tier2或以上，其实不仅是手续费全返，还是赚手续费的。

如果用我的邀请码，我们两边的反佣加起来：
tier 1: 返佣手续费的80%
tier 2: 返佣手续费的110%
tier 3: 返佣手续费的130%

所以如果你是tier 2或tier 3，分别还能赚手续费的10%和30%。

另外，不知道有没有朋友在我开源的那个脚本的基础上做了修改？

我自己小改了一下，放了十几万u一直在运行着，过去一周盈利1%，年化50%左右。

tier 4邀请码: https://t.co/e1rAQFX4ub",0,0,5,9039,7.6,Perp DEX 量化做市与无损刷量：edgeX 帕拉梅拉 200k 战役、Backpack/Paradex/Aster 六大协议脚本工程化,tw_2099434227548799260_1.jpg; tw_2099434227548799260_2.jpg
1965003787992527169,Mon Sep 08 10:46:25 +0000 2025,"今天 ETH 的价格回到了周五暴跌后的高点，所以我的这个edgeX脚本也在三天不到的时间里用2万u又无损刷了700万交易量，且还有一点点的收益。

资金是2万u，暴跌后我把脚本的设定调整的激进了一些。设置为每单1ETH，最多30单，$1止盈，也就是最大持仓 30 * 1 * $4300 = $129,000，大约是6.5倍杠杆。我打算等ETH接近4400的时候就再调得保守一点，减小每单金额，增加最大单数。

脚本中间因为edgex服务器的原因，获取不到持仓数，所以自动退出了。这里可以改进一下代码，加一个 error handling，如果获取不到持仓数，可以等待一段时间再尝试。

另外，很多朋友私信我说报错，最多的一种情况是因为没有开通edgeX的api白名单。你需要在dc开票开通api白名单才能用api，一般24小时内会回复你开通。

最后再提醒一次：这个脚本简单粗暴且不是中性策略，你是有可能被套住的，请理解脚本的逻辑后再用！如果有问题随时私信我。",0,5,7,12431,9.3,Perp DEX 量化做市与无损刷量：edgeX 帕拉梅拉 200k 战役、Backpack/Paradex/Aster 六大协议脚本工程化,tw_1965003787992527169_1.png
1980141534420123949,Mon Oct 20 05:18:25 +0000 2025,"我的 ApeX 社群专属交易活动已经开始，可以在参与ApeX交易挖矿的同时拿这个小福利，总奖金最高$5500。

开源脚本也已支持 ApeX，包括和 Lighter 对冲的模式。

使用我的邀请码自动参与专属活动：https://t.co/Zp8VwYU7zY",0,1,11,7516,5.2,Perp DEX 量化做市与无损刷量：edgeX 帕拉梅拉 200k 战役、Backpack/Paradex/Aster 六大协议脚本工程化,
1975118346422034888,Mon Oct 06 08:38:04 +0000 2025,"[Lighter 新策略 | 磨损 0.00085%]

从5月份接触了 Lighter 之后，我就一直在 Lighter 上跑策略，以盈利为目的，顺便拿积分，一直都没有刻意地去刷分。

目前积分有3000分，盈利六位数，但眼看着积分的价值水涨船高，甚至有追上策略本身的盈利的意思。我终于忍不住写了一个以 Lighter 这个交易所自有的特点为出发点的刷量策略，整体的目标的是低磨损，maker单，高频大量。

目前跑了30小时左右，过去24小时用1万u本金跑了$51M的交易量，占 Lighter 上BTC交易额的1%，磨损440u，磨损率 0.00085%，也就是万0.085。从右边的图里也可以看出，磨损是稳定的，而不是大起大落最后靠运气拿到这么低的磨损率。

这个策略的缺点是，1. 标的选的是BTC，因为流动性足，但积分权重低；2. 秒开秒关，导致积分权重低 3. 有35%的taker orders

但我还是期望能通过这个策略用1300u的磨损(对应$150M的交易量)拿到50分以上，因为毕竟量大，且65%的订单都是 maker orders。

最初的目标是在tge之前依靠一直在运行的策略在盈利的同时顺便拿到5000分，但 Aster 这一波带火了 Perp DEX 之后，上周我拿到的积分比以往少了一半，彻底打乱了我的计划。就等着这周出分，看看这个策略能不能弥补一下。",0,7,25,27868,8.8,Perp DEX 量化做市与无损刷量：edgeX 帕拉梅拉 200k 战役、Backpack/Paradex/Aster 六大协议脚本工程化,tw_1975118346422034888_1.jpg
1975118348657516719,Mon Oct 06 08:38:04 +0000 2025,"抱歉这个策略不能开源，因为这个策略每一单的最大金额只有20000u，所以实际需要的本金其实只有2000u，开十倍杠杆就行了。

我用这个策略跑了一天（实际是18个小时左右），就占了 Lighter 上BTC交易总额的1%，试想如果我开源后，即使只有50个人用了2000u的本金来这样刷量，24小时的理论上的交易额就是 Lighter 目前 50% 的交易额了，那这个策略必然就会失效了。

所以大家就当看个热闹吧，等周三出分的时候我也会把结果放出来。因为是一个新的号，所以没有其他任何干扰因素，拿到的分就完全是从这个策略里跑出来的。",0,2,3,7074,6.8,Perp DEX 量化做市与无损刷量：edgeX 帕拉梅拉 200k 战役、Backpack/Paradex/Aster 六大协议脚本工程化,tw_1975118348657516719_1.jpg
1992907683863708019,Mon Nov 24 10:46:32 +0000 2025,"[免费对冲脚本更新 | edgeX 逐渐加仓模式]

虽然 @edgeX_exchange 这一季积分只剩下最后两周了，应群友要求，我还是把这个功能加上了。

脚本更新内容： 
edgeX 的对冲模式新增了 --max-position 参数，实现了大家一直想要的「逐渐建仓并持仓」功能。

这个新的模式有长时间的持仓，所以拿分效率比简单对冲要高一些。

示例命令： python hedge_mode.py --exchange edgex --ticker BTC --size 0.01 --iter 10 --sleep 600 --max-position 1

解释一下这个参数组合的效果： 
 - 使用对冲模式交易 BTC：在 edgeX 上挂多单的同时，在 Lighter 上做对冲；
 - 每次下单 0.01 BTC（--size 0.01），逐渐把仓位加到 1 BTC（--max-position 1）；
 - 仓位达到 1 BTC 后，脚本会暂停 600 秒（--sleep 600），然后开始减仓，每次减 0.01 BTC，直到 edgeX 上的仓位达到 -1 BTC；
 - 如此「加仓 → 减仓」为一个循环，共重复 10 次（--iter 10）；
 - 在第 10 次循环结束时，edgeX 的仓位会回到 0，脚本自动退出

-----分割线-----  

edgeX 大使邀请码： https://t.co/AUEWRSNHcZ
享受 VIP 1 费率；额外 10% 手续费返佣；额外10% 积分奖励

开源脚本：https://t.co/4A0l5ABsoC 

免责声明：使用脚本有风险，硬刷积分可能返撸，请自己做好研究和学习，DYOR。",0,1,6,5275,7.5,Perp DEX 量化做市与无损刷量：edgeX 帕拉梅拉 200k 战役、Backpack/Paradex/Aster 六大协议脚本工程化,
1985283989754773759,Mon Nov 03 09:52:42 +0000 2025,"[Perp DEX 开源脚本 | 社群专属活动]

1⃣先总结一下目前脚本的情况：
有两种模式：
1. 经典模式：剥头皮刷交易量，可以做到无损或盈利，但也有可能被套。
2. 对冲模式：和 Lighter 对冲，基本就是固定 0.01%-0.02% 左右的磨损，用磨损换积分，风险可控。
（磨损指的是包括手续费和交易磨损的总亏损除以单个交易所的交易量，比如edgex和lighter对冲，两边各交易了100万，交易后两边的账户总余额少了100u，那么磨损就是100u/100万=0.01%。在对冲模式下，lighter能拿到的分很少，所以这么算更合理。）

目前支持的交易所：
 - edgeX (经典模式和对冲模式都支持)
https://t.co/AUEWRSOf2x
 - Backpack (经典模式和对冲模式都支持)
https://t.co/hPsdi6tbLA
 - ApeX (经典模式和对冲模式都支持)
https://t.co/O82NO22Rl7
 - Extended (经典模式和对冲模式都支持)
https://t.co/V0TEgVkKnw
 - Lighter (经典模式和对冲模式都支持)
https://t.co/Vjkq6c4lpe
 - grvt (经典模式和对冲模式都支持)
https://t.co/L1jPEgueXm
 - Aster (仅支持经典模式)
 - Paradex (仅支持经典模式)
https://t.co/Yr8KdBSXj4

2⃣目前正在进行的社群专属活动总结
1. edgeX (还有一周结束):
达到一定交易量就可以拿到最高1000u的奖励，只要用我的邀请码的新老用户都可以参加，在edgeX的活动中心已经可以看到具体的要求和奖励，还有一周结束。非常适合配合 edgeX <> Lighter 对冲的脚本，抵扣一些磨损。

2. ApeX (还有一周结束)：
交易竞赛，只要用我的邀请码的新老用户都可以参加，具体规则见截图，还有一周结束。

即将有更多的社群专属活动上线，关注我，私信我获取加入telegram交流群组的邀请链接。",0,6,11,12414,9.3,Perp DEX 量化做市与无损刷量：edgeX 帕拉梅拉 200k 战役、Backpack/Paradex/Aster 六大协议脚本工程化,tw_1985283989754773759_1.jpg; tw_1985283989754773759_2.jpg; tw_1985283989754773759_3.jpg
1985159544482492858,Mon Nov 03 01:38:12 +0000 2025,"过去几周在度假，所以只做了必要的一些操作，没有学习新的东西，经常一觉醒来看到一些陌生的名词都看懵了，比如x402啥的。

今天开始逐渐回归工作状态，总结一下过去几周度假时的一些操作。

一。Defi
 - 领了 Monad 的空投。我是完全没有参与Monad，只靠着defi上其他项目的交互拿到了50000个币，算是报销了一部分度假的机票费。

 - 领了 @noble_xyz 的空投。当时在收益池里存了三十多万u，收益吃得非常舒服。在积分池里存了2万u参与了一下，最终空投价值也无所谓了，应该不是大毛了。

 - 在 buidlpad 参与了 MMT 的打新

 - 领了 MMT 的NFT，注册了 MMT 的空投

 - 参与了一个项目的 KOL 轮

 - 归集了资金，为下一轮机会做好准备

二。Perp Dex
 - 社群的一些基础维护，回答社群里朋友的各种问题

 - 和项目方保持联系，为群友争取各种权益和社群专属活动

 - 对使用了我 grvt 邀请码的朋友们进行了价值$1500的现金抽奖

 - 推出了edgex和lighter对刷的脚本

 - 维护我自己正在运行的各种脚本，目前十几个服务器，虽然有一个中心程序控制，但还是经常需要手动操作

接下来主要的重心还是在 perp dex，会有更多的开源和分享。大家可以期待一下。",0,0,15,13556,8.5,Perp DEX 量化做市与无损刷量：edgeX 帕拉梅拉 200k 战役、Backpack/Paradex/Aster 六大协议脚本工程化,tw_1985159544482492858_1.jpg; tw_1985159544482492858_2.jpg; tw_1985159544482492858_3.jpg
2036118256990245348,Mon Mar 23 16:29:56 +0000 2026,"Backpack 究竟是蠢还是坏？

虽然我没有被女巫，但该骂的还是要骂。女巫这些从季前赛就开始支持BP的OG，谁还来陪你跑到IPO？

Lighter也女巫了不少人，但女巫的大部分是工作室几千几万个号的，没有误杀多少用户。Lighter免手续费，且积分系统偏向小交易量的新号，所以工作室通过创建小号来获取远高于“只用一个账户来交易”可获取的积分。这样的女巫是合理的。

Backpack 收了这么高的手续费，且每周的分数基本就是按照交易量和仓位大小线形分配的，即使是多号也没有任何优势。交了一样的手续费，你凭什么去女巫呢？

除了女巫这件事，最让我烦的是，阿玛尼和项目里的人，动不动一开口就“华尔街”“华尔街”，好像只要说这三个字就能给BP贴金了。每次听到我都尴尬得鸡皮疙瘩掉一地，so cringe 😖",0,2,16,18004,7.4,Perp DEX 量化做市与无损刷量：edgeX 帕拉梅拉 200k 战役、Backpack/Paradex/Aster 六大协议脚本工程化,
1937292039617495254,Mon Jun 23 23:29:50 +0000 2025,"这几天都没怎么更新，是因为终于拿到了 Lighter API 的白名单，然后又刚好发现个套利的机会，所以写代码写得废寝忘食。

今天终于调试完成，部署到了AWS 东京的服务器，下单的延迟只有25ms。Lighter的discord里有人能做到5ms延迟，但我的策略也不差这20ms了。

目前看来最大的风险是我自己的代码，希望别被自己反撸了。",0,0,7,24018,6.6,Perp DEX 量化做市与无损刷量：edgeX 帕拉梅拉 200k 战役、Backpack/Paradex/Aster 六大协议脚本工程化,tw_1937292039617495254_1.png
1932001115995857366,Mon Jun 09 09:05:35 +0000 2025,"百万美金 DeFi 记录 - Day 12

这几天账户没啥新操作，继续稳定生息。

周末读了 @Lighter_xyz 的白皮书，今天来简单分享一下。总体来看，又是一个挺有意思的项目 - 有意思的点在于 Lighter 上的永续合约是 0 手续费，不管是taker还是maker。

我对 perp DEX 本身兴趣不大，但对它的 LLP（做市池）很感兴趣，类似于 Hyperliquid 的 HLP。LLP 为 Lighter 提供流动性并承担对手盘，目前 APR 约 100%，而 HLP 仅 12%，所以我想搞清楚这个收益差的背后驱动。

先说结论：
1. 我暂时不会存 LLP，因为项目还在审计中，报告还没出。审计不代表安全，但没审计绝对不碰。
2. 没有找到关于 LLP 的详细介绍，我猜测高 APR 的原因是项目方限制了存款（只能存账户余额的 25%），导致 LLP 资金少、利用率高，自然 APR 也高。
3. Lighter 的定位很有意思 - 链上的 Robinhood：散户 0 手续费，只向做市商和 API 用户收费。
4. 项目正做积分活动，每周结算一次。如果你本来就在做 perp 交易，可以考虑试试，没有手续费，还能拿积分。

📚 项目简介
Lighter 是一个基于 zk-rollup 的 perp DEX，目标是实现 CEX 级别的撮合效率，同时保证链上透明、去信任。

让我比较惊讶的是，按照 https://t.co/rBuzl7pPMU 的数据，它现在已经是交易量排名第二的 perp DEX。目前入场还需要邀请码，不过 Discord 里经常有人发。如果它的 0 手续费模式能跑通，确实有机会和 Hyperliquid 正面刚一波。

💰 融资情况
虽然没看到公开融资数据，但官网写了两个投资人：
 - a16z：Tier 1，55% 投资项目金额在 $20M+
 - Lightspeed：Tier 2，也有类似的投资规模

👨‍💻 创始人背景
创始人 @vnovakovski 是哈佛经济学本科，毕业后做了 7 年对冲基金和 HFT，之后去了 Quora 做 Machine Learning Head，又在一家 FinTech 做 VP Engineer，然后开始创业和投资。

整体来看，背景靠谱，履历扎实。

🔐 安全性与透明度
目前项目还在审计中，报告未出。好在交易撮合逻辑全链上，透明度非常高。

总结：
我短期不会参与 LLP，但项目本身我会持续关注，也可能未来会在上面做交易。目前有积分活动，交易就能拿分，如果你本来就有交易需求，可以尝试一下，0 手续费 + 积分，性价比还不错。

#DeFi #PerpDEX #Lighter",0,7,3,8619,9.3,Perp DEX 量化做市与无损刷量：edgeX 帕拉梅拉 200k 战役、Backpack/Paradex/Aster 六大协议脚本工程化,tw_1932001115995857366_1.jpg
1929462843960680462,Mon Jun 02 08:59:24 +0000 2025,"百万美金 DeFi 记录 - Day 5

周末做了两笔操作：

1️⃣ @HyperliquidX HLP 金库
把账户里约 13 万美元的闲置资金全部存进了 Hyperliquid 的 HLP 金库。主要原因有三：
 - 缺乏更优的选择：目前在综合考虑收益、风险和潜在积分的情况下，找不到比它更好的存款项目。
 - 收益可观：过去一个月年化收益率（APR）为 16%。
 - 空投预期：Hyperliquid 还有 38.88% 的代币尚未分配给社区，对应当前市值约 130 亿美金。虽然官方还没放出任何空投计划，但这部分潜力值得提前布局。

2️⃣ @sparkfinance USDS LP
在做了一些研究后，将之前存在 Fluid 的 USD0/USDC 流动性撤出，转投 Pendle 上的 USDS LP，共 5 万美元，博一下 https://t.co/DFsJm8WjsY 的积分活动。之后我会专门写一篇文章来介绍一些 Spark 并分享一些关于 Spark 积分活动的数据。
我通常倾向于在一个积分项目中投入至少 10 万，但这次只投了 5 万，原因是：不论是 LP 还是 YT 都没有底层收益，纯靠挖积分。而且当前 LP 收益较低，只有约 6%，YT 的 implied yield 是 9%，从而推算市场对积分收益的预期是 9%。整体年化收益大约在 15%，算是合理但不惊艳。

目前整体仓位基本布好了，但有约10万美金的PT将在两周后到期，所以接下来会继续观望新项目机会，也会评估是否调仓以优化收益和风险比。

#DeFi #Hyperliquid #Pendle #USDS #空投预期 #DeFi记录 #链上收益 #流动性挖矿 #百万美金计划",0,0,3,1581,6.6,Perp DEX 量化做市与无损刷量：edgeX 帕拉梅拉 200k 战役、Backpack/Paradex/Aster 六大协议脚本工程化,
2081878579718066668,Mon Jul 27 23:05:07 +0000 2026,@vnovakovski Lighter tokenized Lighter before Lighter tokenize everything,0,0,0,1272,3.4,Perp DEX 量化做市与无损刷量：edgeX 帕拉梅拉 200k 战役、Backpack/Paradex/Aster 六大协议脚本工程化,
1947301653595472061,Mon Jul 21 14:24:27 +0000 2025,"我真的很少做交易，但看到这种机会还是得冲进去，赚了一个月的饭钱，跑了。继续涨的格局就由我 Ethena 的积分负责了。

PS： @Lighter_xyz 的零交易费真的舒服 https://t.co/8rMJXRUU87",0,0,3,6676,5.2,Perp DEX 量化做市与无损刷量：edgeX 帕拉梅拉 200k 战役、Backpack/Paradex/Aster 六大协议脚本工程化,tw_1947301653595472061_1.jpg
2076578711139225831,Mon Jul 13 08:05:20 +0000 2026,"最近的财富密码 (都有门槛)

1 - 在 @variational_io 上的套利，吃套利收益的同时拿积分。门槛是技术（或时间，如果你现在还没有技术）。

用我的邀请码直升银，+15%积分加成：OMNIQUANT

2 - 套韩股的费率，门槛是买韩股的渠道。

3 - (如果你是天才交易员) Robinhood 链上的meme",0,3,9,13116,5.6,Perp DEX 量化做市与无损刷量：edgeX 帕拉梅拉 200k 战役、Backpack/Paradex/Aster 六大协议脚本工程化,
2074039921300340994,Mon Jul 06 07:57:05 +0000 2026,@LumaoDoggie 对于lighter来说多个分发渠道至少不会亏,0,0,1,769,3.4,Perp DEX 量化做市与无损刷量：edgeX 帕拉梅拉 200k 战役、Backpack/Paradex/Aster 六大协议脚本工程化,
2074027376619499876,Mon Jul 06 07:07:14 +0000 2026,"并不是Lighter涨了就代表其他perp dex有希望了

这波涨幅主要来自于两方面的利好：
1. 与Robinhood的合作
2. 美国市场合规的期望

与Robinhood合作的影响力可能比大多数人想象的要大的多，因为大家对Robinhood不熟悉。

但有一个数据可以很直观地体现与Robinhood的合作为啥重要了。2026Q1的财报显示：
Robinhood作为一个券商，在加密货币交易的营收约$250M；而同期，Coinbase在加密货币交易的营收约$600M

也就是说，Robinhood作为一个券商，在加密货币交易方面的营收却有Coinbase的几乎一半。

虽然这次合作是与robinhood钱包合作，而不是与robinhood的券商app合作，但在前几天的投资者会议中，Vlad也说了，只要过了cftc的合规，就有与robinhood app合作的机会。

而目前，robinhood的券商app里只有现货交易（发挥想象力，饼画起来）。

说了这么多，其实我也只剩下上次Lighter交易竞赛给的一万不到的LIT了，一周前发奖励的时候LIT大约$1.8，现在已经$2.65了，希望这种交易竞赛以后多来点。",0,0,13,21552,6.2,Perp DEX 量化做市与无损刷量：edgeX 帕拉梅拉 200k 战役、Backpack/Paradex/Aster 六大协议脚本工程化,
2015802911519879313,Mon Jan 26 15:04:00 +0000 2026,"[ Lighter Latency Report - January 2026 ]

Holiday season is over, volumes are back, and latency has normalized a bit - but the overall performance is still materially better than early December.

I’ve been busy, so posting a monthly update instead. The analysis is based on 10k+ trades in January so far. I actually did 15k+ trades, but some data went missing during a DB migration… (let’s say my intern deleted it - except the intern is me 😅)

Key takeaways:
Avg latency: ~332ms (vs ~620ms in early Dec)
Median (P50): ~307ms, still very stable
P95: ~473ms (vs ~2190ms in early Dec)
Heavy tails remain largely under control

Compared to the boring holiday weeks, latency moved slightly higher - which is totally expected as volume + volatility return. More importantly, the system no longer shows the extreme multi-second spikes we saw in early December.

Net:
Execution latency has structurally improved, not just temporarily masked by low activity.

ECDF + distribution charts attached.

* Latency = ""timestamp when FILLED update received"" - ""timestamp when order was submitted"" for market orders from standard accounts.

It would be more accurate if I could get the actual FILLED server time from lighter, but the WebSocket updates only include second-resolution timestamps, meaning timestamp, created_at, and updated_at all fall within the same second.

@Lighter_xyz",0,4,9,12237,7.6,Perp DEX 量化做市与无损刷量：edgeX 帕拉梅拉 200k 战役、Backpack/Paradex/Aster 六大协议脚本工程化,tw_2015802911519879313_1.png; tw_2015802911519879313_2.jpg; tw_2015802911519879313_3.jpg
2013268317826351134,Mon Jan 19 15:12:26 +0000 2026,@0xtakoyaki_ 估计没这么快，说不定到头来还是推迟了三个月的edgex最快,0,0,0,128,3.8,Perp DEX 量化做市与无损刷量：edgeX 帕拉梅拉 200k 战役、Backpack/Paradex/Aster 六大协议脚本工程化,
2013251326755418199,Mon Jan 19 14:04:55 +0000 2026,"最近撸 Perp DEX 真的撸得有点头晕想吐了，每天要管理二十个服务器，检查，算账。

虽然有一整个系统化的工具来帮助统计和监控，但资金平衡还是我人工转账的。

赶紧来 Lighter 之后第二个项目TGE，要么让赛道更热，要么给赛道泼个冷水，让大家都死心吧。

撸了 Perp DEX 的后遗症就是，现在再看年化15%的稳定币理财就像是进入了defi后再看年化4%的tbill，食之无味。",0,0,19,14283,6.0,Perp DEX 量化做市与无损刷量：edgeX 帕拉梅拉 200k 战役、Backpack/Paradex/Aster 六大协议脚本工程化,
2013052577114357761,Mon Jan 19 00:55:09 +0000 2026,"现在不少刷 Perp DEX 的朋友都有BTC/ETH交叉对冲并在另一个账号反向完全对冲，包括我自己。

我之前也提醒过，但碰到今天这样的行情再提醒一遍。

这种策略最大的风险是adl，尤其是杠杆开得巨大的。如果盈利的一边被平了，首先不管有没有亏损，至少打开了风险敞口，如果没有监控/人工检查，很可能几天都没有察觉。其次，如果波动真的大，亏损的一边也有可能导致直接爆仓。

所以碰到今天这种行情，记得去检查一下各个仓位有没有异常情况吧。

这时候就要祭出 Backpack 在 1011 的惨况来警示一下大家了，当时不少人为了高OI拿分，开了合约以及现货的对冲仓位，结果被一波带走了。上周BP又开始鼓励OI，给OI增加分数的权重，结果今天。。。（只是作为风险提示，我还是很爱BP的，是我最近刷的最多的一个交易所。）",0,3,23,14834,8.8,Perp DEX 量化做市与无损刷量：edgeX 帕拉梅拉 200k 战役、Backpack/Paradex/Aster 六大协议脚本工程化,tw_2013052577114357761_1.jpg
2010714429399150769,Mon Jan 12 14:04:11 +0000 2026,"同意你说的交易品类、安全性、以及手机app的观点，确实在lighter上几乎没法交易小币种，没法和币安比。

我只在lighter和binance交易了大约$3B的btc和eth，所以又被茧房了。

关于零手续费和包含滑点的交易成本，这位量化大佬一直在做分析，不管是 $10k / $100k / $1m的单子，btc和eth在lighter上的交易成本确实要比其他交易所断层的低。但就像你说的，这个交易btc和eth的优势和交易小币种的劣势放在一起，究竟对合约玩家的吸引力怎么样很难说。",0,0,2,2653,5.2,Perp DEX 量化做市与无损刷量：edgeX 帕拉梅拉 200k 战役、Backpack/Paradex/Aster 六大协议脚本工程化,
2010689618841080169,Mon Jan 12 12:25:36 +0000 2026,"哥们，你这就有点偏激了。

这就像是你买车，跟你说0手续费，车价10万，买了之后想卖了，结果只能卖9万了。

你亏的这1万和手续费没有关系，这是买价和卖价的差价，但lighter确实是0手续费。像paradex，即使在网页上交易，零手续费也是有限额的，超过了就要付费，api更是直接收费的。不像lighter，完全就是全免费。",0,0,0,139,6.0,Perp DEX 量化做市与无损刷量：edgeX 帕拉梅拉 200k 战役、Backpack/Paradex/Aster 六大协议脚本工程化,
2010672624104604091,Mon Jan 12 11:18:04 +0000 2026,@0xRandle 嗯，这个道理我明白，我现在也是把LIT作为投资拿着的。LIT其实也是我第一个空投后还全部持有的项目，因为我自己作为在Lighter上真实交易了$3b+的用户，是真看好Lighter，但也可能是因为这样，有了偏见，建了茧房。,0,0,1,1395,4.8,Perp DEX 量化做市与无损刷量：edgeX 帕拉梅拉 200k 战役、Backpack/Paradex/Aster 六大协议脚本工程化,
2010670334618329353,Mon Jan 12 11:08:58 +0000 2026,"[ Lighter 的空投一点都还没卖 求骂醒 也许听劝]

在 LIT 大跌的今天，来说一下我的看法，不过鉴于我炒币的胜率，可以把下面这段文字当作是厕所读物。

首先，我下面所有的论点都有一个前提：Lighter是一个好项目，长期来说能发展用户和体量，维持收入水平。我也清楚这是非常主观的判断，所以如果你不认同，非常欢迎抛出有效论点，打破我对 Lighter 的认知茧房。

1. Lighter 与 Hyperliquid 相比:
 - 交易量：67%
 - OI：16.3%
 - TVL：29%
 - 过去30天收入：12%
 - FDV：10%

按照现在的平台数据，包括交易量、OI、TVL、收入，lighter的fdv相较于hype的估值是在中等偏低的，没有溢价。

2. 作为一个零手续费的交易所，我认为 Lighter 的成长空间很大。

很多习惯用CEX且不在乎去中心化的用户根本没有理由去用 Hypeliquid，但现在有了去用 Lighter 的驱动力。且 Lighter 还有机会抢占一部分 Perp DEX 的市场。

Lighter 的手机 app 也即将推出，到时候也会增加 CEX 用户的转化率。

3. 从 TGE 到现在团队还没有放出任何利好，我能想到的利好有：
 - 和 Robinhood 的合作。这不是意淫，是项目方有公开表示确实已经在谈了，但具体是如何合作，对项目价值有多大影响未知。
 - LIT 代币的质押和赋能
 - 现货开启转移并开始在 Coinbase/Robinhood 上交易。很多人认为开启转移是利空，但我认为是利好。我觉得不少美国机构/个人是愿意在合规所买入LIT并长期持有的，所以现货上美国合规所是利好。

4. 现在不是在牛市。现在整体的市场也不是最好，如果能来一波牛市，Perp DEX 是最直接的受益者。如果现在BTC在12万的位置，我肯定就已经卖了。但现在BTC在9万，LIT跟着大盘涨的空间都还有很多。当然，如果熊下来，谁也逃不掉。

5. S3 积分季的开始，持续正循环（下面有我对正循环的解释）。

上面这些都是我为什么还持有 LIT 的原因，但我也有担心的因素：我认为持有 LIT 最大的风险是项目收入能否维持在一定水平。

在 Lighter 像 Hyperliquid 一样站稳脚跟之前，是非常依赖正循环的：免费用户更多 -> 交易时的 taker 更多 -> 流动性更好 -> 做市商盈利更高 -> 项目的各方面数据和收入更高 -> 币价提高 -> 免费用户更多 

一旦循环中的任意一环在项目的前期被打破了，对项目长期的发展会有非常大的负面影响，甚至开启负循环。所以我在开头就说了，上面一切言论的基础都是在Lighter长期能发展用户和体量的基础上说的，且目前我没有看到会阻止这样发展的因素。

欢迎和我一样的 LIT 持有者来抱团取暖，也欢迎不看好 Lighter 的朋友抛出论点把我砸醒。",0,9,70,79507,8.3,Perp DEX 量化做市与无损刷量：edgeX 帕拉梅拉 200k 战役、Backpack/Paradex/Aster 六大协议脚本工程化,
2008140457797431365,Mon Jan 05 11:36:09 +0000 2026,"最终 Lighter 真的在12月30日发币了，如果拿到了最后，就是20倍的收益。因为我在分批不断卖出，所以最后的收益是1500u，7倍左右。

我的逻辑很直接明了。我并不是赌 Lighter 真的会在12月30日发币，而是在赌“12月30日发币的概率应该更高”。

当时12月29日发币的概率是60%，而12月30日发币的概率只有5%，其余日期分别还有1-3%左右的概率。随着时间慢慢接近12月29日，其他日期逐渐归零，那么剩下的日期的概率只能慢慢变高。

假设12月27日还没发币，12月29日的发币概率还是60%，那么12月30日发币的概率怎么可能只有5%呢？

同理适用于12月31日，事实也是这样，在后期，12月31日的发币概率一度从2%飙升到了10%以上。

当然，最终的一切都是赌。我不是合约玩家，所以也没有放大资金玩Polymarket的心态，但用小资金娱乐一下还是挺有意思的。",0,2,29,14787,6.2,Perp DEX 量化做市与无损刷量：edgeX 帕拉梅拉 200k 战役、Backpack/Paradex/Aster 六大协议脚本工程化,
2018288742612504628,Mon Feb 02 11:41:48 +0000 2026,"[ 开始 DCA 买入 $HYPE ]

今天开始用已经变现的 50% LIT 空投定投 HYPE。

最重要的一个原因：
我以前的老板是 Top 3 hedge fund 的大宗商品负责人，Ivy League + 英国 top 2 毕业，毕业后直接进华尔街，典型的传统金融精英，从未接触过 crypto。
但在这周他提到了 Hyperliquid 并表示很感兴趣，尤其是24/7的交易时间。

这对我触动挺大的，一是惊讶他以前竟然完全没有听说过 Hyperliquid，说明Hyperliquid还有很大的空间；二是意识到随着近期传统金融圈对 Hyperliquid 的各种研报出来，以及最近这一轮金/银的波动后，Hyperliquid正在真正出圈。

其他一些原因：
1. 不管 crypto 最终走向理想未来，还是继续是一个混乱的大赌场，交易所都是刚需，是现金流稳定的且有一定垄断属性的好生意。
2. Hyperliquid 目前的体量以及先发优势，使同类型的交易所很难与之竞争。尤其是在现在大火的预测市场，流动性特别重要，如果有 Perp DEX 能把原生的预测市场做起来，只能是 Hyperliquid。
3. 我几乎不持有币圈资产，基于以上判断，我认为把 HYPE 作为对整个 crypto 的长期敞口是合理的。

（目前合约费率不错，先用合约，后续择机换成现货）

非投资建议",0,12,24,84857,9.5,Perp DEX 量化做市与无损刷量：edgeX 帕拉梅拉 200k 战役、Backpack/Paradex/Aster 六大协议脚本工程化,tw_2018288742612504628_1.jpg
2005662189709939074,Mon Dec 29 15:28:24 +0000 2025,"[ Lighter Latency Report - Week Dec 22 ]

Another week of significant improvement in execution latency on Lighter.

Part of this may be due to a quieter holiday market, but the data shows clear, measurable progress across the entire latency distribution.

High-level comparison vs last week (Dec 15):
• Average latency: ↓145ms; 315ms this week from 460ms last week
• Median latency (P50): ↓7ms; 305ms this week from 312ms last week
• Median latency (P70): ↓32ms; 308ms this week from 340ms last week
• Median latency (P95): ↓250ms; 366ms this week from 820ms last week
• Median latency (P99): ↓1130ms; 456ms this week from 1588ms last week

Distribution & ECDF (attached charts)
• The latency distribution is now tightly concentrated around ~300ms
• The ECDF shows a strong left-shift vs both Dec 08 and Dec 15

Heavy tails are largely gone under normal conditions
This indicates that execution latency is no longer dominated by sporadic multi-second stalls in typical market environments.

This is a night-and-day difference compared to the earlier “perfect storm” weeks.

I’ll keep posting these weekly so we can track how the system behaves as volatility and volume pick back up.

* Latency = ""timestamp when FILLED update received"" - ""timestamp when order was submitted"" for market orders from standard accounts.

It would be more accurate if I could get the actual FILLED server time from lighter, but the WebSocket updates only include second-resolution timestamps, meaning timestamp, created_at, and updated_at all fall within the same second.

@Lighter_xyz",0,13,17,64544,8.7,Perp DEX 量化做市与无损刷量：edgeX 帕拉梅拉 200k 战役、Backpack/Paradex/Aster 六大协议脚本工程化,tw_2005662189709939074_1.png; tw_2005662189709939074_2.jpg; tw_2005662189709939074_3.jpg
2005623785953652744,Mon Dec 29 12:55:47 +0000 2025,"@edgeX_exchange 对不起，我们失败了😢

edgeX 延期到26年3月前发币了",0,0,5,4091,3.8,Perp DEX 量化做市与无损刷量：edgeX 帕拉梅拉 200k 战役、Backpack/Paradex/Aster 六大协议脚本工程化,
2005479500105371951,Mon Dec 29 03:22:27 +0000 2025,"edgeX 在官方 Telegram 社群预约了一个8小时后开始的视频会议，难道。。。？ 👀

@edgeX_exchange https://t.co/yQZ5qyfNfN",0,0,10,8283,4.8,Perp DEX 量化做市与无损刷量：edgeX 帕拉梅拉 200k 战役、Backpack/Paradex/Aster 六大协议脚本工程化,tw_2005479500105371951_1.jpg
2003102240609911141,Mon Dec 22 13:56:04 +0000 2025,"[ Lighter Latency Report (week Dec 15) ]

The overall execution latency this week is significantly better than last week, so I felt obligated to post an update. I think it’s helpful (and fair) to keep sharing these stats on a weekly basis.

High-level comparison vs last week (Dec 08):
• Avg latency: ↓ 161ms; ~459ms this week from ~620ms last week
• Median (P50): ↓ 13 ms; ~312ms this week from ~325ms last week
• P70: ↓ 68ms;  ~340ms this week from ~408ms last week
• P95: ↓ 1372; ~819ms this week from ~2191ms last week
• P99: ↓ 2857; ~1588ms this week from ~4445ms last week

The ECDF comparison shows a clear left-shift this week — both typical latency and tail latency improved materially. This lines up with the infra improvements mentioned earlier.

That said, tail risk still exists. The last screenshot shows the top 10 highest-latency executions this week, and 7 of them occurred during a short window when ETH moved ~1% within ~3 minutes.

In other words:
• Normal conditions → execution is much more stable
• Extreme volatility → latency tails can still spike into multi-second territory

Overall, this is a meaningful improvement week-over-week, especially in P90/P95. Still watching how the system behaves during high-stress market conditions, but credit where it’s due — progress is clearly visible.

I’ll keep posting these weekly for transparency and tracking.",0,9,16,76932,8.0,Perp DEX 量化做市与无损刷量：edgeX 帕拉梅拉 200k 战役、Backpack/Paradex/Aster 六大协议脚本工程化,tw_2003102240609911141_1.png; tw_2003102240609911141_2.jpg; tw_2003102240609911141_3.png
2002901074722672716,Mon Dec 22 00:36:42 +0000 2025,"已更新脚本代码以适配 Lighter API 的更新，只要用 git pull 获取最新的代码就能运行了。

话说 Lighter 在这次更新后导致了 Order Book 的 offset 不连续真的 很不合理 且 不符合逻辑。

Order Book 的 offset sequence 是检测本地维护的order book的连续性，确保没有错失任何order book的更新的唯一方法。但Lighter的这次更新后，只能通过 REST API 来比对 Order Book 的 best bid/ask，且由于延迟，并不能百分百确定。

没有任何一个交易所的 Order Book Web Socket 会是这样的，希望 @Lighter_xyz 能尽快修复这个问题。",0,1,8,16814,7.0,Perp DEX 量化做市与无损刷量：edgeX 帕拉梅拉 200k 战役、Backpack/Paradex/Aster 六大协议脚本工程化,
2000569462505058675,Mon Dec 15 14:11:43 +0000 2025,@namdongX I’d prefer a second airdrop based on trading volume after the open season. Because I’m still trading on edgeX even without points🤩,0,0,1,1020,5.2,Perp DEX 量化做市与无损刷量：edgeX 帕拉梅拉 200k 战役、Backpack/Paradex/Aster 六大协议脚本工程化,
2000557359060685166,Mon Dec 15 13:23:37 +0000 2025,"欢迎加入我的 Telegram 社群，加入 grvt @grvt_io 的社群专属交易竞赛！

每次一放公开的tg链接就有一大堆骗子和广子进来，所以想要加入 tg 社群的可以私信我推特或者tg(也是@ yourquantguy)，我一个个手动拉。",0,0,4,6524,4.4,Perp DEX 量化做市与无损刷量：edgeX 帕拉梅拉 200k 战役、Backpack/Paradex/Aster 六大协议脚本工程化,
2000498900130472081,Mon Dec 15 09:31:19 +0000 2025,"大家可能等 perp dex 发币等得魔怔了

现在关于 Lighter 的女巫传言越来越夸张，Discord 里甚至有人说，看不到排行榜就是被女巫了😂 其实周天更新后所有人都看不到排行榜了。（说明大的要来了）

我觉得Lighter最近的两波女巫做的很好。

Lighter 主要女巫过三类用户：
1. 第一类是 ip 女巫
不得不说这个女巫有点可笑了。项目方想要通过查ip地址以及同一ip地址的账号数量来女巫，以此控制多号刷分的工作室/个人。

这主要是发生在前几个月，也是被大家骂得最狠的。也不知道是因为大家都小心了，还是项目方放宽了规则，最近没怎么听到身边的人被 ip 女巫。

这个女巫规则确实不大有效，真的多号刷的基本都开了指纹和ip隔离，只凭ip地址查，反而误伤了很多用vpn的散户。

目前的官方文档里有明确提到，每个用户（ip）可以有最多10个 Lighter 账号。

2. 第二类是邀请码作弊
在 Lighter 开始公测之前，所有用户都需要用邀请码才能注册，所以不存在这个问题。但是开放公测之后，不需要邀请码也可以注册并开始交易。

邀请人可以收到被邀请人 10%+ 的每周积分，于是有人钻了空子，找办法给本来没有用邀请码的账号加上了邀请码，以此获得每周10%的积分。

Lighter 发现后就把这些账户注册后才添加邀请码的推荐积分女巫了。

这个女巫我觉得没有问题。

3. 第三类是自成交
这一类是 Lighter 一直都严厉打击的女巫，也是唯一在公告中明确具体提及的禁止行为。

什么是自成交？
用户持有两个或两个以上的账户，让其中的一个账户挂单，另一个账户吃单，这样就能0滑点开仓和平仓刷交易量。同时，因为lighter是零手续费，所以这整个过程都是零手续费零滑点，可以几乎零成本拿积分（会有一点磨损，因为具体操作过程中肯定不是100%能够实现的）。

在有些 perp dex 用自成交刷量可能被默许，因为不管怎么样，交易所还是收到了手续费。但因为 Lighter 零手续费的特殊性，对自成交行为进行女巫是合理的。

所以这个女巫我觉得也没有问题。

👉 整体而言，Lighter 从一开始就是偏向散户的。从积分效率来说，交易量越小，交易量/积分 的比例越高，也就是说每一分的成本更低。
虽然几个月前的ip女巫我也不赞同，但出发点确实是想要封堵这个因为偏向散户的积分机制而出现的漏洞。

对于我自己参与 Lighter 的整个过程，唯一后悔的也是没有分号，即使我只分了官方允许的10个号，总分也应该能过万了。

所以大家就别慌了，躺着等空投吧。",0,2,20,14469,7.5,Perp DEX 量化做市与无损刷量：edgeX 帕拉梅拉 200k 战役、Backpack/Paradex/Aster 六大协议脚本工程化,
1998010400357454202,Mon Dec 08 12:42:55 +0000 2025,"今天 @edgeX_exchange 空投了一部分meme币 $MARU，社区里的骂声有点大，我在这里整理目前已知的一些信息：

1. 影响发放的量的因素有：账户的亏损、交易活动、大使或NFT持有者

2. MARU预计在12月12日开放交易

3. 在MARU正式开放交易之前不会再有空投了

4. 在 edgeX 正式TGE之前还会有空投和MARU的奖励

5. 项目方在大使群里说的一句话很有意味：
“When Maru reaches a solid FDV, its future airdrops will become even more attractive.”

综上，我认为 edgeX 对 MARU 的计划是低流通，拉盘，用MARU激励TGE前的交易活动，将热度持续到TGE。

希望 edgeX 会用 MARU 练习一下拉盘，让大家说一声“对不起是我骂得大声了”

(我 $400m 交易量的号拿了八万个，其他一万多个是最近几天交易拿的。）",0,0,12,7784,7.6,Perp DEX 量化做市与无损刷量：edgeX 帕拉梅拉 200k 战役、Backpack/Paradex/Aster 六大协议脚本工程化,tw_1998010400357454202_1.jpg
1997818784690663459,Mon Dec 08 00:01:30 +0000 2025,"分享一个刚发生的 Lighter 的瓜，因为大多数人都已经在睡梦中了，所以可能压根不知道发生过这件事。

Lighter 今年 TGE 的概率在凌晨时突然闪崩到了23%，原因是有人以创始人的口吻 散布假消息，声称将会推迟TGE。

注意，这是假消息！

很多人一看到这个假消息就立马去 Polymarket 下了市价单预测Lighter不会在12月TGE，于是概率从87%闪崩到了23%。

很快，意识到这是假消息的人开始抄底，于是概率马上从23%又拉回了87%。

附上引发这次事件的 假消息：
We've decided to postpone the TGE until the end of January to give everyone a chance to relax during the Christmas holidays. We'll also launch the memecoin and conduct an airdrop immediately after the TGE. Have a wonderful New Year, everyone!

再重申一次，上面这段是有人恶意放出的假消息，Lighter并没有任何推迟TGE的消息。",0,0,18,18079,7.2,Perp DEX 量化做市与无损刷量：edgeX 帕拉梅拉 200k 战役、Backpack/Paradex/Aster 六大协议脚本工程化,tw_1997818784690663459_1.jpg
1995438610997489677,Mon Dec 01 10:23:32 +0000 2025,"花了一整个周末调试代码并测试了5个策略，
其中两个策略做到无损

edgeX 和 Extended 各有一个策略已经可以无损了，但还需要在工作日跑一天测试一下，因为工作日的流动性和周末是完全不同的。

其他几个策略还需要再调试一下 https://t.co/tEZxlKYxHY",0,1,17,14647,6.6,Perp DEX 量化做市与无损刷量：edgeX 帕拉梅拉 200k 战役、Backpack/Paradex/Aster 六大协议脚本工程化,tw_1995438610997489677_1.jpg
2091955394427920433,Mon Aug 24 18:26:47 +0000 2026,"entropy是一个hyperliquid上的hip-3项目，不熟悉hip-3的可以先看一下这条简单介绍：
https://t.co/iKdbBbGfEe",0,1,0,4264,3.4,Perp DEX 量化做市与无损刷量：edgeX 帕拉梅拉 200k 战役、Backpack/Paradex/Aster 六大协议脚本工程化,
2091886348399509630,Mon Aug 24 13:52:25 +0000 2026,"[ etherfi: 最强u卡]

我现在只刷 etherfi 的u卡了，美国的信用卡也不用了。

这是这个月我自己消费的返现，900u
不是反佣，是我的刷卡消费返现。

是真的自己觉得好用才推，尤其是在美元/欧元区

用邀请码有额外的10%返现（根据KYC地区不同，最高$40-$60 额外返现）
消费
https://t.co/vQbLxfkUjs https://t.co/LYyNS6mRZE",0,0,21,19678,5.0,Perp DEX 量化做市与无损刷量：edgeX 帕拉梅拉 200k 战役、Backpack/Paradex/Aster 六大协议脚本工程化,tw_2091886348399509630_1.jpg
2089436748732355052,Mon Aug 17 19:38:35 +0000 2026,"How many points does 16% of all BTC maker volume on @Lighter_xyz Robinhood get you?

 - standard account
 - organic market making on BTC (not self-trading)
 - $11.6M BTC maker volume in the last 24 hours
 - 16% of all BTC maker volume on Lighter

Earned: 2 points 💀

Don’t be like me.",0,1,12,21004,6.4,Perp DEX 量化做市与无损刷量：edgeX 帕拉梅拉 200k 战役、Backpack/Paradex/Aster 六大协议脚本工程化,tw_2089436748732355052_1.jpg; tw_2089436748732355052_2.jpg
1968977565109854385,Fri Sep 19 09:56:48 +0000 2025,"[更新 | 脚本已支持 Paradex ]

继 edgeX 和 Backpack 之后，现在脚本已经支持 Paradex。

Paradex 的投资人背景比较好，目前是 S2，最近刚转型成类似 Lighter 的模式 - 在网页端交易手续费全免，API的maker单也免手续费，但向API的taker单收费，所以我们的这个脚本的订单也全部是maker单，零交易手续费。

这也意味着脚本里设定的take-profit就是每笔交易真实的收益。Paradex的创始人有提到还有几个月才会tge，所以现在开始参与还不算晚。

Paradex的官方 python sdk 对python 的版本要求比较严格，需要是<3.13，所以我单独建立了一个 para_requirements.txt 文档。如果想要用paradex的脚本，需要 pip install -r para_requirements.txt 来安装依赖包。如果你不想刷paradex，那也不会影响到你。

下面是我的邀请链接，本来有10%的手续费返佣，虽然前几天他们已经转型成零手续费，但项目方的人说很快就会给使用邀请码注册的用户推出新的福利，所以还是建议用邀请链接注册。
https://t.co/Yr8KdBSptw

风险提示：这个策略是有风险的！被套了的话，要么认亏手动平仓，要么像我一样扛单。使用脚本之前请认真阅读GitHub repo里的README文档！

我不是为了获取返佣或是关注而去写这个脚本，我确实是自己在用这个脚本，每个交易所都是五位数的本金在跑着。如果分享出来大家觉得有用，那就可以了。",0,5,9,12370,8.3,Perp DEX 量化做市与无损刷量：edgeX 帕拉梅拉 200k 战役、Backpack/Paradex/Aster 六大协议脚本工程化,
2100881387293229464,Fri Sep 18 09:35:29 +0000 2026,"@nicolas4vx @paradex @tradeparadigm Thanks for sharing. I’d suggest building up the order book depth. RFQ is great, but it can still feel like a black box from the user’s perspective, while a solid order book is really the baseline.
I'd never use a product with only 0.02BTC on the order book",0,0,1,719,6.2,Perp DEX 量化做市与无损刷量：edgeX 帕拉梅拉 200k 战役、Backpack/Paradex/Aster 六大协议脚本工程化,
2100860558115319826,Fri Sep 18 08:12:43 +0000 2026,"Derive 的 DRV 代币的价格从年初到现在翻了4倍，时间线里关于 Derive 的声音也越来越多。

Derive 确实是个好产品，也是链上唯一真正能用的期权平台。

但也正是 Derive，在几个月前冻结了我超过 100万u 的账户。

作为一个去中心化的交易所，在我盈利50万u后，Derive 直接把我的地址加入了他们后门的黑名单，限制交易和提现，最终我放弃了30万u的利润才得以提现。

现在想起来，最搞笑的是他们话术。
冻结我账户时：“你违反了我们的服务条款”
我妥协并放弃30万u后：“你确实没有违反我们的服务条款”

现在只希望 Hype 和 Lighter 能赶紧做期权。",0,4,28,17877,8.0,Perp DEX 量化做市与无损刷量：edgeX 帕拉梅拉 200k 战役、Backpack/Paradex/Aster 六大协议脚本工程化,tw_2100860558115319826_1.jpg
1963953719558709465,Fri Sep 05 13:13:49 +0000 2025,"刚才急着去吃饭所以没详细说，在评论区再补充几点。

关于 edgeX：
在这么多 perp dex 里，我目前只在玩 Lighter 和 edgeX。他们两个不管是从交易量，tvl，还是oi来说，都是hyperliquid之后，龙二的竞争者。
玩Lighter是因为零手续费的模式确实是一个特点，也许能因此从众多dex里走出来。
玩edgeX是因为他的社区建设以及tge的预期，尤其是在韩国社区中的热度。项目方也提到过在q4 tge，虽然在没有正式公告之前一切都不确定，但可以大概作为参考。

关于 edgeX 的 API:
需要在 Discord 里开票开通，没有任何要求，开票了就能开通，我等了一天就开通了。

关于 edgeX 的积分：
edgeX的积分非常透明，完全按交易量来分配分数。不论你是秒开秒关，交易BTC/ETH还是山寨币，市价单还是挂单，所有的交易量都生而平等，按照一样的权重分配分数。所以这个刷交易量的策略才能够在edgeX行得通。

关于脚本：
脚本里的参数都可以按照你自己的需求调整，我也会经常调整。
比如你可以把最大单数调整成1单，那么脚本就只会下一单，一直等到当这一点止盈后才会再下一单，否则就一直等着。
你也可以把止盈调成$0.01，这样可以在损失手续费的情况下，在短时间内刷更高的交易量。
你也可以把止盈调成$2，这样每一单不仅可以赚回手续费，还能赚大约0.025%，一百单就能赚2.5%。

目前脚本只支持 ETH 和 BTC，因为我懒，所以有一些地方直接 hardcoded 了，没有调用api来调整一些参数。

🚨最后再提醒一次，请大家为自己的资金负责，确保理解了代码后再运行。如果有任何问题可以私信我，我会很乐意帮助你，但请不要来问我“能不能教我写代码”这种问题。",0,1,3,5509,7.5,Perp DEX 量化做市与无损刷量：edgeX 帕拉梅拉 200k 战役、Backpack/Paradex/Aster 六大协议脚本工程化,
1963922726810267963,Fri Sep 05 11:10:40 +0000 2025,"脚本分享 | edgeX 刷分

先放上 edgeX 的邀请码：https://t.co/AUEWRSNHcZ
使用我的邀请码可以享受以下福利：
1. 直接升级为 VIP 1 的手续费费率
2. 享受10%手续费返佣，每24小时自动结算一次，在edgeX网页上直接领取。这是在 VIP 1 的手续费费率的基础上返佣，所以实际手续费是 0.013%*0.9 = 0.0117%
3. 10%的积分加成

我是在28号开始在 edgeX 上刷分的，用的是和之前分享的币安脚本一样的策略。25000u本金，刷了一周左右，目前3000万交易量，浮亏2000u。因为我是在 ETH $4650 的相对高点开始刷的，有一部分订单被套在了高点，所以说是浮亏。

edgeX的脚本链接放在了文末，但请慎重使用，尤其是对代码不熟悉的朋友。再回顾一下这个策略：
1. 自己选择方向开多或开空
2. 脚本会根据你选择的方向、每单金额、止盈线、最大单数来下单
3. 脚本只挂单，不吃市价单，以此节省手续费

那我自己的设定举例：
python https://t.co/IEO5EFnInf --quantity 0.8 --take-profit 0.9 --direction buy --max-orders 40 --wait-time 450

开看多的订单单，每单 0.8 ETH，当ETH价格上涨$0.9时止盈（刚好覆盖手续费），最多40单，也就是最大仓位是40*0.8 = 32 ETH。每次下单后，如果成功止盈了，就马上再开一单，如果没有止盈，在等待一定时间后再下单。脚本会根据目前的订单数动态调整等待时间：已下的订单数少，则减少等待时间，订单数多（被套牢的多），则增加等待时间。

我用这个设定，ETH 从 $4650 掉到 $4250，都没有被完全套牢过，也就是说，整个过程脚本一直都没有达到最多的40单。

最后再提醒一次：这不是中性策略，如果币价一直跌，是会爆仓亏损的。用这个策略，赌的就是币价会回到你的开仓点。另外，我这个脚本也写得比较潦草，可能偶尔会有仓位和止盈订单不平衡的情况，有一部分原因是edgex的api每2秒只能下4单。所以我设置了如果不平衡超过2单，则自动退出程序。

请谨慎使用，自己做好研究，如果有问题可以私信我。

Github链接： https://t.co/tIPAywGg4O",0,22,19,89551,9.0,Perp DEX 量化做市与无损刷量：edgeX 帕拉梅拉 200k 战役、Backpack/Paradex/Aster 六大协议脚本工程化,
1976448634456563961,Fri Oct 10 00:44:09 +0000 2025,"[开源 Perp DEX脚本更新 | 新增 Backpack <> Lighter 对冲模式]  

Backpack 全网最高自动返佣邀请链接: https://t.co/hPsdi6sDW2 

Backpack 和 Lighter 的对冲模式已正式加入脚本。目前Backpack是第一个支持对冲模式的交易所，后续也会再增加对其他交易所的支持，大家也可以在评论区留言，让我知道你们最希望增加哪一个交易所和Lighter的对冲模式。  

因为时间仓促，没有太多时间测试。我所在的当地时间已经凌晨，所以自己用 0.01 BTC 快速测试了20个循环：
 - 耗时：40分钟
 - 交易量：$48,678 (单所)
 - 交易磨损：-$6.78 (-0.014%)
 - 手续费磨损：大家可以根据自己的手续费计算 (手续费 * $48,678)  

不知道为啥，几个目前最热门的新交易所里，Backpack的交易量也不低 ，但挂单是最难成交的。从上面的数据里也可以看出，20个循环共40单，因为Lighter是秒成交的市价单，所以耗时40分钟全部都是在等待Backpack的40个挂单成交，平均每个挂单需要1分钟才能成交，况且脚本已经为了促进成交而每5秒取消一次订单并重新挂到盘口。  

大家也可以把自己的参数和磨损数据放在评论区交流，尤其是如果你试了BTC以外的交易对，这样对我改进/思考新的脚本也会有帮助。  

脚本逻辑： 
1. 在 Backpack 以 post-only 的挂单开仓 
2. Backpack的挂单成交后马上在lighter以市价单开对冲单 
3. 在 Backpack 以 post-only 的挂单平仓 
4. Backpack的挂单成交后马上在lighter以市价单平仓  

示例命令行： python hedge_mode.py --exchange backpack --ticker BTC --size 0.01 --iter 20  

参数解释： 
 - exchange: 交易所，目前仅支持 backpack 
 - ticker：交易对，建议选择流动性好的，比如BTC，两个原因：1. 挂单容易成交， 2. lighter市价单磨损小 
 - size：每单的数量，比如 0.01 就是 0.01 个 BTC，一般来说，每单的数量月越小，磨损也越小，因为Lighter的市价单的滑点会变小
 - iter：循环次数，比如 20 就是将交易逻辑中的四个步骤循环20次，在单个所进行40笔交易  

如果大家发现有bug或注意到有什么问题，欢迎反馈。谢谢！  

脚本GitHub：https://t.co/4A0l5ABsoC 

私信我加入TG交流群（不发公开链接是为了防骗子和广告）。我先去睡了，醒来回复私信。  

脚本以交流为目的，使用脚本交易有风险，请自行评估，为自己的资金负责。",0,13,20,15872,10.0,Perp DEX 量化做市与无损刷量：edgeX 帕拉梅拉 200k 战役、Backpack/Paradex/Aster 六大协议脚本工程化,tw_1976448634456563961_1.jpg; tw_1976448634456563961_2.jpg
1994349522101604689,Fri Nov 28 10:15:53 +0000 2025,"@xuan_shao98616 @edgeX_exchange 刷交易量是因为交易所会根据交易量给用户积分，积分可以换取空投，空投可以变现。
中性套利指的是策略对于标的价格是完全对冲的，不管是涨还是跌，都不会有亏损。

如果你还不理解，最好的办法是和 chatGPT 聊一聊",0,0,0,986,6.0,Perp DEX 量化做市与无损刷量：edgeX 帕拉梅拉 200k 战役、Backpack/Paradex/Aster 六大协议脚本工程化,
1991828004474163243,Fri Nov 21 11:16:17 +0000 2025,@o7web3 @edgeX_exchange 代码框架都是自己写的，只用AI帮忙写具体的任务。没炒币我觉得纯粹是性格原因了，risk aversion 超高，炒不了币，亏10u就能哭一天,0,0,2,521,4.6,Perp DEX 量化做市与无损刷量：edgeX 帕拉梅拉 200k 战役、Backpack/Paradex/Aster 六大协议脚本工程化,
1991816781397147757,Fri Nov 21 10:31:41 +0000 2025,"[给程序员朋友们的一条推]

熬夜打码赚的钱，又亏回去不少吧？

趁现在心里难受，

趁现在心里有发奋图强想要赚钱的决心和动力，

还没有看我这两篇关于 @edgeX_exchange 分享的程序员赶紧去学习，然后行动起来吧

其实我每分享一次，就是在压榨一点自己的收益空间，可能没有那么明显，但从宏观来看，套利的“利”就是有限的。但我觉得我作为一个非科班程序员（大学的时候学的是金融，全靠工作建立的技能），这可能是“写代码”这个技能带给我最好的福利了，所以实在忍不住不分享，帮助其他会写代码的朋友。

[alpha 和 beta]
在传统金融市场，最常提到的词可能就是 “alpha” 和 “beta”。

beta 是指和市场一样的收益风险比，大盘涨你赚钱，大盘跌你亏钱。任何人买指数基金都能拿到 Beta，所以 Beta 的收益不叫“能力”。

alpha 是指超过市场基准的那部分收益，也就是凭本事赚的钱。

所以当你赚钱时，有时候应该反问自己：
这钱为什么是我赚，而不是别人？
因为你研究得更深？
因为你更快？
因为你有信息优势？
因为你某方面比别人更强？
还是… 只是运气？

这是我在第一篇文章里重点提到过的一件事：
认识自己，是最重要的认知之一。

作为在币圈的程序员，可能你的资金不如别人，你的资源不如别人，但别忘了，整个币圈都是建立在代码上的，都是“虚拟货币”。如果你是一个程序员而你没有通过写代码来赚钱，你就是没有认识到自己的“alpha”。

可能你有别的 alpha，但作为程序员，“会写代码”可能是唯一可以 100% 确定的属于你的 alpha。",0,7,21,21481,7.4,Perp DEX 量化做市与无损刷量：edgeX 帕拉梅拉 200k 战役、Backpack/Paradex/Aster 六大协议脚本工程化,
1989318157480190125,Fri Nov 14 13:03:03 +0000 2025,"这种大波动的行情是程序化套利最舒服的时候

本来计划今天分享关于我在 @edgeX_exchange 套利的下篇，但实在是没来得及写完，只能今晚加班写明天再发了。

也是没想到 edgeX 在这两天这种行情里，TVL 和 交易量 还都破了新高。 https://t.co/fJZXSCp3nD",0,7,5,32012,7.0,Perp DEX 量化做市与无损刷量：edgeX 帕拉梅拉 200k 战役、Backpack/Paradex/Aster 六大协议脚本工程化,tw_1989318157480190125_1.jpg; tw_1989318157480190125_2.jpg
2055192837243994172,Fri May 15 07:45:30 +0000 2026,"[ 用 $HYPE 治好了 $LIT 的伤 ]

今天把HYPE都清了，然后把空投剩下没卖的LIT也都卖了（准确地说是套保了，因为我还有资金在Lighter的金库）。

故事前情在引用的推特里已经说得很清楚了，大概就是LIT空投拿了不少，一直没卖，跌到$1.9才卖了一半，并开始定投HYPE（当时HYPE大约$31）。

不要嘲笑我只“定投”了三个月就纸手跑了😂，每个人的投资风格不同，三个月接近50%的收益，对我来说足够了。

回顾最近的几次空投，Lighter是大错特错，空投前计划好了不管怎么样都开盘卖一半，结果后来涨到$3.2都没卖，还好听劝，跌破$2之后在$1.9卖了一半。当时确实情绪上脑，被情绪控制了理智。

但也算是给我敲了个警钟，后面Backpack和edgeX的空投都执行得非常好。Backpack开盘的时候市价盲砸（开盘的时候BP卡住了，连k线和订单簿都显示不出来），结果运气好直接砸在了最高点。

edgeX则是按照计划，从最初的按照27u/分场外出了三千分，到盘前套保，再到TGE前的链上LP（手续费赚了2万u），最后一路涨一路卖，最后两万个币卖在了$1.4的最高点。

长期来说，我还是非常看好Hyperliquid，目前币圈里最有价值的链上项目。但从我一个非交易员的交易角度来看，3个月赚到50%，且完全覆盖了Lighter空投没卖而失去的潜在收益 - 可以见好就收了。",0,0,10,15623,7.5,Perp DEX 量化做市与无损刷量：edgeX 帕拉梅拉 200k 战役、Backpack/Paradex/Aster 六大协议脚本工程化,
2032416333170704884,Fri Mar 13 11:19:48 +0000 2026,"@Alvin0617 edgeX和Backpack在3月交出成绩单后对Var的估值影响应该也会挺大的
希望大家都好😭 毕竟3月后Var就是全村的希望了",0,0,1,487,4.2,Perp DEX 量化做市与无损刷量：edgeX 帕拉梅拉 200k 战役、Backpack/Paradex/Aster 六大协议脚本工程化,
2032386266625409526,Fri Mar 13 09:20:20 +0000 2026,"Backpack的积分页面又多了个“Limbo Period”，我猜这个期间的交易量应该会有某种形式奖励，毕竟积分结束后还在交易的应该“长期真实用户”多一点，且阿玛尼要“奖励长期真实用户”。

不说了，得去把我昨天刚停的服务器再开起来了。 https://t.co/OY9Ms4hr06",0,1,1,2272,5.8,Perp DEX 量化做市与无损刷量：edgeX 帕拉梅拉 200k 战役、Backpack/Paradex/Aster 六大协议脚本工程化,tw_2032386266625409526_1.jpg
2032247596656574469,Fri Mar 13 00:09:19 +0000 2026,"[ 那我们这些撸空投的算什么呢？是唯利是图的去中心化天使投资人 ]

去查这些数据是因为Backpack的创始人阿玛尼在直播中提到两件事：
1. Lighter 和 Paradex 的代币开盘价格
2. 撸空投散户 vs. 撸空投工作室 vs. 真实用户

阿玛尼直播时在屏幕上展示了Lighter和Paradex的代币价格，LIT从开盘的$2.5左右跌到了今天的$1出头一点；Paradex的DIME则从开盘的$0.15在3分钟内被砸到$0.04。我不能准确记得他逐字的原话，但意译一下，大概是：
“如果他们开盘的价格低一点，让市场自己价格发现，虽然我们无法预测对最终的币价会有什么影响，但至少他们的舆论会好一些”。

我觉得他说的没问题，因为这就是从团队的角度出发，可以做的选择之一。

其实不管哪种做法都是赌:
- Lighter赌的是可以保持热度，支撑住价格
- Paradex赌的是市场认可他们$0.15左右的价格，否则项目方也不会在TGE前花$8M 以 $0.2 的价格回购了积分，对应代币总量4.4%
- 而阿玛尼的想法赌的是Backpack长期的向上发展以及市场的价值发现，不论开盘价格多少，长期来说会给 Backpack 一个合理的价格，所以没必要可以追求TGE的价格

这也和阿玛尼提到的另一点相关：撸空投散户 vs. 撸空投工作室 vs. 真实用户

项目方花力气维护开盘价格，不说对项目长期来说究竟是好是坏，有一点是肯定的：这对开盘就抛的撸子们是好事。

而阿玛尼一直说的都是“奖励长期真实用户”。

作为一个纯撸子，我还是不觉得阿玛尼的说法有问题。作为一个企业，用户当然是最重要的。

那我们这些撸空投的算什么呢？是唯利是图的去中心化天使投资人。

我们在一个个项目还是零的时候就开始入场，不管是刷perp dex的手续费，还是那些defi项目的存款。真正看好的不是项目，不是产品，而是潜在的收益，来自于空投的收益。当然，产品的好坏是潜在收益里重要的一部分，但事实上，在产品烂，甚至没有产品的情况下，依然会有高收益的空投。

币圈没有撸空投的人就像是科技行业没有VC，而不设立空投机制的项目就像是不接受投资的企业。

一个项目，既然设立了积分/空投的机制，那么被撸（被投资）是理所当然的。但一个项目怎么对待这些去中心化天使投资人，就是大家常说的，看项目方的“格局”了。即使我们眼中的“格局”与项目方的“格局”与长期支持者的“格局”是完全不同的。

说这么多，不是想讨论个“对错”，反而是想说这其实是没有“对错”的。只要没有刻意的对立，比如对撸空投的在TGE时设立不友好的规则、恶意地去割长期支持的用户，等等这种恶意行为。

看完直播后，我在预测市场买了两万多u的 Backpack FDV 500M 的 NO，从60%买到了66%。

希望我是错的，因为如果真的超过了500M，我手里的积分增加的价值会远远超过这2万u。",0,1,14,6516,7.5,Perp DEX 量化做市与无损刷量：edgeX 帕拉梅拉 200k 战役、Backpack/Paradex/Aster 六大协议脚本工程化,
2032247593149911046,Fri Mar 13 00:09:18 +0000 2026,"每一个有积分的交易所都会经历积分停止后的阵痛 | 听完 Backpack 创始人阿玛尼直播后的想法

[Lighter]
Lighter上的交易量最高峰在11月的时候，周交易量有$70B，TGE后1月的周交易量在 $25B 左右，下滑64%。

以Hyperliquid作为市场标准，11月的交易量在 $65B 左右，1月的周交易量在$40B左右，下滑42%。

现在看来比起其他交易所，Lighter 在 TGE 后交易量其实并没有非常夸张的下滑，已经算是优等生了。主要是因为大家对S3的期待以及 Lighter 成功的 TGE。但随着币价下滑以及完全没有消息的S3，不管是交易量、OI还是TVL，都逐渐下滑。

Lighter上周的交易量为$15B，比起最高峰11月的 $70B 下滑78%；而上周Hyperliquid是$51B，比起11月的 $65B 下滑25%。

[Paradex]
Paradex在一月底赛季结束后，日交易量在两天内从 $2.4B 掉到 $400M，下降83%。

即使目前还在进行S3，但是在糟糕的TGE后，日交易量最低仅有$78M，与上赛季最后一天的$2.4B相比，下跌97%。

Paradex就已经不是阵痛了，可以说是确诊绝症了。除非有奇迹出现，不然就只是活多久的时间问题了。

[Backpack]
作为这一轮里唯一一个混在一众DEX里的CEX，Backpack在3月11日结束了积分，昨天(3月12日)是第一个没有积分的交易日。

从背包里拿出成绩单：-71%。3月11日的交易量为 $985M，3月12日的交易量为 $283M。

积分的结束立刻导致交易量71%的下滑。",0,0,8,15044,8.4,Perp DEX 量化做市与无损刷量：edgeX 帕拉梅拉 200k 战役、Backpack/Paradex/Aster 六大协议脚本工程化,tw_2032247593149911046_1.jpg
2029874603611328948,Fri Mar 06 10:59:53 +0000 2026,"[ Perp DEX 两周后再总结，没想到还能更差 ]

[Variational]
先重点说一下 Variational，我太惨了。
上周刚测试完各种策略，放了10万u，$21M 交易量，盈利30u，再加上亏损退款和点差退款收入277u，一共300u。几个策略的综合年化16%，再加上送的积分，非常舒服了。

策略就是零损刷交易量拿分，然后靠亏损退款赚现金。

本来想这周开始从策略里调几个收益高的开始稳定跑起来，但是没想到这周项目方就改成一个号一周只能亏损退款一次了。好了，这下得全部策略都推倒重来，重新测试了。

[Backpack]
(我知道Backpack是CEX，别再来教育我了🤣)
现在我唯一还在亏损刷的就只有 Backpack 了，反正也只有最后一周了。

虽然是亏损，但目前的成本是 $0.05/分，反撸是不可能的。原来发币的预期是 $0.3/分，现在开盘有个 $0.15 我就满足了。

[其余的Perp Dex]
edgeX 停了；
grvt只存款不开仓，拿11%的利息，连仓位的OI分都不要了；
Paradex 结束了，多亏了tge前 $0.2/分 卖了不少；
Extended 本来想重新开始做一下套利，但是套利必须得多号小单，看看Polymarket上的FDV概率，还是不折腾了；
Ethereal 的仓位还开着，拿10%的利息，主要是懒得平仓折腾，就放着吧；
Lighter 的S3看项目方的回复，感觉是遥遥无期，我预计就算追溯也不会给太多，反正是套利，如果有分就当是送的吧；",0,1,17,15970,7.5,Perp DEX 量化做市与无损刷量：edgeX 帕拉梅拉 200k 战役、Backpack/Paradex/Aster 六大协议脚本工程化,
1938629247662231572,Fri Jun 27 16:03:25 +0000 2025,@cishangjia19674 先在binance下maker单，成交后再马上下lighter的taker单，中间的延迟不到50毫秒,0,0,3,1648,3.4,Perp DEX 量化做市与无损刷量：edgeX 帕拉梅拉 200k 战役、Backpack/Paradex/Aster 六大协议脚本工程化,
1938588008736862435,Fri Jun 27 13:19:33 +0000 2025,"最近还是不务正业地在捣鼓 Lighter 上的套利，来分享一下进展和实测收益数据。

代码已经稳定运行了快一星期了，但套利交易的策略一直在调整，主要在找一个下单量和每单盈利率的一个平衡点，另外还增加一些方便的功能。

策略很简单 - 利用交易所之间的差价，在一边开多，一边开空，等价格收敛后再关仓。在一般情况下，因为手续费的原因，这个套利散户很难做，尤其是像ETH和BTC这种流动性好，滑点低的。之所以能在Lighter上做，是因为 Lighter 没有手续费，且Binance上的USDC合约的maker也不收手续费。在两边都不需要手续费的情况下，套利空间就一下子变大，让我这种非专业选手也能参与一下。

这周的进展：
1. 增加了可视化的 dashboard 来方便追踪。（图1）
2. 写了一个 telegram bot 可以收到每一笔交易的推送，同时也支持发命令来终止交易程序，方便出门时处理突发状况。（图2）
3. 把交易策略的参数从固定参数改成了根据市场情况变化的动态参数，有利于抓住每一个可套利的机会。
4. 抓了近一周的 order book 的数据，周末可以研究一下其他币种的套利可能性。

目前的一些数据：
1. 收益：从第一张图里可以看出，运行了10小时，APR约22% ，计算 APR 时已经把两边交易所的保证金（共13万）都算了进去，所以是真实APR。
2. 交易量：我目前在跑 ETH 和 BTC，两边加起来一天大约150万的交易量，一周大约1000万，但目前还没有完整地跑过一周，这个数字只是估算。
3. Lighter 积分：因为还没有完整地跑过一周，所以暂时也没有具参考意义的数据，据说taker的积分会比maker少，尤其是像我这样频繁开关仓的。

等下周二Lighter分发积分后我会第一时间分享，也希望正在参与 Lighter 的朋友可以分享一下大概的交易习惯，交易量，以及拿到的积分，大家可以一起试着归纳总结一下。

下一步：
目前策略和代码都调整地差不多了，等稳定运行几天后就就开始加大杠杆，正式开跑。我目前的杠杆只开到了1.5x，所以加大杠杆后利润空间还很大。",0,30,20,53015,10.0,Perp DEX 量化做市与无损刷量：edgeX 帕拉梅拉 200k 战役、Backpack/Paradex/Aster 六大协议脚本工程化,tw_1938588008736862435_1.jpg; tw_1938588008736862435_2.jpg
2017194001045025086,Fri Jan 30 11:11:42 +0000 2026,"edgeX 刚更新了规则。。。

不再有MARU奖励，所以总收益减少 3.3% 左右

另外，增加了支持的现货种类，但除了ETH以外，都有XP奖励的限额。 https://t.co/UVnBxuljHw",0,1,1,2709,4.8,Perp DEX 量化做市与无损刷量：edgeX 帕拉梅拉 200k 战役、Backpack/Paradex/Aster 六大协议脚本工程化,tw_2017194001045025086_1.jpg
2017171583542977009,Fri Jan 30 09:42:37 +0000 2026,"[ 又一个年化20%的 perp dex 理财 ]

目前我自己是在 edgeX 放了 100 ETH 的现货，在币安用USD1作为保证金开了空单套保。

在 edgeX 100 ETH 的收益：
 - 固定 $5000/XP，所以每天大约 55 XP。按照 edgeX 1B 的 fdv 估算，每1 XP 大约值 3u，所以每天收益165u。
 - 还有固定 $5000/20 MARU，也是每天分发。MARU 按照 $0.044 算，每天收益 50u。
 - 每天的总收益215u，年化28.5%

在币安的套保收益：
 - 用USD1作为保证金，配合目前USD1的活动，年化就当作10%来算吧
 - 空单合约的资费大约3%-6%
 - 如果按照一倍杠杆算，币安这边的收益就在年化 13%-16% 左右

两边的整体收益在年化 20% 左右

币安那边可以有更多操作来提高收益率，比如用usd1杠杆借出usdt再循环一遍，但我就懒得搞了。",0,11,10,30790,8.5,Perp DEX 量化做市与无损刷量：edgeX 帕拉梅拉 200k 战役、Backpack/Paradex/Aster 六大协议脚本工程化,
2006914460800397783,Fri Jan 02 02:24:28 +0000 2026,"[ 2025 总结(二)  美股 ]

今年最主要的投资收入依然是美股。

我的收益：27.61%； S&P 500: 16.65%
我的最大回撤：12%； S&P 500: 19%

今年下半年几乎没操作，因为把精力都放在了 Perp DEX，一直靠着上半年建的仓位在吃老本。

为今年收益做出重大贡献的几个仓位：
1. 年初低位买入的 TSLA
2. 从24年开始持有的 HOOD
3. 一直都持有着的 GOOGL
4. 从24年开始持有的 SLV

对于美股，我的目标一直都是：比 S&P 更小的回撤，与 S&P 一样或更高的收益。所以我几乎所有的仓位都有 protective put, covered call 或是 collar 作为保护。

对于像我一样生活在海外，对税务比较敏感的人来说，用这些简单期权作为工具的另一个好处是: 通过 tax-loss harvesting 来暂时避税。每个地方具体的税法不一样，但通常来说，roll 一个期权到不同行权价和行权日期，不算 wash sale。因此，假设你有一个计划长期持有的 covered call，在本股涨了的情况下，call options 必定亏了，这时候就可以把 call 给 roll 一下，实现亏损来抵消账户已有的盈利。

今年学习到的新经验：
即使是好的 trade 也需要谨慎的仓位管理，尤其要考虑到 tail risk 对心态的影响。
这个经验主要从币股相关的几个交易得来的：
1. MSTR DEC 17'27 $15 SHORT PUT ($1.5 premium)
2. BMNR JAN 21'28 25 SHORT PUT ($10 premium)
3. COIN JAN 21'28 350 SHORT PUT ($110 premium)

这三笔卖 PUT 的交易本身我依然觉得是好的，也是我目前依然持有的。对我自己来说，操作这样的标的时的仓位管理是我新学习到的，因为以前从来没有交易过和币圈相关的股票。尤其是 MSTR 和 BMNR，tail risk 比普通的股票高得多，所以当这两个股票大跌的时候，心里就会嘀咕 “是不是我低估了归零的可能性”。

现在反思后觉得，交易本身没问题，但是我的仓位太重了，因为交易的时候没有想到“当心态发生变化的时候，对tail risk 的判断也会发生变化，从而进一步影响心态”。",0,7,13,12299,9.2,Perp DEX 量化做市与无损刷量：edgeX 帕拉梅拉 200k 战役、Backpack/Paradex/Aster 六大协议脚本工程化,tw_2006914460800397783_1.jpg
2022264581578518946,Fri Feb 13 11:00:22 +0000 2026,"[ 分享一个 Alpha，一鱼三吃 ]

其实就是 Ethereal @etherealdex ，但今天的 Alpha 是来自 Ethena 最近才开展的 Ethena Exchange Points 活动。

先说哪三吃：
1. Ethereal 仓位现金奖励：之前已经介绍过在 Ethereal 开仓可以拿现金奖励，这周按照3倍BTC和3倍ETH的仓位，依然可以拿到15%的真实现金收益。

2. Ethereal 积分：在此基础上，还可以拿到Ethereal Points，在未来TGE时可换取代币。

3. Ethena Exchange Points：在此之上，Ethena 又开展了 Ethena Exchange Points，给我们又叠了一层收益，这里就重点介绍这个活动。

简单地说，就是 Ethena 为了支持以 USDe 为基础的 perp dex，为 Etherela 和 HyENA 两个交易所办了个持续6个月的活动，在这两个交易所交易可以拿到Ethena Exchange Points，最终这个积分可以换取ENA。活动已经开始，追溯到了12月。

Ethena Exchange Points 每周可以拿到的分数刚好是 Ethereal Points 的一半。

那么，问题来了，这个积分值多少钱呢？

首先，除了Ethena最终会分配的ENA数量暂时不确定，其他数据都是公开的。根据我从各方面获得的信息，Ethena预计分配0.5%的 ENA 给这次的活动。

最后算下来，每10万 Ethena Exchange Points 可以拿到大约3000个ENA，按照现在的价格，就是330u左右。

上周我用10万u开的3倍多BTC，3倍空ETH，并在另一边完全对冲，拿到了14.5%的年化收益，25万分Ethereal points，12.5万分 Ethena Exchange Points。

12.5万分 Ethena Exchange Points 对应大约400u，年化 20%

因此最终的收益：
 - Ethereal 仓位现金奖励：15% 年化（如果杠杆更高，最高可以达到27%年化）
 - Ethereal points：不确定
 - Ethena Exchange Points：20% 年化

风险提示：
首先，只要有杠杆就有风险。
其次，“Ethena 最终分配 0.5%”的这个假设，是基于和项目方交流后的一个合理数字，有可能更高也有可能更低，最终还是取决于 Ethena，在 Ethena 正式公告前，谁也不知道最终的奖励会有多少。

目前 Ethereal 还是邀请制，我的邀请链接：
https://t.co/SdDS311OPx",0,6,8,8417,8.3,Perp DEX 量化做市与无损刷量：edgeX 帕拉梅拉 200k 战役、Backpack/Paradex/Aster 六大协议脚本工程化,
2001955762491306318,Fri Dec 19 10:00:22 +0000 2025,"[ Paradex 理财局 | 年化 40% ]

今天 Paradex 出分了，我已经完全把 Paradex 当作理财局了。开了3xBTC多，3xETH空，两个账号对冲。每个账号5万u本金，大约30万u的仓位，但因为BTC和ETH本身的对冲，所以风险并不大，甚至可以再加大仓位。

每个账号每周大约2000分，一共4000分，按照0.18u/分的场外，年化40%左右。但因为现在官方只允许转移75%的积分，所以实际到手的年化是30%。

用我的邀请码可以有额外的 5% 积分加成，以及 20% 的TAP积分(大使邀请链接特权，瓜分代币总量1%的份额)。

邀请链接：https://t.co/Yr8KdBSptw",0,4,10,8203,7.4,Perp DEX 量化做市与无损刷量：edgeX 帕拉梅拉 200k 战役、Backpack/Paradex/Aster 六大协议脚本工程化,
1999519985253614008,Fri Dec 12 16:41:28 +0000 2025,"@gch_enbsbxbs @Lighter_xyz 这个应该不是服务器的问题， 我到现在还没碰到过，一般都是能成功提交但会有延迟，上星期最高能到10秒😂

这个是不是因为你批量提交的订单里有滑点过高的市价单？",0,0,3,2292,3.8,Perp DEX 量化做市与无损刷量：edgeX 帕拉梅拉 200k 战役、Backpack/Paradex/Aster 六大协议脚本工程化,
2090859130642645221,Fri Aug 21 17:50:37 +0000 2026,"[ @Lighter_xyz  Robinhood 发分了 ]

每周五固定发65000分，如果活动持续6个月，按照现在 LIT 的价格，每分大约18u

已知 1100万个 LIT 作为奖励，
每周五固定发65000分，
另外还有每周的实时积分（没有总分可以查询，计算时我用5000分来预估），也就是每周大约7万分。

每分价值 = 1100万 * LIT 价格 /（活动持续周数 * 7万分）

这里面唯一的变量基本就是 活动持续周数 了，按照现在LIT $3 的价格，如果活动持续：
1个月 -> $118/分
2个月 -> $59/分
3个月 -> $39/分
6个月 -> $18/分
12个月 -> $9/分",0,5,28,14671,7.6,Perp DEX 量化做市与无损刷量：edgeX 帕拉梅拉 200k 战役、Backpack/Paradex/Aster 六大协议脚本工程化,tw_2090859130642645221_1.jpg
2088183081970589834,Fri Aug 14 08:36:57 +0000 2026,@xuanotw @Lighter_xyz 做市，给大家提供流动性,0,0,2,1219,3.8,Perp DEX 量化做市与无损刷量：edgeX 帕拉梅拉 200k 战役、Backpack/Paradex/Aster 六大协议脚本工程化,
2088164943342280885,Fri Aug 14 07:24:53 +0000 2026,"[ Robinhood 链上 Lighter 2500万u 的 LIT 激励 ]

@Lighter_xyz 终于又开积分了，但算不上是S3，因为主网没有积分，只有Robinhood链上的Lighter才有积分。

Robinhood链上的Lighter和主网是完全独立的，流动性极差，点差极高，所以逼得我只能去做市了，为你们提供流动性。

这次的积分分为两部分：
 - 实时显示的积分。只要有交易活动，用户就可以实时看到自己的积分在增加。
 - 每周五一次的额外积分。和以前一样，每周五再给每个用户空投一次积分。

另外，在Robinhood钱包app里进行的交易有双倍积分，只不过就是得手动交易了，所以我还是选择了用API进行做市。

说实话，参与其他一些perp dex还不如参与Lighter的这次积分，至少1100万的LIT是实打实的，积分活动也不至于像其他项目一样一直拖TGE。2500万u，按照10%的空投算，就相当于又一个$250M项目的空投了，不比刷一些野鸡交易所的积分来的可靠吗？

直达链接：
robinhoodchain.lighter.xyz/?referral=QUANT",0,1,17,60632,8.5,Perp DEX 量化做市与无损刷量：edgeX 帕拉梅拉 200k 战役、Backpack/Paradex/Aster 六大协议脚本工程化,tw_2088164943342280885_1.jpg
2045195479366213947,Fri Apr 17 17:39:34 +0000 2026,"最近为了方便自己算账，在做一个币圈资产的portfolio tracker。

底层其实就是debank的api，然后加上coinstats对其他链的支持，比如solana.

再加上各个perp dex

再加上各个cex

再加上手动加入一些不支持api的资产

再加上一些额外的功能，比如每天的资产快照，历史总资产走势，每天的资产简报等等。

有了一个大概可用的雏形后，我会全部开源。除了开源的代码，我也会考虑推出一个网页版供大家使用，免去大家自己布置服务器的麻烦，但是会收取一点费用来cover我的成本，因为debank的API是收费的，担心有人来撸我的毛😂

有两个问题请教大家：
1. 技术方面的：Bitget的统一交易模式似乎没法通过API获取包括 Earn 在内的账户总资产？也可能只是我在文档里没有找到？24小时前问了客服，客服也不知道，让我等回复。手动艾特 @xiejiayinBitget 
2. 产品方面的：不知道大家平时在用debank或其他工具的时候，有没有什么会让你觉得“如果有这个功能就好了”的功能吗？

因为我每周会算一次帐，三十多个钱包+各个CEX+各个Perp DEX，实在太花时间了，且没有一个单独的工具能够满足我的需求，所以做这个东西主要是为了我自己算账方便。但是既然代码都写出来了，而且我想应该不止我一个人有这个需求，所以就顺便开源了。

如果你们有什么特殊的需求尽管留言，只要AI能搞定的，不是很离谱的，我都尽量实现 😂",0,3,35,30716,8.2,Perp DEX 量化做市与无损刷量：edgeX 帕拉梅拉 200k 战役、Backpack/Paradex/Aster 六大协议脚本工程化,
