id,date,jev_domain,jev_domain_name,jev_depth,jev_is_substantive,jev_has_rule,is_mental_model,is_featured,likes,retweets,replies,views,text,images_count,local_images,url
2065307748611592676,2026-06-12 05:38:33,mindset_risk,交易心法,2.38,0.95,0.13,🧠 核心思维,⭐ JEV精选,210,21,42,75618,"最近有不少朋友来问我为什么跟crcl杠上了，AI这么火为什么不去追AI？

其实不是跟Crcl杠上了，AI标的和其他山寨币我都在玩，但是在做短线交易，我不可能开个单就发个帖子。

最近我在想的一个问题：如果让我挑一批可以长拿并且现在可以建仓的标的，有哪些要求？符合这些要求的标的有哪些？

想了想，我对于建仓长拿标的的要求是：
1. 持仓周期是至少放心拿3-5年（这个“放心”很重要，因为我自己要足够懂它的周期，或者它自身已经有足够长的时间证明自己，比如qqq）
2. 标的在一个快速增长的市场里，有至少5-10年的可预见增长（有足够的成长股安全垫），且有足够好的护城河
3. 现在价格相对低价（因为如果是长拿就不怕等建仓机会，短线则无所谓，今天追了，下周平了我也无所谓什么估值高低，主要还是看情绪）

在我的认知里（有分歧很正常）：
盘一盘哪些明显不符合以上要求？哪些有些符合？哪些全都符合？还有哪些是我不确定的？

首先明显不符合的：几乎所有中概股，A股，黄金白银贵金属（年初就已经看顶），山寨币（包括eth，eth比较适合做周期波段交易）

符合1和2要求的标的：Apple，Nvda，Google，QQQ，OEF

符合123要求的标的：涉及到3就一定不会是AI相关的标的，而在Crypto赛道，BTC，Crcl（其实我也想把Hype加进去，但严格按这个标准来说，还不是）

那些我不确定的：
存储股：三星，海力士，SNDK，MU。不符合3，符合2，不确定符不符合1
Mag7的其他家：微软，Meta，Tesla，我不那么确定
消费类的价值股：符合1和3，不符合2
AI产业链更细分的就更不在我的开枪范围了，因为我不够懂，比如光通信的Lumentum，Coherent，Nokia，芯片的Marvell，博通，这些跟着qqq的波动做做短线得了，让我重仓梭进去追高我也拿不住，更不会知道什么时候该止损。

现在是crypto每四年一次的播种季，麻将固然好玩，但不能误了农时，不然明年这个时候又要愁下一把麻将钱去哪找了。",0,,https://x.com/Michael_Liu93/status/2065307748611592676
2071440177621561628,2026-06-29 03:46:38,mindset_risk,交易心法,2.23,0.94,0.53,🧠 核心思维,⭐ JEV精选,78,8,2,12702,现在就是把做空键抠掉，然后根据你对底部的判断，去计划抄底时间表的时候。比如你看最低到5w，那就6w、5w、分别抄1/3，然后留1/3到万一跌到4w抄，就算跌不到4w，这部分资金也可以灵活配置，到时候牛初启动了追涨也行。周期底部的时候最忌讳的就是觉得自己能完美判断底，一点容错空间不给自己留的。,0,,https://x.com/Michael_Liu93/status/2071440177621561628
2033738181137600839,2026-03-17 02:52:22,mindset_risk,交易心法,2.12,0.93,0.85,🧠 核心思维,⭐ JEV精选,131,7,38,212681,正好前几天有小伙伴问我怎么看CRCL，就拿这个方法来看大区间的交易机会，走势已经出higher high了，跌了半年多的趋势开始逆转了，你要想进就等个higher low再进，赌不会出lower low，如果出了就止损跑 https://t.co/FqiTp4VV8K,1,images/2033738181137600839_0.jpg,https://x.com/Michael_Liu93/status/2033738181137600839
2033734220678631537,2026-03-17 02:36:37,mindset_risk,交易心法,2.05,0.96,0.19,🧠 核心思维,⭐ JEV精选,182,23,26,66839,"之前聊过这个话题，熊市不要盯着突破做交易，或者觉得某个区间破了行情就来了，小区间的突破放大一个区间你会发现一百个阻力位。

牛市多Bear Trap，熊市多Bull Trap，但趋势是你的朋友，盯着lower high和lower low你就不会对趋势错判， 要做右侧就等趋势变了再去做，在此之前任何突破都当烟雾弹。 https://t.co/ZyFfz95DgV",2,images/2033734220678631537_0.jpg;images/2033734220678631537_1.jpg,https://x.com/Michael_Liu93/status/2033734220678631537
2071437321661256072,2026-06-29 03:35:17,mindset_risk,交易心法,2.04,0.93,0.23,🧠 核心思维,⭐ JEV精选,408,34,35,335162,给大家个建议，就算你觉得还有最后一跌，现在也一定一定不要再空单思维了。没人知道周期底部是5w还是4w，但节奏很关键，假设你6w抄一半，就算极限跌到4万，你再抄一半，平均成本5w只比现在价格跌了16%，但如果这个位置你开着空单，反弹到7w（完全有可能），你同样也是亏16%，而这种反弹会把你的节奏完,0,,https://x.com/Michael_Liu93/status/2071437321661256072
2049203068311584965,2026-04-28 19:04:18,mindset_risk,交易心法,2.03,0.91,0.17,,⭐ JEV精选,20,2,1,5241,今天有人问我为什么我白银看到5开头，却在72附近平了一大半空单。原因是因为我觉得原油短期到顶了，这俩资产近期几乎是完全负相关，所以先止盈一部分，有反弹了再逢高空进去。(蓝色是wti原油价格，蜡烛图是白银 https://t.co/MlTJQujw32,1,images/2049203068311584965_0.png,https://x.com/Michael_Liu93/status/2049203068311584965
2077800519205323180,2026-07-16 17:00:22,mindset_risk,交易心法,2.0,0.93,0.05,🧠 核心思维,⭐ JEV精选,232,24,48,73146,"我发现这波被套在存储上的人全都是盯着低p/e和存储需求仍然很坚挺被套的。

但只要你想明白了今年存储公司利润的暴涨几乎都是asp涨价带来的，你炒存储股跟炒内存条的价格本质上没区别时，可能也就没这么fomo，止损起来也就没这么难了。",0,,https://x.com/Michael_Liu93/status/2077800519205323180
2019441976803037288,2026-02-05 16:04:21,mindset_risk,交易心法,1.99,0.94,0.12,🧠 核心思维,⭐ JEV精选,211,30,23,76159,"这个位置想抄的，不是说不能抄，一定会有反弹，但熊市接针博反弹是个性价比特别差的交易。

熊市越后期反弹越弱。你赌个10-15%的周反弹，但往下10-15%一天就能完成，博反弹不如等反弹空。",0,,https://x.com/Michael_Liu93/status/2019441976803037288
2069985221941060008,2026-06-25 03:25:10,mindset_risk,交易心法,1.98,0.95,0.05,🧠 核心思维,⭐ JEV精选,192,20,101,58254,"趋势的反转需要时间，不管是熊转牛还是牛转熊，越成熟的资产反转需要的时间越久，而相对应的，趋势持续的时间也就越久。但很多人的策略里只有看空和看多的观点，并不包含时间这个因子，有可能你对一个资产的观点是对了，但交易就是做错了，你如果看好一个资产未来5-10年，不应该被未来5-10天的波动影响了决策，相对应的，如果你看好一个资产未来5-10天的价格，就不要被一个资产未来5-10年的叙事洗了脑。

know the timeframe you trade",0,,https://x.com/Michael_Liu93/status/2069985221941060008
1974856132918485201,2025-10-05 15:16:07,mindset_risk,交易心法,1.94,0.93,0.63,🧠 核心思维,⭐ JEV精选,251,35,43,53141,"好早之前就买过的教训，我在币圈有“两不参与”：
1. 永远不参与非套利质押
2. 永远不在第一阶段有造富效应后入场第二阶段（特别是撸毛, 你听过哪个项目一期二期都有大毛的吗？）

本来币圈玩的就是零和博弈的游戏，当大家都挤着去一个地方赚钱，如果都赚钱那谁赔钱呢？",0,,https://x.com/Michael_Liu93/status/1974856132918485201
2092113596360610236,2026-08-25 04:55:25,mindset_risk,交易心法,1.93,0.94,0.33,🧠 核心思维,⭐ JEV精选,473,71,109,55873,"交易上对”精准”的过分追求是一种需要消除的执念，本质上是对个人能力的过于自负，每当我觉得自己比市场聪明的时候，一定就到了要被市场打一棒的时候。

- 6w可能是底，4w也可能是底，不确定，就先抄一半
- 反弹开启了，刚多单赚了一单大的，就别去反手开空了，不是每一个小级别的波段收益都要吃到
-",0,,https://x.com/Michael_Liu93/status/2092113596360610236
1881226646516310396,2025-01-20 06:25:58,mindset_risk,交易心法,1.93,0.9,0.1,🧠 核心思维,⭐ JEV精选,91,9,9,25109,为什么？因为资金热点是轮换的，1个亿跌到了2000w是因为资金热点已经离开了，而想要回来一般需要的时间会比较久，这个时候你如果接盘很容易被持续流出的尾部资金进一步套牢。,0,,https://x.com/Michael_Liu93/status/1881226646516310396
2074042083380269516,2026-07-06 08:05:41,mindset_risk,交易心法,1.92,0.9,0.03,🧠 核心思维,⭐ JEV精选,430,53,88,410038,"我觉得这轮熊市BTC和ETH的底会有很多人抄不到，都在盯着上几轮的跌幅在刻舟，21-22年跌了76%，18-19年跌了84%，14-15年跌了87%，都觉得这轮好歹跌个70%，去4万吧。

但这轮有三个变量跟前几轮不太一样：
1.",0,,https://x.com/Michael_Liu93/status/2074042083380269516
2079520202233131172,2026-07-21 10:53:46,mindset_risk,交易心法,1.92,0.89,0.05,🧠 核心思维,⭐ JEV精选,207,13,58,55265,发这篇的时候满市场都是踩crypto捧ai的声音，btc 59000到今天已经反弹了10%+，隔壁的存储普遍跌了30-40%。如果当时你fomo了从crypto全切去追了存储，大概率现在套牢割不下手，割了也不敢回来追crypto，更可能的是在接下来的半年一直高位补仓AI股等反弹而错过了crypto每轮周期最好的建仓时间。,0,,https://x.com/Michael_Liu93/status/2079520202233131172
2048710724361609370,2026-04-27 10:27:54,mindset_risk,交易心法,1.92,0.95,0.07,🧠 核心思维,⭐ JEV精选,105,8,28,21397,"不管是美股还是港股，成长股变价值股的过程中杀估值都杀的特别狠，如果你在这个转变过程中因为“还挺有性价比的”抄底，那你大概率会抄到半山腰并需要等待很久的时间解套。

如果你不是纯粹的价值投资者，就少关注已实现利润，多关注毛利率（决定了生意的好坏），多关注收入增长（增长快=一白遮百丑）",0,,https://x.com/Michael_Liu93/status/2048710724361609370
2086722881900224627,2026-08-10 07:54:39,mindset_risk,交易心法,1.91,0.92,0.03,🧠 核心思维,⭐ JEV精选,352,58,129,75039,在Crypto和美股之间做交易确实需要思维的切换，币圈可能要花90%的精力去思考博弈视角，10%去想合力视角（只有短期合力没有长期合力），而美股则是90%去思考合力视角，10%在博弈视角。这中间的差异主要在于Crypto几乎都是短线资金，因缺乏基本面或本身基本面极度依赖流动性，所以主要是新闻和博弈驱动，,0,,https://x.com/Michael_Liu93/status/2086722881900224627
2090425189981147464,2026-08-20 13:06:18,mindset_risk,交易心法,1.91,0.91,0.06,,⭐ JEV精选,324,50,89,41294,"开单之前我最常问自己的问题：这是不是一个非共识交易？如果是，那是非共识的标的？还是非共识的价格？我自己为例，过去一年亏钱的交易无一例外全是fomo了充分共识的标的在充分共识的价格。

举几个极强共识但很多人亏钱的例子：
-",0,,https://x.com/Michael_Liu93/status/2090425189981147464
1854044322699919692,2024-11-06 06:13:07,mindset_risk,交易心法,1.91,0.89,0.45,,⭐ JEV精选,46,1,10,13823,这几个小时记得去把赌trump的交易止盈掉，好的止盈点可能是现在到三四个小时后宾州的票统计完成前后。市场现在完全price in trump上台，晚上如果有争议，容易回落。尤其是大家可以看一下obama的置顶，这已经给后面要recount反击打好预防针了，我现在正在看bloomberg https://t.co/91PrKk8MHU,1,images/1854044322699919692_0.jpg,https://x.com/Michael_Liu93/status/1854044322699919692
2093215147406102872,2026-08-28 05:52:35,mindset_risk,交易心法,1.9,0.91,0.09,🧠 核心思维,⭐ JEV精选,557,83,111,203308,其实每轮周期的btc底都挺像的，底部旱地拔葱拉根20-30%的针，然后横盘1-3个月洗筹，就算抄到绝对底部的，如果没点耐心，也基本就在第一根20%涨幅之后横盘的那几个月就把仓位出掉了，之后就是一路向上。 https://t.co/qwCehvDccn,3,images/2093215147406102872_0.png;images/2093215147406102872_1.png;images/2093215147406102872_2.png,https://x.com/Michael_Liu93/status/2093215147406102872
2091411866769912061,2026-08-23 06:27:00,mindset_risk,交易心法,1.9,0.94,0.37,,⭐ JEV精选,124,5,101,24437,短期关注的几个买盘的支撑位，破了才有画门的可能，不破之前仍然看反转。所以你要是赌画门想做空，不如等破了追空，这个位置做空，很容易被震荡打损的。,2,images/2091411866769912061_0.png;images/2091411866769912061_1.png,https://x.com/Michael_Liu93/status/2091411866769912061
2074043838872879443,2026-07-06 08:12:39,mindset_risk,交易心法,1.9,0.82,0.11,,⭐ JEV精选,23,0,0,4928,@long68888 假设你是对的，6w到4w持续dca，最后成本价在5w左右，底部企稳之后第一根启动针就回本了，假设6w是底，启动到8w了，等最低点的人就永远不可能再上这趟车了。,0,,https://x.com/Michael_Liu93/status/2074043838872879443
1923793610505703894,2025-05-17 17:31:53,mindset_risk,交易心法,1.9,0.84,0.81,🧠 核心思维,⭐ JEV精选,5,0,2,1552,@crypto_biubiu 那干脆就分仓分个5份，每份爆仓即止损，爆了就不许再碰这个标的了,0,,https://x.com/Michael_Liu93/status/1923793610505703894
1920476751752208718,2025-05-08 13:51:53,mindset_risk,交易心法,1.89,0.92,0.35,🧠 核心思维,⭐ JEV精选,140,18,12,30799,"延伸一下，开单以后走向一旦开始跟设想的不一样，心里开始“虚”的，这种单的结局几乎没一个好的。

“虚”就是潜意识告诉你，其实开单的那一刻你并没有想好你的开单理由是什么、交易计划是什么，这个时候最不该做的就是去扛单甚至加注摊成本，而是止损。",0,,https://x.com/Michael_Liu93/status/1920476751752208718
2056818061068669234,2026-05-19 19:23:34,mindset_risk,交易心法,1.89,0.72,0.16,🧠 核心思维,⭐ JEV精选,53,3,0,9424,"反映出的问题 
1. 被一个宏大的叙事所裹挟（过于听信公开的“故事”）
2. 听朋友cx（信息源滞后且没自己的主观想法）
3. 大多情况是追高或者抄了第一根下跌针（容易Fomo）
4. 原定的交易计划是涨20%-30%就出（没搞明白盈亏比）
5. 结果买完就山顶站岗，然后说服自己是价值投资（不会止损）
6.",0,,https://x.com/Michael_Liu93/status/2056818061068669234
1821559487972745713,2024-08-08 14:49:59,mindset_risk,交易心法,1.89,0.91,0.11,,⭐ JEV精选,45,6,8,49883,不管你现在多么不看好后市，千万不要做空，美股过去快40年一共三次vix超过60的事件，一次是2008年，一次是2020年，一次是前几天，08年和20年那两次都是接近绝对底部，后面发生什么大家也都知道了，最近太多kol跳出来说看空后市了，他不对你的钱负责，但你自己要对自己的钱负责。 https://t.co/dlqEngV6gZ,1,images/1821559487972745713_0.jpg,https://x.com/Michael_Liu93/status/1821559487972745713
1575002131454914562,2022-09-28 05:59:04,mindset_risk,交易心法,1.89,0.78,0.02,,⭐ JEV精选,8,0,2,0,无意翻到了18年写的区块链投资策略的deck，站在未来去看过去的预测总是很耐人寻味，像是突然被拉回到了那个时空。回过头来看，当年的预测大致是对的，但先后顺序搞错了，显然高估了成熟企业在新技术上的创新速度，而低估了startups与社区驱动的应用创新和迭代的速度，更低估了用户对新形态产品的接纳度 https://t.co/TkJg23JxCt,1,images/1575002131454914562_0.jpg,https://x.com/Michael_Liu93/status/1575002131454914562
1985954570468802851,2025-11-05 06:17:21,mindset_risk,交易心法,1.87,0.95,0.64,,⭐ JEV精选,660,100,81,347777,"给所有空军三条建议，如果你记不住，就打印下来贴电脑前：

“永远不要因为价格涨了多少而空，而要因为控筹不好而空”

“如果你不确定控筹情况，就不用空”

“不要关注价格离你的爆仓价还有几倍，控筹足够好的情况下，这个数字没有任何意义”",0,,https://x.com/Michael_Liu93/status/1985954570468802851
2037580257008746992,2026-03-27 17:19:24,mindset_risk,交易心法,1.86,0.91,0.76,,⭐ JEV精选,94,3,20,36690,这不，交易机会来了，之前fomo circle的，可以支撑位接，破位了跑。交易耐心点，再好再fomo的标的都会给至少一次确认higher low的上车机会。 https://t.co/ULZKHs8NYV,1,images/2037580257008746992_0.jpg,https://x.com/Michael_Liu93/status/2037580257008746992
2029455896770953417,2026-03-05 07:16:05,mindset_risk,交易心法,1.85,0.93,0.4,🧠 核心思维,⭐ JEV精选,302,53,70,59447,"说个上轮亏了不少钱买到的教训：
“熊市多单不要做右侧，空单可以做，牛市则反过来”

熊市多画门，抄底的人也都很纸手，上方还有套牢盘等着砸 https://t.co/ZCaplAuy23",1,images/2029455896770953417_0.png,https://x.com/Michael_Liu93/status/2029455896770953417
2081952186683326582,2026-07-28 03:57:36,mindset_risk,交易心法,1.83,0.93,0.14,🧠 核心思维,⭐ JEV精选,1230,128,160,226622,你得去找下一个暴涨的东西，而不是等已经暴涨的东西开跌两周就抄进去，大趋势破了之后，上方全是套牢盘和卸杠杆的，逢高空比接飞刀博反弹的策略要好很多。币圈是这样，黄金是这样，存储也是，而我还真认识10w抄btc，5000抄黄金，1500抄海力士的朋友。,0,,https://x.com/Michael_Liu93/status/2081952186683326582
2029463226220724545,2026-03-05 07:45:13,mindset_risk,交易心法,1.83,0.84,0.26,🧠 核心思维,⭐ JEV精选,3,0,1,1276,@0xMorfly 如果我是昨天晚上右侧追多的，我就不会拿过夜单了，这个位置把止损放成本位很容易被插到，插到那也并不改变向上形态,0,,https://x.com/Michael_Liu93/status/2029463226220724545
1909704663169220709,2025-04-08 20:27:26,mindset_risk,交易心法,1.82,0.94,0.04,🧠 核心思维,⭐ JEV精选,277,31,64,131640,"再强调下：“市场是预期的奴隶”。当短期所有利空都被翻出来了的时候，你就当市场已经充分price in了它就行了。

所以在当下做交易决策的逻辑链一定不应该是：“这么高的关税，中美经济得崩的多厉害？”

而是“还有什么新的利空是可在现在去预期的吗？”",0,,https://x.com/Michael_Liu93/status/1909704663169220709
1857089352532148345,2024-11-14 15:52:59,mindset_risk,交易心法,1.81,0.87,0.22,🧠 核心思维,⭐ JEV精选,139,12,32,30863,最近看到太多卖飞的故事了，为什么你金狗永远拿不住？对大部分人来说是因为太贪婪，上了让自己不舒服的仓位，你抽10%-20%的资金去分散投meme永远不会拿着不舒服。资金再小也慢慢来，投机跟赌博不一样，很多时候退一步能让你进十步。,0,,https://x.com/Michael_Liu93/status/1857089352532148345
2076007224825327838,2026-07-11 18:14:27,mindset_risk,交易心法,1.81,0.85,0.05,🧠 核心思维,⭐ JEV精选,67,6,26,25260,"我觉得这个""大V“的推特喊单历史值得学习下，12万高点的时候对着持续增长的m2和不断新高的美股看BTC新高；等BTC腰斩了之后全清了仓位开始担心量子计算和待挖的币太少，矿场没有利益所以要出清了。

别让你的屁股坐在哪决定了你的眼睛，黑和白永远是并存的，并不会因为你有或没有仓位有任何变化。",0,,https://x.com/Michael_Liu93/status/2076007224825327838
2038443186423767489,2026-03-30 02:28:22,mindset_risk,交易心法,1.79,0.92,0.14,🧠 核心思维,⭐ JEV精选,568,100,61,51232,"其实这个市场里大部分交易了几年都豪无长进，不断充钱不断亏的人，本质上是一直没有建立“正向反馈的系统”，也就是战略的懒惰。

最简单的系统：
- 开每一单都必须有逻辑（这个逻辑可以是技术面、基本面、消息面，并有对应的信号，但不可以是“你感觉”）

-",0,,https://x.com/Michael_Liu93/status/2038443186423767489
2056810415599055246,2026-05-19 18:53:11,mindset_risk,交易心法,1.79,0.65,0.16,,⭐ JEV精选,219,16,19,60101,我发现身边交易最菜鸟的一帮人普遍的写照：被一个宏大的叙事所裹挟，大部分是听朋友cx的，且大多情况是追高或者抄了第一根下跌针，原定的交易计划是涨20%-30%就出，结果买完就山顶站岗，然后说服自己是价值投资，一定会涨回来，原先定的交易计划完全抛到脑后，一路补仓把自己套进去拿到归零。…,0,,https://x.com/Michael_Liu93/status/2056810415599055246
2077390522587759039,2026-07-15 13:51:11,mindset_risk,交易心法,1.79,0.91,0.04,🧠 核心思维,⭐ JEV精选,208,17,84,118110,熊市抄底就是很反人性，价格底部的时候看再好的标的的基本面都觉得差点意思，风险也很多，因为这个行业决定基本面的只有流动性，流动性没来的时候基本面看起来都很差。,0,,https://x.com/Michael_Liu93/status/2077390522587759039
1920479982519803979,2025-05-08 14:04:43,mindset_risk,交易心法,1.79,0.89,0.06,🧠 核心思维,⭐ JEV精选,6,0,0,783,@Jerome_No1 有些策略尤其是短线的是要持续盯盘的，但盯盘不是焦虑的每一两分钟去看赚或亏了多少钱，这种要么是仓位开大了，要么就是在赌大小。,0,,https://x.com/Michael_Liu93/status/1920479982519803979
2010206603287601391,2026-01-11 04:26:16,mindset_risk,交易心法,1.78,0.75,0.03,🧠 核心思维,⭐ JEV精选,61,2,4,7855,"为什么对我意义很大？因为我复盘了一下我去年所有亏了10wu以上的单子，无一例外，全是情绪

“比如palu、orange、bnbholder、Aster，还有二级各种合约单，突然fomo追多、或者空单被套了一直加”

情绪就是每个交易员最大的对手盘",0,,https://x.com/Michael_Liu93/status/2010206603287601391
2017659962173092086,2026-01-31 18:03:15,mindset_risk,交易心法,1.77,0.71,0.08,,⭐ JEV精选,72,3,26,45787,本来想75000附近看看要不要抄底的，但BTC的线走的实在太难看了，摸了98000然后2周内就急跌下来+黄金白银也开崩了，我实在有些不敢抄了，谨慎吧，等见血了再说。,0,,https://x.com/Michael_Liu93/status/2017659962173092086
2098704726149959786,2026-09-12 09:26:13,mindset_risk,交易心法,1.77,0.02,0.01,,⭐ JEV精选,0,98,0,0,"王阳明人生真正翻盘的那一刻，
他的处境没有任何改变。
朝廷没有赦免他，官职没有恢复，
贵州龙场依旧潮湿荒凉。
随行的仆人还躺在草席上发烧，
山外没有消息，归期也看不到尽头。
可从那一天起，他不再每天等着离开。
他找来木料，搭起草屋；
照顾病人，也开始给附近的人讲学。
眼前的一切依然糟糕，他却不再把这里当成
一段必须熬过去的日子。
后来，人们把这一夜称作龙场悟道。",0,,https://x.com/Michael_Liu93/status/2098704726149959786
2076588798616768632,2026-07-13 08:45:25,mindset_risk,交易心法,1.76,0.93,0.57,🧠 核心思维,⭐ JEV精选,123,7,42,70736,"重温一下。

现在抄底存储只做反弹，已经深套的话有反弹一定要跑。

如果你已经被存储股低PE的叙事洗脑，记得去看这篇：“炒存储股本质上就是在炒存储商品价格”
https://t.co/bZQwPkqh4i",0,,https://x.com/Michael_Liu93/status/2076588798616768632
1855529885034520948,2024-11-10 08:36:13,mindset_risk,交易心法,1.74,0.94,0.73,🧠 核心思维,⭐ JEV精选,93,9,33,26922,"给没经历过牛市中后期的小白喊句话，听懂能救你命

山寨季一旦开启，切记不要拿长线做空单子！

短线空单也要极度确定性机会且配上极其严格的止损策略才能上（你如果不知道什么是极度确定性的机会或者不懂止损策略，就远离合约）",0,,https://x.com/Michael_Liu93/status/1855529885034520948
2083447405459263626,2026-08-01 06:59:04,mindset_risk,交易心法,1.73,0.93,0.08,,⭐ JEV精选,225,13,36,38674,这两天gate和bitmart的事情应该给所有还有钱在小所的朋友们敲醒警钟。未来一两年我们应该会看到市面上绝大部分中小型交易所倒闭，因为原先小所赖以生存的山寨币的商业模式已经结束，而关门时你的钱大概率不再是你的钱，不要懒，不要心存侥幸，更不要被多的那么一点理财收益吸引，那都是诱捕你的诱饵。,0,,https://x.com/Michael_Liu93/status/2083447405459263626
2064199337392099829,2026-06-09 04:14:07,mindset_risk,交易心法,1.72,0.8,0.24,,⭐ JEV精选,5,0,0,1642,@memekiller365 哈哈 主要是实在是看好rwa 美股这块的标的就circle一个 不想错过自己看得懂的机会 不过btc爆跌circle开始跟跌的时候确实该果断走 找下一个支撑,0,,https://x.com/Michael_Liu93/status/2064199337392099829
1902007606849454335,2025-03-18 14:42:05,mindset_risk,交易心法,1.71,0.88,0.03,,⭐ JEV精选,413,79,66,67381,"大学刚毕业那会儿，跟一位A股大游资前辈交流学习，他有句话让我到今天交易中都受益匪浅：“分歧”才是上涨动力，“共识”不是。

A股和币圈真的挺像的，都是炒热点和情绪，在A股叫“新题材”，到了币圈叫“新叙事”。

所有“新叙事”都可以被归类成，1. 新瓶装新酒、2. 新瓶装老酒、3. 老瓶装老酒。",0,,https://x.com/Michael_Liu93/status/1902007606849454335
2069987728503296455,2026-06-25 03:35:07,mindset_risk,交易心法,1.7,0.83,0.14,,⭐ JEV精选,3,0,0,672,@Hans2140btc 不喜欢做下跌趋势的反弹，尤其是这种已经弹过好几次的，盈亏比越来越差,0,,https://x.com/Michael_Liu93/status/2069987728503296455
1908954709903450291,2025-04-06 18:47:24,mindset_risk,交易心法,1.67,0.77,0.02,,⭐ JEV精选,58,4,7,10363,喝多了，原谅话唠多说两句😅。市场其实是有很多“错配”时刻的，接受这个市场一点也不“效率”，且可能比你想的要更“傻”、更情绪化，很多时候一个人说的话或者一条新闻就能在短期带来这种“错配”，但最终流动性在哪，天枰就会倒向哪，这是任何人或物都改变不了的结果。,0,,https://x.com/Michael_Liu93/status/1908954709903450291
1923781244548153434,2025-05-17 16:42:45,mindset_risk,交易心法,1.67,0.82,0.05,🧠 核心思维,⭐ JEV精选,33,1,2,6739,"@crypto_biubiu 我觉得可能的问题：
1. 仓位是不是有点过重了，这市场不缺机会，没必要一笔交易这么重仓，杠杆拉的容错空间也小
2. 看alpaca和tst这两笔大的操作，是不是可以换个思路，考虑去没这么拥挤的地方捞钱",0,,https://x.com/Michael_Liu93/status/1923781244548153434
2082858749400846429,2026-07-30 15:59:58,mindset_risk,交易心法,1.63,0.89,0.05,🧠 核心思维,⭐ JEV精选,358,37,95,70039,"要么找非共识的时间，要么找非共识的标的，这俩都共识的时候，你一定是进去送钱的。

刚做账号的时候对公众的嘘声还很在意，后来经过几次meme币的事情也想明白了，在交易这件事上公众声音几乎都是没有价值的噪音，往往赚钱最多的机会都是最具有争议性的，都认同你了，你赚的是谁的钱呢。",0,,https://x.com/Michael_Liu93/status/2082858749400846429
2028866774830321848,2026-03-03 16:15:08,mindset_risk,交易心法,1.62,0.83,0.04,,⭐ JEV精选,46,5,4,6287,"都在喊利好&gt;都上车了
都在喊利空&gt;空单都开好了

信息是价格的体现，而不是反过来",0,,https://x.com/Michael_Liu93/status/2028866774830321848
2088217251224977561,2026-08-14 10:52:44,mindset_risk,交易心法,1.62,0.9,0.4,🧠 核心思维,⭐ JEV精选,8,0,2,5085,非要做空也可以，得有逻辑，逻辑没实现就止损，很多标的空单长拿真的能套一辈子。,0,,https://x.com/Michael_Liu93/status/2088217251224977561
1923784607780200832,2025-05-17 16:56:07,mindset_risk,交易心法,1.61,0.87,0.1,🧠 核心思维,⭐ JEV精选,234,27,54,46455,"其实玩合约亏大钱的就两种：
1. 错了不认，一条路走到黑
2. 杠杆拉太高了，可能方向看对了，但一点容错空间不给自己留

看看推上亏大钱的，都是这两种，这两件事本身就是反人性的，得通过规则来限制",0,,https://x.com/Michael_Liu93/status/1923784607780200832
2095636816888205595,2026-09-03 22:15:26,mindset_risk,交易心法,1.6,0.72,0.02,,⭐ JEV精选,188,25,96,29705,"我最喜欢的基金名是顺为资本，“顺势而为”，这四个字概括了最朴素但最核心的人生哲学，如果尝试去拆解一层，去审视自己的长期投资选择，我会问自己：

1. 我的这笔投资抓的具体是什么“势”？（要想明白为什么会形成这个“势”，这个势最底层的推动力是什么？价值创造是什么）

2.",0,,https://x.com/Michael_Liu93/status/2095636816888205595
2088216807396286956,2026-08-14 10:50:58,mindset_risk,交易心法,1.58,0.83,0.03,,⭐ JEV精选,171,16,26,35231,"已经涨太多了从来不是做空的理由，crypto出来的人容易有做空惯性，去了美股还喜欢做空，但美股不是山寨币。

投资要与最聪明的人共伍，Crypto里所有最聪明的人每天起早贪黑想要把山寨币掏归零，美股那边所有最聪明的人每天起早贪黑的要把股票搞上去，能一样吗。",0,,https://x.com/Michael_Liu93/status/2088216807396286956
1927668754759946702,2025-05-28 10:10:20,mindset_risk,交易心法,1.58,0.05,0.01,,归档记录,84,22,63,28047,"决定我们的不是过去的经历 而是我们自身赋予这些经历的意义。

比如“被更有钱的人欺负”的经历被赋予了“需要报复回来”的意义，这段经历自然就需要用“有钱了一定要攀比踩回来”的方式去“修复”，而潜移默化的，攀比谁更有钱就成了浅意识中“自我实现”的唯一方式。",0,,https://x.com/Michael_Liu93/status/1927668754759946702
2007632002670026776,2026-01-04 01:55:44,mindset_risk,交易心法,1.57,0.53,0.02,,⭐ JEV精选,431,68,59,55347,"之前看过一句话深有感触，“凡你试图规避的风险，皆会在你看不见的地方，静静为你挖好坑”。

选择了看似风险最低的国企铁饭碗，迎来了国企改革下岗潮；

选择了风险最低的买银行固收，结果底层资产全是地产，资产跟着楼市塌了；",0,,https://x.com/Michael_Liu93/status/2007632002670026776
1915223379252220327,2025-04-24 01:56:51,mindset_risk,交易心法,1.57,0.79,0.25,,⭐ JEV精选,16,0,0,4997,@frozenraspberry 是一起拉的，看持仓总数量变化，别看持仓价值变化,0,,https://x.com/Michael_Liu93/status/1915223379252220327
2019607123831976153,2026-02-06 03:00:35,mindset_risk,交易心法,1.56,0.91,0.4,🧠 核心思维,⭐ JEV精选,308,15,75,89838,提醒小伙伴们一下，如果你之前没跑现在深深套牢，割肉割不下去，也没更多钱补仓，你大概率后面会想要币本位继续抄底开多。往前一步是深渊，这事绝对不能干，只要你btc现货拿住，删掉交易所账户，过两年会回本的，但如果你熊市开始用币本位抄底了，就彻底没救了。,0,,https://x.com/Michael_Liu93/status/2019607123831976153
1997872079107203426,2025-12-08 03:33:16,mindset_risk,交易心法,1.56,0.88,0.05,🧠 核心思维,⭐ JEV精选,160,10,40,66575,"这两天有几个小伙伴被画门行情插麻了，还是建议大家多读几遍这篇“熊市生存指南”，我能想到的过去熊市踩过的每个大坑都在这里，句句真切。

熊市多想想你的策略在赚谁的钱，是否是正EV的，是否是相对确定的。

如果你想不明白这个问题，却还一直继续做，那你一定熬不过去。 https://t.co/hGTmbsZmTT",2,images/1997872079107203426_0.jpg;images/1997872079107203426_1.jpg,https://x.com/Michael_Liu93/status/1997872079107203426
1875369692766076948,2025-01-04 02:32:32,mindset_risk,交易心法,1.54,0.83,0.05,,⭐ JEV精选,92,10,33,171463,"当你被短期情绪左右，夹不住要卖飞的时候，先放远视角，比如调到比特币市值占比的月线（btc.d）
真正的山寨季爆发还远远没有到，甚至可以说，还不确定有没有开始😂 https://t.co/4C8eQfSv4j",1,images/1875369692766076948_0.jpg,https://x.com/Michael_Liu93/status/1875369692766076948
1947730036175605824,2025-07-22 18:46:42,mindset_risk,交易心法,1.53,0.84,0.07,🧠 核心思维,⭐ JEV精选,7,0,1,906,@gold_burger 蜡烛图反映的是基本面和资金的阴谋阳谋的结果，单看蜡烛图有用，去看趋势的强弱，但知道背后的原因会更知道去哪止盈/止损,0,,https://x.com/Michael_Liu93/status/1947730036175605824
2047434287444877457,2026-04-23 21:55:48,mindset_risk,交易心法,1.52,0.92,0.07,,⭐ JEV精选,328,52,27,30981,新手学交易的第一课：大道至简，这世上本就没有圣杯，都是常识。短线无非就是把支撑/阻力/情绪研究明白，长线就是研究好优质共识标，然后耐心等待价格错配的时机出手。其余的，包括新闻、各种技术指标、某人说了什么，都是你无需去关注的噪音。 https://t.co/4dS1qSME3v,1,images/2047434287444877457_0.jpg,https://x.com/Michael_Liu93/status/2047434287444877457
2072601409988473334,2026-07-02 08:40:57,mindset_risk,交易心法,1.52,0.16,0.02,,归档记录,19,1,1,5474,"@timotimo007 今天有个韩国男孩发信息给我说
这是他成年以来最糟糕的夏天
这一年他眼红身边同事都赚了大钱
自己在通胀里了活了几个月
然后把所有存款都扔进了股市，还加了五倍杠杆
结果碰上韩股熔断，直接爆仓，亏掉了五年的积蓄
韩元今年贬值了20%，身边同事纷纷取消了出国计划，而他连下周的房租都凑不齐",0,,https://x.com/Michael_Liu93/status/2072601409988473334
1956337687348281756,2025-08-15 12:50:26,mindset_risk,交易心法,1.51,0.65,0.02,,⭐ JEV精选,135,7,41,32635,"现在跟身边朋友讨论事情，尤其是交易观点的时候，更愿意听到的反而是反驳的声音和理由，而不是互相认同，互相fomo。

因为我发现，过去那些我内心积极想要寻求认同的交易上，最后的结果都没有很好。回想起来，这些交易可能一开始就没想的很清楚，才会去急于寻求认同。",0,,https://x.com/Michael_Liu93/status/1956337687348281756
2090101332653044024,2026-08-19 15:39:24,mindset_risk,交易心法,1.5,0.66,0.03,🧠 核心思维,⭐ JEV精选,300,15,90,88811,"明天应该就能刷到一堆踏空的人开始做空btc了上轮很多没抄到底的人就是这么从2w开始空了一整个周期的。牛初杀的人不比熊初少。

嗯，我第一轮crypto周期也被这么杀过。",0,,https://x.com/Michael_Liu93/status/2090101332653044024
2063860735181025712,2026-06-08 05:48:38,mindset_risk,交易心法,1.5,0.84,0.06,🧠 核心思维,⭐ JEV精选,232,24,34,51402,"去年10月清仓之后，11月看到身边很多朋友开始抄底时写了这篇帖子，还有这篇熊市生存手册（大家可以回头看下预言中了几条）。https://t.co/0qyNsVrxvG

到了今天（我认为已经快到熊底阶段了），想分享一个我在前几轮熊底时犯的最大错误：“频繁短线交易并持续保持做空思维”",0,,https://x.com/Michael_Liu93/status/2063860735181025712
1895370593606009297,2025-02-28 07:08:58,mindset_risk,交易心法,1.5,0.89,0.09,🧠 核心思维,⭐ JEV精选,214,9,73,125012,推上很多人已经爆仓了，而恐怖的是BTC真正开跌才只有1周时间，管住自己的手啊，更别贷款，这波下跌我觉得最理想的结局就是进入一个三个月到半年的小熊市，然后放水期来了之后再来一波。 https://t.co/EzvCljZUPl,2,images/1895370593606009297_0.png;images/1895370593606009297_1.jpg,https://x.com/Michael_Liu93/status/1895370593606009297
1894593303263547645,2025-02-26 03:40:17,mindset_risk,交易心法,1.48,0.81,0.08,🧠 核心思维,⭐ JEV精选,368,23,61,105784,下个阶段，会有很多人开始玩合约想要回本，先从低倍杠杆开始，直到杠杆拉满爆仓出局，最后走上借贷的路。请你管住自己的手，先把心态整理好，没行情就耐心等待，拿时间去陪陪爸妈，或者找找工作学学英文也行，机会是等出来的，不是拉杠杆赌出来的。,0,,https://x.com/Michael_Liu93/status/1894593303263547645
1959178886174130489,2025-08-23 09:00:20,mindset_risk,交易心法,1.48,0.92,0.18,🧠 核心思维,⭐ JEV精选,86,2,8,19129,给自己多一些容错率，不要上杠杆，大牛市现货的倍数已经很恐怖了，也珍惜降息前后的每一次抄底机会,0,,https://x.com/Michael_Liu93/status/1959178886174130489
2058113257467215887,2026-05-23 09:10:13,mindset_risk,交易心法,1.47,0.93,0.2,🧠 核心思维,⭐ JEV精选,126,13,19,31243,观点没变，BES看新低，BTC至少摸个前低。熊市少动，没跌到让你很“眼馋”的价格就不要买，7-8w显然不是那个眼馋的价格，多看看别的市场咯，盈亏比和交易逻辑比现在的币圈好太多了。,0,,https://x.com/Michael_Liu93/status/2058113257467215887
2073255434731827385,2026-07-04 03:59:49,mindset_risk,交易心法,1.43,0.86,0.01,,⭐ JEV精选,190,15,16,45077,刚进币圈的时候也会被那些高举高打的名字唬住，什么高盛下场了，纽交所下场了，几年过后再回头看，你会发现crypto的所有创新和发展全都是由内向外，自下而上的。这是我在crypto这几年里最大的一条takeaway，看看整个生态里核心生态位的头部玩家，交易所、公链、稳定币、发射平台、custodian、预测市场,0,,https://x.com/Michael_Liu93/status/2073255434731827385
2045928701888696324,2026-04-19 18:13:08,mindset_risk,交易心法,1.43,0.86,0.04,🧠 核心思维,⭐ JEV精选,171,14,60,68592,"这波aave黑客事件最伤的其实不是aave，是eth，唯一的基本盘defi叙事崩塌了。

这两天跟一位横跨AI和Crypto领域都做过项目的朋友聊天，他的建议是“最近一年都少碰defi，现在正是黑客靠AI去攻破各种defi协议的窗口时间，没人知道到底哪些协议会有漏洞”",0,,https://x.com/Michael_Liu93/status/2045928701888696324
2052498195360669854,2026-05-07 21:17:58,mindset_risk,交易心法,1.42,0.86,0.02,🧠 核心思维,⭐ JEV精选,258,20,64,23649,"很多人无法理解一件事，“在投资和交易中你能赚到的所有钱，本质上都来源于“分歧”，而不是“共识”。”

对与你意见相左的人该有善意，因为他不仅给你带来了其他视角，他同时还是你的利润来源。

你有恶意恰恰说明你也不自信且对这个不确定性非常恐惧。",0,,https://x.com/Michael_Liu93/status/2052498195360669854
2007644622928167190,2026-01-04 02:45:52,mindset_risk,交易心法,1.42,0.82,0.05,,⭐ JEV精选,3,0,1,1562,@dajingou1 涨起来时看似确定性高了，盈亏比比底部差远了,0,,https://x.com/Michael_Liu93/status/2007644622928167190
1988058787828428974,2025-11-11 01:38:46,mindset_risk,交易心法,1.41,0.57,0.04,,⭐ JEV精选,15,0,1,3968,@Colasama 也许会有方案，在那之前我不喜欢在本就不合适的价格去赌一个我不完全熟悉的团队面对巨大金钱诱惑时的群体选择。,0,,https://x.com/Michael_Liu93/status/1988058787828428974
2074127661086224519,2026-07-06 13:45:44,mindset_risk,交易心法,1.38,0.65,0.05,,⭐ JEV精选,2,0,1,1990,@liu_shuo4202 这种不太好call顶。看看7月底这几家大金主的财报出来吧。这个时点有点tricky，买少了不行，买多了也不行。,0,,https://x.com/Michael_Liu93/status/2074127661086224519
1935897330236158006,2025-06-20 03:07:45,mindset_risk,交易心法,1.37,0.89,0.12,,⭐ JEV精选,255,40,43,80628,"做多就要找最好的标的多，而相反，做空就要找最垃圾的标的做空，做对了就是简单模式。

最忌讳的事情就是：

在垃圾堆里好不容易找到金子了，然后你觉得这个金子价格好贵啊，决定做空，然后看到旁边的垃圾都跌了90%了，好便宜，决定做多。",0,,https://x.com/Michael_Liu93/status/1935897330236158006
1984982371360448542,2025-11-02 13:54:11,mindset_risk,交易心法,1.37,0.56,0.02,🧠 核心思维,⭐ JEV精选,116,1,34,26088,刷推又开始看到骂和道德绑架giggle和币安人生的车头的了，前期被吹捧的有多厉害，在下落的时候就被踩的多狠。真的珍惜点还愿意建设的人吧，市场流动性和注意力是连庄都无法违逆的，更何况一两个车头，builder这活真的，稍微玻璃心一点的人都干不了。为你自己的bag负责，不要亏了就怨他人。,0,,https://x.com/Michael_Liu93/status/1984982371360448542
1991775191928828208,2025-11-21 07:46:25,mindset_risk,交易心法,1.37,0.63,0.76,,⭐ JEV精选,61,0,22,52523,到了第一反弹位了，刚82000接到了一些，跌回去的话就跑,0,,https://x.com/Michael_Liu93/status/1991775191928828208
2041044385379594566,2026-04-06 06:44:36,mindset_risk,交易心法,1.35,0.73,0.03,🧠 核心思维,⭐ JEV精选,144,14,24,35100,"能第一视角去看一个把策略修到极致的人是怎么赚钱挺难得的，不知那些喷p小将畜生的人看后作何感想，自己能p的过吗？

熊市了更该去有意识的思考一个问题：“那些现在还在场内活跃和赚钱的人，不管是山寨、撸毛、合约、链上、股票，他到底是在靠什么相对优势赚钱？”",0,,https://x.com/Michael_Liu93/status/2041044385379594566
1911324045758644538,2025-04-13 07:42:17,mindset_risk,交易心法,1.34,0.7,0.05,,⭐ JEV精选,540,95,63,90049,"我在刚开始做二级交易的时候也经历过执着去学“技术分析”的阶段，那会儿一直在追求“圣杯”，恨不得把十八般武艺都练会。

但现在只看裸线和交易量，做合约会看看费率、open",0,,https://x.com/Michael_Liu93/status/1911324045758644538
1857698908732039560,2024-11-16 08:15:08,mindset_risk,交易心法,1.34,0.69,0.05,,⭐ JEV精选,245,17,84,105166,虽然dexx的事情没影响到我，但还是说些大家可能不爱听的话，现在是最容易去判断一个博主人品好不好的时候，只要推荐过工具的或者喊单过币还在这种时候落井下石的，今天的雷只是没爆到你的身上罢了，链上bot都有风险，链上喊单币也是，你在推荐你觉得好用的工具的时候要做的是不断风险提示小伙伴只要是b https://t.co/s9a5ljvnnt,2,images/1857698908732039560_0.jpg;images/1857698908732039560_1.jpg,https://x.com/Michael_Liu93/status/1857698908732039560
2062634995970384264,2026-06-04 20:37:59,mindset_risk,交易心法,1.34,0.82,0.12,🧠 核心思维,⭐ JEV精选,119,9,18,25503,"我看今天有不少人嘲讽@aleabitoreddit喊单btc和加密股（也可能是玩笑为主），怎么说呢，第一次经历熊市是这样的，尤其是在深熊阶段。

我目前的观点是看最低到52000，现在这个价格也有可能是底了，如果你的持仓周期是1-2年，现在这个价格已经可以开始定投。…",0,,https://x.com/Michael_Liu93/status/2062634995970384264
1876586225790013951,2025-01-07 11:06:36,mindset_risk,交易心法,1.34,0.47,0.18,,⭐ JEV精选,4,0,2,4019,@0xpeterHan_sol KRA从第一次3m左右发出来也十多倍了，都是交易，涨的多了就出本出利润，觉得跌的多了可以抄底了就抄底，我也不知道后面会怎么走，充值不了信仰，万一错了又被骂。。。。,0,,https://x.com/Michael_Liu93/status/1876586225790013951
1879220158457340041,2025-01-14 17:32:54,mindset_risk,交易心法,1.33,0.75,0.02,,⭐ JEV精选,168,22,51,48861,"每一位加密投资人都要经历的过程：

看山是山
看山不是山
看山还是山

一开始炒币只会关注叙事，会扒聪明钱和庄钱包之后格外去关注庄的操作，最后当你知道这背后一切的游戏规则后，你又回到了第一天，去格外关注叙事、资金热点、投资人的共识。",0,,https://x.com/Michael_Liu93/status/1879220158457340041
1866162732677926963,2024-12-09 16:47:21,mindset_risk,交易心法,1.33,0.64,0.06,🧠 核心思维,⭐ JEV精选,132,17,18,67151,大部分人赚不到大钱其实就是因为看不远，角度过于微观短视，甚至盯着眼前那5分钟的蜡烛图。有些是认知不到位，而有些是经济问题的确没办法。看看@Christianeth 为什么能这轮赚a10，其实看一下他在curve的明牌操作就能理解了。创始人都爆仓了他还坚持加仓，其实就两个逻辑，1.,0,,https://x.com/Michael_Liu93/status/1866162732677926963
2010237585449423002,2026-01-11 06:29:23,mindset_risk,交易心法,1.33,0.78,0.04,🧠 核心思维,⭐ JEV精选,7,0,2,3273,@HuoYean 变数不是坏事，变数意味着空间大，踏马确定性是因为上了alpha。好的价格和好的逻辑不可能同时出现,0,,https://x.com/Michael_Liu93/status/2010237585449423002
2034607661053100113,2026-03-19 12:27:22,mindset_risk,交易心法,1.33,0.42,0.04,,⭐ JEV精选,4,0,1,5706,@0xmao_eth 他如果没有办法卖btc，这个cagr有啥意义呢,0,,https://x.com/Michael_Liu93/status/2034607661053100113
1839904743994593582,2024-09-28 05:47:29,mindset_risk,交易心法,1.33,0.76,0.03,🧠 核心思维,⭐ JEV精选,3,0,1,338,@Dashuaietf @FLS_OTC 人家现金流好是做长周期策略的基础，不是那个时候看空或者看多观点的原因,0,,https://x.com/Michael_Liu93/status/1839904743994593582
1938109177903349806,2025-06-26 05:36:50,mindset_risk,交易心法,1.32,0.63,0.02,,⭐ JEV精选,186,15,46,44666,"看到巴黎哥昨天分享的近况挺唏嘘的，真心希望他能成功走出来。

做投资和交易可能是这世上最难的路了，因为市场每天都在快速变化，而这里的每个人都要跟自己疯狂较劲，逼着自己蜕变，去跟上市场的变化。

最忌讳的事就是一种方式拿到了结果以后，路径依赖且没有纠错机制。",0,,https://x.com/Michael_Liu93/status/1938109177903349806
2074045302823350497,2026-07-06 08:18:28,mindset_risk,交易心法,1.32,0.64,0.1,🧠 核心思维,⭐ JEV精选,9,0,1,3921,@0x_weihang 时间上刻舟问题不大，逃顶的时候拿涨幅幅度和指标刻的全都埋了,0,,https://x.com/Michael_Liu93/status/2074045302823350497
1873572923031912502,2024-12-30 03:32:48,mindset_risk,交易心法,1.31,0.69,0.02,🧠 核心思维,⭐ JEV精选,196,26,55,155810,"这轮链上的AI红利，本质上拼的是谁能看得懂产品、技术、团队、商业模式、行业趋势等“传统投资”的视角。

把自己想象成一个“天使投资人”，去看产品，技术，愿景。去撩团队跟你聊聊。去solana hackathan的四百多个项目里去筛吧，如果只给你4次押注的机会，你会押注在哪四个项目？",0,,https://x.com/Michael_Liu93/status/1873572923031912502
1938123969602981896,2025-06-26 06:35:37,mindset_risk,交易心法,1.31,0.75,0.08,,⭐ JEV精选,3,0,3,1407,@PX6611 慢慢来 先小资金玩 方法没找对之前钱越多枷锁越多 方法找对了也不会想要借钱梭了,0,,https://x.com/Michael_Liu93/status/1938123969602981896
1991080783461617803,2025-11-19 09:47:05,mindset_risk,交易心法,1.3,0.23,0.02,,⭐ JEV精选,278,10,73,56952,"现在说“山寨已经跌不动了”的话术，特别像满手十八线小城市房子已经深深套牢的大叔大婶儿们。

他们知道不跌了是因为不再成交了，他们也知道不可能再涨回去了，但仍做着万一涨回去这次一定要狠狠的卖的计划😅，我亲戚老家那边一大堆这样的。",0,,https://x.com/Michael_Liu93/status/1991080783461617803
1857641530229666092,2024-11-16 04:27:08,mindset_risk,交易心法,1.3,0.91,0.09,,⭐ JEV精选,72,10,18,244450,中心化风险是所有币圈新人一定需要自己上的一课，没有所谓的大而不倒，这个别人跟你说100遍也没有经历过一次自己用的交易所跑路的恐惧教的快，不管你用的是币安 OKX这类cex还是gmgn banana abot这类链上bot，永远不要把自己的命放在别人手上。,0,,https://x.com/Michael_Liu93/status/1857641530229666092
1991745497422524814,2025-11-21 05:48:26,mindset_risk,交易心法,1.29,0.21,0.04,,归档记录,7,2,1,4413,@0xcrypto_max 我上轮周期就是看着没实际利空但价格跌 一直抄底 然后合约被爆了好几次 现货套牢🥲,0,,https://x.com/Michael_Liu93/status/1991745497422524814
1917810646395281723,2025-05-01 05:17:43,mindset_risk,交易心法,1.28,0.9,0.11,,⭐ JEV精选,225,22,38,57374,做交易很多人是输在不甘心上，尤其是合约。交易不是打游戏，别好胜心太强，能挑小怪打就别去打大boss，发现打不过就赶紧跑，如果已经被爆揍一轮了，就早点认怂，别总想着要在一个币上把场子找回来，结果大概率是要被再揍一顿。,0,,https://x.com/Michael_Liu93/status/1917810646395281723
2087138587934593103,2026-08-11 11:26:31,mindset_risk,交易心法,1.27,0.25,0.02,,归档记录,157,3,74,16683,"公众平台上只有两种声音，“噪音”和“信号”。刷到噪音我会习惯性的点一次不感兴趣，再刷到我会隐藏或直接屏蔽，这样慢慢时间线就干净的只剩下信号了，所以最近大家在吃的瓜基本都是微信群聊起才看到，并不会出现在我的时间线里。

如果你身边的声音都是噪音，那当真正信号出现的时候你一定会漏掉，所以制造噪音的人本质上都是在吸你的财。",0,,https://x.com/Michael_Liu93/status/2087138587934593103
2091422120639353261,2026-08-23 07:07:44,mindset_risk,交易心法,1.27,0.85,0.06,🧠 核心思维,⭐ JEV精选,28,2,2,3525,@ll1748 你能判断这轮行情是牛初的时候，已经到牛中了。交易都是对行情有个大致的偏向性，靠仓位去验证，靠仓位管理去管理风险，最后都是走一步看一步。,0,,https://x.com/Michael_Liu93/status/2091422120639353261
2082800792508223701,2026-07-30 12:09:40,mindset_risk,交易心法,1.27,0.54,0.03,,⭐ JEV精选,24,0,0,7169,没法保证都能做对题，但是有解题思路总得做一做，做对概率总比高位的时候喊“你梭我也梭”要更大一些，你说对吗？,0,,https://x.com/Michael_Liu93/status/2082800792508223701
2077801643668856847,2026-07-16 17:04:50,mindset_risk,交易心法,1.27,0.27,0.04,,归档记录,15,0,5,6471,感谢下@timotimo007 天总那天问了我一下之前买的内存条涨价了多少，让我想明白了这个逻辑，不然我6月底第一波回调时应该也fomo进去了。,0,,https://x.com/Michael_Liu93/status/2077801643668856847
2021913805782208590,2026-02-12 11:46:31,mindset_risk,交易心法,1.27,0.73,0.04,🧠 核心思维,⭐ JEV精选,1,0,1,1331,@superbitmaneth 不会再做下一个btc或者eth，但本质上不去做100x perp是合规问题，不是能不能做的问题。所以如果crypto一直是小众资金去的地方，没问题的。,0,,https://x.com/Michael_Liu93/status/2021913805782208590
2060083637027246127,2026-05-28 19:39:48,mindset_risk,交易心法,1.25,0.75,0.02,🧠 核心思维,⭐ JEV精选,64,3,109,15399,这也是为什么币圈转美股的朋友们最普遍的问题一般都是拿不住（包括我），本质上还是对“产业的增长逻辑和估值逻辑”没有特别深刻的认知。,0,,https://x.com/Michael_Liu93/status/2060083637027246127
1935904476482916531,2025-06-20 03:36:09,mindset_risk,交易心法,1.25,0.84,0.08,,⭐ JEV精选,2,0,1,1430,@range2023 不说金子还是垃圾，就说价格最强和最弱，去空最强的永远不是一个好策略,0,,https://x.com/Michael_Liu93/status/1935904476482916531
1831127341264998584,2024-09-04 00:29:13,mindset_risk,交易心法,1.25,0.2,0.03,,归档记录,2,0,0,558,@fuclgbt 唉 所以为什么大家都骂山寨 庄还是能割到人，看到名字好又蹭ton生态就买了，然后套着套着就把自己洗脑进去了,0,,https://x.com/Michael_Liu93/status/1831127341264998584
1882893104518476248,2025-01-24 20:47:53,mindset_risk,交易心法,1.24,0.49,0.02,,⭐ JEV精选,312,24,91,120799,最近越发强烈的感受到，整个链上市场来到了一个十字路口，身边的人抱有巨大的分歧。Trump之后，市场情绪特别浮躁，一部分资金离开了AI，去寻找下一个一夜暴富的机会，结果在各种rug和一日盘中横冲直撞，拼的满脸是血，又不甘心放弃。,0,,https://x.com/Michael_Liu93/status/1882893104518476248
1880223046507897176,2025-01-17 11:58:01,mindset_risk,交易心法,1.24,0.8,0.09,🧠 核心思维,⭐ JEV精选,144,20,51,43281,"经常有小伙伴问我，自己总是卖飞，怎么才能钻到大收益？其实就是两个事：

一是仓位管理，永远不要买让你不舒服的仓位，问问自己每天是不是看仓位三四十次，恨不得隔5分钟就看一次，如果是这样",0,,https://x.com/Michael_Liu93/status/1880223046507897176
2063861972769415393,2026-06-08 05:53:33,mindset_risk,交易心法,1.23,0.72,0.07,,⭐ JEV精选,5,1,0,1718,@btc_jx 慢慢买呗，我也觉得有可能继续再往下到5万出头，但这个价格已经足够好让我开始定投了。,0,,https://x.com/Michael_Liu93/status/2063861972769415393
1987831111641411680,2025-11-10 10:34:03,mindset_risk,交易心法,1.23,0.27,0.05,,归档记录,2,0,0,1594,@flyfishbtc 除了最后一轮进的机构是亏的，前面几轮全是赚的，你是机构好不容易等了四年解锁了，涨起来你砸不砸,0,,https://x.com/Michael_Liu93/status/1987831111641411680
2084891885911577075,2026-08-05 06:38:55,mindset_risk,交易心法,1.22,0.65,0.03,🧠 核心思维,⭐ JEV精选,390,45,134,42811,"很多人交易了几年还一直亏钱没有长进，因为交易精进是一个需要持续有意识的否认自己的过程，所以它难，而对于越执拗、傲慢、ego越大的人越难，当能意识到自己执拗和傲慢时，就是精进的第一步。

“买的meme起不来，别骂别人，先反思下是不是自己审美不行”",0,,https://x.com/Michael_Liu93/status/2084891885911577075
2082823148911890897,2026-07-30 13:38:30,mindset_risk,交易心法,1.21,0.72,0.04,,⭐ JEV精选,2,0,1,1129,@sylvigil 前几天市场都觉得缺，那就可能不缺，这几天都觉得不缺了，那就可能缺了,0,,https://x.com/Michael_Liu93/status/2082823148911890897
1992810126785528274,2025-11-24 04:18:53,mindset_risk,交易心法,1.21,0.37,0.08,,归档记录,2,0,0,3776,@PokFuLam7 还行吧 流动性稍微差点 开的杠杆小点问题不大,0,,https://x.com/Michael_Liu93/status/1992810126785528274
2028864181567688800,2026-03-03 16:04:50,mindset_risk,交易心法,1.2,0.34,0.03,,归档记录,152,6,27,60461,"全世界都在跟你说利好，价格却一直跌，你信心十足的钻着吃满了-50%的跌幅

现在全世界都在跟你放利空，你信心满满认为下一个312会出现，转手把现货卖了空单拉满，但价格却跌不动了

你很疑惑为什么自己做不好交易",0,,https://x.com/Michael_Liu93/status/2028864181567688800
1877049949629645165,2025-01-08 17:49:16,mindset_risk,交易心法,1.2,0.48,0.05,,归档记录,15,2,8,17056,看好的自己找位置上吧，这几天一级二级全线大回调，美股走的也很难看，注意风险,0,,https://x.com/Michael_Liu93/status/1877049949629645165
1988057477452304806,2025-11-11 01:33:33,mindset_risk,交易心法,1.19,0.25,0.02,,归档记录,17,0,1,3993,@jecyxing jeff的筹码也许不会卖，团队其他人呢？advisor们呢？辛苦干了两年突然这么大一笔钱摆在面前，并不是每个人的选择都是继续grind。我不喜欢挑战人性，尤其是群体人性。,0,,https://x.com/Michael_Liu93/status/1988057477452304806
1963886964618514503,2025-09-05 08:48:34,mindset_risk,交易心法,1.18,0.56,0.18,🧠 核心思维,⭐ JEV精选,286,42,59,186286,"第一次炒股票是在高中那会儿，用着我妈的账户和几百刀，当时把利弗莫尔的“股票大作手回忆录”奉为交易圣经，读了一遍又一遍。

我当然也知道，纪律至上、趋势为王、不要过度交易、行情差的时候不动、情绪失控的时候就该下桌，我也知道他自己最后是怎么死在杠杆上的。",0,,https://x.com/Michael_Liu93/status/1963886964618514503
1881214135255634126,2025-01-20 05:36:15,mindset_risk,交易心法,1.17,0.8,0.05,🧠 核心思维,⭐ JEV精选,114,9,12,31979,切记切记不要贪便宜，炒币最差的思维就是：“这个上个月还1个亿，现在才2000w，值得买”,0,,https://x.com/Michael_Liu93/status/1881214135255634126
1915733492190900685,2025-04-25 11:43:51,mindset_risk,交易心法,1.17,0.45,0.1,,⭐ JEV精选,43,2,16,76019,Alpaca OI还涨着呢 空军头真铁啊。。。等空军被插爆了多头平单了再去空不好吗 https://t.co/9M1Kc3nfqr,1,images/1915733492190900685_0.jpg,https://x.com/Michael_Liu93/status/1915733492190900685
2019305162876326395,2026-02-05 07:00:42,mindset_risk,交易心法,1.17,0.77,0.04,🧠 核心思维,⭐ JEV精选,4,0,0,3203,@bitfool1 对，不过我觉得熊市时间上的灵活性是站在交易者对立面的，越着急越容易亏,0,,https://x.com/Michael_Liu93/status/2019305162876326395
2032832065239134291,2026-03-14 14:51:47,mindset_risk,交易心法,1.17,0.58,0.04,,⭐ JEV精选,0,0,0,191,@AzeCrypto_ 不懂止损是一方面，还有无法接收和吸纳更多的信息，决策逻辑单一，最重要是这样永远没法成长,0,,https://x.com/Michael_Liu93/status/2032832065239134291
2084173786048594120,2026-08-03 07:05:27,mindset_risk,交易心法,1.16,0.8,0.07,,⭐ JEV精选,475,51,188,125445,好消息不断还跌就是顶，坏消息不断还涨就是底。,0,,https://x.com/Michael_Liu93/status/2084173786048594120
2063854431188435289,2026-06-08 05:23:35,mindset_risk,交易心法,1.16,0.46,0.07,,⭐ JEV精选,74,4,10,16569,"12万的时候：卖了吧
“美股在涨，btc在跌，梭了赌补涨”
&gt; 梭哈套麻了

6万的时候：买点吧
“美股高位开始崩了，美股跌会带崩btc”
&gt; 不买，赌美股崩盘转做空了

你不亏钱谁亏钱？ https://t.co/zGrj7Na5Yg",1,images/2063854431188435289_0.jpg,https://x.com/Michael_Liu93/status/2063854431188435289
1836046067978391746,2024-09-17 14:14:29,mindset_risk,交易心法,1.16,0.53,0.05,,⭐ JEV精选,26,2,9,18784,前两天发这个帖子后，有几个人评论和私信我说要空uxlink，记得有人说，他感觉uxlink到0.4的前高庄就不会拉了。刚看到uxlink拉起来了，想去提醒一下他千万别上头抗亏损，结果已经找不到他了。有的东西别人说一万遍都没用，不被暴打一次永远不会长记性，希望他这次能学会“他感觉”在交易里没有任何意义。 https://t.co/l4HBzFLUt2,1,images/1836046067978391746_0.png,https://x.com/Michael_Liu93/status/1836046067978391746
1959473175521263691,2025-08-24 04:29:44,mindset_risk,交易心法,1.16,0.74,0.08,,⭐ JEV精选,2,0,0,1575,@bc1Leo 不冲突 链上快进快出以小搏大 所里蓝筹现货拿得稳,0,,https://x.com/Michael_Liu93/status/1959473175521263691
2100248015961510273,2026-09-16 15:38:42,mindset_risk,交易心法,1.16,0.62,0.04,,⭐ JEV精选,0,60,0,1939,"i know the odds say 90% hike, but I think warsh will hold

based on everything I know about his belief system, it’s the highest +EV decision based on what i am at least seeing

could be wrong, but convexity is convexity when all the chips are down",0,,https://x.com/Michael_Liu93/status/2100248015961510273
1866148393896300641,2024-12-09 15:50:23,mindset_risk,交易心法,1.15,0.2,0.05,,归档记录,121,14,29,84913,还记得Ban 3000万的时候，早期150-200万call上车的小伙伴都拿着很慌，写了下面这篇帖子安慰大家，最后Ban上了币安，3000万之上又拉了10倍，没有辜负听懂上车的小伙伴。,0,,https://x.com/Michael_Liu93/status/1866148393896300641
1881755950958379174,2025-01-21 17:29:14,mindset_risk,交易心法,1.15,0.54,0.03,,归档记录,17,0,8,8926,@0xcryptowizard 过了普涨阶段，现在就是比拼实力的时候了，看谁产品做的最好，控筹最紧，团队最会搞事情，不确定性的确增加了很多,0,,https://x.com/Michael_Liu93/status/1881755950958379174
1588972227969843200,2022-11-05 19:11:15,mindset_risk,交易心法,1.15,0.13,0.02,,归档记录,7,0,0,0,@uniswap12 @wufantouzi @justinsuntron 实际是，你去银行换钱换到了假币，然后换完银行说对不起你的币是假币，因为有人存了假币我们没发现，现在你只能承担损失了,0,,https://x.com/Michael_Liu93/status/1588972227969843200
2060222670726434881,2026-05-29 04:52:16,mindset_risk,交易心法,1.15,0.55,0.04,,归档记录,2,0,0,296,@ligic_li @seaify1 美股熊市了我去别的地方玩就好了，不可能因为现在美股已经是牛市了，我就守在一潭死水的crypto市场等牛回。树动死，人动活。,0,,https://x.com/Michael_Liu93/status/2060222670726434881
2091006505919427064,2026-08-22 03:36:14,mindset_risk,交易心法,1.14,0.67,0.09,,⭐ JEV精选,289,34,63,104538,提前空了或者在想着空的，建议复习下魏神的BTC100天趋势定律，上轮做趋势单每次忍不住想止盈了都会回去看一眼。,0,,https://x.com/Michael_Liu93/status/2091006505919427064
2011072731866144806,2026-01-13 13:47:57,mindset_risk,交易心法,1.14,0.42,0.01,,⭐ JEV精选,215,6,86,65772,现在的币圈让我有种韭菜断层了的感觉，身边还活跃的朋友都有自己的三板斧，不管是做合约的、做链上的、做山寨的、做流量的、做项目的，在自己领域都有独特的edge且靠此长期盈利,0,,https://x.com/Michael_Liu93/status/2011072731866144806
1997318479914172594,2025-12-06 14:53:28,mindset_risk,交易心法,1.14,0.32,0.02,,归档记录,67,2,19,24776,记得之前蒋老师跟我说，他喜欢做vc是因为他享受那种能帮助优秀的创始人去探索行业的创新，通过押注去验证自己逻辑，跟创始人建立合伙人的bonding，最后把事情做成了的感觉。,0,,https://x.com/Michael_Liu93/status/1997318479914172594
1866167776219713930,2024-12-09 17:07:24,mindset_risk,交易心法,1.14,0.39,0.02,,归档记录,25,0,2,4212,@web3foxcn @Christianeth 散户也该学。只是经济不允许导致的总想要最短时间赚最多钱的心态问题是最难跨越的，进来赌合约和pvp的有几个能赢的？今天还有个关注我的小伙伴把家都p没了，这种全都是短视和赌欲惹的祸。,0,,https://x.com/Michael_Liu93/status/1866167776219713930
2067775491851825427,2026-06-19 01:04:29,mindset_risk,交易心法,1.14,0.48,0.02,,归档记录,6,0,0,1675,@Maxandzero btc不需要生息就像没人会想着拿黄金生息一样,0,,https://x.com/Michael_Liu93/status/2067775491851825427
1973947606746440043,2025-10-03 03:05:58,mindset_risk,交易心法,1.14,0.46,0.02,,归档记录,4,0,0,1141,@AaronYuGem1 同意 最重要是多了一个视角 就像你会玩合约和只做过现货 你对炒币这件事的理解会是完全不同的,0,,https://x.com/Michael_Liu93/status/1973947606746440043
2010205460004220978,2026-01-11 04:21:44,mindset_risk,交易心法,1.13,0.54,0.05,🧠 核心思维,⭐ JEV精选,273,19,50,31254,"前段时间养成了个对我很有意义的习惯

每次最后按下开单键之前

脑子里问自己一句

“这单是逻辑还是情绪？”

在下单前的那一刻，脑子无比清醒",0,,https://x.com/Michael_Liu93/status/2010205460004220978
1913852862695870672,2025-04-20 07:10:54,mindset_risk,交易心法,1.13,0.79,0.1,,⭐ JEV精选,120,16,21,47167,"拿加关税那天按头抄底的操作为例，说几条对我二级交易帮助很大的“经验”。

1. 尊重大的支撑位和阻力位，这俩东西就像是市场中安了弹簧的吸铁石。
2. https://t.co/pfPOKNPm9E",1,images/1913852862695870672_0.png,https://x.com/Michael_Liu93/status/1913852862695870672
2083112671592022216,2026-07-31 08:48:57,mindset_risk,交易心法,1.13,0.48,0.04,,归档记录,10,0,1,956,@random26666513 所以为什么是今天继续跌？而不是一个月后？开空逻辑不能是你觉得该继续跌市场就得听你的,0,,https://x.com/Michael_Liu93/status/2083112671592022216
1858090547048767796,2024-11-17 10:11:22,mindset_risk,交易心法,1.13,0.6,0.21,,⭐ JEV精选,9,0,0,1050,@roe1527 只要拉到40-50m往上的突然来个fud，下次你就当利好看就完了,0,,https://x.com/Michael_Liu93/status/1858090547048767796
1976940108072022300,2025-10-11 09:17:06,mindset_risk,交易心法,1.13,0.71,0.12,,⭐ JEV精选,6,0,2,1370,@Quint_Liu 这跟打牌一样，大小盲打的不舒服就不要去升盲，直到打的舒服了再去升盲。,0,,https://x.com/Michael_Liu93/status/1976940108072022300
2037581104769913134,2026-03-27 17:22:46,mindset_risk,交易心法,1.13,0.72,0.09,,⭐ JEV精选,2,0,1,1475,@pabjidabao 这种蓝筹标，看好的话就dca接呗，也很难预判到底回调多少,0,,https://x.com/Michael_Liu93/status/2037581104769913134
1849359055183290528,2024-10-24 07:55:32,mindset_risk,交易心法,1.13,0.18,0.01,,归档记录,1,0,1,1793,@bigbottle44 害 别说链上打个call了 那vc投的很多项目方还卷款跑路呢 这种事情不是自己的盘子都难免,0,,https://x.com/Michael_Liu93/status/1849359055183290528
1935932290414379480,2025-06-20 05:26:40,mindset_risk,交易心法,1.12,0.39,0.02,,归档记录,12,0,2,1727,@0xAgata 如果只是因为跟了你的call赚了钱才喜欢你，那自然也会因为跟了你的call亏钱了开始讨厌你，这种人没必要出现在你的注意力列表里。,0,,https://x.com/Michael_Liu93/status/1935932290414379480
1898474656983822548,2025-03-08 20:43:24,mindset_risk,交易心法,1.12,0.11,0.03,,归档记录,9,0,2,1346,"@cryptojiuyi @yuyue_chris 童锦程：得不到的女人一定要远离她，换下一个

平常心一些，得失心太重女生会觉得压力大，你也容易受伤，一开始关键是让漏斗变大，正常渠道多多认识女生，优秀的女生见多了自然就不会容易上头了，就像你金狗见了这么多也就不会错过了一个还非要高位fomo了，加油啊，你这么优秀肯定可以抓住天菜的",0,,https://x.com/Michael_Liu93/status/1898474656983822548
2019633181159485666,2026-02-06 04:44:08,mindset_risk,交易心法,1.12,0.42,0.03,,归档记录,7,0,3,3447,@maitian99 两年现货都回不了本，币本位抄底就更容易回本了？,0,,https://x.com/Michael_Liu93/status/2019633181159485666
1891767789272133745,2025-02-18 08:32:42,mindset_risk,交易心法,1.12,0.39,0.03,,归档记录,3,0,1,5220,@lalalal76773309 其实估值上去了 只是标的太多分散了,0,,https://x.com/Michael_Liu93/status/1891767789272133745
2069324564178645073,2026-06-23 07:39:56,mindset_risk,交易心法,1.12,0.61,0.04,,⭐ JEV精选,2,0,0,2094,@kptcl19710301 这种顶部是需要时间消化的 不会一根线上去一根线下来的,0,,https://x.com/Michael_Liu93/status/2069324564178645073
2005216782681092356,2025-12-28 09:58:30,mindset_risk,交易心法,1.11,0.76,0.06,,⭐ JEV精选,173,16,44,35083,推荐大家一个抖音博主“老毛聊交易”，a股的大私募，尤其在交易心理上他对我启发很多。其实交易入门一些之后，你会发现技术和指标这些东西真的意义不大，真有用的东西就是交易心理学和一些大道至简的方法论，赌对的时候多赢点，赌输的时候少输点。 https://t.co/ByR3YmsgyU,1,images/2005216782681092356_0.jpg,https://x.com/Michael_Liu93/status/2005216782681092356
2025059508939358561,2026-02-21 04:06:25,mindset_risk,交易心法,1.11,0.41,0.02,,归档记录,129,3,36,20508,"也许是亏的人太多，最近刷中文ct，戾气实在太重了。除了crypto，我真的没见过在任何一个市场里，有人会因为别人的交易策略而喷。方向观点不同也不用喷，各自用仓位表达就好了。

屏蔽所有噪音，多去想想今年的交易计划是什么，今年该怎么赚钱

少去关注那些烂瓜，天天泡在负面磁场里是会影响财运的",0,,https://x.com/Michael_Liu93/status/2025059508939358561
1972941518681067537,2025-09-30 08:28:08,mindset_risk,交易心法,1.11,0.85,0.03,,⭐ JEV精选,48,4,6,10484,二级交易少关注技术指标和刻舟求剑，这世上没有圣杯也没有预言家，理解底层逻辑和不断的实战是唯一路径,0,,https://x.com/Michael_Liu93/status/1972941518681067537
1821677096210727089,2024-08-08 22:37:19,mindset_risk,交易心法,1.11,0.47,0.12,,归档记录,22,0,0,3097,@Dentist_shock 你的交易方式成功一万次，只要失败一次就结束了,0,,https://x.com/Michael_Liu93/status/1821677096210727089
1950454545651552379,2025-07-30 07:12:56,mindset_risk,交易心法,1.11,0.4,0.03,,归档记录,1,0,0,1738,@Chen168824 也行，但这种也可能是散户情绪还可以一直拖托着,0,,https://x.com/Michael_Liu93/status/1950454545651552379
1855530683214835747,2024-11-10 08:39:23,mindset_risk,交易心法,1.11,0.65,0.19,,⭐ JEV精选,1,0,0,2255,@JChinnhx 短线策略不太一样，都是非常紧的止损，本质是交易技术面的，飘雪他们就做的很好,0,,https://x.com/Michael_Liu93/status/1855530683214835747
2011265726318068067,2026-01-14 02:34:51,mindset_risk,交易心法,1.1,0.71,0.08,🧠 核心思维,⭐ JEV精选,207,13,76,35696,"聊个话题 “怎么设置止损”

很少看到新人真正把风控当回事儿，但交易过几年的都会告诉你风控是交易的第一位

原因很简单，都被一波带走狠狠打痛过，还可能不止一次",0,,https://x.com/Michael_Liu93/status/2011265726318068067
1856231978405920810,2024-11-12 07:06:05,mindset_risk,交易心法,1.1,0.71,0.08,,⭐ JEV精选,80,3,5,31319,多看看高手的行为，尽量早没错，看准了可能是金狗大胆追，但不是去内盘里屎里淘金,0,,https://x.com/Michael_Liu93/status/1856231978405920810
1839334199633023243,2024-09-26 16:00:21,mindset_risk,交易心法,1.1,0.21,0.02,,归档记录,71,4,16,30988,我经常看到大家去“瞎琢磨”庄要干什么，比如“这个盘庄不可能就放弃了”、“这么好的叙事庄一定得拉到100M”、“庄趁着这波热度拉盘肯定得拉十倍，不可能就前高20%就砸下来了”。大哥，你也是这么追女孩子的么？😂😂“她看我这么帅一定也会喜欢我”，“我活这么好，她一定不会爱上别的男孩子”。凡事要讲证据啊，,0,,https://x.com/Michael_Liu93/status/1839334199633023243
1833547826284150821,2024-09-10 16:47:22,mindset_risk,交易心法,1.1,0.82,0.03,,⭐ JEV精选,22,3,6,6343,交易开单之前，你要想明白的第一件事就是，这个标的，你是在跟着庄喝汤还是在跟别的散户pvp？这件事想清楚之后你的策略该怎么制定也就迎刃而解了。,0,,https://x.com/Michael_Liu93/status/1833547826284150821
1985221969982394848,2025-11-03 05:46:15,mindset_risk,交易心法,1.1,0.56,0.05,,归档记录,13,0,3,3743,@0xSleepinRain 是的 在事件发生前先预设一套发展路径以及逻辑 错了就去复盘 不断打磨和纠正自己的认知,0,,https://x.com/Michael_Liu93/status/1985221969982394848
1917847530454261817,2025-05-01 07:44:17,mindset_risk,交易心法,1.1,0.54,0.02,,归档记录,6,0,0,1238,@0xDave852 逻辑不对赚到的钱总会以各种方式还给市场的，这跟打德州一样,0,,https://x.com/Michael_Liu93/status/1917847530454261817
2077807900886757795,2026-07-16 17:29:42,mindset_risk,交易心法,1.1,0.77,0.2,,⭐ JEV精选,4,0,1,2619,@Hans2140btc 股票我不喜欢做空 跌到关键支撑位博一博反弹ok的,0,,https://x.com/Michael_Liu93/status/2077807900886757795
2082733808219255240,2026-07-30 07:43:29,mindset_risk,交易心法,1.09,0.47,0.05,,⭐ JEV精选,270,9,113,164437,刷到几篇抄底存储的帖子，评论区已经全都是骂推主傻逼，抄底会死，不要上头的评论了，前几天不买存储是傻逼，这几天抄存储成了傻逼，有意思，我想阶段底部应该就是这两天了，这次捡的真的都是带血的筹码。,0,,https://x.com/Michael_Liu93/status/2082733808219255240
1911683584769048879,2025-04-14 07:30:58,mindset_risk,交易心法,1.09,0.74,0.06,,⭐ JEV精选,9,0,2,1293,@Tom05280945 怎么做止盈止损做仓位管理能说的太多了，改天写一篇吧。但最重要就是别让沉没成本参与决策。,0,,https://x.com/Michael_Liu93/status/1911683584769048879
1915216841657770188,2025-04-24 01:30:52,mindset_risk,交易心法,1.09,0.25,0.08,,归档记录,5,0,1,2687,@DdOiui89757 我这是回溯展示，要不拉不回去😂，交易的时候看5分钟的,0,,https://x.com/Michael_Liu93/status/1915216841657770188
1874668441480933441,2025-01-02 04:06:00,mindset_risk,交易心法,1.09,0.42,0.04,,归档记录,5,0,3,2813,@Vito_168 @animocabrands ai16z我们当时也是三千万到四千万上的，没啥，看懂有大空间的标的不怕看到晚一点👀,0,,https://x.com/Michael_Liu93/status/1874668441480933441
2087400882690568636,2026-08-12 04:48:47,mindset_risk,交易心法,1.09,0.29,0.03,,归档记录,3,0,1,1046,@HuoYean 假设57000那个低点是最低，三年后去个20w，很差吗,0,,https://x.com/Michael_Liu93/status/2087400882690568636
1858390451226828963,2024-11-18 06:03:05,mindset_risk,交易心法,1.08,0.03,0.01,,归档记录,926,539,930,289899,趁着黑五比较便宜，刚去找Keystone的老板批发了20个Keystone Pro，这个是我自己在用的硬件钱包，个人感觉比ledger和onekey好用，10个给群友抽奖，10个给推上的粉丝抽，希望大家都给我把安全意识提高起来。 https://t.co/FWKIr1em6b,1,images/1858390451226828963_0.jpg,https://x.com/Michael_Liu93/status/1858390451226828963
1906580467492762022,2025-03-31 05:33:00,mindset_risk,交易心法,1.08,0.7,0.04,🧠 核心思维,⭐ JEV精选,282,29,145,265276,预感这轮周期usdt可能会有场大劫，不管是usdt欧区下架，孙哥搞usdd，还是trump搞usd1，明面风平浪静，实则暗流涌动，注意下风控。,0,,https://x.com/Michael_Liu93/status/1906580467492762022
1987313140749721625,2025-11-09 00:15:49,mindset_risk,交易心法,1.08,0.86,0.06,,⭐ JEV精选,34,0,6,8602,在币圈最能“做时间的朋友”的事情就是长期空一篮子山寨和长期持有BTC。,0,,https://x.com/Michael_Liu93/status/1987313140749721625
2090720064748355819,2026-08-21 08:38:01,mindset_risk,交易心法,1.08,0.17,0.04,,归档记录,13,0,2,6660,@btcmote117 两天拉了20%+了，很多人是追不下手的,0,,https://x.com/Michael_Liu93/status/2090720064748355819
1991084098555703605,2025-11-19 10:00:16,mindset_risk,交易心法,1.08,0.28,0.03,,归档记录,7,0,0,2781,@alexrue27 买房套了就“反正自己住”跟买币套了就“够低了，现货不怕”一样,0,,https://x.com/Michael_Liu93/status/1991084098555703605
1915415494296818171,2025-04-24 14:40:15,mindset_risk,交易心法,1.08,0.52,0.02,,归档记录,6,0,1,951,@lin_yiliu 我是觉得看那玩意没用，庄能控盘的情况下，技术指标是演出来的😂,0,,https://x.com/Michael_Liu93/status/1915415494296818171
2090099118391832632,2026-08-19 15:30:36,mindset_risk,交易心法,1.07,0.16,0.02,,⭐ JEV精选,182,8,97,76134,"存储和btc的目标双双达成。

只是没想到btc是以这样一根大绿棒的方式达成。

等4万一直没抄底的，不知道看到这种启动针慌不慌😁 https://t.co/KFKERlZVuU",1,images/2090099118391832632_0.jpg,https://x.com/Michael_Liu93/status/2090099118391832632
2000589617951879461,2025-12-15 15:31:48,mindset_risk,交易心法,1.07,0.15,0.05,,归档记录,4,0,1,2961,@andrewhunh 100到0和10到0，都是-100%,0,,https://x.com/Michael_Liu93/status/2000589617951879461
2071134625435668703,2026-06-28 07:32:29,mindset_risk,交易心法,1.07,0.19,0.11,,归档记录,2,0,1,1517,@0x_dcgbb 涨了小赚 跌了脚斩 赔率实在太差了,0,,https://x.com/Michael_Liu93/status/2071134625435668703
1910064902775173598,2025-04-09 20:18:54,mindset_risk,交易心法,1.07,0.38,0.04,,归档记录,2,0,2,1214,@lam80191192 多说一嘴 别误解了 这是月级别的目标 要看你交易的timeframe,0,,https://x.com/Michael_Liu93/status/1910064902775173598
1877955927359553770,2025-01-11 05:49:18,mindset_risk,交易心法,1.06,0.77,0.03,,⭐ JEV精选,321,40,63,154602,如果把“庄”当成对手盘的角度思考交易策略，对于散户来说，“庄”最讨厌的策略，反倒就是“散户”最有效的交易策略。,0,,https://x.com/Michael_Liu93/status/1877955927359553770
1849901409032188338,2024-10-25 19:50:40,mindset_risk,交易心法,1.06,0.51,0.02,,归档记录,18,0,4,6933,@0xcryptowizard 没玩过crypto的founder不懂怎么运作，也不愿意相信更有经验的人，就像一个顶级叙事碰上了个流水盘dev。这个行业做大盘子的方式永远是“利他”，而不是索取。,0,,https://x.com/Michael_Liu93/status/1849901409032188338
1917853098707669412,2025-05-01 08:06:25,mindset_risk,交易心法,1.06,0.53,0.04,,归档记录,6,0,1,1942,@Billions_2022_ 一旦开始扛单 心态会出大问题 交易逻辑全都忘了 光想着啥时候才能回本了,0,,https://x.com/Michael_Liu93/status/1917853098707669412
1874507859037450728,2025-01-01 17:27:54,mindset_risk,交易心法,1.06,0.33,0.02,,归档记录,4,0,0,2841,@AKCB_Ron 叙事没延展性 这种热点一过没冲上大所就有点难,0,,https://x.com/Michael_Liu93/status/1874507859037450728
1839694510026310006,2024-09-27 15:52:05,mindset_risk,交易心法,1.06,0.14,0.02,,归档记录,3,0,3,2104,@lm888lhn 其实不是的，工具大家都是用一样的，我也不是技术出身，大部分人懒的找或者经验不够罢了,0,,https://x.com/Michael_Liu93/status/1839694510026310006
2017217106945921192,2026-01-30 12:43:31,mindset_risk,交易心法,1.06,0.16,0.14,,归档记录,2,0,2,616,@zhouyuan888 看过，这个价格赔率不够好，就不上了,0,,https://x.com/Michael_Liu93/status/2017217106945921192
1911682287118557523,2025-04-14 07:25:49,mindset_risk,交易心法,1.05,0.76,0.02,🧠 核心思维,⭐ JEV精选,339,54,74,68325,"看到一句话深有感触：“做交易本质上就是在追求知行合一的过程。我能知道、我能理解、我能做到”。

“我能知道”最简单，是观察的结果，我知道它在涨，或者我知道它在跌。",0,,https://x.com/Michael_Liu93/status/1911682287118557523
1996966873188229334,2025-12-05 15:36:19,mindset_risk,交易心法,1.05,0.48,0.02,,⭐ JEV精选,215,19,51,37368,"一个人交易赚不赚钱是能在方方面面看出来的，交易这事最终其实就是性格的投射，说几个比较典型的。

别人说什么信什么没点自己想法的，是最入门的韭菜，不断买不断损，炒币到头来亏得不清不楚，最后放弃扔下一句这游戏太难玩了；",0,,https://x.com/Michael_Liu93/status/1996966873188229334
1998648028165714251,2025-12-10 06:56:37,mindset_risk,交易心法,1.05,0.88,0.09,🧠 核心思维,⭐ JEV精选,102,4,39,41564,当价格跟你的逻辑是反着的时候，先信价格,0,,https://x.com/Michael_Liu93/status/1998648028165714251
1837368032005607471,2024-09-21 05:47:30,mindset_risk,交易心法,1.05,0.89,0.13,,⭐ JEV精选,20,1,2,8457,5. 行情好的时候多埋伏，行情差的时候多抱团冲热门:,0,,https://x.com/Michael_Liu93/status/1837368032005607471
1839573536735912164,2024-09-27 07:51:23,mindset_risk,交易心法,1.04,0.32,0.04,,归档记录,134,10,13,21775,这篇帖子吸收起来并不容易，而且只是一个逻辑框架，时间紧促下实盘很多细节的处理是经验带来的肌肉记忆，我个人很多时候也不能处理很好，狗庄的骚操作也越来越难抓，小白不会玩阴毛盘我的建议还是别上了，最后谢谢你看到了这里，如果你觉得我写的干货对你有用，就给我来个一键三连支持我继续写下去吧！,0,,https://x.com/Michael_Liu93/status/1839573536735912164
1878756095214379259,2025-01-13 10:48:53,mindset_risk,交易心法,1.04,0.79,0.03,,⭐ JEV精选,52,6,8,25030,不要高估“庄”的力量，不要低估“市场”和“叙事”的力量,0,,https://x.com/Michael_Liu93/status/1878756095214379259
1963893076641898788,2025-09-05 09:12:51,mindset_risk,交易心法,1.04,0.32,0.05,,归档记录,15,0,0,1245,@0xusher 这本书牛逼的地方就在于他把市场中每一种可能杀死你的方式都写出来了，自己踩过后再读一遍才后知后觉。,0,,https://x.com/Michael_Liu93/status/1963893076641898788
1881591509784711348,2025-01-21 06:35:48,mindset_risk,交易心法,1.04,0.35,0.05,,归档记录,10,2,3,12642,还是跟之前一样，自己先去体验下游戏做做研究再考虑上不上，交易自己找点位,0,,https://x.com/Michael_Liu93/status/1881591509784711348
2014611079855514107,2026-01-23 08:08:05,mindset_risk,交易心法,1.04,0.3,0.04,,归档记录,7,0,4,2464,@xingpt 不是没有这种过滤器，而是可能没有必要，反过来说这种过滤器可能需求也很大,0,,https://x.com/Michael_Liu93/status/2014611079855514107
1813241032286654620,2024-07-16 15:55:25,mindset_risk,交易心法,1.04,0.26,0.11,,归档记录,3,0,0,2239,@xiaomucrypto 是原来3年解完，现在成5年，该砸还是得砸,0,,https://x.com/Michael_Liu93/status/1813241032286654620
1956191806519173325,2025-08-15 03:10:45,mindset_risk,交易心法,1.04,0.14,0.06,,归档记录,2,0,1,723,@yuqun2015 作为用户，不利于危墙下肯定是没毛病的，至少也等真相出来。,0,,https://x.com/Michael_Liu93/status/1956191806519173325
1844327681988653118,2024-10-10 10:42:39,mindset_risk,交易心法,1.04,0.64,0.11,,⭐ JEV精选,2,0,1,247,@Grimmzer1 @gungyo8 上来都亏啊，慢慢学，先拿小资金玩，别追高,0,,https://x.com/Michael_Liu93/status/1844327681988653118
2011268755289153718,2026-01-14 02:46:53,mindset_risk,交易心法,1.04,0.58,0.1,,归档记录,1,0,1,739,"@fantxu 试试看止损设的宽点
不过大概率开仓位置也有问题",0,,https://x.com/Michael_Liu93/status/2011268755289153718
1917848446872216063,2025-05-01 07:47:56,mindset_risk,交易心法,1.03,0.82,0.23,🧠 核心思维,⭐ JEV精选,233,37,29,59219,分享两条我刚开始做二级交易对我交易纪律帮助很大的规则，,0,,https://x.com/Michael_Liu93/status/1917848446872216063
1923032696982471079,2025-05-15 15:08:17,mindset_risk,交易心法,1.03,0.27,0.02,,归档记录,108,7,25,63384,"也不知怎么，最近看到好多kol和车头被评论区网暴。

交易从来都是每个人自己的事情，没有任何人能够帮你执行，别人能够分享自己真实的想法或信息就已经是对公众最大的真诚。",0,,https://x.com/Michael_Liu93/status/1923032696982471079
1916302664956317792,2025-04-27 01:25:33,mindset_risk,交易心法,1.03,0.75,0.13,,⭐ JEV精选,28,1,4,11225,玩笑归玩笑 不建议空 有回调合适位置会抄底 后面俩月大方向还是看涨,0,,https://x.com/Michael_Liu93/status/1916302664956317792
1886568421162455087,2025-02-04 00:12:17,mindset_risk,交易心法,1.03,0.12,0.02,,归档记录,13,0,3,4605,@timotimo007 别说性格温和和真诚了，光是专一，遇见有conviction的另一半就很不容易，就很像链上，在这个人人pvp的时代，遇见能一起钻的另一半实在太难了，可能一开始他/她也钻，后来被p死几次就不敢钻了。,0,,https://x.com/Michael_Liu93/status/1886568421162455087
2010238945054077328,2026-01-11 06:34:47,mindset_risk,交易心法,1.03,0.45,0.09,,归档记录,5,0,0,5025,@cutepanda 嗯嗯 落袋才是自己的 再看好大不了抄回来就是了,0,,https://x.com/Michael_Liu93/status/2010238945054077328
1996971988154528043,2025-12-05 15:56:38,mindset_risk,交易心法,1.03,0.3,0.08,,归档记录,4,0,0,1040,@0xldb 我也是 开单之前都要先想好要是输是输在什么上了,0,,https://x.com/Michael_Liu93/status/1996971988154528043
1906581032578723861,2025-03-31 05:35:15,mindset_risk,交易心法,1.03,0.36,0.05,,归档记录,0,0,2,8514,@sizhaia 这么多其他的稳定币呢，分摊下风险,0,,https://x.com/Michael_Liu93/status/1906581032578723861
1838466816911491095,2024-09-24 06:33:40,mindset_risk,交易心法,1.02,0.15,0.01,,归档记录,283,37,71,164832,今天聊个严肃的话题。最近收到不少私信，有00后的，也有80后的，大多都在抱怨市场不好，进来几年了，一二级都尝试了但是一直没有赚到钱，觉得行业红利被上一轮的人吃完了，80后的纠结负债该怎么办，00后的来问我是不是该早点退圈老老实实找个班上，大家都很迷茫，我想这大概是币圈90%以上人的真实写照,0,,https://x.com/Michael_Liu93/status/1838466816911491095
2038880359774105690,2026-03-31 07:25:32,mindset_risk,交易心法,1.02,0.62,0.06,,⭐ JEV精选,150,15,32,84764,"当你焦虑贵金属是不是已经跌太多没法空了，放大看看
这个逢高空策略我要做5年 https://t.co/RZpoEMEa3D",2,images/2038880359774105690_0.jpg;images/2038880359774105690_1.jpg,https://x.com/Michael_Liu93/status/2038880359774105690
1937464955009396906,2025-06-24 10:56:56,mindset_risk,交易心法,1.02,0.33,0.02,,归档记录,7,0,1,1076,@If_wewin 说的太好了：“媒体不是敌人，它是信号的一部分”,0,,https://x.com/Michael_Liu93/status/1937464955009396906
1923834114253390130,2025-05-17 20:12:50,mindset_risk,交易心法,1.02,0.58,0.05,,归档记录,5,0,1,1570,@Pathusa 滚仓太依赖行情延续了,0,,https://x.com/Michael_Liu93/status/1923834114253390130
1894636838419403172,2025-02-26 06:33:17,mindset_risk,交易心法,1.02,0.14,0.02,,归档记录,4,0,2,1866,@AnthonyCage10 几百块的本就找工作赚吧，web3里找个中文社区的mod岗位也行，别赌了,0,,https://x.com/Michael_Liu93/status/1894636838419403172
1836245451571679414,2024-09-18 03:26:46,mindset_risk,交易心法,1.02,0.51,0.02,,归档记录,4,0,0,1307,@lixioshui8 做交易不是预测，我要是能预测价格为什么巴菲特不是我来做,0,,https://x.com/Michael_Liu93/status/1836245451571679414
1588973918454714369,2022-11-05 19:17:58,mindset_risk,交易心法,1.02,0.16,0.04,,归档记录,1,0,0,0,@sunyuchentron 我没受到影响，但是看了这次火币的处理方式，我就直接提币走人了…,0,,https://x.com/Michael_Liu93/status/1588973918454714369
2032826516233462119,2026-03-14 14:29:44,mindset_risk,交易心法,1.01,0.05,0.01,,归档记录,343,29,65,59436,闲聊个话题，有没有发现，身边那些性格执拗，自尊心很强，谈到某话题时，都是100%笃定自己的观点就是事实的亲人和朋友，没一个炒股/投资做的好的，大部分事业也做的不行。,0,,https://x.com/Michael_Liu93/status/2032826516233462119
1958976110508875931,2025-08-22 19:34:35,mindset_risk,交易心法,1.01,0.84,0.28,,⭐ JEV精选,329,52,34,57575,时刻提醒自己：要么就不玩，要玩，再贵都只玩龙头。 https://t.co/OmC0WSJxHM,1,images/1958976110508875931_0.jpg,https://x.com/Michael_Liu93/status/1958976110508875931
2036700494027194847,2026-03-25 07:03:32,mindset_risk,交易心法,1.01,0.25,0.02,,归档记录,288,26,59,62931,最近身边很多做crypto的朋友都在做贵金属和股票交易，我的感受是做crypto交易出身的人在别的金融市场里优势也是挺大的。,0,,https://x.com/Michael_Liu93/status/2036700494027194847
1895360368974909875,2025-02-28 06:28:20,mindset_risk,交易心法,1.01,0.22,0.05,,归档记录,45,0,7,18965,@xixikawaii 汐 听句劝 才跌一个多月你就上贷款了 这钱你贷了就是打水漂,0,,https://x.com/Michael_Liu93/status/1895360368974909875
2083450673396625871,2026-08-01 07:12:03,mindset_risk,交易心法,1.01,0.24,0.02,,归档记录,42,0,8,7301,说真的，现在币安 okx hyperliquid这么方便，我是真的无法共情任何在中小所丢钱或者被他们坑的人，就像我无法理解现在还定投山寨币的人，何必呢。,0,,https://x.com/Michael_Liu93/status/2083450673396625871
1868924280236605903,2024-12-17 07:40:45,mindset_risk,交易心法,1.01,0.47,0.02,,归档记录,28,2,2,5104,@Christianeth 这个圈子里，“利他”其实才是最能“利己”的方式，但很少有项目方真正懂得这个道理。,0,,https://x.com/Michael_Liu93/status/1868924280236605903
1831063608861835501,2024-09-03 20:15:58,mindset_risk,交易心法,1.01,0.73,0.03,,⭐ JEV精选,19,0,7,11535,我知道大家可能不太愿意看这种太大道理的内容，更愿意看直接给策略，但交易里“道”真的要比“术”重要太多了,0,,https://x.com/Michael_Liu93/status/1831063608861835501
1991758050785632290,2025-11-21 06:38:19,mindset_risk,交易心法,1.01,0.49,0.04,,归档记录,13,0,1,4095,"@0xfengxun 我在这个市场已经被锻炼的
不能像做空那样容易去做多了",0,,https://x.com/Michael_Liu93/status/1991758050785632290
1967220292897694009,2025-09-14 13:34:01,mindset_risk,交易心法,1.01,0.36,0.04,,归档记录,11,1,0,3849,@broleon 确实 牛顶都是后知后觉的 意识到结束的时候通常已经跑不了了,0,,https://x.com/Michael_Liu93/status/1967220292897694009
1836716977634660596,2024-09-19 10:40:26,mindset_risk,交易心法,1.01,0.78,0.13,,⭐ JEV精选,11,0,1,4041,@BTCBruce1 我在刚进来第一年的时候，就学会了要想活得久就永远不要想做空btc,0,,https://x.com/Michael_Liu93/status/1836716977634660596
1832577081810808978,2024-09-08 00:29:58,mindset_risk,交易心法,1.01,0.28,0.03,,归档记录,11,1,0,5827,我其实非常建议玩二级的朋友去做做一级，玩一级的朋友去做做二级，这两边的技能树是真的可以互补的。,0,,https://x.com/Michael_Liu93/status/1832577081810808978
2070916548701864168,2026-06-27 17:05:55,mindset_risk,交易心法,1.01,0.68,0.02,,⭐ JEV精选,8,0,3,3827,@timotimo007 如果有共同的经验借鉴，就是去嗅时代给的alpha机会在哪，越早越好，然后竭尽所能的投身进去,0,,https://x.com/Michael_Liu93/status/2070916548701864168
2025967594818384217,2026-02-23 16:14:49,mindset_risk,交易心法,1.01,0.24,0.03,,归档记录,8,0,0,2050,@seaify1 sol庄都跑去搞ai了，这轮不敢抄了，怕没底,0,,https://x.com/Michael_Liu93/status/2025967594818384217
1976882998395203840,2025-10-11 05:30:10,mindset_risk,交易心法,1.01,0.14,0.02,,归档记录,7,0,0,2487,@0xsakura666 巴菲特也有早期梭哈收购，差点失败濒临破产的时候，也是这些经历造就了后来的巴菲特。,0,,https://x.com/Michael_Liu93/status/1976882998395203840
1894605491281826195,2025-02-26 04:28:43,mindset_risk,交易心法,1.01,0.64,0.04,,归档记录,4,0,1,1248,@zcj2xiaowan 长期盈利的来源是交易系统 不是赌,0,,https://x.com/Michael_Liu93/status/1894605491281826195
1855718053142786189,2024-11-10 21:03:56,mindset_risk,交易心法,1.01,0.2,0.02,,归档记录,4,0,2,1484,@rickawsb 认知是翻身第一步，但别人说了没用，只能摔了跟头自己悟,0,,https://x.com/Michael_Liu93/status/1855718053142786189
2093229259447996718,2026-08-28 06:48:40,mindset_risk,交易心法,1.01,0.4,0.05,,归档记录,3,0,1,3254,@liu_shuo4202 我不会这么做，因为确实不确定大盘什么时候会动,0,,https://x.com/Michael_Liu93/status/2093229259447996718
2026590101527261429,2026-02-25 09:28:27,mindset_risk,交易心法,1.0,0.23,0.02,,归档记录,170,13,57,64704,怕输的人永远赢不了，求稳的人注定平庸。你怕输，所以你每一步都战战兢兢。但如果你真的想赢，你眼里只有兴奋。记住，成功不是先有钱，而是先有胆。,0,,https://x.com/Michael_Liu93/status/2026590101527261429
1837365817010442351,2024-09-21 05:38:42,mindset_risk,交易心法,1.0,0.47,0.05,,⭐ JEV精选,157,45,28,30141,开篇持续连载超长的”一级经验大全”。之前把一级的工具和新手入门讲清楚了，但一级有太多经验主义的细节是小白只有交了学费才会知道的，希望这篇帖可以让小白少走弯路，至少在交了学费之后能回过头来看我这篇帖子，理解清楚为什么交了学费。每一部分我会以“现象+底层逻辑”为框架，希望能帮到你 (1/n) https://t.co/g95GImO2gu,1,images/1837365817010442351_0.jpg,https://x.com/Michael_Liu93/status/1837365817010442351
2013434970321371488,2026-01-20 02:14:39,mindset_risk,交易心法,1.0,0.45,0.1,,归档记录,102,3,40,17176,"炒山寨跟谈恋爱很像，如果你总让一个人欺负你，还一直反省是不是自己的错，那你一定是最后输的那个人

一个币让你输一两次就够了，及时止损，不要反思是不是自己买点不好，去期盼浪子回头金不换

就是这币太畜生了，而你可能也错过了她最好的年华，换一个就好了",0,,https://x.com/Michael_Liu93/status/2013434970321371488
1909451064622927966,2025-04-08 03:39:44,mindset_risk,交易心法,1.0,0.77,0.04,,⭐ JEV精选,98,6,25,167744,中短期底差不多了，最近别做空思维了，这周都可以找找值得抄的标的。 https://t.co/hAkKb4WsVR,1,images/1909451064622927966_0.jpg,https://x.com/Michael_Liu93/status/1909451064622927966
1854947479730766034,2024-11-08 18:01:57,mindset_risk,交易心法,1.0,0.36,0.03,,⭐ JEV精选,64,4,33,180374,"Ban马上又要新高了，不知道还有多少在车上的朋友？

我不是项目方也不能预知未来，跌的时候我也慌，尤其是涨了这么多倍了

我很多时候也不确定继续钻住收益是否是对的，所以我无法做到去“按头”任何人去买什么币，因为我知道我并不是掌握结果的那个人，我只能告诉你我是怎么想的 https://t.co/EE3LLuRT7M",1,images/1854947479730766034_0.png,https://x.com/Michael_Liu93/status/1854947479730766034
2090837390449631295,2026-08-21 16:24:14,mindset_risk,交易心法,1.0,0.36,0.02,,归档记录,24,1,0,4983,@cishanjia 玩合约应该是所有币圈赚钱模式中最难的，千军万马真正能闯出来的，性格心性很多东西得是天生能吃上这碗饭的。,0,,https://x.com/Michael_Liu93/status/2090837390449631295
2088154899561546125,2026-08-14 06:44:58,mindset_risk,交易心法,1.0,0.16,0.02,,归档记录,23,0,3,1959,@Guilin_Chen_ 说实话我觉得优秀的交易员更应该做kol，我做了账号之后认识了特别多优秀的交易员和投资人，这是做帐号给我带来的最大意义。其实内容分享就平常心一些就好，把自己的交易和真实想法分享出来，同频的人自然会互相吸引，当然搞流量的也会互相吸引。,0,,https://x.com/Michael_Liu93/status/2088154899561546125
1963889555838222478,2025-09-05 08:58:52,mindset_risk,交易心法,1.0,0.69,0.18,,⭐ JEV精选,21,0,0,5006,@0xcryptowizard 永远不去参与那些可能被一波带走的机会，就算看起来多么诱人,0,,https://x.com/Michael_Liu93/status/1963889555838222478
2039315172624581114,2026-04-01 12:13:20,mindset_risk,交易心法,1.0,0.36,0.03,,归档记录,20,1,5,4932,所以如果你能把建设做成一门“生意”，那就去建设，如果不能，还是算了吧。,0,,https://x.com/Michael_Liu93/status/2039315172624581114
1990556256311107677,2025-11-17 23:02:48,mindset_risk,交易心法,1.0,0.55,0.03,,归档记录,18,0,2,4597,@myanTokenGeek 熊市刚开始，未来一年有无数价格更合适的时候,0,,https://x.com/Michael_Liu93/status/1990556256311107677
2055171373056795092,2026-05-15 06:20:13,mindset_risk,交易心法,1.0,0.38,0.05,,归档记录,11,0,1,5538,刚平了一些，跌的太快了，做做小级别的波段吧,0,,https://x.com/Michael_Liu93/status/2055171373056795092
2021908825440477231,2026-02-12 11:26:43,mindset_risk,交易心法,1.0,0.34,0.03,,归档记录,11,0,1,3174,@Tom05280945 要花更多精力投别的方面了，crypto没新的变化之前确实不值得花精力了。,0,,https://x.com/Michael_Liu93/status/2021908825440477231
2007642777757331668,2026-01-04 02:38:33,mindset_risk,交易心法,1.0,0.3,0.02,,归档记录,9,0,1,2725,@0xJingleMingle 选择权握在自己手里比不在自己手里，心态上好的不是一点半点,0,,https://x.com/Michael_Liu93/status/2007642777757331668
2021931896897454449,2026-02-12 12:58:24,mindset_risk,交易心法,1.0,0.25,0.02,,归档记录,6,1,1,3776,@seaify1 害 早点去了解呗 你在crypto能赚到钱去别的市场也一样会有竞争力的,0,,https://x.com/Michael_Liu93/status/2021931896897454449
1940585082567496024,2025-07-03 01:35:12,mindset_risk,交易心法,1.0,0.09,0.02,,归档记录,6,0,0,1793,@broleon 情绪管理成这样的人 生活和交易确实很难如意,0,,https://x.com/Michael_Liu93/status/1940585082567496024
1912050671282721031,2025-04-15 07:49:38,mindset_risk,交易心法,1.0,0.34,0.02,,归档记录,6,0,2,434,@hoidya_ @cryptobraveHQ 需求是被创造出来的 尤其在币圈,0,,https://x.com/Michael_Liu93/status/1912050671282721031
2012805489458024579,2026-01-18 08:33:19,mindset_risk,交易心法,1.0,0.11,0.04,,归档记录,5,0,0,2274,@nmV1kDumx6BnZvA 害 实事求是，没买多少，昨天加了点不到1%,0,,https://x.com/Michael_Liu93/status/2012805489458024579
1984871792931192989,2025-11-02 06:34:47,mindset_risk,交易心法,1.0,0.59,0.03,,归档记录,5,0,0,3199,@web3foxcn 是的 有新赛道要尽早进去研究 那毛反倒是次要的,0,,https://x.com/Michael_Liu93/status/1984871792931192989
1925861463471628436,2025-05-23 10:28:48,mindset_risk,交易心法,1.0,0.23,0.02,,归档记录,5,0,0,1867,@Billions_2022_ 嗯，选择的权力在一方手里，最后的确都会成为权衡利弊的结果,0,,https://x.com/Michael_Liu93/status/1925861463471628436
2039315774175858876,2026-04-01 12:15:43,mindset_risk,交易心法,1.0,0.47,0.03,,归档记录,4,0,0,1093,@lijiuer1 所以如果不能做成一门生意，最好就不要做建设者,0,,https://x.com/Michael_Liu93/status/2039315774175858876
2032352136579969351,2026-03-13 07:04:43,mindset_risk,交易心法,1.0,0.35,0.04,,归档记录,4,0,0,7149,@cntrader666 不好说，而且这个位置买赔率太差了,0,,https://x.com/Michael_Liu93/status/2032352136579969351
1939627462264279264,2025-06-30 10:09:58,mindset_risk,交易心法,1.0,0.4,0.03,,归档记录,3,0,0,430,@yifeng0571 @yuyue_chris 这就像”都在喊抄底就一般不是底😅”,0,,https://x.com/Michael_Liu93/status/1939627462264279264
1832964960395448438,2024-09-09 02:11:16,mindset_risk,交易心法,1.0,0.55,0.04,,归档记录,3,0,1,1004,@eth200000 按照历史经验，埋伏的时候就是高点，,0,,https://x.com/Michael_Liu93/status/1832964960395448438
1878021113219092977,2025-01-11 10:08:19,mindset_risk,交易心法,1.0,0.16,0.03,,归档记录,2,0,0,1335,@ZaggyGoKrazy @sperg_ai @askthehive_ai 我也没冒犯的意思哈🤣 buzz挺好的，跟stoic一样投“团队”逻辑，等产品看看,0,,https://x.com/Michael_Liu93/status/1878021113219092977
1840403147858342207,2024-09-29 14:47:58,mindset_risk,交易心法,1.0,0.05,0.02,,归档记录,2,0,1,2095,@Mark517300 枯坐冲狗有干扰真的很影响，有时候工作电话来了都要一会儿调整回状态，试试工作前冥想，挺有用的，,0,,https://x.com/Michael_Liu93/status/1840403147858342207
1833543104840011872,2024-09-10 16:28:36,mindset_risk,交易心法,1.0,0.5,0.15,,归档记录,2,0,1,1213,@zhugecoin 记得设止损，这种最怕就是突然来一个大的。。。,0,,https://x.com/Michael_Liu93/status/1833543104840011872
1991757390040178913,2025-11-21 06:35:41,mindset_risk,交易心法,1.0,0.36,0.08,,归档记录,1,0,1,510,@puluomi9527 @xixikawaii 反弹不知道会不会有 空单继续拿着没啥性价比了,0,,https://x.com/Michael_Liu93/status/1991757390040178913
1873747291330449611,2024-12-30 15:05:41,mindset_risk,交易心法,1.0,0.41,0.09,,归档记录,1,0,1,2105,@LoganMichaux26 热钱都在ai，等不及就卖呗,0,,https://x.com/Michael_Liu93/status/1873747291330449611
1973901795589275801,2025-10-03 00:03:56,mindset_risk,交易心法,0.99,0.29,0.04,,归档记录,392,95,31,122949,"刷youtube无意间刷到的这个对Bitwise投资负责人Jeff Park的采访，讲的真好，推荐大家都花时间看一遍，听听专业机构们在投资加密市场时的体系是什么。
https://t.co/khJUInr4AV",0,,https://x.com/Michael_Liu93/status/1973901795589275801
2094483954502111378,2026-08-31 17:54:23,mindset_risk,交易心法,0.99,0.65,0.07,,⭐ JEV精选,179,4,50,91228,感觉链上要来一波大回调了，仓位很大的话防守下吧。,0,,https://x.com/Michael_Liu93/status/2094483954502111378
2027837195185430676,2026-02-28 20:03:57,mindset_risk,交易心法,0.99,0.3,0.04,,归档记录,68,1,23,84273,都打成这样了，还没新低，所以只会新高,0,,https://x.com/Michael_Liu93/status/2027837195185430676
2047732241296720212,2026-04-24 17:39:46,mindset_risk,交易心法,0.99,0.29,0.03,,归档记录,46,1,29,47206,这个市场就是这么有趣，大家不用投票，你有什么想说的，bet with money,0,,https://x.com/Michael_Liu93/status/2047732241296720212
1911762765397811527,2025-04-14 12:45:36,mindset_risk,交易心法,0.99,0.12,0.02,,归档记录,11,0,2,3497,@thecryptoskanda 人都是害怕失去的 这是刻在我们dna的东西,0,,https://x.com/Michael_Liu93/status/1911762765397811527
1988460879911023042,2025-11-12 04:16:32,mindset_risk,交易心法,0.99,0.05,0.02,,归档记录,9,0,3,5225,@broleon @machibigbrother @JamesWynnReal 我每次看麻吉的开单，都觉得这大哥反应也太慢了还爱追涨,0,,https://x.com/Michael_Liu93/status/1988460879911023042
1978279219697266777,2025-10-15 01:58:15,mindset_risk,交易心法,0.99,0.38,0.03,,归档记录,5,0,1,1815,@0xcryptoHowe 不是这样的，很多都是可以谈的，也是跟行情浮动的，弹性标准也很大,0,,https://x.com/Michael_Liu93/status/1978279219697266777
1916296801105461430,2025-04-27 01:02:15,mindset_risk,交易心法,0.99,0.43,0.04,,归档记录,5,0,0,3404,@joakja 嗯嗯 合约全是对手盘思维,0,,https://x.com/Michael_Liu93/status/1916296801105461430
1984772121256763678,2025-11-01 23:58:43,mindset_risk,交易心法,0.99,0.5,0.05,,归档记录,4,0,1,6351,@PPHarryDotBTC 对 很多池子只适合小资金,0,,https://x.com/Michael_Liu93/status/1984772121256763678
2075042655172796887,2026-07-09 02:21:36,mindset_risk,交易心法,0.99,0.27,0.02,,归档记录,3,0,0,856,@tabbypos 是这样的 挑一个细分赛道玩精了都能赚大钱,0,,https://x.com/Michael_Liu93/status/2075042655172796887
2061727820133605542,2026-06-02 08:33:12,mindset_risk,交易心法,0.99,0.43,0.14,,归档记录,2,0,1,1212,@chinakkxl crcl我准备中长期拿了，现在还在建仓，跌多了就买点,0,,https://x.com/Michael_Liu93/status/2061727820133605542
1912938209652412568,2025-04-17 18:36:24,mindset_risk,交易心法,0.99,0.07,0.01,,归档记录,2,0,1,518,@yjaydotdot 人没办法接受超出认知范围的事情 这我能理解,0,,https://x.com/Michael_Liu93/status/1912938209652412568
1833129199621525641,2024-09-09 13:03:53,mindset_risk,交易心法,0.99,0.7,0.47,,⭐ JEV精选,1,0,0,1829,@BTCdayu 所以交易中，只冲第一个，最多第二个舔一口,0,,https://x.com/Michael_Liu93/status/1833129199621525641
1997411473375764814,2025-12-06 21:03:00,mindset_risk,交易心法,0.98,0.18,0.02,,归档记录,144,4,50,27084,"差不多的叙事，差不多的双簧，差不多的剧情，差不多的方式说出口，差不多的人在shill，差不多的巧合，差不多的线，差不多的资金，差不多的地址，差不多的口味，都差不多吧。

sorry兄弟们，链上出创新东西之前我是真的不想再差不多的亏钱了。 https://t.co/RaGVIX0hID",1,images/1997411473375764814_0.jpg,https://x.com/Michael_Liu93/status/1997411473375764814
1955461350462984202,2025-08-13 02:48:11,mindset_risk,交易心法,0.98,0.24,0.02,,归档记录,68,4,27,61204,你总以为机会无限，所以从不珍惜眼前 https://t.co/ubK0pGQK2y,1,images/1955461350462984202_0.jpg,https://x.com/Michael_Liu93/status/1955461350462984202
1956426425952874762,2025-08-15 18:43:03,mindset_risk,交易心法,0.98,0.13,0.02,,归档记录,10,0,3,9122,@thankUcrypto 对于巨婴 赢了一百次不重要 他只记你亏的那一次,0,,https://x.com/Michael_Liu93/status/1956426425952874762
1902213988198285369,2025-03-19 04:22:10,mindset_risk,交易心法,0.98,0.37,0.02,,归档记录,10,1,0,1417,@bigdzhao 最大的机会都藏在新事物里 接受不确定性！,0,,https://x.com/Michael_Liu93/status/1902213988198285369
2094633506374828307,2026-09-01 03:48:38,mindset_risk,交易心法,0.98,0.67,0.26,,⭐ JEV精选,8,0,0,1814,@brucelee352717 我已经把做空键抠掉了，牛市看空不做空,0,,https://x.com/Michael_Liu93/status/2094633506374828307
1880333975388135671,2025-01-17 19:18:49,mindset_risk,交易心法,0.98,0.19,0.02,,归档记录,6,0,1,2899,@0xcrypto_max 最终都还是人和人之间的游戏,0,,https://x.com/Michael_Liu93/status/1880333975388135671
1858036352274805227,2024-11-17 06:36:01,mindset_risk,交易心法,0.98,0.57,0.11,,归档记录,5,1,0,2494,@JL_btc 别想着钻到最后 格局大点没错 但也慢慢出,0,,https://x.com/Michael_Liu93/status/1858036352274805227
2083114857801609265,2026-07-31 08:57:39,mindset_risk,交易心法,0.98,0.25,0.02,,归档记录,3,0,1,1020,@chenzhihua1224 不知道，现在买进去的话博弈的就是反弹还是反转了,0,,https://x.com/Michael_Liu93/status/2083114857801609265
2066534962338337003,2026-06-15 14:55:04,mindset_risk,交易心法,0.98,0.14,0.01,,归档记录,3,0,0,1924,@lijiuer1 别跟别人比 跟过去的自己比！,0,,https://x.com/Michael_Liu93/status/2066534962338337003
1991081176245707014,2025-11-19 09:48:39,mindset_risk,交易心法,0.98,0.17,0.05,,归档记录,3,0,1,2142,@0xCryptoWing 至少这钱没梭哈山寨币,0,,https://x.com/Michael_Liu93/status/1991081176245707014
1890453944708497452,2025-02-14 17:31:58,mindset_risk,交易心法,0.98,0.46,0.04,,归档记录,3,0,0,650,@EdmundToynbee2 只买便宜 不买好的….这样赚不到钱的。btc生态都凉了啊,0,,https://x.com/Michael_Liu93/status/1890453944708497452
1881608581696618690,2025-01-21 07:43:39,mindset_risk,交易心法,0.98,0.2,0.04,,归档记录,1,0,2,626,@Geronimo0519 @HuoYean aimonica我也补仓了一些，纯赌大集团不会搞的太难看,0,,https://x.com/Michael_Liu93/status/1881608581696618690
1982142690902057471,2025-10-25 17:50:18,mindset_risk,交易心法,0.97,0.5,0.06,,归档记录,24,0,0,10180,不是说要空的意思，想抄底可以多等等,0,,https://x.com/Michael_Liu93/status/1982142690902057471
1978350998633451989,2025-10-15 06:43:28,mindset_risk,交易心法,0.97,0.23,0.03,,归档记录,13,0,2,6411,@0xcryptowizard 道别人教不了 都得自己碰了事儿才能悟出来,0,,https://x.com/Michael_Liu93/status/1978350998633451989
2077682777445863533,2026-07-16 09:12:30,mindset_risk,交易心法,0.97,0.49,0.08,,归档记录,4,0,1,2108,@lianyanshe 不知道 刻舟的话要等年底 不过逢低建仓就完了 差不了多少,0,,https://x.com/Michael_Liu93/status/2077682777445863533
1983767412660170896,2025-10-30 05:26:22,mindset_risk,交易心法,0.97,0.08,0.02,,归档记录,3,0,2,3076,@0xSleepinRain 我也一样，尤其自己喊了的，不好意思卖也把自己洗脑了,0,,https://x.com/Michael_Liu93/status/1983767412660170896
1935180372687601747,2025-06-18 03:38:49,mindset_risk,交易心法,0.97,0.1,0.02,,归档记录,2,0,1,270,@xnm05010 @timotimo007 其实最账号就是开始难 一旦开始做了然后有了正反馈 就会越做越好，不客气哈哈,0,,https://x.com/Michael_Liu93/status/1935180372687601747
1880473835335725110,2025-01-18 04:34:34,mindset_risk,交易心法,0.97,0.4,0.02,,归档记录,2,0,4,5181,@DongGuaBuYuan 资金和热点都会轮动的 别着急,0,,https://x.com/Michael_Liu93/status/1880473835335725110
1947882177712304215,2025-07-23 04:51:15,mindset_risk,交易心法,0.96,0.18,0.03,,归档记录,27,0,5,8143,@Ed_x0101 @bonkfun 拿住pump，请记住，你正在持有的是年赚10亿手握2B现金而且舍得花几个sol买币的东西！,0,,https://x.com/Michael_Liu93/status/1947882177712304215
1988568715055472995,2025-11-12 11:25:02,mindset_risk,交易心法,0.96,0.29,0.54,,归档记录,24,0,4,5632,@hexiecs 群友从盯日线 到小时线 到分钟线 现在已经在看秒线了 5秒见红全跑了,0,,https://x.com/Michael_Liu93/status/1988568715055472995
2002011858325356807,2025-12-19 13:43:17,mindset_risk,交易心法,0.96,0.2,0.02,,归档记录,13,0,2,1985,@qingshui_eth 知道内幕亏100 认识项目方亏1000,0,,https://x.com/Michael_Liu93/status/2002011858325356807
1855984955953913991,2024-11-11 14:44:30,mindset_risk,交易心法,0.96,0.38,0.03,,归档记录,2,0,0,592,@Lee_points 牛市会有更多钻石手的奖励,0,,https://x.com/Michael_Liu93/status/1855984955953913991
1855248487765754121,2024-11-09 13:58:02,mindset_risk,交易心法,0.96,0.18,0.02,,归档记录,2,0,1,172,@0xcryptobring @latteyuan 真的 这种看多了 交易是不可能做好的,0,,https://x.com/Michael_Liu93/status/1855248487765754121
2083231887838110070,2026-07-31 16:42:41,mindset_risk,交易心法,0.95,0.49,0.18,,归档记录,13,0,2,11156,这波没有很笃定，反正情况不对就跑,0,,https://x.com/Michael_Liu93/status/2083231887838110070
1963890450315538550,2025-09-05 09:02:25,mindset_risk,交易心法,0.95,0.13,0.02,,归档记录,9,0,1,1572,@ZhanweiC 大家一开始都一样，先小赚尝一点甜头，然后被一波带走😂,0,,https://x.com/Michael_Liu93/status/1963890450315538550
1878020021433327727,2025-01-11 10:03:59,mindset_risk,交易心法,0.95,0.41,0.05,,归档记录,9,1,1,14412,前几天位置有点高没敢call，分享项目，别fomo，自己判断买卖点,0,,https://x.com/Michael_Liu93/status/1878020021433327727
1855855350647497021,2024-11-11 06:09:30,mindset_risk,交易心法,0.95,0.07,0.02,,归档记录,9,0,1,1204,@Aspirin_2022 我发现巫师总是打这种煎熬的翻身仗😂，ordi也是，一路看着ordi跌的连社区都快没了，硬是被他坚持下来了,0,,https://x.com/Michael_Liu93/status/1855855350647497021
1856235225648640050,2024-11-12 07:18:59,mindset_risk,交易心法,0.95,0.18,0.05,,归档记录,6,0,1,3530,@friedgoldfisht1 全仓肯定不对，之前写过一个现货帖，你可以去看看,0,,https://x.com/Michael_Liu93/status/1856235225648640050
1887767126544687130,2025-02-07 07:35:30,mindset_risk,交易心法,0.95,0.29,0.04,,归档记录,5,0,2,3650,@gokunocool 这行情，没什么二段可以做的,0,,https://x.com/Michael_Liu93/status/1887767126544687130
1898721173623689329,2025-03-09 13:02:58,mindset_risk,交易心法,0.95,0.15,0.02,,归档记录,4,1,0,2868,@guang_xin37920 市场这么跌 没东西可以挺住的,0,,https://x.com/Michael_Liu93/status/1898721173623689329
2086753493449351246,2026-08-10 09:56:17,mindset_risk,交易心法,0.95,0.25,0.04,,归档记录,2,0,1,846,@terry70492801 到了美股就别总想空了吧,0,,https://x.com/Michael_Liu93/status/2086753493449351246
2077806467214987575,2026-07-16 17:24:00,mindset_risk,交易心法,0.95,0.14,0.04,,归档记录,2,0,0,1722,@xingpt 每轮磨底部的时间都在减少,0,,https://x.com/Michael_Liu93/status/2077806467214987575
2035898734643716317,2026-03-23 01:57:38,mindset_risk,交易心法,0.95,0.38,0.04,,归档记录,2,0,0,1242,@Chrislulu816 势大于人，人大于事！,0,,https://x.com/Michael_Liu93/status/2035898734643716317
1856266832484938085,2024-11-12 09:24:35,mindset_risk,交易心法,0.95,0.18,0.04,,归档记录,1,0,0,3042,@txnl618 无法 早期人家弃盘根本没时间给你反应,0,,https://x.com/Michael_Liu93/status/1856266832484938085
2094797129365741874,2026-09-01 14:38:49,mindset_risk,交易心法,0.94,0.32,0.03,,归档记录,155,2,36,44147,朋友跟我说这篇说牛来结束的在各个群被骂惨了。大家交易观点不一样很正常，你有你的逻辑，我有我的逻辑，所以我们依此下注。,0,,https://x.com/Michael_Liu93/status/2094797129365741874
2062047441445388791,2026-06-03 05:43:15,mindset_risk,交易心法,0.94,0.25,0.03,,归档记录,50,0,14,16610,这两天大跌研究了下盘面，本来想写点抄底点位的内容，想了想还是算了，走一步看一步吧，抄底短线博那几个点反弹不如美股随便追一单，写多了我怕耽误别人赚钱骂我是傻逼😅,0,,https://x.com/Michael_Liu93/status/2062047441445388791
2029853815533621274,2026-03-06 09:37:17,mindset_risk,交易心法,0.94,0.11,0.03,,归档记录,14,0,0,2863,"@haze0x “不该偏见的”
“当时没看懂没买，现在看懂了所以梭了”
“操啊 这么好的东西 怎么腰斩了”",0,,https://x.com/Michael_Liu93/status/2029853815533621274
1858534320908239349,2024-11-18 15:34:46,mindset_risk,交易心法,0.94,0.15,0.02,,归档记录,5,0,1,2903,@timotimoqi 真正能通过投资获得的synergy太难得了，这俩咱俩都交过学费。。。,0,,https://x.com/Michael_Liu93/status/1858534320908239349
2019607602326569162,2026-02-06 03:02:29,mindset_risk,交易心法,0.94,0.5,0.11,,归档记录,3,0,1,3516,@BENEY999 场外可以加杠杆，不是现在,0,,https://x.com/Michael_Liu93/status/2019607602326569162
2032275501138788434,2026-03-13 02:00:11,mindset_risk,交易心法,0.94,0.16,0.1,,归档记录,2,0,5,6860,@ai_9684xtpa @Jackyi_ld 不会吧。。。10号不还说2000以下都是好机会吗,0,,https://x.com/Michael_Liu93/status/2032275501138788434
1915072839218303052,2025-04-23 15:58:39,mindset_risk,交易心法,0.94,0.08,0.02,,归档记录,2,0,1,701,@aidashutiaozi @BTCETH14 @HeyAnonai 因为只要跌了 就是分享的人的错😅,0,,https://x.com/Michael_Liu93/status/1915072839218303052
1913868750954397941,2025-04-20 08:14:02,mindset_risk,交易心法,0.94,0.28,0.06,,归档记录,2,0,1,966,@jjjjjjim82246 意思是只值得博反弹,0,,https://x.com/Michael_Liu93/status/1913868750954397941
1832615172978192490,2024-09-08 03:01:20,mindset_risk,交易心法,0.94,0.26,0.02,,归档记录,2,0,0,969,@FLS_OTC 博弈衰退本身就是一个很磨人的时间，就像是当时博弈什么时候能加完，落地了就好了,0,,https://x.com/Michael_Liu93/status/1832615172978192490
1919246859891056901,2025-05-05 04:24:43,mindset_risk,交易心法,0.94,0.16,0.03,,归档记录,1,0,0,421,@degenv_eth 做builder = 一定会被骂，谁还做，默默掏池子多爽,0,,https://x.com/Michael_Liu93/status/1919246859891056901
2006669115013075408,2026-01-01 10:09:33,mindset_risk,交易心法,0.93,0.46,0.07,,⭐ JEV精选,490,91,91,50440,今天正好有个群里的小伙伴问我怎么用支撑/阻力位和各种技术指标，我觉得是个挺值得分享出来的话题，因为技术指标是交易新人最常见的盲区，也是带单老师们最容易拿来忽悠的工具（给你画个线就告诉你这里是开单位置），当作新年第一篇干货帖吧。 https://t.co/d5ylKULx9I,2,images/2006669115013075408_0.png;images/2006669115013075408_1.png,https://x.com/Michael_Liu93/status/2006669115013075408
1949854993043075386,2025-07-28 15:30:31,mindset_risk,交易心法,0.93,0.06,0.02,,归档记录,113,21,45,45205,Freya虽然仓位就几万u（且还是亏的），但却是我在链上持有最久的一个币了，平时力所能及能帮到他们的也都在无偿帮助，因为确实是被他们创始人Natsuki那股韧劲儿打动了。 https://t.co/TBMSDNilKW,1,images/1949854993043075386_0.png,https://x.com/Michael_Liu93/status/1949854993043075386
1866716731349307775,2024-12-11 05:28:45,mindset_risk,交易心法,0.93,0.12,0.02,,归档记录,64,10,27,41386,"这几天二级回调感觉好多人都慌了，我身边好几个买了现货的“傻鲸”朋友都来问我还能不能拿，是不是牛市已经结束了，再去看看老韭菜们，一个个心态稳如老狗。

btc第一次上冲10wu",0,,https://x.com/Michael_Liu93/status/1866716731349307775
1976072881026236769,2025-10-08 23:51:03,mindset_risk,交易心法,0.93,0.08,0.04,,归档记录,16,0,1,4806,"@broleon 下车不提醒，跌了，没跑，骂
下车提醒了，跌了，没跑，还骂

主要是跌了，所以骂，别理屁股决定脑袋的巨婴",0,,https://x.com/Michael_Liu93/status/1976072881026236769
2094826991405220064,2026-09-01 16:37:29,mindset_risk,交易心法,0.93,0.1,0.05,,归档记录,14,0,3,2849,@a82025h robinhood的我感觉除了pons相对比较确定，其他我都不咋敢抄,0,,https://x.com/Michael_Liu93/status/2094826991405220064
1995040178000597136,2025-11-30 08:00:19,mindset_risk,交易心法,0.93,0.17,0.04,,归档记录,10,0,0,3447,@EleveResearch 只上Alpha的可能确实是第一次创业。。,0,,https://x.com/Michael_Liu93/status/1995040178000597136
2032827948320043053,2026-03-14 14:35:25,mindset_risk,交易心法,0.93,0.15,0.03,,归档记录,2,0,1,416,@PWenzhen76938 是的 接受自己可能是错的,0,,https://x.com/Michael_Liu93/status/2032827948320043053
1935232307415359562,2025-06-18 07:05:11,mindset_risk,交易心法,0.93,0.12,0.03,,归档记录,2,0,0,843,@BTC_Alert_ @Gateio_zh 现在完全不敢碰小所,0,,https://x.com/Michael_Liu93/status/1935232307415359562
1855927939684323589,2024-11-11 10:57:56,mindset_risk,交易心法,0.93,0.2,0.03,,归档记录,1,0,0,2061,@beiao5 exactly，大家都有相对公平博弈的机会，这不就是大家一开始想要的吗,0,,https://x.com/Michael_Liu93/status/1855927939684323589
1978051366376673491,2025-10-14 10:52:50,mindset_risk,交易心法,0.92,0.42,0.08,,归档记录,33,1,7,14430,还有跌到跌无可跌的，前几天写的那个壳价值策略,0,,https://x.com/Michael_Liu93/status/1978051366376673491
1991816955087733037,2025-11-21 10:32:22,mindset_risk,交易心法,0.92,0.11,0.06,,归档记录,30,0,9,12671,保本跑了，这tm跌法感觉很快就要出事件新闻了,0,,https://x.com/Michael_Liu93/status/1991816955087733037
1903014662532472980,2025-03-21 09:23:46,mindset_risk,交易心法,0.92,0.1,0.05,,归档记录,3,0,1,1016,@danielesesta This is actually so cool😳. can we get gmgn to visualize the trailing stop loss or take profit targets?,0,,https://x.com/Michael_Liu93/status/1903014662532472980
1982281031425343601,2025-10-26 03:00:01,mindset_risk,交易心法,0.92,0.12,0.03,,归档记录,2,0,0,1333,@cyberpunk20077 你这会儿这么想 真跌下来了就不这么想了😅,0,,https://x.com/Michael_Liu93/status/1982281031425343601
1920693558425649302,2025-05-09 04:13:23,mindset_risk,交易心法,0.91,0.1,0.02,,归档记录,104,11,29,42948,"E卫兵之所以叫E卫兵不叫冲锋队，是因为真正的E卫兵只出现在它最脆弱最需要护卫的时候。

就像你那多年的老友，他安好的时候会远远欣慰的看着他被众星捧月，而当他千夫所指、众叛亲离的时候出来护他周全，拍一拍他的肩膀告诉他：没事，都会好起来的。",0,,https://x.com/Michael_Liu93/status/1920693558425649302
1962107661329248328,2025-08-31 10:58:15,mindset_risk,交易心法,0.91,0.11,0.04,,归档记录,20,11,4,1104,@yixun_drawing U不错，买点先观察下,0,,https://x.com/Michael_Liu93/status/1962107661329248328
1998022331089011002,2025-12-08 13:30:19,mindset_risk,交易心法,0.91,0.14,0.03,,归档记录,16,0,1,8717,虽然开盘跌了，还是觉得Stable不太可能就这么下班了,0,,https://x.com/Michael_Liu93/status/1998022331089011002
1893629847882088946,2025-02-23 11:51:52,mindset_risk,交易心法,0.91,0.17,0.05,,归档记录,15,0,5,7810,@Nyenchenpepe 现在这个市场可不敢玩二段 我都快去玩内盘了😂,0,,https://x.com/Michael_Liu93/status/1893629847882088946
1884549518513029223,2025-01-29 10:29:53,mindset_risk,交易心法,0.91,0.1,0.04,,归档记录,13,1,1,6083,@HuoYean 钻石手在哪一轮都是胜率最差的😂 出个本心态会好很多,0,,https://x.com/Michael_Liu93/status/1884549518513029223
2021848004106629401,2026-02-12 07:25:02,mindset_risk,交易心法,0.91,0.12,0.04,,归档记录,12,0,1,101652,@danielhugo19823 我可能这轮不会再抄btc了，看情况吧,0,,https://x.com/Michael_Liu93/status/2021848004106629401
1920477667612078179,2025-05-08 13:55:31,mindset_risk,交易心法,0.91,0.27,0.09,,归档记录,10,0,0,1410,@Loong998 是这样的 心态一但开始焦虑的 这单算完了,0,,https://x.com/Michael_Liu93/status/1920477667612078179
1962106259685130329,2025-08-31 10:52:41,mindset_risk,交易心法,0.91,0.06,0.02,,归档记录,7,0,4,2528,@Oldsesame 我现在已经不咋敢玩cto币了,0,,https://x.com/Michael_Liu93/status/1962106259685130329
2088188017051877881,2026-08-14 08:56:34,mindset_risk,交易心法,0.91,0.21,0.04,,归档记录,5,0,2,1870,@Guilin_Chen_ 是的 重点是太熟悉怎么交易了,0,,https://x.com/Michael_Liu93/status/2088188017051877881
2052454028316205287,2026-05-07 18:22:27,mindset_risk,交易心法,0.91,0.07,0.02,,归档记录,3,0,1,1968,@IMilei12695 害 交易员哪个不是信心满满是少数 迷茫是大部分时间 加油咯,0,,https://x.com/Michael_Liu93/status/2052454028316205287
2034623420026224852,2026-03-19 13:29:59,mindset_risk,交易心法,0.91,0.14,0.03,,归档记录,2,0,2,4564,@lipang657876 控筹再高肯定也不如Luna当时的控筹率高吧,0,,https://x.com/Michael_Liu93/status/2034623420026224852
1867259456427634993,2024-12-12 17:25:21,mindset_risk,交易心法,0.91,0.3,0.03,,归档记录,2,0,1,1092,@Westbro04829652 很多原因，控筹控的更好，URO叙事发展相比之下更好推动，后面你就知道了,0,,https://x.com/Michael_Liu93/status/1867259456427634993
1917911924580471126,2025-05-01 12:00:10,mindset_risk,交易心法,0.9,0.09,0.02,,归档记录,7,0,3,7983,只希望不要耍阴招 更替来的太猛烈 https://t.co/VG6S8dUE8p,1,images/1917911924580471126_0.jpg,https://x.com/Michael_Liu93/status/1917911924580471126
1838087333914284276,2024-09-23 05:25:45,mindset_risk,交易心法,0.9,0.14,0.06,,归档记录,7,0,2,2230,@kakabtctpy9999 谢谢推荐 我其实庄币已经写完过了 但是太多小白20x梭哈被爆我给删掉了,0,,https://x.com/Michael_Liu93/status/1838087333914284276
2008090115458089291,2026-01-05 08:16:06,mindset_risk,交易心法,0.9,0.15,0.04,,归档记录,4,0,1,2295,@xingpt 我建了一些蓝筹标，就是启动的有点慢,0,,https://x.com/Michael_Liu93/status/2008090115458089291
2097846069753532819,2026-09-10 00:34:13,mindset_risk,交易心法,0.9,0.2,0.09,,归档记录,3,0,1,956,@yousengliang 这三个我都不会重仓,0,,https://x.com/Michael_Liu93/status/2097846069753532819
2087415675619066035,2026-08-12 05:47:34,mindset_risk,交易心法,0.9,0.16,0.05,,归档记录,1,0,0,1213,@hudongliang1 做了两个反弹波段，没继续做了,0,,https://x.com/Michael_Liu93/status/2087415675619066035
2090352719399964990,2026-08-20 08:18:19,mindset_risk,交易心法,0.89,0.2,0.05,,归档记录,233,7,53,45861,跌了一年了，抄到底不容易，然后第一天启动针就卖了，能别农了吗，这不是bsc链,0,,https://x.com/Michael_Liu93/status/2090352719399964990
1978283403926458450,2025-10-15 02:14:52,mindset_risk,交易心法,0.89,0.15,0.04,,归档记录,167,7,75,81660,你大跌那天睡着了，起床拍断大腿，下定决心如果有二探一定抄，昨晚二探机会来了，你又担心中国反制是不是不太能抄，决定再等等，这会儿起床看到又拉回跌前位置，有的还新高了，又开始后悔昨晚为什么没抄，犹豫这会儿是不是该把蛋都塞进去了。你说！是不是你！ https://t.co/8Iko1XxdK1,1,images/1978283403926458450_0.jpg,https://x.com/Michael_Liu93/status/1978283403926458450
1999885264332947478,2025-12-13 16:52:57,mindset_risk,交易心法,0.89,0.16,0.03,,归档记录,11,0,2,7711,@GaoShui18785 地狱模式最好的办法就是不玩,0,,https://x.com/Michael_Liu93/status/1999885264332947478
2091453130429153558,2026-08-23 09:10:58,mindset_risk,交易心法,0.89,0.22,0.03,,归档记录,4,0,1,1490,@lam80191192 我觉得这种幅度的涨幅和踏空，很难画门,0,,https://x.com/Michael_Liu93/status/2091453130429153558
2000590663033704555,2025-12-15 15:35:57,mindset_risk,交易心法,0.89,0.3,0.05,,归档记录,3,0,0,5048,@xingpt 随时，就像你随时都该买入BTC,0,,https://x.com/Michael_Liu93/status/2000590663033704555
1856243349939991002,2024-11-12 07:51:16,mindset_risk,交易心法,0.89,0.25,0.03,,归档记录,2,0,1,502,@Caicail2000 @timotimoqi 这篇没说任何人，我是提醒大家少玩内盘,0,,https://x.com/Michael_Liu93/status/1856243349939991002
1852785906316611606,2024-11-02 18:52:37,mindset_risk,交易心法,0.89,0.08,0.02,,归档记录,2,0,1,270,@3timi9426 exactly. 所以不管结果如何，都会开心，也都会有遗憾,0,,https://x.com/Michael_Liu93/status/1852785906316611606
1856209128835952870,2024-11-12 05:35:17,mindset_risk,交易心法,0.89,0.05,0.02,,归档记录,1,0,1,238,@anzalone_a91625 新手期最痛苦，熬过来就好了,0,,https://x.com/Michael_Liu93/status/1856209128835952870
1904776599012020356,2025-03-26 06:05:04,mindset_risk,交易心法,0.88,0.09,0.02,,归档记录,6,0,2,1373,@leslienomad 对 情绪太差 大家没法一起“做梦”,0,,https://x.com/Michael_Liu93/status/1904776599012020356
2077331854198522184,2026-07-15 09:58:03,mindset_risk,交易心法,0.87,0.24,0.04,,归档记录,147,4,60,32150,那帮5月还天天发btc，6月底部清了crypto资产全仓进AI，看到谁发crypto内容还得骂几句btc吐口痰说AI才是未来，一看就是有福之人，坚持拿住，福报在后面呢。,0,,https://x.com/Michael_Liu93/status/2077331854198522184
1858457058955395529,2024-11-18 10:27:45,mindset_risk,交易心法,0.87,0.13,0.02,,归档记录,59,6,23,38151,"刚开完会，微信炸了都在说ban上了币安，只希望还有不少小伙伴一路走来还在车上。信念及正义，不管是对你自己还是对你信任的人, have conviction in yourself and people you trust.",0,,https://x.com/Michael_Liu93/status/1858457058955395529
2094678663543595453,2026-09-01 06:48:05,mindset_risk,交易心法,0.87,0.44,0.24,,归档记录,3,0,0,889,@01573bit 现货就拿着别操作了,0,,https://x.com/Michael_Liu93/status/2094678663543595453
2006074788671111390,2025-12-30 18:47:55,mindset_risk,交易心法,0.86,0.12,0.03,,归档记录,109,1,56,22511,眼睛瞎了腰也折了 熊市还是建议找点别的事情干🥲 https://t.co/emJRO22IgU,1,images/2006074788671111390_0.jpg,https://x.com/Michael_Liu93/status/2006074788671111390
2055293504474276137,2026-05-15 14:25:31,mindset_risk,交易心法,0.86,0.1,0.08,,归档记录,8,0,2,7262,但这个标的这么早肯定很p，买的话买彩票仓,0,,https://x.com/Michael_Liu93/status/2055293504474276137
1889648413073088575,2025-02-12 12:11:04,mindset_risk,交易心法,0.86,0.1,0.03,,归档记录,7,0,0,3497,@maid_crypto 挺好的 玩合约总得先学一次江湖险恶😂,0,,https://x.com/Michael_Liu93/status/1889648413073088575
2032831179590979909,2026-03-14 14:48:16,mindset_risk,交易心法,0.86,0.32,0.08,,归档记录,3,0,0,431,@xnm05010 死扛就会一波带走，能学到了也是好事,0,,https://x.com/Michael_Liu93/status/2032831179590979909
1856237197722329226,2024-11-12 07:26:49,mindset_risk,交易心法,0.86,0.31,0.04,,归档记录,2,0,0,1541,@hamtang6 没说任何人，只是提醒大家少p内盘,0,,https://x.com/Michael_Liu93/status/1856237197722329226
1976937783345467518,2025-10-11 09:07:51,mindset_risk,交易心法,0.85,0.58,0.15,,⭐ JEV精选,228,28,35,71441,"因为交过几次爆仓的学费（对，交了好几次才懂），所以对风险格外在意，我的风控策略：
1.",0,,https://x.com/Michael_Liu93/status/1976937783345467518
2061691794195370400,2026-06-02 06:10:02,mindset_risk,交易心法,0.85,0.04,0.02,,归档记录,13,0,1,1876,@pngchng61884676 参与高额理财盘每一天都是开心的，只有崩盘那一天是难过的,0,,https://x.com/Michael_Liu93/status/2061691794195370400
1865771556171100505,2024-12-08 14:52:58,mindset_risk,交易心法,0.85,0.14,0.04,,归档记录,8,0,0,2687,@timotimoqi 这个场景下 周线装不了逼 还得用日线😅,0,,https://x.com/Michael_Liu93/status/1865771556171100505
2026703426097393812,2026-02-25 16:58:45,mindset_risk,交易心法,0.85,0.08,0.04,,归档记录,2,0,0,1933,@Fxxkuu494931 前天明牌抄底博反弹的，有啥可黑的,0,,https://x.com/Michael_Liu93/status/2026703426097393812
2100187798846538035,2026-09-16 11:39:25,mindset_risk,交易心法,0.85,0.23,0.44,,归档记录,0,0,0,1024,@liu_shuo4202 哈基米我没在了，跌回成本就跑了,0,,https://x.com/Michael_Liu93/status/2100187798846538035
2014224059979182443,2026-01-22 06:30:13,mindset_risk,交易心法,0.84,0.19,0.04,,归档记录,93,9,49,28193,"兄弟们玩二级合约被btc插针插麻了，然后去链上接盘上了alpha的bsc meme被掏麻了，一气之下剩下的钱一口气梭进了space的公售，这会儿软rug了，很难受，打开推特准备骂币安。

多看看这篇熊市生存指南吧，这轮熊市每个坑你们一定都会踩到的，是巧妙跳开还是掉进万丈深渊，全在一念之间。",0,,https://x.com/Michael_Liu93/status/2014224059979182443
1849317031331709302,2024-10-24 05:08:33,mindset_risk,交易心法,0.84,0.09,0.04,,归档记录,9,0,0,2678,@lijiuer1 所以还是做二级博主安全，最多被骂蠢😂,0,,https://x.com/Michael_Liu93/status/1849317031331709302
1960952335246696492,2025-08-28 06:27:24,mindset_risk,交易心法,0.84,0.13,0.04,,归档记录,2,0,1,5161,@cishanjia 跟你一样奶子哥，clippy没有特别看好叙事，差点被fomo进去，后来还是管住手了,0,,https://x.com/Michael_Liu93/status/1960952335246696492
1976880461185188002,2025-10-11 05:20:05,mindset_risk,交易心法,0.83,0.06,0.02,,归档记录,292,28,71,100483,"刚刷了时间线跟朋友聊天才意识到这波下跌带走了很多人，我知道你现在脑子嗡嗡的，可能我的安慰也没什么用。

我自己包括我认识的所有交易员，有一个算一个，都经历过这种事，我312币圈资产直接归零，519斩了一大半。",0,,https://x.com/Michael_Liu93/status/1976880461185188002
1988047648826499405,2025-11-11 00:54:30,mindset_risk,交易心法,0.83,0.07,0.02,,归档记录,17,0,1,4589,@dov_wo 唉，2年，人生能有多少个2年，2年之后我人都老了，还是空空气币吧，空了2秒就能看到收益,0,,https://x.com/Michael_Liu93/status/1988047648826499405
1953119009227833723,2025-08-06 15:40:33,mindset_risk,交易心法,0.83,0.06,0.02,,归档记录,5,0,2,1958,@Pathusa 我现在很慌 有点想抄底 又不咋敢抄,0,,https://x.com/Michael_Liu93/status/1953119009227833723
1880925265997812074,2025-01-19 10:28:23,mindset_risk,交易心法,0.83,0.09,0.05,,归档记录,5,0,6,3915,@0xCryptoWing 我现在防刮刀连weth都不敢发了，怕真坑到人,0,,https://x.com/Michael_Liu93/status/1880925265997812074
1858541123431719393,2024-11-18 16:01:48,mindset_risk,交易心法,0.83,0.09,0.04,,归档记录,3,0,2,1460,@timotimoqi 天总这资产得分十个硬件钱包,0,,https://x.com/Michael_Liu93/status/1858541123431719393
1839697275578384772,2024-09-27 16:03:05,mindset_risk,交易心法,0.83,0.21,0.09,,归档记录,2,0,0,1898,@kider2220 慢慢练 不着急 至少方法给你了 要不还得交学费慢慢悟方法,0,,https://x.com/Michael_Liu93/status/1839697275578384772
1910045076241453300,2025-04-09 19:00:07,mindset_risk,交易心法,0.82,0.17,0.04,,归档记录,5,0,0,1033,@0xCaib 不喜欢输出可上可下可左可右的无效的信息，说自己心里所想，错了就认错打脸罢了,0,,https://x.com/Michael_Liu93/status/1910045076241453300
2027045332228641203,2026-02-26 15:37:22,mindset_risk,交易心法,0.82,0.16,0.06,,归档记录,3,0,2,4812,@yuyu4uno1 不抛 还加仓了,0,,https://x.com/Michael_Liu93/status/2027045332228641203
1836083742622003498,2024-09-17 16:44:11,mindset_risk,交易心法,0.82,0.1,0.03,,归档记录,2,0,1,1119,@0xmster 小neiro能一直拿住的，这钱也该他赚,0,,https://x.com/Michael_Liu93/status/1836083742622003498
2072114697160237310,2026-07-01 00:26:56,mindset_risk,交易心法,0.81,0.11,0.02,,归档记录,15,0,2,4652,@hexiecs 错过了短期的新闻交易，只能说说长期的利好了🙃,0,,https://x.com/Michael_Liu93/status/2072114697160237310
2083449396696695234,2026-08-01 07:06:59,mindset_risk,交易心法,0.81,0.13,0.04,,归档记录,14,0,2,2782,@Eric55843501 当你问出这个问题的时候已经说明不算大了,0,,https://x.com/Michael_Liu93/status/2083449396696695234
1932017676051775574,2025-06-09 10:11:23,mindset_risk,交易心法,0.81,0.03,0.01,,归档记录,13,0,1,2803,@timotimo007 生活给我一颗柠檬 就把它做成柠檬水 https://t.co/CR3KwYXC7t,1,images/1932017676051775574_0.jpg,https://x.com/Michael_Liu93/status/1932017676051775574
1855624761633817087,2024-11-10 14:53:13,mindset_risk,交易心法,0.81,0.15,0.04,,归档记录,2,0,1,3492,@wuming822 你是说筛新盘的时候的参数吗？这得看你个人交易策略了,0,,https://x.com/Michael_Liu93/status/1855624761633817087
1976799137548157319,2025-10-10 23:56:56,mindset_risk,交易心法,0.8,0.11,0.03,,归档记录,5,0,1,6338,@TianSKY_plusEV 我已经套死了 无所谓了 链上亏的已经二级赚回来了,0,,https://x.com/Michael_Liu93/status/1976799137548157319
2037586314732912869,2026-03-27 17:43:28,mindset_risk,交易心法,0.8,0.16,0.05,,归档记录,4,0,2,4524,@xiduoshi44 我没接哦，crcl这标的我基本面没研究明白，就纯说交易的技术角度举个例子,0,,https://x.com/Michael_Liu93/status/2037586314732912869
2037580659183816943,2026-03-27 17:21:00,mindset_risk,交易心法,0.8,0.16,0.03,,归档记录,4,0,1,1531,@lam80191192 攥着现金做做短线机会,0,,https://x.com/Michael_Liu93/status/2037580659183816943
1832641478709141974,2024-09-08 04:45:52,mindset_risk,交易心法,0.8,0.09,0.03,,归档记录,2,0,0,6228,@silverfang88 资金越小越喜欢这么玩😂 就当消费了吧,0,,https://x.com/Michael_Liu93/status/1832641478709141974
1873978617350545745,2024-12-31 06:24:53,mindset_risk,交易心法,0.8,0.09,0.04,,归档记录,1,0,2,3497,@chinghei1218 链上100u也够你玩了,0,,https://x.com/Michael_Liu93/status/1873978617350545745
2076599600237158631,2026-07-13 09:28:20,mindset_risk,交易心法,0.79,0.09,0.02,,归档记录,3,0,0,1677,@we1h0 是的 持续认识自己的过程,0,,https://x.com/Michael_Liu93/status/2076599600237158631
1878314773298733398,2025-01-12 05:35:14,mindset_risk,交易心法,0.79,0.23,0.04,,归档记录,3,0,2,2827,@XiyanBB 持仓60%是觉得控筹不够紧吗？,0,,https://x.com/Michael_Liu93/status/1878314773298733398
1821536705574477937,2024-08-08 13:19:27,mindset_risk,交易心法,0.79,0.11,0.13,,归档记录,3,0,0,4858,@Dentist_shock 你的交易方式真是一点错误的空间都不给自己留,0,,https://x.com/Michael_Liu93/status/1821536705574477937
1910777295020888211,2025-04-11 19:29:42,mindset_risk,交易心法,0.79,0.12,0.03,,归档记录,2,0,0,402,@ec_unoxx 能留下来的都是死人坑里爬出来的了,0,,https://x.com/Michael_Liu93/status/1910777295020888211
1972893785198899543,2025-09-30 05:18:27,mindset_risk,交易心法,0.78,0.25,0.04,,归档记录,47,0,6,14500,@cishanjia 其实这种交待盘也挺好的，空单可以传给下一代,0,,https://x.com/Michael_Liu93/status/1972893785198899543
2070158124191990135,2026-06-25 14:52:13,mindset_risk,交易心法,0.78,0.09,0.02,,归档记录,11,0,1,2575,@0xcrypto_max 一轮之后你也跟他们不是一个阶层了，接触不到的,0,,https://x.com/Michael_Liu93/status/2070158124191990135
1960947275209040057,2025-08-28 06:07:17,mindset_risk,交易心法,0.78,0.05,0.04,,归档记录,6,0,6,5883,@timotimo007 我投资了orange，归零离场,0,,https://x.com/Michael_Liu93/status/1960947275209040057
2062463206648610845,2026-06-04 09:15:21,mindset_risk,交易心法,0.78,0.04,0.02,,归档记录,3,0,1,1891,@BroLeon 跟着这逼的call炒币多少钱都不够赔的,0,,https://x.com/Michael_Liu93/status/2062463206648610845
1990763500994789565,2025-11-18 12:46:19,mindset_risk,交易心法,0.77,0.44,0.14,,⭐ JEV精选,1005,195,100,318423,"写篇“熊市生存手册”，每个都是我自己吃过亏教过学费，到现在仍然记忆犹新的，做到这些至少会让你避开大的坑，保证你活下来，希望你能谨记。

1. https://t.co/ywgNnEEvRU",1,images/1990763500994789565_0.jpg,https://x.com/Michael_Liu93/status/1990763500994789565
2001735680045817874,2025-12-18 19:25:51,mindset_risk,交易心法,0.77,0.09,0.03,,归档记录,24,0,4,8878,@cryptojiuyi 让我想到当时一直建设act的巫师，一步步建设起来的自己的孩子一样，斩仓真的难受，下次别再建设哥们,0,,https://x.com/Michael_Liu93/status/2001735680045817874
2019611374981406905,2026-02-06 03:17:29,mindset_risk,交易心法,0.76,0.09,0.03,,归档记录,6,0,1,3682,@0xSleepinRain 这真是早期og们最普遍的死法,0,,https://x.com/Michael_Liu93/status/2019611374981406905
1866458282073952414,2024-12-10 12:21:46,mindset_risk,交易心法,0.76,0.11,0.03,,归档记录,3,0,2,1147,@Fengchangzuoxih 有几个朋友1000w就在等回调🥲,0,,https://x.com/Michael_Liu93/status/1866458282073952414
1880226799294247276,2025-01-17 12:12:56,mindset_risk,交易心法,0.76,0.09,0.02,,归档记录,0,0,0,1197,@WinDAOreal1 害 钻石手本来就看命,0,,https://x.com/Michael_Liu93/status/1880226799294247276
1886140052897669373,2025-02-02 19:50:06,mindset_risk,交易心法,0.75,0.24,0.05,,归档记录,467,138,43,114324,"完整的看完了这本“链上圣经”，真的为这轮新入场的小伙伴们感到庆幸，有这么多优秀的交易者/投资人愿意分享这些自己一步一跟头的经验和教训，这在上轮周期里是看不到的。感谢GMGN，能把大家聚在一起为行业做点事情。

基于这个新人链上指南，我还想给新人说几点我最真挚的建议：

1.",0,,https://x.com/Michael_Liu93/status/1886140052897669373
1985955154387222952,2025-11-05 06:19:40,mindset_risk,交易心法,0.75,0.22,0.23,,归档记录,21,0,0,4788,@k11btc2024 不要做多！！不要做多！！不要做多！！,0,,https://x.com/Michael_Liu93/status/1985955154387222952
1987958278694072471,2025-11-10 18:59:22,mindset_risk,交易心法,0.75,0.54,0.32,,归档记录,17,1,2,3102,@agintender 嗯 明白了 不要套保 裸空就行,0,,https://x.com/Michael_Liu93/status/1987958278694072471
2094793838326087822,2026-09-01 14:25:45,mindset_risk,交易心法,0.75,0.2,0.02,,归档记录,13,0,1,1913,@cuixu66671832 昨天和前天连发了三篇说这波到头了。大家交易观点不一样很正常，没必要戾气这么重，如果你是错的，没必要骂我，如果你是对的，我是你的对手盘，回头来打我脸多爽。,0,,https://x.com/Michael_Liu93/status/2094793838326087822
2084163416827326699,2026-08-03 06:24:15,mindset_risk,交易心法,0.75,0.1,0.04,,归档记录,11,0,2,10517,@Wangduanniao 我觉得空的有点早了,0,,https://x.com/Michael_Liu93/status/2084163416827326699
2069120986340041092,2026-06-22 18:11:00,mindset_risk,交易心法,0.75,0.26,0.05,,归档记录,2,0,0,760,@wnhibn130801 纯在说资金的敏锐度层面,0,,https://x.com/Michael_Liu93/status/2069120986340041092
2045929012858617868,2026-04-19 18:14:22,mindset_risk,交易心法,0.74,0.42,0.5,,归档记录,12,0,1,3077,@btc798niubi 不碰孙哥项目是底线,0,,https://x.com/Michael_Liu93/status/2045929012858617868
2036703113097445379,2026-03-25 07:13:56,mindset_risk,交易心法,0.74,0.08,0.02,,归档记录,4,0,1,1808,@xingpt 唉 很难说我跟算法谁更准,0,,https://x.com/Michael_Liu93/status/2036703113097445379
1916296507852292494,2025-04-27 01:01:05,mindset_risk,交易心法,0.74,0.46,0.12,,归档记录,1,0,1,820,@FWV63hS4jg95689 不敢空 找回调抄底,0,,https://x.com/Michael_Liu93/status/1916296507852292494
2100149388937183673,2026-09-16 09:06:47,mindset_risk,交易心法,0.74,0.18,0.03,,归档记录,0,0,1,1539,@china236c 不搞链上了，还是得专注一些,0,,https://x.com/Michael_Liu93/status/2100149388937183673
2021847249538678965,2026-02-12 07:22:03,mindset_risk,交易心法,0.73,0.14,0.04,,归档记录,2,0,0,294,@KPYDD7LBBhDoe6d 确实最深刻的一节课,0,,https://x.com/Michael_Liu93/status/2021847249538678965
1906587076856074748,2025-03-31 05:59:16,mindset_risk,交易心法,0.73,0.13,0.05,,归档记录,1,0,0,6517,@0xAgata u本位的确可以被割😌,0,,https://x.com/Michael_Liu93/status/1906587076856074748
1881634101029187849,2025-01-21 09:25:03,mindset_risk,交易心法,0.72,0.12,0.02,,归档记录,112,14,28,57227,感谢Mercy和@okxchinese的邀请做了这场关于“链上资产”的对话，我自己是在差不多一年多前从二级转到链上的，就算自觉在二级的交易能力已经不错了，到了链上一开始也被市场揍的鼻青脸肿，最后一路摸爬滚打慢慢才找到了适合自己的交易风格，也在一路摔跤的路上遇见了可以互相扶持和信赖的小伙伴们。 https://t.co/ypASl3HxE8,4,images/1881634101029187849_0.jpg;images/1881634101029187849_1.jpg;images/1881634101029187849_2.jpg;images/1881634101029187849_3.jpg,https://x.com/Michael_Liu93/status/1881634101029187849
1884298254755770519,2025-01-28 17:51:27,mindset_risk,交易心法,0.72,0.11,0.05,,归档记录,2,0,1,1468,@timotimo007 先打钱 再质疑,0,,https://x.com/Michael_Liu93/status/1884298254755770519
1979519072095351193,2025-10-18 12:04:59,mindset_risk,交易心法,0.71,0.03,0.02,,归档记录,39,0,10,11407,没亏多少钱，就是很搞人心态，每次都这样，也是我傻逼，次次都信，次次信错😂,0,,https://x.com/Michael_Liu93/status/1979519072095351193
1877287770764259382,2025-01-09 09:34:17,mindset_risk,交易心法,0.71,0.06,0.02,,归档记录,6,0,3,2272,@0xpumptato @wolfyxbt 练练呗 先从纸手开始练哈哈 我一开始刚从二级转到链上也亏麻了半年,0,,https://x.com/Michael_Liu93/status/1877287770764259382
2061697278205886946,2026-06-02 06:31:50,mindset_risk,交易心法,0.71,0.21,0.05,,归档记录,4,0,1,2382,@0xmao_eth 做多btc yield为什么要卖呢？,0,,https://x.com/Michael_Liu93/status/2061697278205886946
1888054984518086969,2025-02-08 02:39:21,mindset_risk,交易心法,0.71,0.07,0.04,,归档记录,2,0,0,2671,@bitfool1 傻哥 一般套牢的时候我都特别希望回本 所以这波我选C🥰,0,,https://x.com/Michael_Liu93/status/1888054984518086969
2001198679038820831,2025-12-17 07:52:00,mindset_risk,交易心法,0.7,0.06,0.02,,归档记录,16,0,7,2941,@xingpt 我受不了了，我不想再猜狗庄的心思了，感觉在浪费生命,0,,https://x.com/Michael_Liu93/status/2001198679038820831
1881595736711909597,2025-01-21 06:52:36,mindset_risk,交易心法,0.7,0.17,0.04,,归档记录,2,0,1,3274,@0xCryptoWing Base上常年备点钱啊哥,0,,https://x.com/Michael_Liu93/status/1881595736711909597
1874678952251601166,2025-01-02 04:47:46,mindset_risk,交易心法,0.7,0.08,0.02,,归档记录,2,0,2,3322,@HeidiMarti54461 贼爱这种人 因为你知道人家在疯狂build,0,,https://x.com/Michael_Liu93/status/1874678952251601166
1855984555334971475,2024-11-11 14:42:55,mindset_risk,交易心法,0.69,0.28,0.04,,归档记录,91,11,22,34871,Ban新高！Your conviction in a trade should be considered righteous 信念及正义 https://t.co/QKjR4aGg8z,1,images/1855984555334971475_0.jpg,https://x.com/Michael_Liu93/status/1855984555334971475
2053708347728388582,2026-05-11 05:26:40,mindset_risk,交易心法,0.69,0.29,0.17,,归档记录,14,2,0,4715,10m站稳了就是30m，然后100m https://t.co/h6Hjgaw0zM,1,images/2053708347728388582_0.jpg,https://x.com/Michael_Liu93/status/2053708347728388582
2094487944115736613,2026-08-31 18:10:14,mindset_risk,交易心法,0.69,0.08,0.03,,归档记录,5,0,0,5059,@0xEggg 是的，刚call一嘴ram直接拉的飞起，太fomo了,0,,https://x.com/Michael_Liu93/status/2094487944115736613
1837001588155744568,2024-09-20 05:31:23,mindset_risk,交易心法,0.69,0.12,0.03,,归档记录,2,0,2,1202,@MJkYANGDNpn0b2n 你没踏空不属于国人集体踏空,0,,https://x.com/Michael_Liu93/status/1837001588155744568
2088116492449800643,2026-08-14 04:12:21,mindset_risk,交易心法,0.68,0.07,0.03,,归档记录,5,0,0,1666,@MNson11 不知道 说明他能屈能伸？,0,,https://x.com/Michael_Liu93/status/2088116492449800643
1985338697840267669,2025-11-03 13:30:06,mindset_risk,交易心法,0.68,0.07,0.02,,归档记录,4,0,0,2441,@cryptojiuyi 唉 当builder很难不投入太深 下一个会更好的旧亿！,0,,https://x.com/Michael_Liu93/status/1985338697840267669
2082085542032990682,2026-07-28 12:47:31,mindset_risk,交易心法,0.68,0.17,0.03,,归档记录,1,0,0,1414,@0xmiao2030 每轮都会有新的赛道,0,,https://x.com/Michael_Liu93/status/2082085542032990682
1919245950075146385,2025-05-05 04:21:07,mindset_risk,交易心法,0.67,0.11,0.04,,归档记录,6,0,2,901,@Crazysanji 人会不再贪婪吗,0,,https://x.com/Michael_Liu93/status/1919245950075146385
2096512766836396497,2026-09-06 08:16:09,mindset_risk,交易心法,0.67,0.07,0.02,,归档记录,5,0,0,1727,@xingpt 蒋老师别焦虑 还有一堆做空的呢,0,,https://x.com/Michael_Liu93/status/2096512766836396497
1878018858197582286,2025-01-11 09:59:22,mindset_risk,交易心法,0.66,0.07,0.03,,归档记录,3,0,1,1642,@BullNewMoon @sperg_ai Evan我6m call的….自己不会交易 不要怨分享项目的人,0,,https://x.com/Michael_Liu93/status/1878018858197582286
2065353302465007704,2026-06-12 08:39:34,mindset_risk,交易心法,0.65,0.07,0.05,,归档记录,6,0,1,1899,@LamIsRealGoat 不要这么喊 这么喊很容易像crcl一样套住的,0,,https://x.com/Michael_Liu93/status/2065353302465007704
1837367883460149596,2024-09-21 05:46:54,mindset_risk,交易心法,0.64,0.49,0.15,,归档记录,15,1,4,8206,4. 故弄玄虚的盘子永远不要冲：,0,,https://x.com/Michael_Liu93/status/1837367883460149596
2074691335882494373,2026-07-08 03:05:35,mindset_risk,交易心法,0.63,0.06,0.02,,归档记录,7,0,0,691,@Jeffo_Mansfield 关系是 韭菜被高点套时会着急骂人😄,0,,https://x.com/Michael_Liu93/status/2074691335882494373
1976881240105271339,2025-10-11 05:23:10,mindset_risk,交易心法,0.63,0.03,0.02,,归档记录,5,0,1,1514,@ScarlettWeb3 我到现在还有时会做噩梦自己爆仓了,0,,https://x.com/Michael_Liu93/status/1976881240105271339
2060205660219011384,2026-05-29 03:44:40,mindset_risk,交易心法,0.63,0.05,0.02,,归档记录,3,0,1,1149,@seaify1 主要是还不够了解就暂时不敢分享，对观点没太多自信,0,,https://x.com/Michael_Liu93/status/2060205660219011384
1963889894683562206,2025-09-05 09:00:12,mindset_risk,交易心法,0.62,0.09,0.03,,归档记录,5,0,1,735,@kunyang135 @timotimo007 天总那会儿十万块杠杆滚上来的,0,,https://x.com/Michael_Liu93/status/1963889894683562206
2019616073537188240,2026-02-06 03:36:09,mindset_risk,交易心法,0.61,0.09,0.04,,归档记录,3,0,0,3818,@Eric55843501 套保没问题啊,0,,https://x.com/Michael_Liu93/status/2019616073537188240
2099417270401536304,2026-09-14 08:37:37,mindset_risk,交易心法,0.61,0.09,0.07,,归档记录,2,0,0,2742,@kunlunstar 不许再跌了！仓位买够了！,0,,https://x.com/Michael_Liu93/status/2099417270401536304
1856017892724396508,2024-11-11 16:55:23,mindset_risk,交易心法,0.61,0.14,0.08,,归档记录,1,0,3,1059,@timotimoqi 这个估计也洗掉了90%的人,0,,https://x.com/Michael_Liu93/status/1856017892724396508
1982143550038098343,2025-10-25 17:53:43,mindset_risk,交易心法,0.6,0.28,0.05,,归档记录,9,0,1,4099,@cryptojiuyi 先让资金合力一段时间,0,,https://x.com/Michael_Liu93/status/1982143550038098343
1949861676473290875,2025-07-28 15:57:05,mindset_risk,交易心法,0.6,0.08,0.02,,归档记录,7,0,2,1616,"@TabinekoKIKI @ONIGIRI_CATBUS The moment will come to the team that grinds the hardest, and to Freya",0,,https://x.com/Michael_Liu93/status/1949861676473290875
1890576712221561296,2025-02-15 01:39:48,mindset_risk,交易心法,0.6,0.09,0.03,,归档记录,7,0,1,3095,@MNson11 昨晚但凡打个炮都上不了阿根廷的当。麻绳专挑细处断啊🥹🥹,0,,https://x.com/Michael_Liu93/status/1890576712221561296
2082532754131140803,2026-07-29 18:24:34,mindset_risk,交易心法,0.6,0.09,0.03,,归档记录,4,0,0,2332,@xincctnnq 我去了哪里 风险就到了哪里🥲,0,,https://x.com/Michael_Liu93/status/2082532754131140803
1840400680269578351,2024-09-29 14:38:09,mindset_risk,交易心法,0.59,0.21,0.08,,归档记录,476,125,70,129109,有小白问我为什么自己金狗总是错过，涨起来了又不敢追，感觉总是慢人一步，怎么才能第一时间抓住金狗？来，听我今天给你保姆级的讲讲非科学家的普通玩家枯坐的正确姿势是什么。 https://t.co/CZeeCmCkEf,1,images/1840400680269578351_0.jpg,https://x.com/Michael_Liu93/status/1840400680269578351
2033456072506421463,2026-03-16 08:11:22,mindset_risk,交易心法,0.59,0.08,0.03,,归档记录,2,0,0,226,@Yes_Johnny910 嗯 送他们归零是在攒福报,0,,https://x.com/Michael_Liu93/status/2033456072506421463
1839531273234292876,2024-09-27 05:03:27,mindset_risk,交易心法,0.58,0.08,0.02,,归档记录,11,0,2,4033,@timotimoqi 害，运气都是流动的，下次你就全踩上了,0,,https://x.com/Michael_Liu93/status/1839531273234292876
2003329468807688293,2025-12-23 04:59:00,mindset_risk,交易心法,0.58,0.07,0.05,,归档记录,3,0,0,1218,@guhype 老师说笑了 我现在还在接10u的 还没修到能接100u的广子,0,,https://x.com/Michael_Liu93/status/2003329468807688293
2045321658039492747,2026-04-18 02:00:58,mindset_risk,交易心法,0.57,0.13,0.06,,归档记录,5,1,0,2178,@xingpt 拍断了要他还有何用,0,,https://x.com/Michael_Liu93/status/2045321658039492747
2062780886303863158,2026-06-05 06:17:42,mindset_risk,交易心法,0.57,0.04,0.03,,归档记录,2,0,1,2391,@CryptoSunova 😂第一次见这么低的recovery,0,,https://x.com/Michael_Liu93/status/2062780886303863158
1929801049940152429,2025-06-03 07:23:18,mindset_risk,交易心法,0.57,0.06,0.02,,归档记录,2,0,1,942,@kunlunstar 你看你看 涨起来你就不怨他了,0,,https://x.com/Michael_Liu93/status/1929801049940152429
1841086494444044765,2024-10-01 12:03:20,mindset_risk,交易心法,0.56,0.24,0.13,,归档记录,13,0,6,5716,这个帖子不是让你上！！！是让你学！！！别看了有ca就上,0,,https://x.com/Michael_Liu93/status/1841086494444044765
2028369371534643708,2026-03-02 07:18:38,mindset_risk,交易心法,0.56,0.21,0.1,,归档记录,8,0,3,5034,@qingshui_eth 第一时间不撸网贷吗,0,,https://x.com/Michael_Liu93/status/2028369371534643708
2018223246248968448,2026-02-02 07:21:33,mindset_risk,交易心法,0.56,0.08,0.03,,归档记录,6,0,2,3020,@btc_jx 唉 我其实是想劝短鸟回头是岸,0,,https://x.com/Michael_Liu93/status/2018223246248968448
1919245720047030712,2025-05-05 04:20:12,mindset_risk,交易心法,0.56,0.03,0.02,,归档记录,3,0,1,2880,@timotimo007 我是被收割的 别喷我,0,,https://x.com/Michael_Liu93/status/1919245720047030712
1919247121028403621,2025-05-05 04:25:46,mindset_risk,交易心法,0.56,0.21,0.08,,归档记录,1,0,1,1516,@aidashutiaozi 收割贪欲的地方,0,,https://x.com/Michael_Liu93/status/1919247121028403621
1891767200765120628,2025-02-18 08:30:22,mindset_risk,交易心法,0.55,0.16,0.04,,归档记录,8,0,1,4474,@DONGDONG_1102 回归价值创造😭 https://t.co/NkImR74uro,1,images/1891767200765120628_0.jpg,https://x.com/Michael_Liu93/status/1891767200765120628
2042845834283467152,2026-04-11 06:02:55,mindset_risk,交易心法,0.55,0.04,0.02,,归档记录,4,0,2,4001,@BTC_Alert_ 啊？现在4.5w盈利就给封控了？？？,0,,https://x.com/Michael_Liu93/status/2042845834283467152
2029464912842637471,2026-03-05 07:51:55,mindset_risk,交易心法,0.55,0.46,0.23,,归档记录,4,1,0,1003,@crazyox 抄二探 别抄一探,0,,https://x.com/Michael_Liu93/status/2029464912842637471
1880926466046890241,2025-01-19 10:33:10,mindset_risk,交易心法,0.55,0.07,0.03,,归档记录,2,0,0,1476,@love2580x 那不是更容易血崩吗😳,0,,https://x.com/Michael_Liu93/status/1880926466046890241
1951503974483607647,2025-08-02 04:42:59,mindset_risk,交易心法,0.55,0.2,0.12,,归档记录,1,0,1,1224,@BTC_Alert_ @jackhe24 @joakja 那0.1度是所子的仓位,0,,https://x.com/Michael_Liu93/status/1951503974483607647
1983937528840257860,2025-10-30 16:42:21,mindset_risk,交易心法,0.54,0.07,0.03,,归档记录,14,0,1,2701,@MNson11 做多军真tm一辈子吃不上两个菜,0,,https://x.com/Michael_Liu93/status/1983937528840257860
2094631438486495447,2026-09-01 03:40:25,mindset_risk,交易心法,0.53,0.26,0.08,,归档记录,11,0,0,2192,@lufeieth trade non consensus,0,,https://x.com/Michael_Liu93/status/2094631438486495447
1973747725243208062,2025-10-02 13:51:42,mindset_risk,交易心法,0.53,0.11,0.07,,归档记录,7,0,1,1491,@Li0v0o48oSHZ1Ty 0.73左右，准备留给孙子,0,,https://x.com/Michael_Liu93/status/1973747725243208062
1910645035651260742,2025-04-11 10:44:09,mindset_risk,交易心法,0.53,0.06,0.02,,归档记录,6,0,0,427,@lin_btc @xixikawaii 是恐惧 敬畏 尊敬,0,,https://x.com/Michael_Liu93/status/1910645035651260742
1890358220222275894,2025-02-14 11:11:35,mindset_risk,交易心法,0.53,0.03,0.02,,归档记录,2,0,2,1510,@0xAgata eth已经长在我的手上甩不掉了🙂,0,,https://x.com/Michael_Liu93/status/1890358220222275894
2064690887696032208,2026-06-10 12:47:22,mindset_risk,交易心法,0.52,0.06,0.02,,归档记录,196,6,153,74944,"crcl拿不住？耕地的锄头拿不拿得住？
crcl撑不住？父亲的腰杆撑不撑得住？
crcl拿不住？耕地的锄头拿不拿得住？
crcl撑不住？父亲的腰杆撑不撑得住？
crcl拿不住？耕地的锄头拿不拿得住？
crcl撑不住？父亲的腰杆撑不撑得住？",0,,https://x.com/Michael_Liu93/status/2064690887696032208
1856234136429834711,2024-11-12 07:14:39,mindset_risk,交易心法,0.52,0.11,0.04,,归档记录,17,0,2,6564,@_rqay 嗯嗯，惠子够alpha了吧，她也不会去抓内盘😂,0,,https://x.com/Michael_Liu93/status/1856234136429834711
1937010441479454862,2025-06-23 04:50:51,mindset_risk,交易心法,0.52,0.13,0.04,,归档记录,2,0,1,1386,@kunlunstar @timotimo007 多体会体会就习惯了 M打法就是这样的,0,,https://x.com/Michael_Liu93/status/1937010441479454862
1976113001657926124,2025-10-09 02:30:28,mindset_risk,交易心法,0.51,0.11,0.04,,归档记录,95,3,42,20188,"二级赚钱链上花 一分别想带回家

最近左右脑互博的状态👇 https://t.co/kMjuyaGCud",1,images/1976113001657926124_0.jpg,https://x.com/Michael_Liu93/status/1976113001657926124
1957401938141511695,2025-08-18 11:19:23,mindset_risk,交易心法,0.51,0.07,0.03,,归档记录,70,6,43,57880,Alon：我回购是为了做波段，你买是为了什么？🤡🤡,0,,https://x.com/Michael_Liu93/status/1957401938141511695
2084581592635502885,2026-08-04 10:05:55,mindset_risk,交易心法,0.51,0.04,0.02,,归档记录,10,0,1,2537,@LamIsRealGoat 这么多钱包翻出来一个亏钱的真是幸苦你了,0,,https://x.com/Michael_Liu93/status/2084581592635502885
1962378511341273222,2025-09-01 04:54:30,mindset_risk,交易心法,0.51,0.05,0.03,,归档记录,10,0,8,7882,还好听人劝跑了…. https://t.co/YUslhPwc7F,1,images/1962378511341273222_0.jpg,https://x.com/Michael_Liu93/status/1962378511341273222
2032279205359374632,2026-03-13 02:14:55,mindset_risk,交易心法,0.51,0.05,0.02,,归档记录,4,0,0,431,@MNson11 @ai_9684xtpa @Jackyi_ld 唉 还是低估了e卫兵,0,,https://x.com/Michael_Liu93/status/2032279205359374632
1992826437683003688,2025-11-24 05:23:42,mindset_risk,交易心法,0.51,0.04,0.02,,归档记录,4,0,1,2935,@Pathusa @timotimo007 @allen_su1024 @Chrislulu816 哈哈 是不是大家现在过于悲观了,0,,https://x.com/Michael_Liu93/status/1992826437683003688
1900215004781305914,2025-03-13 15:58:56,mindset_risk,交易心法,0.5,0.14,0.16,,归档记录,1,0,2,751,@lin_btc 50u删照片 defai is future😊,0,,https://x.com/Michael_Liu93/status/1900215004781305914
2082482810481529090,2026-07-29 15:06:07,mindset_risk,交易心法,0.49,0.07,0.03,,归档记录,5,0,1,2019,@diamondhandjs 抄底的有些慌，得调侃下,0,,https://x.com/Michael_Liu93/status/2082482810481529090
1963889769802236029,2025-09-05 08:59:43,mindset_risk,交易心法,0.49,0.05,0.02,,归档记录,5,0,1,5144,@timotimo007 😂没有那2000w的爆仓就没今天的你,0,,https://x.com/Michael_Liu93/status/1963889769802236029
1897923073757569381,2025-03-07 08:11:37,mindset_risk,交易心法,0.49,0.09,0.15,,归档记录,4,0,1,845,@Lesl1eChen @ohyishi 升起来 然后把电源拆了 只升不降桌🙂,0,,https://x.com/Michael_Liu93/status/1897923073757569381
1889496991702659446,2025-02-12 02:09:22,mindset_risk,交易心法,0.49,0.21,0.09,,归档记录,4,0,2,1947,@realxiodos 直到有一次不这么走了，一波带走,0,,https://x.com/Michael_Liu93/status/1889496991702659446
1966424662486999352,2025-09-12 08:52:28,mindset_risk,交易心法,0.49,0.1,0.04,,归档记录,2,0,2,3232,@timotimo007 这不是庄该考虑的问题吗,0,,https://x.com/Michael_Liu93/status/1966424662486999352
2027328103752896694,2026-02-27 10:21:00,mindset_risk,交易心法,0.48,0.11,0.03,,归档记录,4,0,0,1949,@xingpt @0xCryptoWing 事实大于熊便,0,,https://x.com/Michael_Liu93/status/2027328103752896694
1866150194825597142,2024-12-09 15:57:32,mindset_risk,交易心法,0.48,0.34,0.1,,归档记录,2,0,0,2981,@BTC_Alert_ 所总推油中悟出的真谛,0,,https://x.com/Michael_Liu93/status/1866150194825597142
2098120663634727140,2026-09-10 18:45:22,mindset_risk,交易心法,0.47,0.04,0.02,,归档记录,10,0,1,1656,@tradergoose_ 害 我经常会错 没什么可不认的,0,,https://x.com/Michael_Liu93/status/2098120663634727140
2076589338910134555,2026-07-13 08:47:34,mindset_risk,交易心法,0.47,0.09,0.07,,归档记录,6,0,1,2291,@BTC_Alert_ 给我先拿3年 https://t.co/iQsr8AVkN8,1,images/2076589338910134555_0.jpg,https://x.com/Michael_Liu93/status/2076589338910134555
1855636742864523378,2024-11-10 15:40:50,mindset_risk,交易心法,0.46,0.3,0.13,,归档记录,9,0,1,11909,@timotimoqi 我这是提醒你坐庄要注意的事项,0,,https://x.com/Michael_Liu93/status/1855636742864523378
1858640250194849929,2024-11-18 22:35:42,mindset_risk,交易心法,0.46,0.08,0.03,,归档记录,6,0,0,2921,@cishanjia 奶子哥可以当“加密安全大使”多多提醒小白黑暗森林里的坑,0,,https://x.com/Michael_Liu93/status/1858640250194849929
2037779824052502818,2026-03-28 06:32:24,mindset_risk,交易心法,0.46,0.03,0.02,,归档记录,5,0,2,21089,@sakakimay1995 唉 越打越拉胯,0,,https://x.com/Michael_Liu93/status/2037779824052502818
2012839135007162569,2026-01-18 10:47:01,mindset_risk,交易心法,0.46,0.06,0.03,,归档记录,3,0,1,3214,@BTC_Alert_ 2025年 空了一年 很舒服 2026年继续,0,,https://x.com/Michael_Liu93/status/2012839135007162569
2021849470049399082,2026-02-12 07:30:52,mindset_risk,交易心法,0.45,0.1,0.03,,归档记录,5,0,1,1189,@luckymikocm 悲观 前几天写过一篇帖子说逻辑,0,,https://x.com/Michael_Liu93/status/2021849470049399082
2093236232956625107,2026-08-28 07:16:23,mindset_risk,交易心法,0.45,0.11,0.05,,归档记录,4,0,0,2960,@brucelee352717 逃顶的事件逻辑都不太一样，走了会说,0,,https://x.com/Michael_Liu93/status/2093236232956625107
2011673426663276602,2026-01-15 05:34:54,mindset_risk,交易心法,0.45,0.05,0.02,,归档记录,3,0,0,984,@0xCryptoWing @thecryptoskanda 以后，这世界上，不会再有钻石手Lam了,0,,https://x.com/Michael_Liu93/status/2011673426663276602
1930221120323747932,2025-06-04 11:12:31,mindset_risk,交易心法,0.45,0.05,0.03,,归档记录,2,0,1,328,@0xJust_ @0xDave852 @0xBanez 好的 梭进去已经开始亏了,0,,https://x.com/Michael_Liu93/status/1930221120323747932
1847609155101872561,2024-10-19 12:02:04,mindset_risk,交易心法,0.45,0.04,0.02,,归档记录,2,0,1,1122,@saopisen 😂哈哈哈 你这都在车上了 却越涨越难受 心态要调整好 彩票种了出去吃个米其林不好吗,0,,https://x.com/Michael_Liu93/status/1847609155101872561
2100149637982322760,2026-09-16 09:07:47,mindset_risk,交易心法,0.45,0.17,0.08,,归档记录,1,0,1,1825,@kongxiaqu bnc还拿着呢，这个逻辑没变,0,,https://x.com/Michael_Liu93/status/2100149637982322760
1855934202002178286,2024-11-11 11:22:50,mindset_risk,交易心法,0.44,0.03,0.01,,归档记录,5,0,2,2590,@thomxiang 唉，别人说再多都没有用，脑子还是转不过来这个弯,0,,https://x.com/Michael_Liu93/status/1855934202002178286
1859983489149575677,2024-11-22 15:33:15,mindset_risk,交易心法,0.44,0.13,0.11,,归档记录,3,0,1,3154,@lin_btc 先别上了，飞得太高了,0,,https://x.com/Michael_Liu93/status/1859983489149575677
1990350510218678753,2025-11-17 09:25:15,mindset_risk,交易心法,0.43,0.07,0.05,,归档记录,8,0,3,6906,@IxfvNa1j7BYWS4G 先看一年吧,0,,https://x.com/Michael_Liu93/status/1990350510218678753
2094983510847262790,2026-09-02 02:59:26,mindset_risk,交易心法,0.43,0.06,0.03,,归档记录,2,0,1,1745,@shshsbsh1169 没 没到我想要的位置,0,,https://x.com/Michael_Liu93/status/2094983510847262790
1917817564761317816,2025-05-01 05:45:13,mindset_risk,交易心法,0.43,0.13,0.05,,归档记录,2,0,0,1452,@market_beggar 能捡点就捡点！,0,,https://x.com/Michael_Liu93/status/1917817564761317816
2011670481511092323,2026-01-15 05:23:12,mindset_risk,交易心法,0.42,0.15,0.05,,归档记录,9,0,0,3990,过去几天在sol上挨完打后的感悟😑,0,,https://x.com/Michael_Liu93/status/2011670481511092323
1982070849055428735,2025-10-25 13:04:50,mindset_risk,交易心法,0.42,0.08,0.03,,归档记录,4,0,2,2700,@diamondhandjs “但这次真的不一样”,0,,https://x.com/Michael_Liu93/status/1982070849055428735
1929777477649568005,2025-06-03 05:49:38,mindset_risk,交易心法,0.41,0.14,0.09,,归档记录,12,0,3,1590,@kunlunstar 嗯嗯 找填满的 别找漏气的,0,,https://x.com/Michael_Liu93/status/1929777477649568005
2087472266137444599,2026-08-12 09:32:26,mindset_risk,交易心法,0.41,0.12,0.05,,归档记录,7,0,2,2557,@wanlitouzi 他上轮是 这轮不会再是了,0,,https://x.com/Michael_Liu93/status/2087472266137444599
2015071147189248434,2026-01-24 14:36:14,mindset_risk,交易心法,0.41,0.04,0.02,,归档记录,4,0,0,963,@flyiiawei @ZachWitkoff 怕 希望不要再出了,0,,https://x.com/Michael_Liu93/status/2015071147189248434
1870501045392310386,2024-12-21 16:06:16,mindset_risk,交易心法,0.41,0.09,0.05,,归档记录,4,0,0,538,@weddei 先建设Evan 我不想call太多项目 太p了,0,,https://x.com/Michael_Liu93/status/1870501045392310386
1953118632172769395,2025-08-06 15:39:03,mindset_risk,交易心法,0.41,0.07,0.03,,归档记录,2,0,0,1238,@Peter7199 他倒是往该用的地方用啊。。。,0,,https://x.com/Michael_Liu93/status/1953118632172769395
1880834470561169807,2025-01-19 04:27:36,mindset_risk,交易心法,0.41,0.09,0.24,,归档记录,2,0,2,873,@lucas_faster 10块不能再多了,0,,https://x.com/Michael_Liu93/status/1880834470561169807
1932891361830973676,2025-06-11 20:03:06,mindset_risk,交易心法,0.41,0.05,0.05,,归档记录,1,0,1,4276,@0x0xFeng 标都赶紧下了吧 害怕🥲,0,,https://x.com/Michael_Liu93/status/1932891361830973676
1865770130254532882,2024-12-08 14:47:18,mindset_risk,交易心法,0.4,0.05,0.02,,归档记录,96,16,29,36993,Have conviction in me. Have conviction in Evan. https://t.co/SpjB0FXeJz,1,images/1865770130254532882_0.png,https://x.com/Michael_Liu93/status/1865770130254532882
2087140552802443521,2026-08-11 11:34:19,mindset_risk,交易心法,0.4,0.49,0.31,,归档记录,4,0,0,696,@CryptoDabai 这是方法帖,0,,https://x.com/Michael_Liu93/status/2087140552802443521
1863183867055902952,2024-12-01 11:30:24,mindset_risk,交易心法,0.39,0.06,0.03,,归档记录,1,0,1,564,@mrowu_ @timotimoqi 横了这么多年了 是时候爆发了,0,,https://x.com/Michael_Liu93/status/1863183867055902952
2010363048549372400,2026-01-11 14:47:56,mindset_risk,交易心法,0.38,0.03,0.02,,归档记录,11,0,11,5458,@0xCryptoWing 踏马k线快把老子的草根都割没了,0,,https://x.com/Michael_Liu93/status/2010363048549372400
1905494420788752745,2025-03-28 05:37:26,mindset_risk,交易心法,0.38,0.03,0.02,,归档记录,6,0,1,870,@0xCryptoWing @kunlunstar @bigdzhao @HeyAnonai 不敢跟她赌博了🙂‍↕️,0,,https://x.com/Michael_Liu93/status/1905494420788752745
1933017572280315960,2025-06-12 04:24:37,mindset_risk,交易心法,0.38,0.05,0.02,,归档记录,5,0,1,2610,@BTCBruce1 这下成多空双开了🤣,0,,https://x.com/Michael_Liu93/status/1933017572280315960
1869639162862920149,2024-12-19 07:01:27,mindset_risk,交易心法,0.37,0.05,0.04,,归档记录,20,0,10,8385,（狗庄不拉我也得自己买点拉拉，要不然多打脸🥲🥲🥲,0,,https://x.com/Michael_Liu93/status/1869639162862920149
1989099310638846412,2025-11-13 22:33:25,mindset_risk,交易心法,0.37,0.02,0.01,,归档记录,4,0,1,3596,@JerryL60941347 唉 信心确实谷底了🥲,0,,https://x.com/Michael_Liu93/status/1989099310638846412
1962391132081672619,2025-09-01 05:44:40,mindset_risk,交易心法,0.37,0.03,0.02,,归档记录,2,0,2,2276,@0xZhang_Crypto 我没fud啊。。。还拿着呢,0,,https://x.com/Michael_Liu93/status/1962391132081672619
1940751335483494487,2025-07-03 12:35:50,mindset_risk,交易心法,0.37,0.07,0.03,,归档记录,2,0,2,5119,@haze0x 博一博 单车变摩托,0,,https://x.com/Michael_Liu93/status/1940751335483494487
1983179256873251319,2025-10-28 14:29:15,mindset_risk,交易心法,0.36,0.06,0.03,,归档记录,9,0,0,4747,@0xMorfly 进这里是怎么能做到不赚钱的🤔,0,,https://x.com/Michael_Liu93/status/1983179256873251319
2077336398617780331,2026-07-15 10:16:07,mindset_risk,交易心法,0.36,0.09,0.05,,归档记录,3,0,0,1785,@ScarlettWeb3 待在下水道不出去就没人打了,0,,https://x.com/Michael_Liu93/status/2077336398617780331
2064697211351654590,2026-06-10 13:12:30,mindset_risk,交易心法,0.36,0.06,0.03,,归档记录,3,0,0,2720,@lijiuer1 我已经被迫成builder了。,0,,https://x.com/Michael_Liu93/status/2064697211351654590
1925552144759034070,2025-05-22 13:59:40,mindset_risk,交易心法,0.36,0.06,0.02,,归档记录,2,0,1,204,@yaliuba168 @kunlunstar @0xMextrel 信仰是无价的 乖 别卖哈,0,,https://x.com/Michael_Liu93/status/1925552144759034070
2012387776730423439,2026-01-17 04:53:28,mindset_risk,交易心法,0.36,0.09,0.07,,归档记录,1,0,1,859,@mr_doufu 0.5%多一点,0,,https://x.com/Michael_Liu93/status/2012387776730423439
2099422245525549278,2026-09-14 08:57:23,mindset_risk,交易心法,0.35,0.08,0.04,,归档记录,6,0,0,2795,@flyfly21x 我每次快拿不住的时候都会想到短鸟和他的okb,0,,https://x.com/Michael_Liu93/status/2099422245525549278
2054092884434178478,2026-05-12 06:54:41,mindset_risk,交易心法,0.35,0.04,0.03,,归档记录,2,0,1,429,@BTC_Alert_ @Mercy_okx 我也不会认错的,0,,https://x.com/Michael_Liu93/status/2054092884434178478
2033718326363623494,2026-03-17 01:33:28,mindset_risk,交易心法,0.35,0.1,0.04,,归档记录,1,0,0,1315,@Ed_x0101 都是来时坑,0,,https://x.com/Michael_Liu93/status/2033718326363623494
1856553665747923426,2024-11-13 04:24:21,mindset_risk,交易心法,0.34,0.04,0.02,,归档记录,10,0,1,3675,@0xmagnolia @Swagoneth “And I have never known defeat”,0,,https://x.com/Michael_Liu93/status/1856553665747923426
2019612277922795772,2026-02-06 03:21:04,mindset_risk,交易心法,0.34,0.08,0.05,,归档记录,6,0,1,1875,@chinakkxl 我抄底的时候会发推的,0,,https://x.com/Michael_Liu93/status/2019612277922795772
2004080827857358981,2025-12-25 06:44:38,mindset_risk,交易心法,0.34,0.04,0.02,,归档记录,4,0,3,2405,@xxxApril_D13 @52Hz_eth 别学了 我已经从大别墅到大排档了,0,,https://x.com/Michael_Liu93/status/2004080827857358981
1874432575068049844,2025-01-01 12:28:45,mindset_risk,交易心法,0.34,0.06,0.03,,归档记录,4,0,1,1788,@BTC_Alert_ @timotimoqi 主要是“锁”不住哈哈😂,0,,https://x.com/Michael_Liu93/status/1874432575068049844
1992995792530108598,2025-11-24 16:36:39,mindset_risk,交易心法,0.34,0.06,0.02,,归档记录,1,0,1,6335,@LeotheHorseman @Sunrise_DeFi 卓越的放弃治疗,0,,https://x.com/Michael_Liu93/status/1992995792530108598
2008864190073917745,2026-01-07 11:32:00,mindset_risk,交易心法,0.33,0.05,0.03,,归档记录,126,0,135,75015,"群友又在跟我说：币安人生要是做不好，币安就不用做了

怎么办，梭进去死了算了？",0,,https://x.com/Michael_Liu93/status/2008864190073917745
2002018040003842114,2025-12-19 14:07:51,mindset_risk,交易心法,0.33,0.04,0.03,,归档记录,4,0,1,2604,@0xCryptoWing 全部家产都梭了,0,,https://x.com/Michael_Liu93/status/2002018040003842114
2074537400190259587,2026-07-07 16:53:53,mindset_risk,交易心法,0.33,0.08,0.03,,归档记录,2,0,1,2682,@LamIsRealGoat 天才交易员要重走来时路了,0,,https://x.com/Michael_Liu93/status/2074537400190259587
1985373310180594120,2025-11-03 15:47:38,mindset_risk,交易心法,0.32,0.04,0.03,,归档记录,4,0,0,3465,@abyssofgambling 事到如今，只能做家人了,0,,https://x.com/Michael_Liu93/status/1985373310180594120
2087400620412305887,2026-08-12 04:47:44,mindset_risk,交易心法,0.32,0.06,0.03,,归档记录,2,0,0,922,@dapanji_eth 那仓位很快就打满了😄,0,,https://x.com/Michael_Liu93/status/2087400620412305887
1921076524406436011,2025-05-10 05:35:09,mindset_risk,交易心法,0.32,0.17,0.04,,归档记录,2,0,1,184,@yaliuba168 积少成多,0,,https://x.com/Michael_Liu93/status/1921076524406436011
2031253869851029718,2026-03-10 06:20:36,mindset_risk,交易心法,0.31,0.1,0.06,,归档记录,6,0,2,4506,@Threewin33 他自己的船可以过啊,0,,https://x.com/Michael_Liu93/status/2031253869851029718
1874679109072408630,2025-01-02 04:48:24,mindset_risk,交易心法,0.31,0.05,0.07,,归档记录,1,0,1,1064,@poschameleon AI这轮我钱包就分了10个,0,,https://x.com/Michael_Liu93/status/1874679109072408630
2033706254779236807,2026-03-17 00:45:30,mindset_risk,交易心法,0.3,0.16,0.04,,归档记录,70,1,26,25452,"不要追山寨，不要当傻逼！
不要追山寨，不要当傻逼！
不要追山寨，不要当傻逼！",0,,https://x.com/Michael_Liu93/status/2033706254779236807
2018223546779279728,2026-02-02 07:22:44,mindset_risk,交易心法,0.3,0.06,0.02,,归档记录,48,0,1,11646,@Jackyi_ld 输了也是知行合一 加油易老板 下一单做回来,0,,https://x.com/Michael_Liu93/status/2018223546779279728
2004974251569533183,2025-12-27 17:54:46,mindset_risk,交易心法,0.29,0.22,0.08,,归档记录,63,0,32,31628,熊市该干点啥系列😑 https://t.co/aTlibpJUHM,1,images/2004974251569533183_0.jpg,https://x.com/Michael_Liu93/status/2004974251569533183
2002291206101852601,2025-12-20 08:13:18,mindset_risk,交易心法,0.29,0.05,0.04,,归档记录,26,1,4,12197,你说这线，是人玩的吗😂😂 https://t.co/5Vk6f7J7RW,1,images/2002291206101852601_0.png,https://x.com/Michael_Liu93/status/2002291206101852601
1928683039959154798,2025-05-31 05:20:44,mindset_risk,交易心法,0.28,0.09,0.05,,归档记录,3,0,1,1526,@0xCryptoWing 是时候把自己包起来了,0,,https://x.com/Michael_Liu93/status/1928683039959154798
2061726807578317219,2026-06-02 08:29:10,mindset_risk,交易心法,0.27,0.08,0.04,,归档记录,3,1,1,943,@akn_everallin 是的 以后会慢慢脱离的,0,,https://x.com/Michael_Liu93/status/2061726807578317219
1962365099622158521,2025-09-01 04:01:13,mindset_risk,交易心法,0.27,0.04,0.02,,归档记录,2,0,1,3506,@0xCryptoWing 被你fud下去了,0,,https://x.com/Michael_Liu93/status/1962365099622158521
1891111198382330043,2025-02-16 13:03:39,mindset_risk,交易心法,0.27,0.05,0.06,,归档记录,1,0,1,2317,@zhaojunsong18 ……没钱就入柜了？😅,0,,https://x.com/Michael_Liu93/status/1891111198382330043
1891107053659144544,2025-02-16 12:47:11,mindset_risk,交易心法,0.26,0.16,0.09,,归档记录,6,0,1,12950,可以拿以上去参考下你的二级持仓符不符合,0,,https://x.com/Michael_Liu93/status/1891107053659144544
2042482421472641181,2026-04-10 05:58:51,mindset_risk,交易心法,0.26,0.05,0.03,,归档记录,3,0,1,1275,@KelseyWeb3VC 梭哈！,0,,https://x.com/Michael_Liu93/status/2042482421472641181
1898719474502758648,2025-03-09 12:56:13,mindset_risk,交易心法,0.25,0.05,0.05,,归档记录,4,0,2,3380,@HuoYean 没必要接了 结束了,0,,https://x.com/Michael_Liu93/status/1898719474502758648
2005938923588223233,2025-12-30 09:48:02,mindset_risk,交易心法,0.25,0.08,0.04,,归档记录,3,0,0,5819,@FluxGray DM Lam让他做多了,0,,https://x.com/Michael_Liu93/status/2005938923588223233
2008902491837169728,2026-01-07 14:04:12,mindset_risk,交易心法,0.24,0.05,0.04,,归档记录,58,0,23,30149,不是哥们，你怎么上了现货就卖呢，你是日本人吧,0,,https://x.com/Michael_Liu93/status/2008902491837169728
1900192192171581506,2025-03-13 14:28:17,mindset_risk,交易心法,0.24,0.04,0.03,,归档记录,8,0,2,1561,@0xJust_ 学废了 就差100个sol省了😅,0,,https://x.com/Michael_Liu93/status/1900192192171581506
1958411162577723676,2025-08-21 06:09:41,mindset_risk,交易心法,0.23,0.03,0.03,,归档记录,7,0,1,3483,@lijiuer1 做推之后我脸皮已经跟脚皮一般厚了😑,0,,https://x.com/Michael_Liu93/status/1958411162577723676
2000237544810877061,2025-12-14 16:12:47,mindset_risk,交易心法,0.23,0.07,0.04,,归档记录,5,0,1,3672,@abyssofgambling 这次开space 静音键掌握在自己手里！,0,,https://x.com/Michael_Liu93/status/2000237544810877061
1911365664096342333,2025-04-13 10:27:40,mindset_risk,交易心法,0.23,0.07,0.09,,归档记录,4,0,1,1273,@0xivvv “数据刷完了，上了所了，一脚踢开”,0,,https://x.com/Michael_Liu93/status/1911365664096342333
1899809966149837132,2025-03-12 13:09:27,mindset_risk,交易心法,0.23,0.04,0.04,,归档记录,2,0,0,8970,@0xCryptoWing 我拿着的是上次你发我的ca 还不怕吗,0,,https://x.com/Michael_Liu93/status/1899809966149837132
1885401985454924152,2025-01-31 18:57:17,mindset_risk,交易心法,0.23,0.04,0.03,,归档记录,2,0,1,4014,@timotimo007 还嫌这几天钱包不够炸裂？还要911？,0,,https://x.com/Michael_Liu93/status/1885401985454924152
1898296928091418971,2025-03-08 08:57:10,mindset_risk,交易心法,0.22,0.03,0.02,,归档记录,33,0,4,6378,@0xcryptowizard 那段时间猪扒饭我都开始点三个蛋了 现在回想起来确实飘了 https://t.co/qLgFd5yl7d,1,images/1898296928091418971_0.jpg,https://x.com/Michael_Liu93/status/1898296928091418971
1909924443469840528,2025-04-09 11:00:46,mindset_risk,交易心法,0.22,0.04,0.02,,归档记录,9,0,1,2073,@xixikawaii @cz_binance @heyibinance 还是爱你不跪的模样,0,,https://x.com/Michael_Liu93/status/1909924443469840528
1873416060353036314,2024-12-29 17:09:29,mindset_risk,交易心法,0.22,0.03,0.02,,归档记录,8,0,1,6030,@timotimoqi 我心态贼差 买完水下一秒钟就找你维权,0,,https://x.com/Michael_Liu93/status/1873416060353036314
1932878363359916511,2025-06-11 19:11:27,mindset_risk,交易心法,0.22,0.12,0.05,,归档记录,3,0,0,1292,@aristotlewitt 先暂避下锋芒。。。,0,,https://x.com/Michael_Liu93/status/1932878363359916511
1910046759050682457,2025-04-09 19:06:48,mindset_risk,交易心法,0.22,0.09,0.05,,归档记录,3,0,0,763,@MaraCakeHotSale 不累，该贷款上的,0,,https://x.com/Michael_Liu93/status/1910046759050682457
1841134977888764189,2024-10-01 15:16:00,mindset_risk,交易心法,0.22,0.07,0.03,,归档记录,3,0,1,966,@xiepeng4321 还在纠结要不要搞，和如果要搞怎么搞,0,,https://x.com/Michael_Liu93/status/1841134977888764189
1990620910827803075,2025-11-18 03:19:43,mindset_risk,交易心法,0.22,0.04,0.03,,归档记录,2,0,2,2053,@nancy_c813 你这是要解套吧Nancy🥲,0,,https://x.com/Michael_Liu93/status/1990620910827803075
1976883184039346510,2025-10-11 05:30:54,mindset_risk,交易心法,0.22,0.19,0.06,,归档记录,2,0,2,1994,@71077High 工作攒钱+交易,0,,https://x.com/Michael_Liu93/status/1976883184039346510
2087412776574849144,2026-08-12 05:36:02,mindset_risk,交易心法,0.22,0.07,0.02,,归档记录,1,0,0,1439,@yx0121 20w+？不知道，走一步看一步吧,0,,https://x.com/Michael_Liu93/status/2087412776574849144
1839581842485506196,2024-09-27 08:24:23,mindset_risk,交易心法,0.22,0.03,0.02,,归档记录,1,0,0,1411,@CarefreeDog_BTC 😂😂😂我也是交了学费的,0,,https://x.com/Michael_Liu93/status/1839581842485506196
1836264031717593454,2024-09-18 04:40:35,mindset_risk,交易心法,0.21,0.06,0.03,,归档记录,6,0,1,1695,@coolish AI：收手吧阿祖，你这单马上要爆了,0,,https://x.com/Michael_Liu93/status/1836264031717593454
2083112903688040544,2026-07-31 08:49:53,mindset_risk,交易心法,0.21,0.04,0.03,,归档记录,4,0,1,1136,@Guilin_Chen_ 跌害怕了,0,,https://x.com/Michael_Liu93/status/2083112903688040544
1951973853632270810,2025-08-03 11:50:07,mindset_risk,交易心法,0.21,0.04,0.03,,归档记录,3,0,1,1470,@0xCryptoWing 听哥说 为了你好 以后验证这种危险的工作还是交给我吧！,0,,https://x.com/Michael_Liu93/status/1951973853632270810
1983213823457722549,2025-10-28 16:46:36,mindset_risk,交易心法,0.21,0.05,0.03,,归档记录,2,0,0,3719,@Ice_Frog666666 更踏实了,0,,https://x.com/Michael_Liu93/status/1983213823457722549
1908857024550695353,2025-04-06 12:19:14,mindset_risk,交易心法,0.21,0.09,0.04,,归档记录,2,0,0,1018,@danielesesta Retire wisely Anon,0,,https://x.com/Michael_Liu93/status/1908857024550695353
1868968234965414202,2024-12-17 10:35:25,mindset_risk,交易心法,0.2,0.07,0.06,,归档记录,54,1,16,29242,听劝下车了的不用谢。 https://t.co/cxQFXJDgNG,1,images/1868968234965414202_0.jpg,https://x.com/Michael_Liu93/status/1868968234965414202
1920866787161223364,2025-05-09 15:41:44,mindset_risk,交易心法,0.2,0.11,0.08,,归档记录,1,0,0,1107,@Pathusa 嗯嗯 结束前看看比较稳妥,0,,https://x.com/Michael_Liu93/status/1920866787161223364
1893559095753613685,2025-02-23 07:10:43,mindset_risk,交易心法,0.2,0.04,0.02,,归档记录,1,0,2,657,@008_qq 我还持有啊。。,0,,https://x.com/Michael_Liu93/status/1893559095753613685
2026688312757596345,2026-02-25 15:58:42,mindset_risk,交易心法,0.19,0.05,0.03,,归档记录,82,3,69,64772,兄弟们，这次真的不一样，别打胶了，牛回速归！！！ https://t.co/XanamhjzFM,1,images/2026688312757596345_0.jpg,https://x.com/Michael_Liu93/status/2026688312757596345
1985602458664706323,2025-11-04 06:58:11,mindset_risk,交易心法,0.19,0.08,0.04,,归档记录,9,0,2,3847,@xingpt 蒋老师 咱们还是经常约约吧 能少亏不少,0,,https://x.com/Michael_Liu93/status/1985602458664706323
2077570252838494248,2026-07-16 01:45:22,mindset_risk,交易心法,0.19,0.06,0.04,,归档记录,6,0,1,3867,@zjcwebster 咋给放生机会了不跑啊,0,,https://x.com/Michael_Liu93/status/2077570252838494248
1911758299567202408,2025-04-14 12:27:52,mindset_risk,交易心法,0.19,0.04,0.02,,归档记录,6,0,1,3216,@0xCryptoWing 全死光了 就你没死,0,,https://x.com/Michael_Liu93/status/1911758299567202408
2026627647820935375,2026-02-25 11:57:38,mindset_risk,交易心法,0.19,0.06,0.03,,归档记录,5,0,0,1540,@xingpt 好的 这就去读自己的身体,0,,https://x.com/Michael_Liu93/status/2026627647820935375
2000232509255323884,2025-12-14 15:52:47,mindset_risk,交易心法,0.19,0.17,0.08,,归档记录,3,0,0,3170,@0xCryptoWing “Lam的启蒙时刻”,0,,https://x.com/Michael_Liu93/status/2000232509255323884
1996820641161642481,2025-12-05 05:55:14,mindset_risk,交易心法,0.19,0.06,0.04,,归档记录,2,0,0,1748,@hellosuoha 我已经计提归零了🥹,0,,https://x.com/Michael_Liu93/status/1996820641161642481
1977588170071105933,2025-10-13 04:12:16,mindset_risk,交易心法,0.19,0.05,0.04,,归档记录,2,0,0,2965,@qingshui_eth 给我洗成傻逼了,0,,https://x.com/Michael_Liu93/status/1977588170071105933
1891765515468836924,2025-02-18 08:23:40,mindset_risk,交易心法,0.18,0.07,0.03,,归档记录,65,2,32,25126,回归到我最擅长的事情上 I’m 100% locked in https://t.co/2Y7yFxN9l3,1,images/1891765515468836924_0.jpg,https://x.com/Michael_Liu93/status/1891765515468836924
1899746837575471612,2025-03-12 08:58:36,mindset_risk,交易心法,0.18,0.09,0.03,,归档记录,51,0,1,17331,@P73978855 看那火花在给你指引方向,0,,https://x.com/Michael_Liu93/status/1899746837575471612
1927670177425957055,2025-05-28 10:15:59,mindset_risk,交易心法,0.18,0.04,0.02,,归档记录,6,0,0,1433,@0xCryptoWing 至今走不出姐姐织的网,0,,https://x.com/Michael_Liu93/status/1927670177425957055
2082356391864582474,2026-07-29 06:43:46,mindset_risk,交易心法,0.18,0.03,0.02,,归档记录,5,0,1,1933,@0xAgata 如果那会儿没跑的话现在应该已经见太奶了😅,0,,https://x.com/Michael_Liu93/status/2082356391864582474
1996872244799459663,2025-12-05 09:20:17,mindset_risk,交易心法,0.18,0.14,0.07,,归档记录,2,0,1,2090,@BTC_Alert_ 展开讲讲怎么比上次强了,0,,https://x.com/Michael_Liu93/status/1996872244799459663
1855986135534821603,2024-11-11 14:49:11,mindset_risk,交易心法,0.18,0.04,0.02,,归档记录,2,0,1,639,@fuclgbt 你这个也卖飞了？？？,0,,https://x.com/Michael_Liu93/status/1855986135534821603
2083268592351780874,2026-07-31 19:08:32,mindset_risk,交易心法,0.17,0.05,0.04,,归档记录,23,0,3,8058,算了 先平了 过个好周末吧 下周再看,0,,https://x.com/Michael_Liu93/status/2083268592351780874
1924819263032066095,2025-05-20 13:27:28,mindset_risk,交易心法,0.17,0.06,0.03,,归档记录,2,0,0,1013,@diamondhandjs 没办法，高富帅他爹差点都g了,0,,https://x.com/Michael_Liu93/status/1924819263032066095
1895374251596882038,2025-02-28 07:23:30,mindset_risk,交易心法,0.17,0.08,0.06,,归档记录,2,0,1,1720,@Grimmzer1 也可以的 找安全的哈,0,,https://x.com/Michael_Liu93/status/1895374251596882038
1858465534234476977,2024-11-18 11:01:26,mindset_risk,交易心法,0.17,0.02,0.01,,归档记录,2,0,1,507,@mECjHSalVV4QuJI 唉 找时间整理下情绪 后面还有很多机会 加油,0,,https://x.com/Michael_Liu93/status/1858465534234476977
1982111537293889620,2025-10-25 15:46:30,mindset_risk,交易心法,0.16,0.07,0.03,,归档记录,4,0,3,1782,@KGKG1019 记得 我的痛,0,,https://x.com/Michael_Liu93/status/1982111537293889620
1892429936847155534,2025-02-20 04:23:51,mindset_risk,交易心法,0.16,0.05,0.03,,归档记录,4,0,1,3489,@timotimo007 你哪天不是先跑了？,0,,https://x.com/Michael_Liu93/status/1892429936847155534
2041411399382159808,2026-04-07 07:02:59,mindset_risk,交易心法,0.16,0.02,0.03,,归档记录,3,0,0,761,@0xSleepinRain 再亏要退圈了都😭,0,,https://x.com/Michael_Liu93/status/2041411399382159808
1972993026571272595,2025-09-30 11:52:48,mindset_risk,交易心法,0.16,0.06,0.04,,归档记录,3,0,2,1436,@Foresight_News @OpenEden_X ”让领导先走“,0,,https://x.com/Michael_Liu93/status/1972993026571272595
1893621889634885897,2025-02-23 11:20:14,mindset_risk,交易心法,0.15,0.08,0.06,,归档记录,28,0,8,12818,@zunzunv 自杀赛道。。。。,0,,https://x.com/Michael_Liu93/status/1893621889634885897
2025968026575855705,2026-02-23 16:16:32,mindset_risk,交易心法,0.15,0.05,0.03,,归档记录,7,0,0,2481,@0xCryptoWing 贷！年轻人，就算破产了你还有屁股,0,,https://x.com/Michael_Liu93/status/2025968026575855705
1976108205152534752,2025-10-09 02:11:25,mindset_risk,交易心法,0.14,0.08,0.07,,归档记录,23,0,14,9604,好了，我也可以说已套勿跟了 ，tm😂😂,0,,https://x.com/Michael_Liu93/status/1976108205152534752
1983973108966125785,2025-10-30 19:03:44,mindset_risk,交易心法,0.14,0.03,0.03,,归档记录,7,0,2,2442,@pipizhu_eth Una都这么说了 我再熬熬🫩,0,,https://x.com/Michael_Liu93/status/1983973108966125785
2084902851940331795,2026-08-05 07:22:30,mindset_risk,交易心法,0.14,0.07,0.06,,归档记录,4,0,2,1742,@sexyminded258 我刚跑完 等回调了,0,,https://x.com/Michael_Liu93/status/2084902851940331795
2000874755843613135,2025-12-16 10:24:50,mindset_risk,交易心法,0.14,0.03,0.02,,归档记录,2,0,0,3313,@0xSleepinRain 🥲🥲没事哥 亏完了 虚拟仓问题不大,0,,https://x.com/Michael_Liu93/status/2000874755843613135
1978652837203591265,2025-10-16 02:42:52,mindset_risk,交易心法,0.14,0.04,0.03,,归档记录,2,0,0,522,@0xVeil 好的 就靠转转回血了,0,,https://x.com/Michael_Liu93/status/1978652837203591265
2036635156988207543,2026-03-25 02:43:54,mindset_risk,交易心法,0.13,0.21,0.1,,归档记录,4,0,1,1962,@LamIsRealGoat 金银大作手兰姆,0,,https://x.com/Michael_Liu93/status/2036635156988207543
2012397420290711822,2026-01-17 05:31:48,mindset_risk,交易心法,0.13,0.06,0.02,,归档记录,4,0,2,2939,@HuoYean 没事的兄dei 都会归零的😅,0,,https://x.com/Michael_Liu93/status/2012397420290711822
2065652239721697489,2026-06-13 04:27:26,mindset_risk,交易心法,0.13,0.05,0.07,,归档记录,2,0,3,3820,@BTC_Alert_ @elonmusk crcl你止损了？不许走！,0,,https://x.com/Michael_Liu93/status/2065652239721697489
1978693498086838488,2025-10-16 05:24:26,mindset_risk,交易心法,0.13,0.03,0.02,,归档记录,2,0,1,1654,@Guilin_Chen_ 整理下心情 能干回来的！,0,,https://x.com/Michael_Liu93/status/1978693498086838488
1894120313232994430,2025-02-24 20:20:48,mindset_risk,交易心法,0.13,0.04,0.02,,归档记录,2,0,1,2541,@0xCryptoWing 不是 这个行情还枯坐啊 快睡觉啊,0,,https://x.com/Michael_Liu93/status/1894120313232994430
1875876958070051128,2025-01-05 12:08:13,mindset_risk,交易心法,0.12,0.07,0.03,,归档记录,14,0,8,11450,真的只看了亿遍 打狗道心不能乱🙃🙃🙃,0,,https://x.com/Michael_Liu93/status/1875876958070051128
1909803118340239747,2025-04-09 02:58:40,mindset_risk,交易心法,0.12,0.06,0.03,,归档记录,6,0,1,2550,@web3foxcn 建第一批仓了～,0,,https://x.com/Michael_Liu93/status/1909803118340239747
2076512334261182649,2026-07-13 03:41:34,mindset_risk,交易心法,0.12,0.09,0.07,,归档记录,3,0,0,1526,@xingpt 好的哥 等止跌了一起做家人,0,,https://x.com/Michael_Liu93/status/2076512334261182649
1963485473969746403,2025-09-04 06:13:11,mindset_risk,交易心法,0.12,0.02,0.02,,归档记录,2,0,1,2134,@0xCryptoWing 我能力不行,0,,https://x.com/Michael_Liu93/status/1963485473969746403
1914242171651444807,2025-04-21 08:57:53,mindset_risk,交易心法,0.12,0.06,0.05,,归档记录,2,0,2,1705,@yaliuba168 输的E丝不挂,0,,https://x.com/Michael_Liu93/status/1914242171651444807
1897568830819594721,2025-03-06 08:43:59,mindset_risk,交易心法,0.12,0.03,0.02,,归档记录,2,0,1,315,@0xathenalee @lin_btc @rita88 压的我喘不上来气了,0,,https://x.com/Michael_Liu93/status/1897568830819594721
1988046282083234185,2025-11-11 00:49:04,mindset_risk,交易心法,0.12,0.09,0.06,,归档记录,1,0,1,2793,@DDengguang1215 烧的金库的,0,,https://x.com/Michael_Liu93/status/1988046282083234185
2100149911983673712,2026-09-16 09:08:52,mindset_risk,交易心法,0.12,0.03,0.02,,归档记录,0,0,0,1879,@truetears1995 哈哈 确实fomo了,0,,https://x.com/Michael_Liu93/status/2100149911983673712
1904745038523052293,2025-03-26 03:59:40,mindset_risk,交易心法,0.11,0.07,0.05,,归档记录,10,0,3,3705,@timotimo007 知道了知道了 我明天大锤换小锤哈,0,,https://x.com/Michael_Liu93/status/1904745038523052293
2055172805977952605,2026-05-15 06:25:54,mindset_risk,交易心法,0.11,0.07,0.07,,归档记录,3,0,0,1704,@bigbottle44 送它去归零~,0,,https://x.com/Michael_Liu93/status/2055172805977952605
1957400115380908263,2025-08-18 11:12:08,mindset_risk,交易心法,0.11,0.04,0.02,,归档记录,3,0,1,925,@0xMistedollFifi 一定要跟着一起佛起来😌,0,,https://x.com/Michael_Liu93/status/1957400115380908263
1937044028010426744,2025-06-23 07:04:19,mindset_risk,交易心法,0.11,0.05,0.04,,归档记录,3,0,1,1295,@0xCryptoWing 你注意啊 以后别被捞了啊Lam,0,,https://x.com/Michael_Liu93/status/1937044028010426744
2034635801917829617,2026-03-19 14:19:11,mindset_risk,交易心法,0.11,0.04,0.02,,归档记录,2,0,1,1127,@off_thetarget 唉 最难的时候来了,0,,https://x.com/Michael_Liu93/status/2034635801917829617
2010208945839972410,2026-01-11 04:35:35,mindset_risk,交易心法,0.11,0.06,0.05,,归档记录,2,0,1,1080,@0xCryptoWing 还是得跟你敏感肌中和下,0,,https://x.com/Michael_Liu93/status/2010208945839972410
2094708922800287844,2026-09-01 08:48:19,mindset_risk,交易心法,0.1,0.06,0.07,,归档记录,2,0,2,1305,@Hovz0217 我错了 给合约了,0,,https://x.com/Michael_Liu93/status/2094708922800287844
1884296611507102109,2025-01-28 17:44:55,mindset_risk,交易心法,0.09,0.05,0.07,,归档记录,2,0,2,615,@0xCryptoWing 😂别手机扔出去 二提脚攥手里了,0,,https://x.com/Michael_Liu93/status/1884296611507102109
1881596002899296410,2025-01-21 06:53:40,mindset_risk,交易心法,0.08,0.06,0.09,,归档记录,4,0,0,5706,@timotimoqi 我跟你说 别浇啊 我盯着呢,0,,https://x.com/Michael_Liu93/status/1881596002899296410
1955700205283893297,2025-08-13 18:37:18,mindset_risk,交易心法,0.08,0.06,0.05,,归档记录,2,0,2,1680,@Pathusa @HuoYean @DARTERETH 我等什么时候启动了再追了,0,,https://x.com/Michael_Liu93/status/1955700205283893297
1906990576353841623,2025-04-01 08:42:38,mindset_risk,交易心法,0.08,0.05,0.04,,归档记录,2,0,1,356,@lin_btc @rita88 二姑妈豁出去了,0,,https://x.com/Michael_Liu93/status/1906990576353841623
2097665617302356477,2026-09-09 12:37:10,mindset_risk,交易心法,0.07,0.03,0.02,,归档记录,7,0,1,2491,@xingpt 蒋老师 你说啥呢 我tm fomo得要死,0,,https://x.com/Michael_Liu93/status/2097665617302356477
1972631160972034453,2025-09-29 11:54:53,mindset_risk,交易心法,0.07,0.05,0.03,,归档记录,3,0,0,5268,@coldcupidrong 一滴都没了,0,,https://x.com/Michael_Liu93/status/1972631160972034453
1999767481884475594,2025-12-13 09:04:56,mindset_risk,交易心法,0.07,0.05,0.03,,归档记录,2,0,1,2892,@timotimo007 你都减到10wr了？,0,,https://x.com/Michael_Liu93/status/1999767481884475594
1995685130967617577,2025-12-02 02:43:07,mindset_risk,交易心法,0.07,0.05,0.03,,归档记录,2,0,0,1092,@timotimo007 我松弛肌了,0,,https://x.com/Michael_Liu93/status/1995685130967617577
2019319448763789475,2026-02-05 07:57:28,mindset_risk,交易心法,0.06,0.04,0.02,,归档记录,4,0,1,310,@MNson11 实话跟哥说 你是不是开多了🤔,0,,https://x.com/Michael_Liu93/status/2019319448763789475
1935183512149311789,2025-06-18 03:51:17,mindset_risk,交易心法,0.06,0.03,0.02,,归档记录,3,0,1,1870,@BTC_Alert_ @Gateio_zh 所子不要哭 下一个更好,0,,https://x.com/Michael_Liu93/status/1935183512149311789
1873415245135507550,2024-12-29 17:06:15,mindset_risk,交易心法,0.06,0.04,0.03,,归档记录,2,0,0,1423,@Houzuo000 😎这次我要走到对岸！,0,,https://x.com/Michael_Liu93/status/1873415245135507550
1840418554690392115,2024-09-29 15:49:11,mindset_risk,交易心法,0.06,0.09,0.04,,归档记录,1,0,0,2137,@arbnbtc 哈哈哈哈 说说你啥没悟 我讲讲,0,,https://x.com/Michael_Liu93/status/1840418554690392115
1955548259243725028,2025-08-13 08:33:31,mindset_risk,交易心法,0.05,0.02,0.02,,归档记录,5,0,0,1963,@timotimo007 我拉你妹 我tm fomo了,0,,https://x.com/Michael_Liu93/status/1955548259243725028
1844321208214618379,2024-10-10 10:16:56,mindset_risk,交易心法,0.05,0.05,0.06,,归档记录,3,0,1,516,@0xNoNo_1 头给你 你来随便摁,0,,https://x.com/Michael_Liu93/status/1844321208214618379
1953117166959579466,2025-08-06 15:33:14,mindset_risk,交易心法,0.05,0.03,0.02,,归档记录,2,0,0,2345,@jason20220510 不敢不敢 我怕我也没了,0,,https://x.com/Michael_Liu93/status/1953117166959579466
1939580920757166334,2025-06-30 07:05:01,mindset_risk,交易心法,0.05,0.09,0.05,,归档记录,2,0,3,2206,@BTC_Alert_ 所子 想知道裹得差不多了是啥意思,0,,https://x.com/Michael_Liu93/status/1939580920757166334
1841735926059565276,2024-10-03 07:03:57,mindset_risk,交易心法,0.05,0.04,0.05,,归档记录,1,0,1,267,@Ben_Ben_Gg 等后面有位置的话 我再动态调整吧,0,,https://x.com/Michael_Liu93/status/1841735926059565276
1892535739037970566,2025-02-20 11:24:16,mindset_risk,交易心法,0.04,0.03,0.02,,归档记录,9,0,4,5398,@yuyue_chris @dov_wo @0xLaughing @Gink5814 @thecryptoskanda @Alvin0617 不行了 我飘了飘了飘了 https://t.co/NhSuwwPbpu,1,images/1892535739037970566_0.jpg,https://x.com/Michael_Liu93/status/1892535739037970566
1990131508309327970,2025-11-16 18:55:01,mindset_risk,交易心法,0.04,0.04,0.08,,归档记录,8,0,1,9816,@timotimo007 破的话记得跑，别拉裤子里了🥸,0,,https://x.com/Michael_Liu93/status/1990131508309327970
2037485380128403667,2026-03-27 11:02:23,mindset_risk,交易心法,0.04,0.03,0.03,,归档记录,3,0,1,2340,@hellosuoha 别骂了哥 跳楼了,0,,https://x.com/Michael_Liu93/status/2037485380128403667
1923784879764013063,2025-05-17 16:57:12,mindset_risk,交易心法,0.04,0.02,0.02,,归档记录,2,0,1,1788,@0xCryptoWing “妈的空进去死了算了”,0,,https://x.com/Michael_Liu93/status/1923784879764013063
1950469648698528098,2025-07-30 08:12:56,mindset_risk,交易心法,0.03,0.03,0.02,,归档记录,4,0,3,3824,@btc_jx @xiejiayinBitget @susan_bgb @bitgetglobal 顶不住了啊 静香,0,,https://x.com/Michael_Liu93/status/1950469648698528098
1858046129944014863,2024-11-17 07:14:52,mindset_risk,交易心法,0.03,0.05,0.03,,归档记录,4,0,0,2095,@lin_btc 加油 下个钻住,0,,https://x.com/Michael_Liu93/status/1858046129944014863
1995723856577720456,2025-12-02 05:17:00,mindset_risk,交易心法,0.03,0.06,0.04,,归档记录,3,0,7,951,@nf4q47o20n85457 等过两天我再开位置,0,,https://x.com/Michael_Liu93/status/1995723856577720456
1939952293002010663,2025-07-01 07:40:43,mindset_risk,交易心法,0.03,0.03,0.02,,归档记录,3,0,2,1102,@0xCryptoWing 不哭不哭 站起来撸,0,,https://x.com/Michael_Liu93/status/1939952293002010663
1903511306587812312,2025-03-22 18:17:15,mindset_risk,交易心法,0.03,0.04,0.02,,归档记录,2,0,1,173,@MNson11 扶我起来 我还能抄….,0,,https://x.com/Michael_Liu93/status/1903511306587812312
1960694866486419673,2025-08-27 13:24:18,mindset_risk,交易心法,0.02,0.03,0.02,,归档记录,3,0,1,3276,@BTC_Alert_ 所子不哭 我来跟你一起站岗,0,,https://x.com/Michael_Liu93/status/1960694866486419673
1894596933446197583,2025-02-26 03:54:43,mindset_risk,交易心法,0.01,0.03,0.02,,归档记录,8,0,0,2036,@0xCryptoWing “弟弟忍一忍 一会儿就下来了”,0,,https://x.com/Michael_Liu93/status/1894596933446197583
1911723958367666686,2025-04-14 10:11:24,mindset_risk,交易心法,0.01,0.03,0.02,,归档记录,3,0,0,1039,@shiki214214214 慢慢来～,0,,https://x.com/Michael_Liu93/status/1911723958367666686
