Tweet_ID,Date,Likes,Retweets,Views,Tags,Tweet_URL,Media_Count,Text
2096243776478118384,Sat Sep 05 14:27:17 +0000 2026,43,0,18243,交易心智,https://x.com/gch_enbsbxbs/status/2096243776478118384,0,我自己通常不会拿土狗，因为我看叙事能力不行。  分不清 哪个土狗能拿 或者不能拿。 我通常 都是用LP 然后 配合K线 来进行 波段（分钟或者秒级）。什么时候进 什么时候出。  不过这几天 听劝 跟着 @efo_xx  已经上车了几个币（这些币我已经持仓几天了），猛的 有4倍，差的也翻倍了。 老哥 打狗的能力
2096079739404550551,Sat Sep 05 03:35:27 +0000 2026,3,0,1249,衍生品套利,https://x.com/gch_enbsbxbs/status/2096079739404550551,0,@seaify1 每个显示器 都是一台独立的电脑 如果你同时做很多事情 你就不回这么问了。套利 打狗，开发脚本等
2095540867306283493,Thu Sep 03 15:54:10 +0000 2026,71,1,14818,衍生品套利,https://x.com/gch_enbsbxbs/status/2095540867306283493,0,polymarket 也开perps了。 套利佬的路径 又多了一条。 要快点接入了，刚开始 的利润通常比较高。最近确实有点忙。  平台自身的实力就不必说了。 如果撸预测 撸不动了。 不妨试试perps。 看了一下 还是比较全的。  我其实就喜欢玩这种 链上的 项目。 纯cex 真没啥意思。 目前看 流动性 很不错。
2095532770768703732,Thu Sep 03 15:22:00 +0000 2026,17,0,8107,交易心智,https://x.com/gch_enbsbxbs/status/2095532770768703732,0,有时候 我自己也是一个矛盾体。 这一波 crcl 距离目标建仓 就只建仓了1/3。 就像很多人说的，聊的人多了。 反而不敢买。 不过我也持有hood coinbase （更早之前的推文说过 我常年做长线波段coinbase） 总体仓位 虽然没打满。但是也还行。 而且前几天 顶着压力104 加仓了一笔hood
2095471022506184789,Thu Sep 03 11:16:38 +0000 2026,85,6,13791,衍生品套利,https://x.com/gch_enbsbxbs/status/2095471022506184789,0,今天看见一个人 套利爆仓了500wu。  我感觉很多人 喜欢把我打上 套利的标签。 我不太喜欢。 过去接近一年 大部分时间 我确实在做perp套利。 那是因为 整个行业 没有什么特别的玩法。 你总不可能让我就把钱放在交易所 吃那几个点的利息吧。  铭文 ，NFT空投。我也都玩。 包括什么交互撸毛 存钱
2095421021369094503,Thu Sep 03 07:57:57 +0000 2026,47,0,11704,衍生品套利,https://x.com/gch_enbsbxbs/status/2095421021369094503,0,收费建群 是筛选，也是让我对这个市场保持敏锐度。 不管收费不收费。 如果你有我微信 我都愿意跟你聊。 但是 很多人 即便加了我微信，也很少人我聊。  更关键的是 很多人 跟不上我的节奏。 因为 我可能上个月 还在套利，这个月 就改别的。 就比如 今年 我就已经切换了很多赛道。 预测 套利
2095407005544685712,Thu Sep 03 07:02:15 +0000 2026,103,1,70096,衍生品套利,https://x.com/gch_enbsbxbs/status/2095407005544685712,0,做了 一个决定。 我准备 创建一个收费社区。 因为最近的一些变化，比如这一波LP，包括之前的海力士套利。每次公开之后，收益直线下滑， 人人都赚钱 最终是不现实的。 所以 我做了这个决定，原本 我是不打算做商业化的。 但是经过思考 我决定改变这个想法。
2095359054772420635,Thu Sep 03 03:51:43 +0000 2026,56,0,10462,交易心智,https://x.com/gch_enbsbxbs/status/2095359054772420635,0,我一直 缺个比较好的。打狗的脚本。 这一波 过后 准备弄一下。 已经有些思路了。 自动找狗，打狗和 组LP。
2095303372526211076,Thu Sep 03 00:10:27 +0000 2026,28,0,8207,交易心智,https://x.com/gch_enbsbxbs/status/2095303372526211076,0,用交易的思维组LP，我也是pons的一员了🤪
2095098071252435344,Wed Sep 02 10:34:39 +0000 2026,24,0,8889,交易心智,https://x.com/gch_enbsbxbs/status/2095098071252435344,0,事实上 LP 和 trader 是对手盘。 所以 LP爆发了， trader  转向LPer， 谁来交易？
2095097321096970650,Wed Sep 02 10:31:41 +0000 2026,19,2,17908,交易心智,https://x.com/gch_enbsbxbs/status/2095097321096970650,0,当前LP 已经从 捡钱模式，到达专业玩家模式。 新手切勿盲目组。 现在已经不再是随便组就能捡钱了。 （整个白天赚的利润 还没有昨天的零头多）
2095091083747451165,Wed Sep 02 10:06:53 +0000 2026,75,1,12733,"Robin链, 衍生品套利",https://x.com/gch_enbsbxbs/status/2095091083747451165,0,做一个预测，对于技术型选手来说。 下一个大的机会 将是robinhoodchain的链上套利。 当然是这一个预期。不一定真的会发生。
2095022016969785715,Wed Sep 02 05:32:27 +0000 2026,265,7,43876,"Robin链, 衍生品套利",https://x.com/gch_enbsbxbs/status/2095022016969785715,0,自从我发了LP的帖子之后，大量的相关推文就出来了。 那么。 过段时间 大家就应该能看见  复盘 ：我在robin N天赚了 xx 万u 的帖子。  而你只能事后羡慕，然后关注他们， 继续听他们事后吹牛逼。  而我 是在真正赚钱的时候 告诉你。 不管是 套利，做交易，还是现在的组LP，都是如此。
2094743055375159726,Tue Sep 01 11:03:57 +0000 2026,19,0,8993,交易心智,https://x.com/gch_enbsbxbs/status/2094743055375159726,1,LP 也可以  做好策略。也能组了 一路吃 一路卖。当然 卖飞 也是常态。 可惜 结局不太好 这个fable。 诈骗盘很多 悠着点 老铁们。 https://t.co/rK3EhWRuf6
2094662841404194947,Tue Sep 01 05:45:13 +0000 2026,65,0,7307,衍生品套利,https://x.com/gch_enbsbxbs/status/2094662841404194947,0,你们要感谢我 我还愿意 给你们分享。 这东西 有些人已经偷着搞了一段时间了。 我也是最近perp套利收益不行了 才转过来玩玩。 而这个正好也是我比较擅长的赛道。 https://x.com/gch_enbsbxbs/status/2094571978401423557
2094591203488743793,Tue Sep 01 01:00:33 +0000 2026,6,1,1535,交易心智,https://x.com/gch_enbsbxbs/status/2094591203488743793,0,@mnxqzf 就常规的 没什么特别的 dexscreener gmgn  okx  uniswap revert
2094582598022664265,Tue Sep 01 00:26:21 +0000 2026,53,2,12968,Robin链,https://x.com/gch_enbsbxbs/status/2094582598022664265,0,对于擅长metaora 的LPer。 在robin 就是捡钱。 而且基本没有回撤。 即便局部有亏损 整体净值仍然能持续上升。 这不是我自己胡扯。 这是实盘数据 表现出来的。 不理解的人 说了 也无法理解。 https://x.com/szu_jason/status/2094546790372782250
2094576955517735254,Tue Sep 01 00:03:56 +0000 2026,0,0,1733,交易心智,https://x.com/gch_enbsbxbs/status/2094576955517735254,0,@kan665588 微信给我发消息
2094571978401423557,Mon Aug 31 23:44:09 +0000 2026,121,8,35318,收益与费率,https://x.com/gch_enbsbxbs/status/2094571978401423557,1,有人说，组池子 不如拿着币等涨。 逻辑不是这样的。 如果你不波段的话，成本就打不下来， 如果你波段的话，结果就是卖飞，主动波段和被动LP 刚好是2个相反的操作手法。 如果一直拿着。 除非是龙头， 如果是市值很小的币，最终就是大部分都归零，极少数跑出来。甚至 一个都没有。 如果你只买龙头，然后拿着等涨 这是最简单 轻松的打法，这个确实也不用枯坐。但是得上仓位。对我来说 我没办法重仓土狗。  我组池子 不关心币背后的叙事。或者谁在喊单之类的。 简单看下k线 各个数据就足够了。 当然我也想看，但是时间精力跟不上。 很多时候 赚fee的时间窗口 就那几十分钟。 早上这个 就很猛 不到1个小时 本金1500 撸了2000u， 而这个其实也没涨多少。 刚好差不多翻倍吧。 但是交易的话，就很难掌握点位，LP容错率 就高了。  做自己擅长的吧，习惯做什么 就做什么。不必刻意勉强自己。
2094570717497164086,Mon Aug 31 23:39:08 +0000 2026,0,0,0,收益与费率,https://x.com/gch_enbsbxbs/status/2094570717497164086,1,有人说，组池子 不如拿着币等涨。 逻辑不是这样的。 如果你不波段的话，成本就打不下来，如果一直拿着。 除非是龙头， 如果是市值很小的币，最终就是大部分都归零，极少数跑出来。甚至 一个都没有。 如果你只买龙头，然后拿着等涨 这是最简单 轻松的打法，这个确实也不用枯坐。但是得上仓位。对我来说 我没办法重仓土狗。  我组池子 不关心币背后的叙事。或者谁在喊单之类的。 简单看下k线 各个数据就足够了。 当然我也想看，但是时间精力跟不上。 很多时候 赚fee的时间窗口 就那几十分钟。 早上这个 就很猛 不到1个小时 本金1500 撸了2000u， 而这个其实也没涨多少。 刚好差不多翻倍吧。 但是交易的话，就很难掌握点位，LP容错率 就高了。  做自己擅长的吧，习惯做什么 就做什么。不必刻意勉强自己。
2094360824219599267,Mon Aug 31 09:45:06 +0000 2026,2,0,690,交易心智,https://x.com/gch_enbsbxbs/status/2094360824219599267,0,@efo_xx 😑😑😑
2094294541214117902,Mon Aug 31 05:21:43 +0000 2026,84,6,45310,交易心智,https://x.com/gch_enbsbxbs/status/2094294541214117902,1,这是起床后 撸的一个仓位。5000u本金。 还有其他就不挨个发了，这个相对收益率比较高。 我通常 手动 会同时操作七八个土狗，极限也就10来个。再多 就忙不过来了。 龙头开的仓位会大些， 通常不需要太关注， 几m的土狗 基本上 都是快进快出。  其实也蛮累的。 主观做LP 需要带着交易的思维去做。进 出的时机比较重要。详细的就不展开讲了， 这些东西 我一年多前 都发过。有兴趣的老铁 自己翻推文吧。
2094177429514490019,Sun Aug 30 21:36:21 +0000 2026,64,2,43155,交易心智,https://x.com/gch_enbsbxbs/status/2094177429514490019,0,睡醒说下战报： 12小时 交易+LP 目前盈利 百分10 无回撤。 比预期的猛 继续追加资金。 https://x.com/gch_enbsbxbs/status/2093977225943232670
2093982423185072192,Sun Aug 30 08:41:28 +0000 2026,18,1,5515,交易心智,https://x.com/gch_enbsbxbs/status/2093982423185072192,0,那些讨论 学习“孙学”的人。 我给你们个建议。 没必要这么费劲。 买一本刑法的书。 这个来钱更快 更简单。不需要深入研究。
2093977225943232670,Sun Aug 30 08:20:49 +0000 2026,71,2,41527,"Robin链, 衍生品套利",https://x.com/gch_enbsbxbs/status/2093977225943232670,0,不搞套利了 来钱太慢了。  准备去robin上看看。炒土狗 + 组LP
2093553525309780338,Sat Aug 29 04:17:11 +0000 2026,28,0,9769,收益与费率,https://x.com/gch_enbsbxbs/status/2093553525309780338,0,说的好，孙割 早晚进去。 这种没有底线的人，早晚有人收拾他 https://x.com/cz_binance/status/2093385916153000256
2093471899749908678,Fri Aug 28 22:52:50 +0000 2026,24,0,9545,"收益与费率, 风控与防守, 衍生品套利",https://x.com/gch_enbsbxbs/status/2093471899749908678,0,这两天 收益下滑得比较多。交易量也下降了。 内卷严重 也有这个预期了。 而且滑点 比较严重。  我不得不新增功能，修改策略来动态调节参数。 所以 老铁们 还是得自己有能力动手搓。 也要对套利这个东西理解得比较深。 否则即便是0fee打，滑点太大，也可能赚不到 甚至亏钱噢 https://x.com/gch_enbsbxbs/status/2092322901647372641
2093004137248309417,Thu Aug 27 15:54:07 +0000 2026,0,0,0,交易心智,https://x.com/gch_enbsbxbs/status/2093004137248309417,0,这两年 孙割 也不割了，到处维权。 不过这波维权 倒是把流量赚足了。就这流量都值5000wu了。真羡慕啊 能揉女神的奶子😂😂😂 https://x.com/justinsuntron/status/2092932777612390850
2092996386937807190,Thu Aug 27 15:23:19 +0000 2026,0,5,449,衍生品套利,https://x.com/gch_enbsbxbs/status/2092996386937807190,0,"Rust 真的很猛嗎  為什麼很多套件要重構成 Rust ？  這幾天測試了 Py Go Rust 來跑套利 看以下數據就知道為什麼要用 Rust  -  100 萬筆事件處理效能測試  Python 耗時: 2,928.95 ms 吞吐量: 341,420 events/s 基準: 1.00x  Go 耗時: 879.92 ms 吞吐量: 1,136,473 events/s 相對 Python: 3.33x  Rust 耗時: 139.15 ms 吞吐量: 7,186,303 events/s 相對 Python: 21.05x  使用資料： 監控 80 個 symbols 100 萬筆 Binance/Lighter JSON 格式 7 輪取中位數  包含讀取、JSON 解析、價格狀態更新、basis EWMA、進場判定  三者都得到相同的 39,399 個訊號與 checksum  測試機器：AMD Ryzen 9 7950X3D  -  但很多時候 Python 還是簡單又快 我會用 Python 做一些功能測試 要做比較大的專案時 才會用 Rust   一些小工具 還是用 Python 方便又快"
2092322901647372641,Tue Aug 25 18:47:07 +0000 2026,164,18,39675,"收益与费率, 衍生品套利",https://x.com/gch_enbsbxbs/status/2092322901647372641,1,确实很猛。这个收益率 已经有点直追 7月份的海力士了 当然也就早期 能有这个收益了。 等市场上更多的专业的人 进来  就会下滑了。 这个号 是下午那会开的，放了3w u， 打了不到10小时 撸了100多u。 apr 你们自己算吧。 （由于只能打逐仓，设置的是2倍杠杆，希望项目方尽快改成全仓，上架更多的品种。逐仓资金效率太低了 。）  另外 我不清楚 什么kol轮， 我不是kol，不接广子。 我就一个小散。 邀请链接 你愿意支持一下 就走 不愿意 就当没看见就行了。  我的等级是T4。fee 我会全部返给你。（你等于0fee在打）  同时也说句实话，打perp，非专业玩家 慎入， 如果你啥也不会 就别碰这个。干这个的 都是专业玩量化，套利的人。 每个人手里都有自己的脚本。拼的就是这个。  如果你是刚关注我的小白 ，想学，就翻我以前推文，我也开源过这方面的脚本，当然去年开源的版本 已经有点过期了，需要做大量的修改。  我手里的版本 也不是那个。 之前说过 已经重写成rust了。不过那个版本 用来入门是没什么问题的。核心逻辑没有什么问题。不过我也建议做套利的 不要使用python js 这类语言，性能 稳定性 都不太行。 你用rust 一台12u/月的aws机器 就能满足你用了，十几个交易所，几百个币 就能同时套利。机器是扛得住的。我目前的低延迟已经优化得比较好了，热路径已经优化到几十微秒了（从接收行情到提交订单）。关键还是稳定 cpu 占用极低，没什么抖动。 我自己也是这么用ai。一路摸爬滚打走过来的，相信你也没问题。 好了 废话就说这么多 。
2092322454152904840,Tue Aug 25 18:45:21 +0000 2026,0,0,0,"收益与费率, 衍生品套利",https://x.com/gch_enbsbxbs/status/2092322454152904840,1,确实很猛。这个收益率 已经有点直追 7月份的海力士了 当然也就早期 能有这个收益了。 等市场上更多的专业的人 进来  就会下滑了。 这个号 是下午那会开的，放了3w u， 打了不到10小时 撸了100多u。 apr 你们自己算吧。 （由于只能打逐仓，设置的是2倍杠杆，希望项目方尽快改成全仓，上架更多的品种。逐仓资金效率太低了 。）  另外 我不清楚 什么kol轮， 我不是kol，不接广子。 我就一个小散。 邀请链接 你愿意支持一下 就走 不愿意 就当没看见就行了。  我的等级是T4。fee 我会全部返给你。  同时也说句实话，打perp，非专业玩家 慎入， 如果你啥也不会 就别碰这个。干这个的 都是专业玩量化，套利的人。 每个人手里都有自己的脚本。拼的就是这个。  如果你是刚关注我的小白 ，想学，就翻我以前推文，我也开源过这方面的脚本，当然去年开源的版本 已经有点过期了，需要做大量的修改。  我手里的版本 也不是那个。 之前说过 已经重写成rust了。不过那个版本 用来入门是没什么问题的。核心逻辑没有什么问题。不过我也建议做套利的 不要使用python js 这类语言，性能 稳定性 都不太行。 你用rust 一台12u/月的aws机器 就能满足你用了，十几个交易所，几百个币 就能同时套利。机器是扛得住的。我目前的低延迟已经优化得比较好了，热路径已经优化到几十微秒了（从接收行情到提交订单）。关键还是稳定 cpu 占用极低，没什么抖动。 我自己也是这么用ai。一路摸爬滚打走过来的，相信你也没问题。 好了 废话就说这么多 。
2092321303420399858,Tue Aug 25 18:40:46 +0000 2026,0,0,0,"收益与费率, 衍生品套利",https://x.com/gch_enbsbxbs/status/2092321303420399858,1,确实很猛。这个收益率 已经有点直追 7月份的海力士了 当然也就早期 能有这个收益了。 等市场上更多的专业的人 进来  就会下滑了。 这个号 是下午那会开的，放了3w u， 打了不到10小时 撸了100多u。 apr 你们自己算吧。 （由于只能打逐仓，设置的是2倍杠杆，希望项目方尽快改成全仓，上架更多的品种。逐仓资金效率太低了 。）  另外 我不清楚 什么kol轮， 我不是kol，不接广子。 我就一个小散。 邀请链接 你愿意支持一下 就走 不愿意 就当没看见就行了。  同时也说句实话，打perp，非专业玩家 慎入， 如果你啥也不会 就别碰这个。干这个的 都是专业玩量化，套利的人。 每个人手里都有自己的脚本。拼的就是这个。  如果你是刚关注我的小白 ，想学，就翻我以前推文，我也开源过这方面的脚本，当然去年开源的版本 已经有点过期了，需要做大量的修改。  我手里的版本 也不是那个。 之前说过 已经重写成rust了。不过那个版本 用来入门是没什么问题的。核心逻辑没有什么问题。不过我也建议做套利的 不要使用python js 这类语言，性能 稳定性 都不太行。 你用rust 一台12u/月的aws机器 就能满足你用了，十几个交易所，几百个币 就能同时套利。机器是扛得住的。我目前的低延迟已经优化得比较好了，热路径已经优化到几十微秒了（从接收行情到提交订单）。关键还是稳定 cpu 占用极低，没什么抖动。 我自己也是这么用ai。一路摸爬滚打走过来的，相信你也没问题。 好了 废话就说这么多 。
2092163244140138852,Tue Aug 25 08:12:42 +0000 2026,87,8,59455,收益与费率,https://x.com/gch_enbsbxbs/status/2092163244140138852,1,刚刚模拟盘 跑了一下 @entropyIO  的sndk。 有点猛。 老铁们。实盘 走起来。 我的模拟盘 是完全按照实盘路径走的。 所以差别不会很大。 https://entropy.io/?r=cryptocj 走邀请 fee全返 https://x.com/gch_enbsbxbs/status/2092056042813448344  
2092056042813448344,Tue Aug 25 01:06:43 +0000 2026,72,0,38917,"Robin链, 衍生品套利",https://x.com/gch_enbsbxbs/status/2092056042813448344,0,lighter 出了个新的robinhood，流动性不共享。 hype又出了个新的hip3 io 都有点重复造轮子。 不过对于perp套利来说 也无所谓了， 只是在程序的设计上 会搞得有些复杂， 说实话 在这种复杂的交叉套利场景下，如何同时保证资金效率，利润，积分，风险。 挺麻烦的。 以sndk举例： lighter robinhoodlighter xyz io 这等于是4个交易所，各自都有各自的特点，还有其他交易所。比如var，它是模拟前端下单，rest轮询行情， 再比如 crossex又是一种新的场景。它是代理下单。 虽然我的脚本全部都支持，新增交易所也不麻烦，但是寻找最优路径 并不简单。  我原本以为perp已经到头了，但是最近脚本更新就没停下来过。
2090379712921325846,Thu Aug 20 10:05:35 +0000 2026,1,0,1290,交易心智,https://x.com/gch_enbsbxbs/status/2090379712921325846,0,@ZhTomz76000 可以
2090374329079079210,Thu Aug 20 09:44:11 +0000 2026,80,5,24156,"收益与费率, 衍生品套利",https://x.com/gch_enbsbxbs/status/2090374329079079210,0,用一个我对套利行情感受来说就是， 最近一直在套利 海力士 等半导体股票。 （之前一直在做加密货币，最近几个月 全面切换到了股票） 最猛的时候 一天能做到2个点的收益。 但是最近一周 收益率 下滑比较明显了。 即便 已经反弹不少了。 但是套利的利润 仍然没有提高 反而还在下滑。这说明 本次反弹 并不会推动行情新一轮的暴涨。 至少短期内 是不会的。（利润仍然高于加密货币）  而加密货币的套利 一直都很拉垮，apr已经长期在20左右晃悠了好几个月。 最近几个月我有建仓 crcl 和 大饼。 但是只是做的类似定投的策略。 因为我也不确定 到底是不是底部，距离目标仓位 还有一些距离。 这部分仓位属于比较长期，不会因为短期的波动 有太大的改变。  什么时候卖 ？ 就看加密货币的套利的利润 什么时候 能回归了。但这估计需要等很长的时间了。
2090370864907010215,Thu Aug 20 09:30:26 +0000 2026,0,0,0,交易心智,https://x.com/gch_enbsbxbs/status/2090370864907010215,0,买了点 年底到期的TLT call 我很少做期权买方 主要是比较便宜。 加上买正股太占资金，很久没玩债券了。 这一波 看看老美长债的利率 能不能打下来。
2090359344445719016,Thu Aug 20 08:44:39 +0000 2026,150,13,53640,"风控与防守, 衍生品套利",https://x.com/gch_enbsbxbs/status/2090359344445719016,0,很多人没明白我说话的底层逻辑。 套利之所以能跟行情挂钩。 原因就是 套利赚的钱 来自于fomo情绪。各路资金疯狂的涌入。 来自非量化的资金越多，造成的价格不对称就越严重。 也就造成了fomo的时候，套利的利润 就会暴涨。 而这个时候 通常就是见顶信号了。这种情况不会维持很久。 相反的如果场内交易的资金只有量化的资金在互相内卷。 利润就会一直下降。 因为没有场外资金进入，价格自然就会走低。  所以 套利和建仓的逻辑 就是相反的。 有点买在无人问津，卖在人声鼎沸的味道，但是这句话太笼统，而使用套利的角度去观察 就非常的简单 直观。  当然二者要想完美的衔接做好 并没有那么的容易。 时间节点 ，建仓目标 。但这是另外的问题了。
2089651511282614588,Tue Aug 18 09:51:58 +0000 2026,34,1,9507,交易心智,https://x.com/gch_enbsbxbs/status/2089651511282614588,0,crossex 已经实盘开打了， 暂时先放10wu 跑一下。 不敢放多了。 https://x.com/gch_enbsbxbs/status/2087445462819516529
2087445462819516529,Wed Aug 12 07:45:55 +0000 2026,28,2,19031,"收益与费率, 衍生品套利",https://x.com/gch_enbsbxbs/status/2087445462819516529,0,我目前策略也很稳定。 并不是一定要打crossex。 真正要打 大概率 也不会吧资金全部迁移过来。 为什么我还是花力气去接crossex。 因为这个产品 确实很有意思。 市场也找不到第二家相同的。 我到是希望 有链上的项目方 能搞搞这个。 如果有项目方愿意搞这个 我绝对第一时间拿真金白银去玩。 （实际上做中性套利的 比如@ethena这个项目方天然就适合干这个） 反正现在讨论纯粹的去中心化 已经没有意义了。 而且相比于var的机制， 这个我认为 更有意思。  我很反感的是 设计这些 复杂的 套路的东西。 一个返佣 搞这么复杂，纯忽悠不懂行的人。 打crossex，通常是对fee很敏感的量化的人，如果这个东西不先算清楚。 确实没办法下手。（还有一些风控 清算之类的问题）
2086809833576235224,Mon Aug 10 13:40:10 +0000 2026,1,0,347,收益与费率,https://x.com/gch_enbsbxbs/status/2086809833576235224,0,@cccc78357894807 那它的vip等级 可以降低手续费， 例如vip10 可以吧手续费 直接降到3bps ，这个如何解释？
2086788628261564671,Mon Aug 10 12:15:54 +0000 2026,0,0,651,交易心智,https://x.com/gch_enbsbxbs/status/2086788628261564671,0,@cccc78357894807 返佣 对不上
2086761929037722111,Mon Aug 10 10:29:48 +0000 2026,17,1,21487,收益与费率,https://x.com/gch_enbsbxbs/status/2086761929037722111,0,今天 研究了一天这个 crossex 的 返佣 手续费等问题。 真的是 折腾了我一天 说实话。 哎 不知道说复杂 还是什么。 很多问题 客服都搞不清楚。 测试的结果 跟网站描述的也不一样。 服了。 https://x.com/gch_enbsbxbs/status/2086612620136874076
2086711602410344585,Mon Aug 10 07:09:49 +0000 2026,1,0,639,交易心智,https://x.com/gch_enbsbxbs/status/2086711602410344585,0,@JenniferLi2017 gate 的一个跨所交易平台
2086668524106469436,Mon Aug 10 04:18:39 +0000 2026,13,0,6959,交易心智,https://x.com/gch_enbsbxbs/status/2086668524106469436,0,crcl 都横盘这么久了 刷推 还天天能刷到。 我也是真服了。 到底是赚钱还是谈恋爱？ 真希望涨，那就不要聊。散户都买了。那还涨个毛线。 也别扯什么 营收 pe 这些东西， 基因仍然是币圈，别用股票的逻辑来套。 一句话总结 就是 周期+赔率。 其他的 都是自己骗自己。
2086621893357171027,Mon Aug 10 01:13:21 +0000 2026,0,0,1259,交易心智,https://x.com/gch_enbsbxbs/status/2086621893357171027,0,@0xDy_eth 这个风险系数太高了。 不能碰
2086612620136874076,Mon Aug 10 00:36:30 +0000 2026,38,2,21250,衍生品套利,https://x.com/gch_enbsbxbs/status/2086612620136874076,0,这个周末 吧 gate的 crossex 接好了。 准备在这个上面 做套利。毕竟可以大幅度提升资金效率。 至于最近的口碑问题。我虽然有些担心。但是应该不止于 上升到整个平台rug问题。 暂时先弄少量资金跑一下吧。 原本是准备直接打原生cex，但是 资金效率确实太低了。 接入交易所越多 效率就越低。 另外 gate的对接返佣的人 麻烦私信我一下，谢谢。
2083196342504243427,Fri Jul 31 14:21:26 +0000 2026,29,0,14042,交易心智,https://x.com/gch_enbsbxbs/status/2083196342504243427,0,就这个波动，那些重仓高倍杠杆的人 是怎么睡得着的  我想学习下。
2082844887335207305,Thu Jul 30 15:04:53 +0000 2026,12,1,10014,交易心智,https://x.com/gch_enbsbxbs/status/2082844887335207305,1,hype 这又是出啥问题了 海力士10点28断开了几分钟。  
2082672893415354543,Thu Jul 30 03:41:26 +0000 2026,7,0,1368,交易心智,https://x.com/gch_enbsbxbs/status/2082672893415354543,0,@Canna2025 @Lighthouse_2026 @NFTMILK 这得让那位kol赔才对
2082649459046134070,Thu Jul 30 02:08:19 +0000 2026,110,7,29548,衍生品套利,https://x.com/gch_enbsbxbs/status/2082649459046134070,0,泄漏一个焚决打法。 行情不好的时候，把资金从套利中抽出来，找标的埋伏。 （买什么很重要，这是另外一套功法） 行情来了，卖掉，转向套利。 如此循环。 （真正的行情不好，是套利的利润大幅度下滑。）
2082625772297306225,Thu Jul 30 00:34:12 +0000 2026,3,0,2766,交易心智,https://x.com/gch_enbsbxbs/status/2082625772297306225,0,@yourQuantGuy 哈哈 你才发现啊。a股都没这么变态的税
2082420980442632459,Wed Jul 29 11:00:25 +0000 2026,20,0,6865,交易心智,https://x.com/gch_enbsbxbs/status/2082420980442632459,0,回头再看，财富故事满天飞  见顶信号 仍然再一次被验证 是对的。 https://x.com/gch_enbsbxbs/status/2074043562090774912
2082419105139945562,Wed Jul 29 10:52:58 +0000 2026,3,1,1907,交易心智,https://x.com/gch_enbsbxbs/status/2082419105139945562,0,@Lin1447020 做好风控 和 杠杆。  波动大 又咋了。  就是波动大 才有利润。 没波动 就没利润。
2082405395746930896,Wed Jul 29 09:58:30 +0000 2026,0,0,1933,交易心智,https://x.com/gch_enbsbxbs/status/2082405395746930896,0,@yanquelou 早上波段了一下 后来睡觉去了。
2082404684137177580,Wed Jul 29 09:55:40 +0000 2026,62,3,22090,衍生品套利,https://x.com/gch_enbsbxbs/status/2082404684137177580,0,今天 这个海力士 真够猛 够刺激。 刚才看了一下套利账户 差价撸了不少。 仅靠资金费率 居然 都赚了上千u。意外收获。
2082266368620286056,Wed Jul 29 00:46:03 +0000 2026,0,155,406,交易心智,https://x.com/gch_enbsbxbs/status/2082266368620286056,0,"On July 27 at 23:01 UTC, SKHYNIX mark price dropped from $1,127.9 to $917.25. This print was based on an executed trade which was relayed by multiple independent data providers. The XYZ oracle was live in external pricing and tracking that venue, which serves as the primary Korean pre-market venue. The oracle system worked as intended according to its specification.  While the system performed as designed, users are understandably upset about liquidations that were triggered. Market integrity is among Trade[XYZ]'s core values, and we understand the trust of our users has been, and will continue to be, earned.   With these values in mind, we have decided to cover liquidation losses attributable to this anomaly. Eligibility requirements will be conveyed soon, and distributions are anticipated to be completed in the coming days. This is a one-time discretionary decision and is not a guarantee of similar future action.  Going forward, our pricing systems will be further improved to handle tail events. We are accelerating our review of how prices are formed, including revisiting assumptions on external venues, and taking into consideration the price formation which occurs on our own orderbooks, which carry increasingly meaningful depth and signal in relation to external sources.   We will share further information soon."
2082247706165354895,Tue Jul 28 23:31:54 +0000 2026,0,0,0,交易心智,https://x.com/gch_enbsbxbs/status/2082247706165354895,1,早上被风控搞醒了。 之前一直没开声音报警。怕炒。 昨天 吧声音开了 估计最近都不太平。  顺手抄了个底  
2082092174758543488,Tue Jul 28 13:13:52 +0000 2026,9,0,7349,交易心智,https://x.com/gch_enbsbxbs/status/2082092174758543488,0,有点意思 https://x.com/cryppimagic/status/2082066128692461888
2082087499086901681,Tue Jul 28 12:55:17 +0000 2026,2,0,906,交易心智,https://x.com/gch_enbsbxbs/status/2082087499086901681,0,@lesslyrain7d 看风控 和杠杆倍数。
2082073302819053937,Tue Jul 28 11:58:53 +0000 2026,0,0,1309,交易心智,https://x.com/gch_enbsbxbs/status/2082073302819053937,0,@chaozuoye 遇到bug级别的问题。 多少倍杠杆 心里都发怵
2082070393578512750,Tue Jul 28 11:47:19 +0000 2026,35,0,13728,衍生品套利,https://x.com/gch_enbsbxbs/status/2082070393578512750,0,早上hype海力士插针这个问题。hype是不可能赔的 因为这是hip3  同时也暴露出了它的指数价格不够完善。单一市场的异常价格 居然直接就采纳了 我也是服了。  我套利之一的交易所 就hype， 说实话 有点慌。 虽然这次事件没有受到影响。还赚了点。但是这种属于交易所bug级的问题。多少让我有点慌。  直到现在 xyz 对此 也没个说法。这种完全是可以人为操控预言机的
2082070085364298168,Tue Jul 28 11:46:05 +0000 2026,0,0,0,衍生品套利,https://x.com/gch_enbsbxbs/status/2082070085364298168,0,早上hype海力士插针这个问题。hype是不可能赔的 因为这是hip3  同时也暴露出了它的指数价格不够完善。单一市场的异常价格 居然直接就采纳了 我也是服了。  我套利之一的交易所 就hype， 说实话 有点慌。 虽然这次事件没有受到影响。还赚了点。但是这种属于交易所bug级的问题。多少让我有点慌。
2081564926162940298,Mon Jul 27 02:18:46 +0000 2026,13,0,14465,交易心智,https://x.com/gch_enbsbxbs/status/2081564926162940298,0,7-10块钱 做空cxmt 没毛病吧
2081272253535436978,Sun Jul 26 06:55:48 +0000 2026,103,7,28474,"收益与费率, 衍生品套利",https://x.com/gch_enbsbxbs/status/2081272253535436978,0,看见好几个老铁 说跨所没利润 我不知道 你们是怎么打的 我简单说我的 在极端低迷的时间段 能维持20 apr左右。 fomo的行情 基本都是几百 甚至上千。 这周的apr 在50左右。 perp的好处就是 容纳体量大。没有回撤。 而预测 由于是15分钟和5分钟高频，受制于流动性，有回撤，反而很难上仓位。
2080903790866342293,Sat Jul 25 06:31:39 +0000 2026,46,4,11300,交易心智,https://x.com/gch_enbsbxbs/status/2080903790866342293,0,# IBKR个人投资者防踩坑指南  &gt; 行情、佣金、换汇、保证金、期权、出入金与跨境税务   &gt; 适用于普通个人投资者｜  本指南用于识别IBKR常见费用与操作风险，不构成投资、法律或税务建议。账户所属法律实体、居住地、产品和交易所可能改变适用规则。  ## 一、关键数字速查  | 项目 | 当前关键数字 |
2080689598465028412,Fri Jul 24 16:20:32 +0000 2026,17,1,9223,交易心智,https://x.com/gch_enbsbxbs/status/2080689598465028412,0,价差 又回来了。 之前被市场的消息影响了。 导致平仓了 我是打固定价差的也就是固定数量，不是固定金额。 这种方式 通常是怕上涨 不怕下跌。 下跌价差数值肯定会缩小。因为不缩小的话， 价差百分比会无限扩大。 简单说就是1700 和 1200 相差500. 下跌后
2080291927170400660,Thu Jul 23 14:00:20 +0000 2026,28,1,20916,"方向性战法, 挂单算法, 衍生品套利",https://x.com/gch_enbsbxbs/status/2080291927170400660,0,前面的利润吐回去了。虽然我一直在调整移动网格。 但是波动率不够。波动的利润 覆盖不了 单边价差的扩大。 等过段时间 价差 扩到了比较离谱的时候 再找机会进场吧。 目前只留了一个小的仓位 在观察。其他的仓位平了。 还是老老实实打垮所价差套利吧😅😅😅
2079896017361904079,Wed Jul 22 11:47:07 +0000 2026,34,0,10123,衍生品套利,https://x.com/gch_enbsbxbs/status/2079896017361904079,0,我错过了存储，没啥丢脸的。 3月份那会 休息了一个多月 在打游戏。那会没日没夜的玩那个红色沙漠。 手机都没怎么看过  错过了 就错过了。 行情来了 赚钱的途径 也不少。 不是非得买股票 开合约。  哪怕现在跌了不少了。 行情反弹 再往上 空间也有限。 不如上仓位 做点套利。 真心实话。
2079890668772868489,Wed Jul 22 11:25:52 +0000 2026,62,5,26370,衍生品套利,https://x.com/gch_enbsbxbs/status/2079890668772868489,0,最近 除了做 跨所海力士套利。 还在做 韩美 海力士套利。 也在ibkr 做现货 合约 资金费率套利。 满手海力士。
2079420210935898272,Tue Jul 21 04:16:26 +0000 2026,185,17,32290,"挂单算法, 衍生品套利",https://x.com/gch_enbsbxbs/status/2079420210935898272,0,说点韩国/美国海力士套利实操经验。 最近看见@yourQuantGuy宽哥 在聊韩国/美国海力士套利。 周1测试了下 从早上 开到晚上。 收获还凑合。3个点左右的收益，基本没有回撤。 总结一些规律和玩法。 首先，套利仍然要使用 网格的打法，不能一笔仓位直接干进去。 因为很可能短期解不了套。
2076343405702222240,Sun Jul 12 16:30:19 +0000 2026,107,10,63681,衍生品套利,https://x.com/gch_enbsbxbs/status/2076343405702222240,1,最近对 以前的 perp 套利脚本 进行了重写 语言从python切到rust 策略也进行了迭代。 效果强了不少 目前这个行情 能触发这么高频率的下单 有点出乎意料 老版本就差很多。 https://t.co/C9Fc1PAWUU
2072743563365122224,Thu Jul 02 18:05:49 +0000 2026,104,6,22225,交易心智,https://x.com/gch_enbsbxbs/status/2072743563365122224,0,忍不住说几句， 很多人说meta租算力，不是算力需求变小。而是meta自己没能力搞AI。 这件事情如果放到整个产业上来看。逻辑不是这样的。 能不能把ai做好 这件事情 放到今天 格局其实很明显了。 赢家通吃。也就那么几家公司。 其他的公司在这个赛道已经输了。 所以 卖设备也好，租算力也罢 很正常。
2066832806085538099,Tue Jun 16 10:38:35 +0000 2026,11,0,10544,交易心智,https://x.com/gch_enbsbxbs/status/2066832806085538099,0,想挑战一下 做空 spcx。
2062862910670659995,Fri Jun 05 11:43:38 +0000 2026,6,0,17346,交易心智,https://x.com/gch_enbsbxbs/status/2062862910670659995,1,今天从火币 提了一笔资金 到 @Polymarket  然后资金不到账  说是要审核。 要几天的时间。。。 我自己其实基本不用火币。这是很久以前 放了一笔钱  我已经不太记得这笔钱是用来干什么的了。  资金不多 所以就取出来冲到poly了 这是火币的资金 不干净 还是poly的问题？ 说经常用币安 提到poly https://t.co/euGUms3ffY
2061019300308394204,Sun May 31 09:37:47 +0000 2026,18,0,5249,交易心智,https://x.com/gch_enbsbxbs/status/2061019300308394204,0,因为我玩的东西比较杂，所以精力也比较分散 这有好处 也有坏处， 以后我想的话，应该多需要注重时机 合适的时间 做合适的事情。 所以 我最近 有想法 做一下 股票的量化工具。 已经有一些初步的想法。 暂时先做 信号触发提醒 和新闻财报聚合分析。 之后 再看效果 再决定是否全自动化。
2056616370654134430,Tue May 19 06:02:07 +0000 2026,126,9,30366,交易心智,https://x.com/gch_enbsbxbs/status/2056616370654134430,0,有了 ai  让一个 没接触过币圈   没接触过编程的人 从0 到 自己独自写一个  预测市场的脚本  需要多久时间。 我表弟给的答案是2个月左右。 从3月份到5月份  过年的时候 我表弟跑我家 看我在电脑面前写polymarket的脚本  看了几个小时。 我只是大概的给他介绍了下我在干什么。 他就自己回去研究
2056168906155585938,Mon May 18 00:24:03 +0000 2026,26,0,21844,交易心智,https://x.com/gch_enbsbxbs/status/2056168906155585938,0,准备开始干活了 之前一直玩游戏。最近肠胃不太好 就休息了一段时间。 @Polymarket  的v2 应该稳定了吧 徒弟已经帮我吧脚本改好了 开干
2046504204756451328,Tue Apr 21 08:19:59 +0000 2026,48,3,26267,交易心智,https://x.com/gch_enbsbxbs/status/2046504204756451328,0,"arb 今天立刻就告诉了广大的用户 什么叫""去中心化"" arb 如果没有今天这波冻结和转移 估计很多人不知道 L2 的中心化程度如此之高把。 而他们也从来不会告诉用户 他们能做到这种程度。 我不是要讨论 去中心化 的好与坏。 而是想说 用户在面对各种协议和项目的时候  属于天然的信息弱势的一方。"
2046211961617260924,Mon Apr 20 12:58:43 +0000 2026,40,0,26505,交易心智,https://x.com/gch_enbsbxbs/status/2046211961617260924,0,在币圈 真正做到去中心化的项目 实际没有几个。 因为大部分项目都有管理员权限。 能对代币或者金库直接进行操作。 并且他们不会对这些进行披露。 同时币圈又没有监管和约束。 出事了，项目方完全可以不需要负责。 所以玩这些项目 最好只是在行情好，有高收益的前提下 冲一波。 之后
2043146683727692020,Sun Apr 12 01:58:23 +0000 2026,49,4,11503,"挂单算法, 衍生品套利",https://x.com/gch_enbsbxbs/status/2043146683727692020,0,最近很多人讨论原油套利。 油不油的 其实 都不是重点。 就当是 做合约差价套利就行了 做价格收敛。 为了防止价差扩大。 就需要做成网格的形式。 扩大加仓。 缩小减仓。 不要直接一次性建仓。等回归 这样很被动。 你们可以用我之前开源的perp脚本。 可能需要稍微改改。
2040933449515811118,Sun Apr 05 23:23:47 +0000 2026,62,2,29402,交易心智,https://x.com/gch_enbsbxbs/status/2040933449515811118,1,出师了。 为师很开心 自己独自用rust 手搓 polymarket的LP脚本。 https://t.co/ikkxHWe92u
2039304933506429276,Wed Apr 01 11:32:39 +0000 2026,13,0,5956,交易心智,https://x.com/gch_enbsbxbs/status/2039304933506429276,0,我的推特 是不是解锁封印了 怎么突然 一下子 暴增 非常的英文区的 polymarket 的推文。
2039061345220673833,Tue Mar 31 19:24:43 +0000 2026,29,0,33762,收益与费率,https://x.com/gch_enbsbxbs/status/2039061345220673833,1,poly这手续费 还能玩？ @Polymarket  平均手续费在百分5左右。 我他妈的也是服了 图中 是单次下单 6份合约。 对比得到的份数。 得到数量/下单数量=0.95。均值 https://t.co/RHYtYwDkOK
2038899739404443699,Tue Mar 31 08:42:33 +0000 2026,34,1,8242,衍生品套利,https://x.com/gch_enbsbxbs/status/2038899739404443699,0,还是说回以前的话题。 不要花真金白银 买分， 刷分， 如果你非要这么干。 被反撸了。也得认。 玩hype 的时候 可以做资金费率套利。（手动） 玩lighter 可以做差价套利（需要上脚本）  这些都可以边拿分 边赚钱。 你以为别的项目方 也能这么大发慈悲的给你送钱。 这显然不可能。 搞清楚
2036377671261884788,Tue Mar 24 09:40:45 +0000 2026,207,20,26162,衍生品套利,https://x.com/gch_enbsbxbs/status/2036377671261884788,0,预测市场 如何进行事件分析，可实操夸市场套利。 应该有很多人 之前阅读过 之前几百万阅读量的那个 夸市场套利的帖子吧。 里面的核心精华部分 就是解决枚举的算法。 虽然我自己没有实验过，但是应该是很靠谱的  今天来聊下 我的策略。 基于历史数据的跨市场 事件分析。 很多人做跨市场套利的步骤是：
2035971253685899668,Mon Mar 23 06:45:48 +0000 2026,39,1,28131,"挂单算法, 衍生品套利",https://x.com/gch_enbsbxbs/status/2035971253685899668,0,去年4月份。  给老铁们 开源了 我写的第一个backpack 马丁策略脚本。  以及后来的网格脚本，perp套利脚本。  相比之下去年夏天 给老铁们开源了 meteora的dlmm组LP脚本。 meteora给了我1万个币的贡献者奖励。 所有号 也没有被女巫。  今天 backpack 直接把我 全部女巫了。
2034918843790106812,Fri Mar 20 09:03:53 +0000 2026,6,0,1387,衍生品套利,https://x.com/gch_enbsbxbs/status/2034918843790106812,0,@buckyandlucky 哈哈。可能是我对自己 有比较大的信心吧。 从 dex的LP 到 perp。再到 预测市场 一路走过来。只要市场本身还在。 我都对自己有把握 只要我肯搞 我都能找到策略的实现角度。  我目前在预测市场做的是15分钟updown 的主动交易 所以对LP这个利润 就不太上心。
2034898823890575756,Fri Mar 20 07:44:20 +0000 2026,16,0,11368,交易心智,https://x.com/gch_enbsbxbs/status/2034898823890575756,0,其实 我也挺想去撸一下LP的 这个赚钱难度 对我来说不难。  只不过 暂时精力搞这个  玩预测市场  这个不够刺激。
2034406983445758403,Wed Mar 18 23:09:56 +0000 2026,84,1,12150,交易心智,https://x.com/gch_enbsbxbs/status/2034406983445758403,0,昨天发布的帖子阅读量比我预期的低。 原本准备做几个 关于预测市场打法合集。 昨天那个算是入门前菜， 那就暂时先缓缓，没啥激情跟动力。 写这个东西比较费脑子和时间。 因为经常有老铁说 看不懂。 我就得想怎么写合适。 实际上我发的内容 已经是大白话了 我自己也反感 吧文章写得跟论文一样 长篇大论
2034189833032331265,Wed Mar 18 08:47:04 +0000 2026,260,25,55758,交易心智,https://x.com/gch_enbsbxbs/status/2034189833032331265,0,如何在crypto 预测市场使用AI 进行量化和回测。  今天聊点干货吧。 以5分钟 或者15分钟 up down 来举例。 例如 很多人在预测市场 的策略 狠简单粗暴。 事件结束前几分钟，价格达到了90-95 直接买进。 俗称扫尾盘。 首先 扫尾盘 能不能赚钱， 那肯定是能的。 但是 不能这么简单粗暴。 扫尾盘
2033839893647159582,Tue Mar 17 09:36:32 +0000 2026,52,2,11370,交易心智,https://x.com/gch_enbsbxbs/status/2033839893647159582,0,今天 写了个 polymarket 的地址采集 分析器。打标签，做画像。 方便以后分析数据。  还整了个 服务器集群监控工具。 直接自动连接所有服务器 拉取tmux画面 显示到电脑上监控。批量操作 发送命令。 这样以后操作会方便点 机器多了的话。  又肝了一整天
2032684917126214004,Sat Mar 14 05:07:04 +0000 2026,45,1,25371,衍生品套利,https://x.com/gch_enbsbxbs/status/2032684917126214004,1,刚才跟朋友聊天。 有感而发。 从撸毛的角度来说 卷了 是不好搞。 但是从策略出发。越卷 利润越高。 因为玩的人越多 利润越猛。任何市场 都是如此。 最终就是凭本事赚钱了。 perp 套利是不卷了。 但是现在也没啥利润了。 https://t.co/kk3X5ANAd3
2031305948481159464,Tue Mar 10 09:47:32 +0000 2026,126,8,141623,衍生品套利,https://x.com/gch_enbsbxbs/status/2031305948481159464,1,很多人玩预测。觉得必须搞什么延迟套利。必须找领先指标。  实际上并不是必须这样才能赚钱。 当然你有这个能力 那自然更好了。 但是大多数人 做不到这点。包括我。  那么怎么做？ 归根结底。 就是找定价错误的点。 一个事件 从头到尾 一直在波动。 每时每刻 都有它的价格。 但是 并不是每时每刻的价格 https://t.co/I27CLA5xG9
2030543827011096812,Sun Mar 08 07:19:08 +0000 2026,88,6,11315,交易心智,https://x.com/gch_enbsbxbs/status/2030543827011096812,0,看见有老铁问pm怎么结算提取资金，我整理一份文档，直接丢给ai就可以了。 其实到了现阶段，ai狠难遇到基础功能搞不定的情况了 如果是半年前 可能还会遇到，现在很少遇到了。 我之所以现在写得快，是因为 我写完就是成功的，符合我的需求，不用再改了。估算的话 大概ai写10次
2030312359747879130,Sat Mar 07 15:59:22 +0000 2026,23,0,8925,"风控与防守, 衍生品套利",https://x.com/gch_enbsbxbs/status/2030312359747879130,0,设计低延迟的脚本 目的不是为了 做延迟套利。  不是为了跟其他bot 抢速度。 而是 让自己 不承受过高的滑点。
2030179652636209482,Sat Mar 07 07:12:02 +0000 2026,454,85,65556,衍生品套利,https://x.com/gch_enbsbxbs/status/2030179652636209482,0,再给大家分享一波：高频量化套利架构与低延迟开发指南.md （我的脚本就是按照这个指南写的，这也是我跟ai沟通了很久采取的方案）  # 高频量化套利架构与低延迟开发指南（行业通用版）  &gt; 目标读者：要做“高频、低延迟、延迟敏感”的量化套利系统的开发团队。   &gt;
2030175920510881935,Sat Mar 07 06:57:12 +0000 2026,136,23,60861,交易心智,https://x.com/gch_enbsbxbs/status/2030175920510881935,0,说下我的工作流，我是怎么做预测市场的流程。  暂时没办法 分享具体的的策略。 因为第一 没有得到长时间的验证。虽然是15分钟很短。 但是仍然需要长时间验证。 第二就是策略如果直接公开 很可能失效。  希望大家体谅。 我不是搞量化的， 也是摸着石头过河，  1/
2029574228039832029,Thu Mar 05 15:06:18 +0000 2026,26,0,11374,交易心智,https://x.com/gch_enbsbxbs/status/2029574228039832029,0,客观说几句吧 这个开盘价格 确实 估计让很多收积分或者持有积分没卖的人亏嘛了 哎 价格问题 是多种原因 很难评论， 这个不能全怪交易所，交易所能控制空投数量，但是价格是市场说了算。 只能说愿赌服输。  回顾下 我刷paradex的经历 我大约是刷paradex 刷了3周，也就是积分结束前的3周。 事实上
2029230277768429587,Wed Mar 04 16:19:34 +0000 2026,108,4,18655,衍生品套利,https://x.com/gch_enbsbxbs/status/2029230277768429587,0,有时候 多逼一下自己。 我花了很大的功夫 写完 perp 综合交易系统。 但是 我没有停下来。 perp 我已经挂机运行几个月 没管了。因为基本上我想写的 都写完了。  我也没怎么休息。 然后我投入了全部精力 干 预测市场。 这对我来说 其实是一个很大的挑战。 因为之前我没怎么玩这个东西。
2029224402009899203,Wed Mar 04 15:56:13 +0000 2026,205,9,72845,衍生品套利,https://x.com/gch_enbsbxbs/status/2029224402009899203,1,策略应该已经跑通了 一共花了差不多半个月。（实现功能仅仅3天就写完了） 从最初的 实现功能。然后开始逐步边写策略 边思考 边测试。  直到最近几天，开始开始稳定了。  先小资金跑一个月看看吧。 脚本已经偏离了我最初的设想。  原本预期是写套利，结果开始往量化的方向发展了。 https://t.co/6AuQ8KlhNZ
2028427315013886243,Mon Mar 02 11:08:52 +0000 2026,42,2,11443,衍生品套利,https://x.com/gch_enbsbxbs/status/2028427315013886243,0,我做预测市场 没有考虑去做op 这个交易所 一方面是 进度有点赶不上。 二个是 这个交易所 属于那种发币就开始死亡倒计时的项目 没办法长期做。（关于这个观点 老铁们不用跟我抬杠）。 我不想 费劲吧啦的写好了脚本 没撸几天 就白折腾了。  就像当初 我写perp 其实积分是次要的。 这玩意 行情再差
2022649733874094145,Sat Feb 14 12:30:50 +0000 2026,102,3,12087,交易心智,https://x.com/gch_enbsbxbs/status/2022649733874094145,0,说几个对不太擅长AI。或者还没有使用AI的朋友 一些建议。 1/ 你无法确定你的某一个策略 能否赚钱。然后你觉得编写的工程量可能比较大。你觉得太麻烦了。 此时不要放弃或者嫌麻烦。 你花几个小时 让ai获取几个 用模拟的方式先跑一段时间。看看理论是否可行。
2022590741755957319,Sat Feb 14 08:36:25 +0000 2026,68,0,10211,衍生品套利,https://x.com/gch_enbsbxbs/status/2022590741755957319,0,我没有假期。我甚至觉都不想睡。 虽然行情不好。虽然现在是过年。 但是我想做的事情 非常的多。 有很多脚本要写。龙虾bot也要去丰富。 时间根本不够。  目前短期目标是先吧预测市场的套利bot 彻底完善 稳定。
2019381353306001601,Thu Feb 05 12:03:27 +0000 2026,44,1,27817,方向性战法,https://x.com/gch_enbsbxbs/status/2019381353306001601,1,聊一下行情 大盘这个跌法。 也没发生什么 黑天鹅。 属实有点超预期了。 不过 到了6w多  开始 买入 是个不错的选择。 连续跌了几个月。（建议分批建仓） 最好是等一波 放量插针。 一旦反转 应该会有较大幅度反弹。  我会开始逐步抄底。 不过只买几个头部的币。  最近看见不少人聊买crcl 被套住了。 https://t.co/MAxCEu8YH2
2014538756033028248,Fri Jan 23 03:20:42 +0000 2026,51,0,11904,"收益与费率, 衍生品套利",https://x.com/gch_enbsbxbs/status/2014538756033028248,0,实际上。 现在无论是什么交易所。 常规的策略。只能赚个理财钱。一般就几十apr。（做市 套利等） 所以暴富是不太可能了。  至于var 分 多点 少点。 我也没那么在乎了。 因为lighter 已经把这个预期打下来了。 互相内卷 不如找点其他的市场玩玩。 虽然现在行情不好。 整个圈子也缺乏叙事。 但是
2013951418282197088,Wed Jan 21 12:26:50 +0000 2026,51,0,8676,衍生品套利,https://x.com/gch_enbsbxbs/status/2013951418282197088,0,关于perps的风控方面的一点建议： paradex 出故障的那天。大部分人是 是亏在黄金上了。 而我是没有打黄金的。 打黄金的利润 实际是相当高的。 那么 为什么 我没有打黄金。 不仅是paradex 我没有打。  所有perps。我都没有打黄金。（基本上我只打 btc eth sol 偶尔带点bnb xrp hype） 今天
2013946236706156939,Wed Jan 21 12:06:14 +0000 2026,9,0,19695,衍生品套利,https://x.com/gch_enbsbxbs/status/2013946236706156939,0,关于paradex。 我没有撤走全部资金。 但是降低了资金量。 留了一部分资金在跑（大约10多万u）。  因为他是目前 变现最快的perp 虽然上次的故障非常的严重。 但是处理流程和方案，我觉得还是很不错的。  所以这笔资金 我还是留下来了。  这笔资金 也是我亏损承受范围内的资金。
2013246382044520461,Mon Jan 19 13:45:16 +0000 2026,12,0,15638,交易心智,https://x.com/gch_enbsbxbs/status/2013246382044520461,0,提款开放了  由于只能官方桥，需要4-8小时。所以先提了一小部分，剩下再看看。 另外 我又重新开了一笔仓位。 没办法 钱放着也是放着。也拿不出来。 刚才sol 有百分0.5的价差。 就又开了。
2013226421414490595,Mon Jan 19 12:25:57 +0000 2026,12,0,22225,交易心智,https://x.com/gch_enbsbxbs/status/2013226421414490595,0,把仓位 先全部平了。 等开放提款吧。  由于中午到现在没什么波动。 盈亏 没什么变化。
2012817685869199853,Sun Jan 18 09:21:47 +0000 2026,12,0,33634,交易心智,https://x.com/gch_enbsbxbs/status/2012817685869199853,0,已经把一部分仓位 移到 @paradex  冲一波最后2周的分。说是有加成。
2007804235325247818,Sun Jan 04 13:20:07 +0000 2026,109,7,22532,"挂单算法, 衍生品套利",https://x.com/gch_enbsbxbs/status/2007804235325247818,0,我是15年 4月份开始接触 vibe code 当时就觉得这玩意好玩，没想过现在靠他吃饭。  第一个脚本 写的是 backpack的马丁脚本  后续 还写了meteora的组LP策略。 还有pancakeswap 的 组LP策略。 再后来写了 各个perps的网格和套利策略 目前正在搞的是预测市场。  时间线上还是实际还可以，
2005914692343194092,Tue Dec 30 08:11:45 +0000 2025,70,3,26116,交易心智,https://x.com/gch_enbsbxbs/status/2005914692343194092,0,大家都在复盘lighter，喊我复盘，这没什么好复盘的。 我就说点别的吧。 每个人资金是有限的，不可能每个交易所都刷。 （当然你非要分散刷 也没问题） 所以还是不能盲目的跟风，如何选择比较重要 推上很多kol 就是靠邀请人吃饭的。  比如说 原本最早应该发币的是edgex。  结果 一再推迟，
2005245269265527057,Sun Dec 28 11:51:42 +0000 2025,55,4,18013,衍生品套利,https://x.com/gch_enbsbxbs/status/2005245269265527057,1,今天看到这条私信。 就说两句。 对于普通人，比如我， 是无法在性能或者速度上获取任何优势的。 下单速度不仅考虑到程序的性能，还有网络延迟， 还有你的账户级别，很多交易所会故意给普通账户延迟， 只有特殊级别的账户才能优先匹配订单。 这种利用速度优势的套利 一般称为延时套利。 https://t.co/YClM9hkyjI
2004728300506399219,Sat Dec 27 01:37:27 +0000 2025,36,1,14614,"挂单算法, 衍生品套利",https://x.com/gch_enbsbxbs/status/2004728300506399219,0,lit 马上就要空投了。直接空投到账户 开局 肯定有较大的差价和剧烈波动， 不管你是打网格 还是套利。 开局的收益 都会很高。 而这些功能。 我的开源脚本都已经支持了 有兴趣的老铁 到时候可以试试
2002279370799657396,Sat Dec 20 07:26:17 +0000 2025,177,14,40067,"收益与费率, 衍生品套利",https://x.com/gch_enbsbxbs/status/2002279370799657396,0,大家不要指望 靠开源的脚本 暴富。这显然不太可能。 最终还是靠自己找角度，然后自己去实现。 目前整个perp套利市场还是非常大的。 交易所太多了。不停的有新的冒出来。 虽然行情不太好。但是套利的赚取的基础收益 仍然能吊打任何理财 存钱类型的项目 赚个基础的20-50 apr
2002271179743375410,Sat Dec 20 06:53:44 +0000 2025,162,22,23916,衍生品套利,https://x.com/gch_enbsbxbs/status/2002271179743375410,0,我没有精力去制作视频，或者做详细的拆解。 但是我可以提供给入门的朋友 一些编写思路。算是通用的思路。  假设 你不懂代码。 你需要写一个套利系统。 首先你不能完全什么都不懂。如果你真的什么都不懂 那么就一开始不要上难度。 就先编写一些简单的脚本。 比如监控之类的。弄清楚基本的术语的含义。
2002222238624592254,Sat Dec 20 03:39:15 +0000 2025,32,2,10970,"风控与防守, 衍生品套利",https://x.com/gch_enbsbxbs/status/2002222238624592254,0,再多说几句 这个套利代码。 里面 有一大步分 都是贡献给了lighter 没办法 这个交易所问题比较多。 api 也没那么的通用。 市价 太容易失败。  市场稍微波动一下。 延迟就拉高。 完了 市价就容易失败。 因为默认情况下是千分之1的滑点。 但是在波动剧烈的时候仍然会失败。
2002203777806602427,Sat Dec 20 02:25:54 +0000 2025,112,10,31617,交易心智,https://x.com/gch_enbsbxbs/status/2002203777806602427,0,之所以开源 不是因为 他已经优化到了 适合小白都能运行的程度，  前面也说过 接下来的时间 要开始做预测市场了。 短时间内暂时不会再修改这套代码。  所以 如果有人 有时间 有兴趣的 可以优化 修改  分享一下 给老铁们一起用。  如果要拓展更多的交易所 也是非常容易的。
2002199676062429423,Sat Dec 20 02:09:36 +0000 2025,192,34,99356,衍生品套利,https://x.com/gch_enbsbxbs/status/2002199676062429423,1,好了。跨所套利版 现在给老铁们开源了  刚刚已经上传。 目前上传最新版本。 实测 lighter 的现货和合约套利。 以及 lighter 1对多。 能稳定运行 2周以上。 （lighter建议使用市价模式。 其他交易所建议使用限价） （建议使用1对多。多对多 不建议使用，） 有2种模式， 1/目前测试稳定的是 https://t.co/X49TzXlToY
2000566478199050383,Mon Dec 15 13:59:51 +0000 2025,56,1,16925,交易心智,https://x.com/gch_enbsbxbs/status/2000566478199050383,0,我属实搞不懂 为什么@variational_io 会限制高频交易。 咋的你这边玩的不是币圈 是A股呢？ 作为去中心化的项目。就做得像个去中心化一点。 CEX都不做限制。搁你这限制高频交易。 你不需要人提供流动性？  所有人全都老老实实的 手动交易吗？
2000092321988169750,Sun Dec 14 06:35:44 +0000 2025,121,0,28455,收益与费率,https://x.com/gch_enbsbxbs/status/2000092321988169750,0,昨天跟@szu_jason 面基 吃饭 聊了很多。 他一直问我 为什么不利用推特 赚钱。 比如接广子，挂返佣，卖脚本。开收费群等等。 （印象最深刻的就是有一个老铁要给我1万u 让我教他如何稳定赚10APR）  没有人会拒绝赚钱。 我目前唯一靠推特赚到钱的 就是 推特给我发了800多刀。 不做有几个方面原因
1999885378812326282,Sat Dec 13 16:53:25 +0000 2025,159,19,56599,交易心智,https://x.com/gch_enbsbxbs/status/1999885378812326282,0,看到很多关于说IBKR的出入金的帖子。 我说点别的吧。 我以前介绍过 IBKR 对于币圈的人来说。 如果能把IBKR的所有功能 全部搞明白。 传金金融 就算入门了。  炒美股只玩正股的话 确实有点浪费。 那样就跟玩A股一样了。 你必须体验一波 组合保证金账户，融资融券。（币圈的抵押借贷）
1999370602092646710,Fri Dec 12 06:47:52 +0000 2025,93,3,28282,衍生品套利,https://x.com/gch_enbsbxbs/status/1999370602092646710,0,在现在这个市场里。 还能活下来的。 基本都得有个一技之长 否则。迟早亏完离场。 而ai搓脚本 就是最适合普通人的选择。 目前2大赛道 预测和perps。都能能赚取稳定现金流的  我不知道 能玩多久。 但是绝对不会像你吵土狗那样 几天 半个月 就凉凉。 你搓得越多。你搓得能力也在提高。 我不相信
1999368017130738171,Fri Dec 12 06:37:36 +0000 2025,45,3,40490,"挂单算法, 衍生品套利",https://x.com/gch_enbsbxbs/status/1999368017130738171,0,半年前 我就是要计划构建一个完整的综合性交易系统了。 只不过当时很多perps 的api 没有开放出来。所以就没搞了 一直到10月份后 才开始写  先写了网格 再写套利。 还有一个就是跟单。暂时没精力做  在我的计划里。 综合的系统是指一套系统，包含所有的功能，监控 套利 做市等。 而不是一个功能
1999349747388416289,Fri Dec 12 05:25:00 +0000 2025,38,0,24406,衍生品套利,https://x.com/gch_enbsbxbs/status/1999349747388416289,0,看大家 讨论这么热烈。 其实没有那么夸张。  我自己也一直在优化。 现在套利版本 相对比较稳定了。 核心算法 不敢改 是怕改错了 引入了更大的问题。 但是如果提前跟ai把算法聊透了。 要改 也是能改的。只是多花点功夫。  代码多 是因为脚本融入了所有的系统。 七八个系统 就是七八个独立的脚本文件。
1998376739551265176,Tue Dec 09 12:58:37 +0000 2025,21,0,17231,交易心智,https://x.com/gch_enbsbxbs/status/1998376739551265176,0,老铁们 速度嗷嗷快啊 币安都不让借eth了😅
1998061855525548288,Mon Dec 08 16:07:23 +0000 2025,44,1,15379,交易心智,https://x.com/gch_enbsbxbs/status/1998061855525548288,0,价差 维持的时间还是比较久的 即便搬砖 也能撸点钱 但是我最近吧 撸脚本 确实有点累了已经不想手动折腾了。 粗略估了一下 最猛的时候 30个eth。一个来回 能撸个200u 撸10个来回就是2000刀了 比较累。每次下单 只能1个eth左右的下。哈哈  有兴趣的 不妨试试。现在依然能搞。 这是新兴市场给的福利。
1998036314252624115,Mon Dec 08 14:25:53 +0000 2025,11,0,35378,衍生品套利,https://x.com/gch_enbsbxbs/status/1998036314252624115,0,lighter的 eth 现货 贵了 将近10块钱。。 套利大军在哪里 赶紧来抹平价格啊  冲eth 进来砸盘。
1997896311585321454,Mon Dec 08 05:09:34 +0000 2025,36,0,22536,"挂单算法, 衍生品套利",https://x.com/gch_enbsbxbs/status/1997896311585321454,1,lighter上的现货 和合约 差价 还比较频繁。 之前只做了 合约 和合约的套利。 所以我把现货与合约的套利 加上了 需要提前 往账户留好 ETH 和usdc  这样就能做双向套利了， 缺点是资金效率不够。 不过 目的也是为了刷分。 效率低 就就低吧 也不指望这玩意能赚多少钱。 网格还是正常打，加上套利 https://t.co/K7wOLc2FW3
1997587643295809942,Sun Dec 07 08:43:02 +0000 2025,37,4,10582,挂单算法,https://x.com/gch_enbsbxbs/status/1997587643295809942,1,要挂lighter现货网格的 我之前的脚本  需要稍微改下： 升级最新版本的 sdk。然后改签名方式 用2048的市场id 就可以了。  脚本本身的运行逻辑 不需要修改。 改下适配器就行了。现货刚出来 积分应该会多一些（猜的） （如果你想打现货做空网格，就借eth 挂卖单 就可以了） https://t.co/uQoplXjD4f
1997267205910896996,Sat Dec 06 11:29:43 +0000 2025,7,0,13593,衍生品套利,https://x.com/gch_enbsbxbs/status/1997267205910896996,0,所以holder 最后玩成了套利？
1995740045748437258,Tue Dec 02 06:21:20 +0000 2025,65,3,23312,"风控与防守, 衍生品套利",https://x.com/gch_enbsbxbs/status/1995740045748437258,0,我说这个 被mev 套利 不是瞎扯淡。 毕竟我天天搓脚本的人  怎么招也都看出来了。 我举个很简单的例子。  正常情况下，下限价订单，吃买单1 或者卖单1， 如果盘口不发生变化。且数量也够。你是能够按照买1或者卖1成交的。 即便你设置的限价挂单价格 比他们高或者低。也就是你主动偏移了价格。  这个逻辑
1995702534275825960,Tue Dec 02 03:52:17 +0000 2025,46,0,38058,"风控与防守, 衍生品套利",https://x.com/gch_enbsbxbs/status/1995702534275825960,0,lighter 这个交易所  的套利 烦得一b 市价订单 会失败。 提高滑点能成功。但是滑点太高。就会亏钱。 太少了 就失败。 失败了 也不返任何结果。  我严重怀疑。 lighter交易所 自己在搞mev套利。 专门套使用免费账户 用市价下单的人。  脚本已经到尾声了。但是还是会在下单上存在问题。
1993719037311041815,Wed Nov 26 16:30:34 +0000 2025,74,1,35272,"挂单算法, 衍生品套利",https://x.com/gch_enbsbxbs/status/1993719037311041815,0,当前脚本进度， 已经实现了 5个交易所 的跨所套利  模式还是之前说的网格  支持市价+市价 市价+限价 限价+限价。 针对每个下单模式 做了单独的算法 防止出现单腿风险。 因为每个交易所收费方式不同 所以得做区别。
1992159670526677231,Sat Nov 22 09:14:12 +0000 2025,34,0,17550,衍生品套利,https://x.com/gch_enbsbxbs/status/1992159670526677231,0,我之所以 中途突然编写这个新模式，是因为他的算法简单。不是他有多么的牛逼。 我如果要测试算法 很快就能知道 是否有bug 而传统基础模式套利的算法很复杂。各种条件判断。 （传统模式还要计算历史价差平均值，以及计算价差和费率差的稳定性。这也是一套单独的算法。） 一时半会 很难测试出
1992024623190524041,Sat Nov 22 00:17:34 +0000 2025,34,0,29797,"方向性战法, 挂单算法",https://x.com/gch_enbsbxbs/status/1992024623190524041,0,空仓了几个月的股票账户。 昨天建仓了第一笔 coinbase的股票。234 可能还会新底。继续买。 反弹就卖。 （与顶部相比 已经接近腰斩） 七姐妹暂时观望 先不买。 未来几个月 应该是有机会抄到底  币圈除了网格在被动抄底， 我没有做任何交易 也没时间搞。 这个市场确实有点恶心人了。 所以还是走技术流
1991671570004341230,Fri Nov 21 00:54:40 +0000 2025,145,12,49327,"挂单算法, 衍生品套利",https://x.com/gch_enbsbxbs/status/1991671570004341230,0,今天给大家介绍 我在写的新功能：网格模式套利。 如何在套利模式中 一定程度 兼顾利润和交易量。  在之前的套利模式中，我介绍了 决策引擎的触发条件。 在这个模式我称之为 基础模式。  今天给大家介绍一种新的模式。分段网格模式套利。 在这个模式中 相对清晰。 简单来说就是首先 默认价差应该是0，
1990603604613546428,Tue Nov 18 02:10:57 +0000 2025,84,7,27761,衍生品套利,https://x.com/gch_enbsbxbs/status/1990603604613546428,0,套利脚本 已经完整测试运行了各个功能。 问题不大了。 接下来 就是优化细节。 找一些难以发现的bug。 说点题外话。 之前有老铁评论区 推荐我用codex。这个确实比claude 牛逼。就是有点慢。  所以 我基本上就 边刷抖音 边搓脚本。 哈哈
1990050839776682257,Sun Nov 16 13:34:28 +0000 2025,4,0,5774,衍生品套利,https://x.com/gch_enbsbxbs/status/1990050839776682257,0,@LumaoDoggie 你为啥会追踪 这种稳定币？ 这种出事了 都没办法套利
1989896488806490378,Sun Nov 16 03:21:08 +0000 2025,177,10,37070,"挂单算法, 衍生品套利",https://x.com/gch_enbsbxbs/status/1989896488806490378,0,我知道 有很多老铁 想我尽快写poly 的脚本。 但是 perp 写到这里 已经不能停了。 而且perp 更加急迫。 实际上 不管是 poly 还是perp。 所有的策略。 总结出来 就3个。 做市（网格）， 套利，跟单。 跟单已经没时间搞了。 搞完套利 就搞poly 实际上搞poly 也是围绕 这3个来做。
1989653488125751548,Sat Nov 15 11:15:32 +0000 2025,30,0,11909,"方向性战法, 收益与费率, 挂单算法",https://x.com/gch_enbsbxbs/status/1989653488125751548,0,这周 @Lighter_xyz       所有号 拿了20来分。。 总交易量是1500万u左右  这么对比确实比上周强一点 但是 哎 还是太少了 网格浮亏了  1000多u  跌得太狠了 主要是btc eth 亏了 没有手动调   其他的代币 因为主动在管理 没有亏 是盈利，盈利几百u。 所有网格都是做多。 我也是想看看 不主动管理下 单边
1989163483682972036,Fri Nov 14 02:48:26 +0000 2025,253,35,49596,衍生品套利,https://x.com/gch_enbsbxbs/status/1989163483682972036,0,这玩意 看得进去 估计没几个人。 内容太多了。而且不是很直白。  但是这确实就是合约套利的核心决策逻辑。 没有这个东西套利就是盲人一样。
1989125117092458561,Fri Nov 14 00:15:58 +0000 2025,175,28,108858,交易心智,https://x.com/gch_enbsbxbs/status/1989125117092458561,0,https://t.co/vgpFYnzV9I
1988500645284847929,Wed Nov 12 06:54:33 +0000 2025,37,2,28165,衍生品套利,https://x.com/gch_enbsbxbs/status/1988500645284847929,1,请教下老铁们。 为什么lighter的ws推送如此的慢？ 之前写其他系统 我没注意。今天开始搓套利系统 才发现这个问题。 这个问题 要怎么解决？ 视频中可以看出edgex的频率很高 很及时。但是ws的很慢 都不动一下。 我是使用一个ws批量订阅所有的代币。 https://t.co/fEhH7FaEZo
1988263445666709986,Tue Nov 11 15:12:00 +0000 2025,438,72,157776,挂单算法,https://x.com/gch_enbsbxbs/status/1988263445666709986,1,老铁们推荐你们玩一下这个网格，很稳定 很爽。 界面很友好。所有的信息 都能直观看见。 收益不比做LP差。 我把界面做写成这样 实际是有点强迫症。 必须好看 信息全。 和早期版本 也做了大幅度修改。  我开了七八个号 在跑不同的代币。总仓位在15-20万u左右。（不是本金，是网格总仓位。 本金放多少 https://t.co/8PFHpPVSa2
1988236426639798425,Tue Nov 11 13:24:38 +0000 2025,22,3,13645,交易心智,https://x.com/gch_enbsbxbs/status/1988236426639798425,0,这次主要是为了上末班车。 8-9月份 在鲁那个ff 哪些理财项目。 所以那会就耽误了时间。 10月份 才准备开始搞。结果还赶上了1011. 我昨天新买了 专门的鲁代码的 显示器。 因为今年视力下滑得比较严重。 我以前从来不带眼镜的。 新显示器还不错 看着舒服很多。  poly那边的话
1988230567536849023,Tue Nov 11 13:01:21 +0000 2025,6,0,13375,衍生品套利,https://x.com/gch_enbsbxbs/status/1988230567536849023,0,@alariclll 别急 一个一个来 那边只写了 一部分 还没 实盘开始测。 那边不着急。  perps 更紧急一些
1988225624302039450,Tue Nov 11 12:41:42 +0000 2025,1562,302,366523,挂单算法,https://x.com/gch_enbsbxbs/status/1988225624302039450,1,好了 这套系统 现在给老铁们开源。 我需要再忙其他的脚本了。 这个脚本经过长达2周的运行 调试 和升级 已经稳定无bug，加入了很多功能。 且里面包含了其他的系统。 辅助系统 除了网格，还有刷量 监控 为一体的系统 功能很丰富 也比较复杂。 用之前 一定要让ai帮你阅读一遍功能。 https://t.co/IbluZ3UWqp
1987765169905336566,Mon Nov 10 06:12:02 +0000 2025,23,0,21255,衍生品套利,https://x.com/gch_enbsbxbs/status/1987765169905336566,0,perps 跑出来的不是赛道，而是项目。 这个赛道早些年 就有了 例如DYDX。 跑出来的是HYPE，火的也是它。 而现在fomo。 就有点一人得道 鸡犬升天的味道。 所以不是什么产品 最终 都能走下去的。 发币就会进入死亡倒计时了。
1987763750510973230,Mon Nov 10 06:06:23 +0000 2025,27,0,19720,交易心智,https://x.com/gch_enbsbxbs/status/1987763750510973230,0,聊几句 @edgeX_exchange   我前几天也注册了。也在用。 这个交易所的体验 用起来还可以。 但是点差比较大。 从数据上来看 基本上 和没发币之前的 aevo 差不多。 都是撸毛的 真实交易用户不多。粘性不足。 因为 小币种的交易量，和未平仓合约 数据太拉了。 巨鲸一般是不会来新平台做交易的。
1987753323118915914,Mon Nov 10 05:24:57 +0000 2025,15,0,14217,"收益与费率, 挂单算法",https://x.com/gch_enbsbxbs/status/1987753323118915914,0,api有分  我上周打了1000万交易量 给了2分 赚了400u，激励给了2分 算200u。  一切都是可以量化。 所以 积分 完全可以转化成apr 进行计算。 比如说 当前btc的 网格apr 是50.  1000万交易量  能赚多少 收益 能算出来， 结合 给的分数， 就能计算出来了。（这里我就不举例来计算了） 至于最终 接受不接受
1987751561536422028,Mon Nov 10 05:17:57 +0000 2025,42,1,17684,"收益与费率, 挂单算法",https://x.com/gch_enbsbxbs/status/1987751561536422028,0,运行了几天的模拟网格。 和推测的一样 没有代币 能稳定 保持高apr的 一般都是几个小时。 我模拟的数据是。小币种总区间百分50. 500个格子。 也就是每个格子间隔千分之1， （这也是 我实盘打的设置） 基于这个数据模拟的网格 每天有那么5-10个 能出现1000以上的apr。 （lighter交易所的100个代币）
1987458951575966135,Sun Nov 09 09:55:13 +0000 2025,31,2,12463,"挂单算法, 衍生品套利",https://x.com/gch_enbsbxbs/status/1987458951575966135,0,后面肯定是会开源的 但是需要我跑一段时间 稳定了  再发。 也看看打一段时间 利润如何 要是赚不到钱 发出来干啥呢？ 至于积分 只能说 随缘了。 高频网格。 有交易量 也有pnl。也有小币种。 如果说api 一刀切 不给分。 那就没办法啦。 那就用套利监控器。手动套点资金费率吧。。。
1987127244779888878,Sat Nov 08 11:57:08 +0000 2025,42,2,32304,"收益与费率, 挂单算法",https://x.com/gch_enbsbxbs/status/1987127244779888878,0,想到了一个新的辅助性的功能。 就是制作一个模拟网格出来。 监控所有代币。 在模拟网格上 计算apr 。 当发现有币 的apr 达到了 预期 就发出提醒。 然后直接实盘干进去。 （原本是打算做波动率监控，但是发现直接计算apr更加稳妥和直观。）  这样玩小币的时候 只需要玩短暂的几个小时
1987074761948864662,Sat Nov 08 08:28:35 +0000 2025,32,1,31252,"收益与费率, 挂单算法, 风控与防守",https://x.com/gch_enbsbxbs/status/1987074761948864662,1,还是比较不错。  apr 刚才显示6000 应该是那会波动很剧烈。 现在的实时apr 已经下来了。 是在1100左右。 价格 没有发生太大的下跌。 pnl 比较稳定，盈利100多u 运行时间2小时。 总网格相加的仓位是六七千u吧。500个格子每隔格子十几刀。 先平仓了。 又想到了一个新功能， 我准备吧LP里面的再平衡功能 https://t.co/aLcYonYOuT
1987063003259543737,Sat Nov 08 07:41:52 +0000 2025,33,2,15744,交易心智,https://x.com/gch_enbsbxbs/status/1987063003259543737,0,再说几句吧 我不是杠精 我也不想当杠精。 icp 上的程序，是吧所有东西 都丢到罐子里。比如前端的网页， 所以他的响应速度就慢，（对比web2） 正常的web2 是会做cdn加速。让全球访问都很快。 常规区块链 只做记账，其他的东西都是web2的方式建立。 你觉得转账快，那是因为你对比的是区块链，
1987051719541547037,Sat Nov 08 06:57:02 +0000 2025,123,8,64462,"收益与费率, 挂单算法",https://x.com/gch_enbsbxbs/status/1987051719541547037,1,按照以往玩土狗LP的思路。   当apr 达到3000以上 做短线LP 基本上是盈利是不难的。 无论是meteora 还是pancake。 （低于1000则不能玩，这是个人经验）  那么现在切换成网格 逻辑是一致， apr 能维持在3000以上 就能打 利用网格利润 覆盖下跌带来的损失。 不做长线，合适的位置平仓 和仓开 即可。 https://t.co/uwVORYx6bt
1987042503493874011,Sat Nov 08 06:20:24 +0000 2025,61,5,58695,"收益与费率, 挂单算法",https://x.com/gch_enbsbxbs/status/1987042503493874011,1,更换策略， 改打小币的 网格， 借用LP思路， 做短线网格， 依据k线和成交量情况， 做日内时间线的网格， 目前看 收益 还是很猛的 图中 计算出来的收益率 能达到6000 以上的apr。 等于 你组 LP 面板显示6000多的apr。。 就是我之前 说过的计算方法。 我把他写到脚本里 实时计算了。10分钟算一次。 https://t.co/ZObEJExSWO
1986994427337056718,Sat Nov 08 03:09:22 +0000 2025,39,0,11934,"收益与费率, 挂单算法",https://x.com/gch_enbsbxbs/status/1986994427337056718,0,刚打开lighter 看了下 刷了1000多万交易量的网格， 今天一看 拿了2分。 还好 网格 赚点钱。 不然 这玩意真不是人刷的。  做盘口磨损交易刷量 分数更少，  比早期确实难度大了太多。
1985632314211360889,Tue Nov 04 08:56:49 +0000 2025,19,0,8961,"收益与费率, 挂单算法",https://x.com/gch_enbsbxbs/status/1985632314211360889,0,这段时间 实测了很多数据， 发现 做 BTC的 高频极窄区间的网格 在lighter 上   如果用LP得角度 去看 相当于 fee 的apr 是100-200， 还是比较客观的。不算积分激励。  这跟lighter 点差大 有一定的关系。 计算方式： 简单说就是 计算 一定时间内。买卖循环多少次  循环1次赚一次fee。 1天循环多少次
1985610705299509432,Tue Nov 04 07:30:57 +0000 2025,65,7,17612,"收益与费率, 挂单算法, 衍生品套利",https://x.com/gch_enbsbxbs/status/1985610705299509432,0,说下最近动态 这几天 一直在搓脚本，调试脚本，继续搓脚本，继续调试 人都搞成麻瓜了  围绕几个perps 和poly lighter 目前是2个策略，网格+刷量 backpack 配合手机做刷量。  1/lighter做高频网格，极窄区间，1000个格子 每个格子间隔10-20刀。总区间是百分10-20.  2/lighter
1984031364791071073,Thu Oct 30 22:55:13 +0000 2025,66,3,13111,交易心智,https://x.com/gch_enbsbxbs/status/1984031364791071073,0,如果按照币圈的以往的规律。 接下来的行情 恐怕不太好过。 打新不碰。 存钱谨慎。 多做研究，鲁下代码。等待机会。
1984025435479658589,Thu Oct 30 22:31:39 +0000 2025,42,1,12628,交易心智,https://x.com/gch_enbsbxbs/status/1984025435479658589,0,几天 没发推  有点不习惯了， 这几天 不光没发推，刷推 也很少。   把backpack和lighter的脚本 重新弄了一下。弄了个新策略。 polymarket 目前写到一半。 本来是准备弄那个bsc的预测市场的  但是这个项目的sdk 有点问题。 搞到一半 放弃了，代码全删了。  鲁脚本确实很累 慢慢搞吧
1981355628124868805,Thu Oct 23 13:42:48 +0000 2025,77,3,19092,选品标准,https://x.com/gch_enbsbxbs/status/1981355628124868805,0,简单事后 分析一下 为什么今晚 met 是这么个情况。 从头到尾 基本上 都是往最不利的方向发展的。 核心问题在于2个。 1/ 有将近1亿个币 是空投池，价格0.5-7.5.开局以0.75开盘。 2/流通盘 太多。差不多百分50流通。  第一个致命的地方。 到了晚上盘前合约 突然暴跌。有大额订单砸下来了
1981258324067962906,Thu Oct 23 07:16:09 +0000 2025,19,0,13554,"挂单算法, 选品标准",https://x.com/gch_enbsbxbs/status/1981258324067962906,0,第一次玩polymarket 下了met 盈利了 金额不大，算是练手。 主要也是流动性不行。 已经平仓了。 币安的盘前合约网格 也平仓了，也是验证下想法。 没时间管这些玩意 集中注意力 备战今晚。
1981238932252873091,Thu Oct 23 05:59:05 +0000 2025,22,0,11830,"方向性战法, 选品标准",https://x.com/gch_enbsbxbs/status/1981238932252873091,0,今晚的 MET 变量挺多的。 要想下 怎么玩 首先 先上alpha  其次再sol 领空投， 同时还有一个超大的 单边卖的空投LP池。 最后上cex 现货。  目前还有盘前合约。
1981212485517791704,Thu Oct 23 04:14:00 +0000 2025,24,0,10402,交易心智,https://x.com/gch_enbsbxbs/status/1981212485517791704,0,我发现 大家对polymarket 预测赛道 都特别关注。  因为我实际也没有发什么 实质性的内容。  但是帖子阅读量都很高，高过我以前发的 其他赛道的内容。  看来有必要 尽快吧脚本搓出来了。
1981030639077114198,Wed Oct 22 16:11:24 +0000 2025,187,20,70301,交易心智,https://x.com/gch_enbsbxbs/status/1981030639077114198,0,为什么polymarket需要上脚本，我说下我的理解吧。 虽然我刚玩没几天。 但是polymarket 有一个很大的缺点， 那就是对于需要按年为单位的预测的单子。 即便你的把握很大，比如 那个什么外星人的预测。 如果你提前买了 这一笔单子 如果不到期， 你无法利润最大化。
1980867807031226655,Wed Oct 22 05:24:22 +0000 2025,116,7,85765,交易心智,https://x.com/gch_enbsbxbs/status/1980867807031226655,0,这几天想了一下。 polymarket 如果要玩好， 必须得上脚本。否则很难玩。 准备研究下 api 搞搞脚本了。 做 监控 和 做市脚本。
1980862042979615034,Wed Oct 22 05:01:28 +0000 2025,141,12,42767,"挂单算法, 选品标准",https://x.com/gch_enbsbxbs/status/1980862042979615034,0,今天分享一个 适合普通小散玩的东西。 做盘前合约网格。 现在币安上了很多马上TGE的项目的盘前合约。比如met mon等 通过观察发现。 这些盘前的币 价格非常的稳定。基本不受大盘的影响。 但是波动率 又很不错。   如果你本身就有空投。不妨直接开个盘前的网格。 当然需要你对网格有比较深的了解。
1980474133629776157,Tue Oct 21 03:20:03 +0000 2025,106,10,31520,衍生品套利,https://x.com/gch_enbsbxbs/status/1980474133629776157,0,其实 看到cbb大佬的推文。 以及我回顾了一下过往。  我发现在新链里 都伴随着 非常大的套利空间。  早年间cosmos 也挺火的 有很多科学家 在哪里套利  因为他本身就是 N条链， 每个链 都存在差异。  我当时能力不足 完全不懂代码。手动搞也搞不过机器人。所以也只能看着，认识了一帮人
1980465828131926348,Tue Oct 21 02:47:03 +0000 2025,69,5,21101,衍生品套利,https://x.com/gch_enbsbxbs/status/1980465828131926348,0,另外 我要感谢 一下我老弟 因为 这个套利 是他告诉我的 我不玩hype上的土狗spot。他一直手动在玩，他在hype上赚钱就靠这个。不过他现在也没玩了 属实没交易量了。  所以他当时就告诉我了这么个现象之后。我当时一看好家伙 这么神奇的k线 马上就搓了个脚本出来了。
1980461247830323367,Tue Oct 21 02:28:51 +0000 2025,628,110,216119,衍生品套利,https://x.com/gch_enbsbxbs/status/1980461247830323367,2,凑个热闹 我也发个 我在hype上 套利赚了几万u的方法吧 我现在没玩了 未来也许还能玩。但是公布出来了以后 我自己是不打算玩了。当然和@Cbb0fe大佬的没办法比。  自从hype上线了以后 很多spot代币以后。我观察到 spot现货里的 代币 经常 动不动插针。 最容易观察得到的 就是buddy 这个代币。 这个币 https://t.co/FiOyc232Lz
1980193193905000779,Mon Oct 20 08:43:42 +0000 2025,34,2,13933,交易心智,https://x.com/gch_enbsbxbs/status/1980193193905000779,0,精华都在评论区里。 如果有老铁跟我一样 是新人 想玩polymarket 不妨 看看评论区。  不断的有热心的老铁留言 分享心得。
1979850664571556007,Sun Oct 19 10:02:36 +0000 2025,11,0,9091,挂单算法,https://x.com/gch_enbsbxbs/status/1979850664571556007,0,老铁 我打做多的网格 爆仓了 能赔吗  我没收到邮件🤪🤪🤪 @armaniferrante
1979828654306963903,Sun Oct 19 08:35:09 +0000 2025,25,4,13164,挂单算法,https://x.com/gch_enbsbxbs/status/1979828654306963903,0,我看 用得老铁还不少  所以 我刚 发布了背包的新版本2.2  修改了 盈亏的统计方式 增加了一个新的配置参数 启动的时候 可以偏移网格 就是 不以当前价格作为边界。 可以上调网格边界 这样  可以启动后 开局直接先建一笔仓位。 （这个操作能带来更多的利润和交易量 但是也增加风险）  重构了
1979822367343063519,Sun Oct 19 08:10:10 +0000 2025,159,13,63375,衍生品套利,https://x.com/gch_enbsbxbs/status/1979822367343063519,0,老铁们 polymarket 我是新人 关于套利 和 策略 目前 还没什么思路。 当然 有几个方向   在研究 之所以搞 还是因为 现在撸 不算晚 等perps 凉了 这个赛道就会真正起来了 特别是明年的世界杯。应该 引来高潮。 慢慢撸 不着急  另外核心还是得盈利。 纯烧钱撸交互 我是肯定不干的
1979779199453032668,Sun Oct 19 05:18:38 +0000 2025,25,2,61038,交易心智,https://x.com/gch_enbsbxbs/status/1979779199453032668,0,开始手动玩polymarket 买了点赌meteora市值的盘口 新人有什么要注意的吗？
1979710763771302249,Sun Oct 19 00:46:41 +0000 2025,84,7,25536,衍生品套利,https://x.com/gch_enbsbxbs/status/1979710763771302249,0,有点意思。 本质上是 hype的 hlp利息 发放 和 pendle 的hlp 利息发放不同频 导致的。属于套利息的套利。 一旦 hype的hlp 收益出现暴涨。 pendle 那边 需要很长一段时间逐步发利息。 以后可以多关注这种 利息 会因为某个事件暴涨的YT。
1979431899660718246,Sat Oct 18 06:18:35 +0000 2025,101,9,30381,收益与费率,https://x.com/gch_enbsbxbs/status/1979431899660718246,1,说到JLP  大家应该不陌生，说个干货。 我突然想起来了 我以前玩了很长一段时间的一个玩法。 当时收益还是很猛的apr能做到200以上 关键是 在我看来风险很低。 当然现在很卷了。核心原因是fee少了。达不到了如此之高了。 有兴趣的老铁 想玩 还是能玩。但是对我吸引力不大了。 废话不多说  直接上干货。 https://t.co/sjRt4fnvgT
1979381697822286196,Sat Oct 18 02:59:06 +0000 2025,109,0,70530,交易心智,https://x.com/gch_enbsbxbs/status/1979381697822286196,1,今天刷推 看到几个推文 忍不住说几句 其实玩偶姐姐 @hongkongdoll 比很多女kol 甚至 很多很多人强。 大部分kol 粉丝没几个，除了发广告 就是发广告。（说白了 就是赚钱能力不足才会选择这个） 当然我不是说发广告赚钱不好， 我只是说对于玩偶姐姐来说赚这个钱非常的容易。 要说流量 有几个人 https://t.co/M4FiHnGtuX
1979139879486525651,Fri Oct 17 10:58:12 +0000 2025,35,2,11865,交易心智,https://x.com/gch_enbsbxbs/status/1979139879486525651,0,最近我一直在强调风险。从1011暴跌开始 我不断的在说风险。现在表面上看着没事。 实际上 那天造成的爆仓的损失，后续肯定会浮出水面。  如果经历过luna 暴雷 就知道。相关的机构 也不是立刻就暴雷出问题，都是因为投资人，用户不断的赎回 提现 导致挤兑 最终才发现出问题的。 当时还出了
1979084446771843575,Fri Oct 17 07:17:56 +0000 2025,5,1,3754,交易心智,https://x.com/gch_enbsbxbs/status/1979084446771843575,0,这个问题 也不是币安的问题。 很多交易所都插针了。 所以 它是代币流动性本身的问题。所以操作这个 切勿拉高杠杆。
1979074540950163846,Fri Oct 17 06:38:34 +0000 2025,29,2,25001,衍生品套利,https://x.com/gch_enbsbxbs/status/1979074540950163846,1,不知道 是否还有人记得 我曾经发过 黄金套利的推文。 由于过去时间比较久 我懒得翻了。 今天 有个朋友告诉我 他在币安套利黄金，被爆仓了 哎 没办法 这波直接拉拉百分20 很难不爆。因为常规情况下 黄金不可能一次性拉着么高 为了提高资金效率 一般不会放很多钱 杠杆就会开得高点。 各位老铁 https://t.co/mnkKN8Fwee
1979013497645044109,Fri Oct 17 02:36:00 +0000 2025,3,0,1892,交易心智,https://x.com/gch_enbsbxbs/status/1979013497645044109,0,@wu48636254 前几天 看见个 什么 apt 组LP 捡钱？？？
1978820830496006168,Thu Oct 16 13:50:25 +0000 2025,121,5,41632,交易心智,https://x.com/gch_enbsbxbs/status/1978820830496006168,0,一直以来 我聊到meteora 都是教大家怎么玩LP。 从来没说过 撸这个项目 能带来多大收益。 因为这个项目本身就能盈利。 降低空投预期跟时间做朋友 是最好的方式。  四五月份的时候 我教我老弟玩meteora 其实时间上已经很晚了。 说实话 他开始根本不懂什么是LP 我硬是从小白 教成了 能独立玩。 最后
1978805193874788619,Thu Oct 16 12:48:17 +0000 2025,54,2,61283,交易心智,https://x.com/gch_enbsbxbs/status/1978805193874788619,1,感谢 @MeteoraAG  给的这1万个 MET 问了一下 这个算是有过贡献的人 才能拿这个奖励。 过去一年 我发布了 很多个 metoera的脚本  也给发布过 好几版 在meteora上的 LP战法（主流币 新币 土狗） 最近一期 就是搞那个 2z 的代币。  老铁们应该有印象吧。 开局直接暴击百分10的收益  其实好的项目 https://t.co/Byr6TqwGvU
1978802326497620115,Thu Oct 16 12:36:53 +0000 2025,4,0,8012,交易心智,https://x.com/gch_enbsbxbs/status/1978802326497620115,1,这个1万个 met   写的是 LP Army。是啥意思？ https://t.co/QRwUm0NouY
1978800290272002498,Thu Oct 16 12:28:48 +0000 2025,33,2,16057,"挂单算法, 衍生品套利",https://x.com/gch_enbsbxbs/status/1978800290272002498,0,其实这套系统 是一整套系统。 基础结构 已经搭建了。 他目前也写了包含了 套利模块。 不过 我还没有写完。进度大概是百分60左右。如果仅仅只是网格系统 是不可能有这么多文件的。  我的计划是 未来的方向上 会集成 各种模块和功能。 我准备是 计划做一个大型的程序。 套利 量化 为一体
1978766955462172945,Thu Oct 16 10:16:20 +0000 2025,351,76,74508,挂单算法,https://x.com/gch_enbsbxbs/status/1978766955462172945,1,backpack 网格+剥头破+马丁 变体 稳定版。发给大家 算是之前网格版本的 升级版本。 目前跑了一段时间了 测试了各种功能的稳定性没有问题。 加入了定期健康检查来维护订单和持仓 保持一致。 之所以是变体版 是因为 单独跑网格 或者剥头皮 我感觉效果不太好。 于是 我加入了 在网格中 增加了 轻微马丁。 https://t.co/upg9aBSGAJ
1978755075800699196,Thu Oct 16 09:29:08 +0000 2025,29,1,13906,交易心智,https://x.com/gch_enbsbxbs/status/1978755075800699196,0,分享个alpha项目。 如果 你在hypeliquid 总交易量超过5M 不妨加入这个 早期的alpha 项目的候补名单。 unit 基于hip-3做的。 也是搞交易的，但是搞的是传统金融的 股指期货  估计未来会扩展 更多品种，大宗 外汇之类的。  不管怎样 如果你早点进入候补名单 早点刷， 收益会很猛。
1978658313588883548,Thu Oct 16 03:04:38 +0000 2025,4,0,715,挂单算法,https://x.com/gch_enbsbxbs/status/1978658313588883548,0,@LFJ_gg @LFJ_gg 能不能在BSC 部署一下 你们的协议。 你们的发展方向出了问题。 你们应该学习一下meteora。 你们本应该利用你们的DLMM 垄断EVM memecoin 的LP。 但是走错了方向。
1978387860911960337,Wed Oct 15 09:09:57 +0000 2025,16,0,28877,方向性战法,https://x.com/gch_enbsbxbs/status/1978387860911960337,0,今天已经有几个老铁问过我YB了，   由于币安预售那边有2500万个代币 大概率是何alpha 一起上 所以 这部分抛压实际还是很大的， 加上btcfi 的叙事太垃圾了。  这些导致我玩的兴趣不大，  如果大家要玩的话 我建议是 LP的区间 调低一点，  使用 我之前的 地址观察的战法，主观判断是否抄底。来进行波段。
1978358081932374043,Wed Oct 15 07:11:37 +0000 2025,29,0,8358,交易心智,https://x.com/gch_enbsbxbs/status/1978358081932374043,0,我们散修 就不要跟着凑热闹了。 吃吃瓜 到也没啥。 但是别耽误了时间赚钱。 大部分人要么是利益相关为了维权， 要么就是为了流量的博眼球。  无论你怎么骂交易所。或者添交易所，都不会有任何改变。  积分该撸的 还是得撸。 预售该打钱 还是得打钱。 bsc的土狗 也没有熄火。 热钱 还在上面。
1978006156128952475,Tue Oct 14 07:53:11 +0000 2025,37,1,10136,交易心智,https://x.com/gch_enbsbxbs/status/1978006156128952475,0,新兴资产 以后 还是别拿来当抵押品。 这就是为什么 usdc 循环贷 没有事情。 usde出事了。 太容易被狙击了。 没有流动性的 lst 也不能拿来当抵押品。  你看中利息， 别人看到的是爆你的本金。  规模越大 利益越大 风险越大。  背后的利益纠葛 不是我等散修 能看见的。  但是  铁子们
1976869450835214606,Sat Oct 11 04:36:20 +0000 2025,46,5,16118,交易心智,https://x.com/gch_enbsbxbs/status/1976869450835214606,0,最近 有老铁 跟我提过 usde 循环贷 和zerobase理财。 这两个 我没参与。（不知道他们情况如何） 算是躲过去了。 8月份循环usdc的时候 我基本上是拉满杠杆的， 但是你让我去循环usde 我说实话 兴趣不大，  因为交易usde 会有磨损。（同时我不愿意长期持有usde，未经完整长期验证的稳定币
1976840534254928196,Sat Oct 11 02:41:25 +0000 2025,1,0,106,衍生品套利,https://x.com/gch_enbsbxbs/status/1976840534254928196,0,@2FH5GS @bitcoinzhang1 我说项目方 套资金费率  上杠杆。
1976828257686503541,Sat Oct 11 01:52:38 +0000 2025,12,0,15786,交易心智,https://x.com/gch_enbsbxbs/status/1976828257686503541,0,老铁 今天 大概率 能够不亏钱  bp 吧我爆仓的仓位 和钱 都反给我了。而且还多给了百分有的仓位给的钱 还超过了当时开仓的时候的本金。。。 已经有好几个账户 吧钱 打给我了。虽然还不能提现，。。 头一次 听说 做多 爆仓了。没亏钱 还能赚钱的😂😂😂
1976821582682374501,Sat Oct 11 01:26:07 +0000 2025,46,1,14973,"方向性战法, 衍生品套利",https://x.com/gch_enbsbxbs/status/1976821582682374501,0,有很多老铁问我  可以抄底吗。抄底什么？ 说实话 我今天这波抄底赚的 都是 短线 都不能算是抄底。准确说是套利 比如 bp上的btc。当时只有10万u不到 然后usde 稳定币这些 这能叫抄底么  接下来的行情 绝对不可能 马上回头的。  请放弃这个幻想。 一般来说 美股 和币圈一起下跌的行情 时间上
1976807282240635104,Sat Oct 11 00:29:18 +0000 2025,2,0,961,交易心智,https://x.com/gch_enbsbxbs/status/1976807282240635104,0,@xianwen13 做市商 靠币安吃饭的。谁敢动bnb呢
1976807146672242933,Sat Oct 11 00:28:45 +0000 2025,12,0,27117,交易心智,https://x.com/gch_enbsbxbs/status/1976807146672242933,0,等等 bp的 好像没爆仓。 仓位 又出现了。 之前账户金额 和仓位 全部都消失了 现在 又慢慢的开始出现了。 我也是醉啦 @armaniferrante  老板 到底啥情况呢 现在
1976695045651874027,Fri Oct 10 17:03:18 +0000 2025,2,0,1549,交易心智,https://x.com/gch_enbsbxbs/status/1976695045651874027,0,@YQ50474505 @worldlibertyfi 。。。。你怎么做多这个币， 川普的币 啥时候 拉盘过。走势跟trump 几乎一样
1975567781669343736,Tue Oct 07 14:23:58 +0000 2025,5,0,1785,衍生品套利,https://x.com/gch_enbsbxbs/status/1975567781669343736,0,@awesomeHunter_z 他的币更多，而且是更不知名的小的币，出现套利的机会就多一些。价差 资金费率等等  gate 上也不少。还有一个抹茶。但是抹茶 我是真的不敢用。
1975504911527014878,Tue Oct 07 10:14:08 +0000 2025,35,1,16037,衍生品套利,https://x.com/gch_enbsbxbs/status/1975504911527014878,0,套利确实要搞清楚，出现套利机会的原因。 或者说利润来源于什么。 盲目搞 可能自己才是被套利的。 最怕的就是 10赌9赢 1输， 但是输了个大的 那个滋味 真不是一般的难受。 原本以为老铁已经退出江湖了。 没想道时隔这么久 看见了这么个消息 哎
1974783893850276175,Sun Oct 05 10:29:04 +0000 2025,23,0,10624,挂单算法,https://x.com/gch_enbsbxbs/status/1974783893850276175,0,刚才大饼暴跌。 我在打btc的 做多网格 我以为 我会血亏。 结果backpack 直接插针了 不仅没亏 还赚了🤠 流动性还是不行啊
1974424608892719306,Sat Oct 04 10:41:24 +0000 2025,100,8,42178,挂单算法,https://x.com/gch_enbsbxbs/status/1974424608892719306,0,我用数据来解释一下吧。  假设 一个币 10天前是 1块钱 10天后 也就是今天 是0.5。  那么10天 他下跌了百分50. 平均每天跌幅百分5. 如果10天前 你从1块钱开始组LP或者网格。 到今天 你亏了百分25。 因为网格或者LP 是平均买入 亏损就除以2。  这里的每天跌幅百分5 就是波动率。
1974414122231235053,Sat Oct 04 09:59:44 +0000 2025,78,5,22905,挂单算法,https://x.com/gch_enbsbxbs/status/1974414122231235053,0,币圈 其实到处都是赚钱的机会。 每个人都有每个人擅长的打法。 我呢 就是喜欢啥都搞一搞。 如果不是aster这波 我肯定不会轻易的去玩网格。 从效率上来说，你懂的东西越多，学习的效率就越快。
1974400863860052078,Sat Oct 04 09:07:03 +0000 2025,94,13,123991,"挂单算法, 衍生品套利",https://x.com/gch_enbsbxbs/status/1974400863860052078,0,玩了一段时间的aster网格。在这里 我也建议和呼吁 @Backpack_CN  @armaniferrante 还有 @Lighter_xyz  能够考虑一下 推出网格系统。这套系统并不复杂。 （网格对于perps 就类似于DEX swap的LP。用户使用网格就是提供流动性。） 用户用脚本构建的网格
1974037766389576181,Fri Oct 03 09:04:14 +0000 2025,244,10,49810,衍生品套利,https://x.com/gch_enbsbxbs/status/1974037766389576181,0,老铁们 刷到我 你要珍惜。 我跟别的博主不一样。 教的都是硬核知识。 各种玩法。策略。套路 不局限某一个领域。 交易 defi LP 套利 脚本 等等。 （有些东西过于冷门 我就不分享了 比如期权 比如其他的美股 外汇 以前偶尔发过 但是没人看。） 最后 就像老铁们说的 我现在挺愿意分享的 说不定哪天
1973771205296730579,Thu Oct 02 15:25:00 +0000 2025,29,0,14911,交易心智,https://x.com/gch_enbsbxbs/status/1973771205296730579,0,这就觉得麻烦了吗 老铁？ 其实每次看到老铁们 冲各种土狗meme的时候 我内心是佩服的。 我曾经也尝试过玩土狗 后来放弃了。 不是我玩不好。 而是要分析的东西 实在太多了。 对成本要求极高。 这不是说花时间 花精力的事情。 是要花硬件投入。要做完整的链上分析。 具体的就不展开讲了 非常的复杂。
1973762391650468035,Thu Oct 02 14:49:59 +0000 2025,454,69,143322,交易心智,https://x.com/gch_enbsbxbs/status/1973762391650468035,0,我再教你们一招。 他妈的 独门秘籍 全交给老铁们了 能不能点波关注。  一个币在TGE之前。就已经提前 全部分配好了。 当然独立的公链 无法提前预知。 但是大部分项目都是 token。 直接能在链上观察到地址的余额的变动。 开盘之后 我们完全可以根据链上的地址变动 来分析 筹码的交易情况。
1973738727207002138,Thu Oct 02 13:15:57 +0000 2025,24,2,10506,收益与费率,https://x.com/gch_enbsbxbs/status/1973738727207002138,0,今晚 虽然我不短告诉自己要buy 要梭。 但是最后 buy的按钮始终 按不下去 不过有LP 的兜底 赚了点fee 也不怪很多老铁不敢买。 我自己都他妈的不敢买。 另外一个原因是 他提前上了 不是8点准时开。 导致跟我之前的策略 在时间上有冲突。 不过 也无所谓了 纯当娱乐。
1973733170240696410,Thu Oct 02 12:53:52 +0000 2025,27,0,22733,交易心智,https://x.com/gch_enbsbxbs/status/1973733170240696410,0,有些朋友 可能对meteora 不太懂。 可以翻我以前推文。 不过时间线很早 估计都是一年前了 我很少做 纯小白的科普。  所以meteora 怎么组池子  怎么找池子 怎么创建池子 可以翻下其他博主。 今晚这个2z的池子 比较乱。  所以其实 可以自己创建池子。花几刀就可以了。 上面虽然 一大堆池子。 但是百分90的
1973675541862768784,Thu Oct 02 09:04:52 +0000 2025,165,10,150960,交易心智,https://x.com/gch_enbsbxbs/status/1973675541862768784,0,逻辑解析。 其实大家要珍惜币安的alpha。  我的意思不是让你学工作室去刷它 。 我的意思是 alpha 比 其他的地方都要上线早。 大部分时候一般是跟 airdrop 持平。 但是 上次 FF 的时候 比他妈的 airdrop 还早。  我是不得不服。 （这实际我认为是币安alpha的核心竞争力。甚至可以上升到护城河。
1973619740921962852,Thu Oct 02 05:23:08 +0000 2025,16,0,12011,交易心智,https://x.com/gch_enbsbxbs/status/1973619740921962852,0,我最早是4月份刷lighter的。 当时还咨询过茶老师 @mdzzi  然后一直在跟一个叫王小源的推友在微信交流 （我不知道它的推特是多少） 虽然4月份已经很晚了。 但是这个推友很努力 一直手动很认真的在刷 应该鲁了不少分  可惜 我自己没坚持下来。只刷了一个多月。因为他们的api 确实太稀烂了。
1973615319026688495,Thu Oct 02 05:05:34 +0000 2025,81,4,33954,衍生品套利,https://x.com/gch_enbsbxbs/status/1973615319026688495,0,争取 这几天把 lighter 对 aster 的 差价套利 和资金费力套利的脚本 搓出来。 也是答应朋友 搓一下的。 我分享一个小的技巧。 如果你在手动对刷 这2个交易所。 你可以选择资金费率较高的代币。 赚lighter的资金费率。支付 aster的资金费率。 由于aster通常是4或者8小时结算。 所以等结算前一段时间
1973276857794699281,Wed Oct 01 06:40:39 +0000 2025,3,1,2016,衍生品套利,https://x.com/gch_enbsbxbs/status/1973276857794699281,0,@0xlemoneth 所以 有2个操作部分。 一个是mint 套利。 一个是卡时间
1973276455418343864,Wed Oct 01 06:39:03 +0000 2025,13,0,1991,交易心智,https://x.com/gch_enbsbxbs/status/1973276455418343864,0,@JohnYangzai 由于可以得出 falcon 压根不打算对积分 做过多空投。所以它根本不在意积分的通胀。
1973272547841155213,Wed Oct 01 06:23:31 +0000 2025,101,4,37290,风控与防守,https://x.com/gch_enbsbxbs/status/1973272547841155213,1,怎么发现积分bug的？肌肉记忆。 怎么个肌肉法？ 很简单的逻辑。如果你今天任意时间买了1个yt 第二天 你获得了价值一个yt的积分。 那么这个bug就存在。然后第二天你就再来测试这个bug的时间节点。 好好思考我这句话的含金量。 （知道为什么币安存钱给利息需要第三天才给么？） https://t.co/idVi6qXAdN
1972948858746675386,Tue Sep 30 08:57:18 +0000 2025,7,0,1478,交易心智,https://x.com/gch_enbsbxbs/status/1972948858746675386,0,@Zh_Crypto517 @pendle_fi 差不多是这个意思，补充就是有的yt带利息 有的不带， 买带利息的 就是会额外再给你一笔利息。所以这种yt 的apy 会大于底层利息的apy。
1972942143967887503,Tue Sep 30 08:30:37 +0000 2025,2,0,857,交易心智,https://x.com/gch_enbsbxbs/status/1972942143967887503,0,@_BLACKSOL5 。。。你怎么老跟我说usde  我目前对那个 暂时没兴趣 如果没有其他能鲁的 再考虑
1972905740856938723,Tue Sep 30 06:05:58 +0000 2025,110,3,21387,交易心智,https://x.com/gch_enbsbxbs/status/1972905740856938723,0,所以 撸毛的终极解决方案。 并不是你有多么牛逼的策略。 和项目的热度 也没有绝对关系。不是大热就是大毛。 也不是没热度就没有毛。 而是你能直通项目方，你能拿到考卷的答案。 或者 你能获得别人没有重要的信息。 这样你就能上仓位。 你能在合适的时机使用最合适的方式最大化收益率。  而这是普通散户
1972844249025753150,Tue Sep 30 02:01:37 +0000 2025,315,40,112592,交易心智,https://x.com/gch_enbsbxbs/status/1972844249025753150,0,今天再来个更硬核的复盘：过去20天我是如用使用30w本金撸8亿积分。 之所以考虑发出来，是因为项目方不当人，那么索性我也摊派了。全分享给老铁们了。 我再如何会算，我也算不出来项目方的恶心程序。 我首先列出时间线 9月初看到这个项目 买了一些YT 几千u 没有存钱。开始深入了解项目。
1972727609332252927,Mon Sep 29 18:18:08 +0000 2025,102,8,64408,交易心智,https://x.com/gch_enbsbxbs/status/1972727609332252927,0,我尽可能不带情绪的分析 当前 @falconfinance  的形式，和未来发展。 这一波空投 我实在无法理解 为什么代币数量如此之少。 导致盈利预期基本上是打了2-3折。 不是我一个人 ，但凡撸积分的 都是如此之想。 好了 不废话， 接下来 上干货分析。  首先，当前的盈利直接挂钩所有人对项目后续的信心。
1972698658601898378,Mon Sep 29 16:23:05 +0000 2025,2,0,3407,交易心智,https://x.com/gch_enbsbxbs/status/1972698658601898378,0,@gambleking8888 是 和LP 同理。
1972677244394012769,Mon Sep 29 14:58:00 +0000 2025,334,44,180885,方向性战法,https://x.com/gch_enbsbxbs/status/1972677244394012769,2,FF复盘总结。 还是发个复盘吧。光生气也没什么卵用。 这波 原本计划 鲁个十几万u 最终结果下来 只鲁了3w 空投1万多 均价0。65卖出 alpha抄底+ 合约做空 鲁了2万多 也就是说  这个钱 大部分 我是靠本事赚的 不是靠项目方。  仔细看我6点编辑的 策略路径。 为什么抄底。很多人可能没想明白这个里面的逻辑 https://t.co/PAz2I3yolT
1972663925046116853,Mon Sep 29 14:05:04 +0000 2025,35,1,20071,交易心智,https://x.com/gch_enbsbxbs/status/1972663925046116853,0,今天没心情复盘了。 这位老铁 组lp赚了15个点。 我今天没组lp 直接0.42 买的现货 0.5 卖。波段了2两波。 至于为什么这样操作的原因 我今天不想说了。 我他妈的已经被 项目方恶心到了
1972527995094212710,Mon Sep 29 05:04:56 +0000 2025,136,7,66526,衍生品套利,https://x.com/gch_enbsbxbs/status/1972527995094212710,0,今晚 $FF 如何操作。 首先 我们已经知道了以下几个事情。 领空投 是8点。 币安主站现货是9点。有一个小时时间差。 alpha 也应该是8点。 FF会上线ETH主网和BSC主网。使用LINK跨链。 昨晚我已经发帖 反推计算了FF 的质押APY 和 价格。  这里面实际操作 有非常多的玩法。 组LP， 套利， 质押，套包等等
1972310066209632688,Sun Sep 28 14:38:58 +0000 2025,2,0,535,衍生品套利,https://x.com/gch_enbsbxbs/status/1972310066209632688,0,@Oliluo98 套利是有成本的，当利差不足吸引人的时候 自然没有人做这个操作。
1972292648842244470,Sun Sep 28 13:29:45 +0000 2025,2,0,328,"方向性战法, 衍生品套利",https://x.com/gch_enbsbxbs/status/1972292648842244470,0,@0xtaid @falconfinance 需要看情况而定。 这里面涉及到了资金成本。 和低谷到了什么程度。 做 YT价值回归 属于套利。 他有资金成本。 直接买 低谷的YT 属于 价值洼地。 属于抄底。 逻辑不一样。
1972287627673170165,Sun Sep 28 13:09:48 +0000 2025,2,0,1544,交易心智,https://x.com/gch_enbsbxbs/status/1972287627673170165,0,@0xlemoneth @falconfinance • First 7 days → 160× Miles × 1.25 bonus = 200× Miles per day • After day 7 → 80× Miles × 1.25 bonus = 100× Miles per day  前7天200。 后面100。 我上述的说法是 前7天根据场外价格来计算apy。 后面价格走出来了。再根据常规情况下的apy 来计算ff的价格。
1972286262674674134,Sun Sep 28 13:04:22 +0000 2025,2,0,1638,交易心智,https://x.com/gch_enbsbxbs/status/1972286262674674134,0,@DeFi_Bean @falconfinance 这是自然。 所有币的 apy。都不是固定不变的。 但是我们总要先设定一个数值 进行量化。 才能分析。
1972277917880365321,Sun Sep 28 12:31:13 +0000 2025,15,0,8543,交易心智,https://x.com/gch_enbsbxbs/status/1972277917880365321,0,@falconfinance 我怕我说得不够清楚 再补充说明： 上述公式 意思简单说 就是未来 你花钱买 usdf YT 和花钱买 FF 的 YT。 获得的积分 是一样的。 2个是相同的。  且 当前的 usdf YT 在未来不会发生变化。价格符合人们的心里预期。 由此 可以反推出 FF 的YT 的apy 和 价格。
1972276122147844332,Sun Sep 28 12:24:05 +0000 2025,70,11,30902,交易心智,https://x.com/gch_enbsbxbs/status/1972276122147844332,0,如果按照 @falconfinance  这个规则。 我们先列出公式 1usdf=60X=1usd=13apy 1FF=200X=0.25usd= ？ 1FF=100x= ?usd = 30-50 APY  如果开盘价格是0.25。那么 开局 7天的 Implied APY 将达到150apy 以上。 如果FF的YT 维持在30-50APY （参考ena） 那么 FF的价格 = 0.5  以上公式 是基于 usdf YT。反推 FF
1971944652367618550,Sat Sep 27 14:26:56 +0000 2025,25,0,11570,衍生品套利,https://x.com/gch_enbsbxbs/status/1971944652367618550,0,大部分 普通人 可能不了解。 但是我说过 我是监控了整个项目动态的。 这位老铁说的确实没有错。 在监控中 我已经发现了 官方的套利账户地址。 所以 无论是脱锚。 还是出现益价。 官方机器人就会下场维持稳定。也会给项目增收。 但是机器人 也是只有发生这种情况才会出手。 没有这种情况的时候
1971922628140233141,Sat Sep 27 12:59:25 +0000 2025,17,0,15984,交易心智,https://x.com/gch_enbsbxbs/status/1971922628140233141,0,xpl 不断拉高。会对新项目tge的估值有一定积极作用。 新的项目tge 不断刷新 人们的心里预期 ff 肯定会大超预期。 各种没发币的 预期强的项目的yt资产 apy也 会不断上涨。 目前趋势已经形成。 看看能持续多久。 目前我的判断是 还没有到顶峰。
1971795376157098474,Sat Sep 27 04:33:46 +0000 2025,30,1,19715,"方向性战法, 挂单算法",https://x.com/gch_enbsbxbs/status/1971795376157098474,0,说几个简单的网格策略。 （我感觉大家对网格兴趣不大） 1/ 单边做多。如果被套住，就再新开账户。再次做多。且做多仓位加大。 前提：你认为还能涨回来，短期套住没问题。例如BTC 参考原理：马丁策略，或者bidask LP策略。 至于为什么要新开账户 是因为aster 不能针对同一个币 开2次网格。  2/
1971772820431819115,Sat Sep 27 03:04:08 +0000 2025,6,1,2347,"方向性战法, 挂单算法",https://x.com/gch_enbsbxbs/status/1971772820431819115,0,@ryanjpegs 以当前价格为边界， LP单边做多。 网格单边做空？  这个思路 可以啊 老铁
1971771974390370603,Sat Sep 27 03:00:47 +0000 2025,53,5,40386,挂单算法,https://x.com/gch_enbsbxbs/status/1971771974390370603,0,这几天撸aster成果 全部依靠网格。 本金2万u 开了4个号。 盈利大概400-500u 这部分利润 主要来自于 今天市场 回暖了。 如果没有回暖 只能保本。 交易量大约在200万。单个号50w。 一共打了6-8个币种。 主要打aster。 其他的效果很一般。 时间3天左右。 没有充分的上杠杆。因为网格之前玩得少。
1971711369511862528,Fri Sep 26 22:59:57 +0000 2025,120,5,28245,交易心智,https://x.com/gch_enbsbxbs/status/1971711369511862528,0,最近一两个月的 对于资金的操作 我还是很满意的。 8月初 币安举办usdc活动。 把所有流动性资金 全部投入 usdc/usdt 的循环贷，拉满杠杆。 8月下旬plasma存钱。 卸载usdc/usdt杠杆。  只循环一次。 抵押usdc 借usdt 存入plasma。 9.11 币安usdc活动结束。 卸载 usdc/usdt 的借贷。 释放usdc。 9.12
1971151400790020384,Thu Sep 25 09:54:50 +0000 2025,4,0,12452,挂单算法,https://x.com/gch_enbsbxbs/status/1971151400790020384,0,今晚 除了领空投。 还能撸一波LP 和网格。 以前我很少撸网格。 这一次 用LP的经验 撸一波 aster 网格 试试效果！
1971121601786806301,Thu Sep 25 07:56:26 +0000 2025,33,3,11341,衍生品套利,https://x.com/gch_enbsbxbs/status/1971121601786806301,0,其实这个策略 真的很牛逼。 如果软件足够强大。 那么他不仅可以批量操作N个账户。 还能批量操作N个交易所。 不仅实行不同账户对冲。 还能实行不同交易所对冲。 甚至还能夸所套利。 如果你要持仓时间，。 也是可以解决的。 多并发的情况下。大不了就是多开几个仓位。 到达一定时间再平仓。 以前1万u
1971093632318046620,Thu Sep 25 06:05:17 +0000 2025,7,0,5084,交易心智,https://x.com/gch_enbsbxbs/status/1971093632318046620,0,挂的2笔 订单 全部成交 13-14 apy 两笔。 买了1w 的YT
1971056309807218722,Thu Sep 25 03:36:59 +0000 2025,12,1,14517,挂单算法,https://x.com/gch_enbsbxbs/status/1971056309807218722,0,继续深入聊一下这个网格策略。 刚刚 aster 这一笔网格被止损了。 这在预期之内。 因为 我想看看止损的亏损。亏了百分1。 如果算上未来的空投 1万u交易量等于3-5刀。那就是不亏的。 继续说策略。 我在即将止损的时候 开出了第二个网格。 但是这次不再是中性网格。 而是做多网格。 开仓价格再1.8到2.2 。
1971043141450137749,Thu Sep 25 02:44:39 +0000 2025,6,0,4264,衍生品套利,https://x.com/gch_enbsbxbs/status/1971043141450137749,0,如果是这样 就跟lighter 对冲就可以了。 因为那边 也是这么个规则。需要看你持仓时间。 对冲 就不要搞btc了。 顺带 做下 资金费率套利。  做下 二线的主流币。
1971042286474760692,Thu Sep 25 02:41:15 +0000 2025,10,0,4844,挂单算法,https://x.com/gch_enbsbxbs/status/1971042286474760692,0,玩网格 亏钱的 基本上离不开2个原因 1/ 方向判断错误。 2/ 网格开的时间太久了。k线走势已经跟预期发生了变化。  所以和LP一样。玩网格 需要对方向有判断。 特别是网格 需要比较会看k线 而作为六边形战士的我 虽然不做短线交易。 但是看k线 还是会那么一点的。🤪🤪🤪
1971020788955574765,Thu Sep 25 01:15:50 +0000 2025,1,0,3687,交易心智,https://x.com/gch_enbsbxbs/status/1971020788955574765,0,usdf 的抛压 估计持续的时间会比较久。  价格目前看 还是没什么问题。 如果你持有pt 的仓位会相当难受。 所以 选择一个合适的仓位 持有YT 就会很舒服。 把时间线拉长 问题不大。
1970986891769192453,Wed Sep 24 23:01:08 +0000 2025,35,5,11707,"方向性战法, 挂单算法",https://x.com/gch_enbsbxbs/status/1970986891769192453,0,再聊聊 常规策略里 剥头皮 和网格 的表现 首先 @yourQuantGuy 这位老哥 写了aster的剥头皮 脚本 我已经请教过他了。他这个脚本刷量还是蛮猛的。 目前 我自己还是跑的网格。 这2个策略 有什么区别？ 剥头皮会不断积累订单。 网格不会。 所以 出现单边不利的方向的时候。 使用剥头皮
1970780400432902298,Wed Sep 24 09:20:37 +0000 2025,22,1,11036,"无常对冲, 收益与费率, 挂单算法",https://x.com/gch_enbsbxbs/status/1970780400432902298,0,评论区很多人说网格不如LP。 这一点 得看情况来区分。 例如说 我们组btc 和eth 的LP。 组百分10区间。 apr 一般大概也就50-100 apr。如果没有波动 还到不了。 无常损失 对应网格的损失。 相差不大。 换成网格的话。根据我当前的观察 apr 差不多，稍微低一点点吧，不开杠杆的情况下。 如果开了
1970670404793704591,Wed Sep 24 02:03:32 +0000 2025,36,0,30374,"挂单算法, 选品标准",https://x.com/gch_enbsbxbs/status/1970670404793704591,0,回归 策略初心吧。 说个策略。 明天xpl 上市 肯定有剧烈波动。 可以考虑 在aster 开个xpl的网格。 后面凡是有大项目上市 都可以考虑。 我以前 都是玩LP。很少在cex 玩网格。 这次 就得改变策略了。  改成 玩网格 不玩LP了  网格和LP。 有一些区别。 但是本质上差不多。 都是依靠剧烈的波动。
1969964672825909560,Mon Sep 22 03:19:12 +0000 2025,46,5,16955,"无常对冲, 收益与费率",https://x.com/gch_enbsbxbs/status/1969964672825909560,0,我再解释一遍。 以后 我发过长文 讲过的策略。 我不再解释。 属实太麻烦。 你们可以搜索我的推文。 什么叫 做多 和 做空的 LP（这是我自己想的词。因为我不知道如何解释。） 核心思路 首先方向 要看准。 其次 如果没有精准的判断。 那么 利用fee 来 覆盖无常损失。所以这部分
1969957988816597338,Mon Sep 22 02:52:39 +0000 2025,14,0,15892,交易心智,https://x.com/gch_enbsbxbs/status/1969957988816597338,0,组了 一笔 做空方向的 aster 的LP。 堵他 不会新高。准确说短期不会新高
1969949571779596581,Mon Sep 22 02:19:12 +0000 2025,9,0,4687,交易心智,https://x.com/gch_enbsbxbs/status/1969949571779596581,0,提个小建议： @falconfinance 在官网 使用非稳定币进行铸造usdf的时候，如果选择还掉借的usdf。赎回自己的抵押品。需要等待7天。 这些没有问题。 但是当点击赎回的时候。 整个网站没有任何关于这一笔赎回的记录。正常情况下 应该显示这一笔操作记录的时间金额。和到期日 这样更加符合人性化一些。
1969731767352660075,Sun Sep 21 11:53:43 +0000 2025,44,0,10270,衍生品套利,https://x.com/gch_enbsbxbs/status/1969731767352660075,0,我看了大家的评论 大家的思维 都停留在 购买YT上。 我发了那么多策略。 并不是都是这么买YT。 你可以用YT进行对冲或者套利 有很多方法。 YT和现货对冲。 不同池子 对冲 。 杠杆循环 PT 或者YT 等等 。  要把思路打开。。。
1969721321266589776,Sun Sep 21 11:12:13 +0000 2025,95,5,27198,衍生品套利,https://x.com/gch_enbsbxbs/status/1969721321266589776,0,关注我久的人 知道我发过很多类型的帖子。  比如交易 套利 LP 等等 我发现 大家似乎都对YT不这么感兴趣。（帖子阅读量不高） 其实YT赚钱难度 也不算大。策略相对也比较多。 我以前玩得也不多。但是这一轮 我开始深入玩了 无他，因为我开始 用脚本介入了 开始监控整个项目链上活动了。 毕竟上杠杆
1969582211629531218,Sun Sep 21 01:59:26 +0000 2025,20,0,6692,交易心智,https://x.com/gch_enbsbxbs/status/1969582211629531218,0,这几天 每天基本上睡觉都不超过6小时。 我一般都是睡到自然醒。 但是这段时间 都是强制定闹钟。 越来越珍惜每次的行情和机会。 这些天每天要做的事情太多了。
1969356042791502319,Sat Sep 20 11:00:44 +0000 2025,63,1,44117,衍生品套利,https://x.com/gch_enbsbxbs/status/1969356042791502319,0,这个aster。有点邪门 涨成这样 资金费率 居然是正的。 而且还正的很多 全网都在做多？ 没人做空？  就这个资金费率 就套利 都能赚不少啊
1969339637316665628,Sat Sep 20 09:55:32 +0000 2025,53,4,11747,交易心智,https://x.com/gch_enbsbxbs/status/1969339637316665628,0,前几天 我买过一次 远期的susdf YT。 当时发了帖。 当时我看见很多老铁说  到期会暴跌。  这个问题 我自然清楚。 因为 我这个人不喜欢给自己惹麻烦 万一有老铁跟着买 亏了 就蛋疼了。 我就删除了当时的帖子。 当时 我没有说更深层次的原因。 今天 我再说下吧。  算起来 还是蛮麻烦的 针对这种情况的
1968862605969338807,Fri Sep 19 02:19:59 +0000 2025,61,8,13847,衍生品套利,https://x.com/gch_enbsbxbs/status/1968862605969338807,0,有很多朋友 跟我说 perps 很火。 但是我想说 如果这一轮 他们无法TGE。 等市场熄火了。 就不存在这个声音了。 本质原因是新项目估值又被重新抬高了。 潜台词： 这个垃圾项目 开局1B 2B了。 那我这个吊炸天的项目起步时5B以上了？ 但如果项目方头铁。 就是不发币。 那也没招。。。 有时候发币
1968575729404424490,Thu Sep 18 07:20:02 +0000 2025,121,2,22661,衍生品套利,https://x.com/gch_enbsbxbs/status/1968575729404424490,0,我喜欢研究 一些 策略性的撸毛项目，无论这个项目本身定位是什么。 如果在撸他的过程当中 能够吧钱给赚了。 那就是最爽的。 同时这类项目能长期生存。当你研究透了 你可以当一份工作来执行。。。这是长期饭票。是生存技能。 meteora 就是组LP  hype 就是交易和套利 ena  @falconfinance
1968526066760442210,Thu Sep 18 04:02:42 +0000 2025,72,5,11596,交易心智,https://x.com/gch_enbsbxbs/status/1968526066760442210,0,今天 继续分享 @falconfinance  的YT策略。 之前我介绍过PT循环贷。当时主要策略是赚取PT收益。 大部分人 买YT 是为了积分。随着APY的提高 YT购买成本 不断升高。 同时 YT的APY波动会造成 购买的本金的波动。APY升高就是赚钱 APY下跌就是亏钱。 这个我想大家已经知道了。 那么有没有一种办法。
1968463057564418251,Wed Sep 17 23:52:19 +0000 2025,17,0,8183,"收益与费率, 衍生品套利",https://x.com/gch_enbsbxbs/status/1968463057564418251,1,不该有偏见的。 因为这个 aster 用起来太垃圾 就没有刻意撸。。。结果 错过了一个大毛 哎 只撸l一波猪脚饭。烦躁 5个号 加起来 不到1000u。。 我都有点忘记 当时是怎么撸的了 好像是每个号存了1000u吧 时间太遥远了。我没有用他的perps交易。属实难用。。。真是我了个草 https://t.co/ywbCjQctrq
1968103016793510276,Wed Sep 17 00:01:39 +0000 2025,37,3,11362,收益与费率,https://x.com/gch_enbsbxbs/status/1968103016793510276,0,这么多年了 为什么 pendle 不设计出 类似uniswap v3 的LP。一直停留在amm的机制上。同时自定义手续费。 提高流动性和资本效率。 这样就能提高交易的活跃度了。 pendle 这个产品 应该能更上一层楼。 就像早期挖矿 都是amm的池子 靠激励。没有激励，AMM的池子根本无法盈利。而现在都是v3
1967786496104206735,Tue Sep 16 03:03:55 +0000 2025,127,11,22010,"收益与费率, 衍生品套利",https://x.com/gch_enbsbxbs/status/1967786496104206735,1,早上 闲着没事 写了个pendle的监控。监控波动。 另外发现 早上有2个巨鲸直接聚合器 买了1000万u的 usdf 导致益价了百分2。有不少人在套利 现在已经全方位 监控 falcon相关的信息了。 pendle + swap + pools https://t.co/hukTKeLyUX
1967077487680385156,Sun Sep 14 04:06:34 +0000 2025,22,0,10528,交易心智,https://x.com/gch_enbsbxbs/status/1967077487680385156,0,除了 plasma， 我就存了@falconfinance。 就没有搞别的项目了。noble 之前也存了，不过那是我对noble很了解。 所以我敢上仓位存。而且直接存了5个月。  这个falcon 不是因为搞了预售这一波 我是不会存的。 只会买YT。 8月之前我对falcon并不了解。  所以老铁们 存钱项目 一定要慎重。
1967072721332040085,Sun Sep 14 03:47:37 +0000 2025,79,5,51511,交易心智,https://x.com/gch_enbsbxbs/status/1967072721332040085,0,终于 还是暴雷了 一个稳定币。 现在的稳定币 多得我都数不清 就像当年的 算法稳定币一样。  yala 是第一个跑路的 但是肯定不是最后一个。  只希望大家在看项目的时候 自己做下研究 不要看几个kol的广告 就直接冲了。 很多文章 是不是广告 一眼就能看出来。 文章 经过细心排版。有附带一大堆图标
1967068968084185519,Sun Sep 14 03:32:43 +0000 2025,25,1,8499,交易心智,https://x.com/gch_enbsbxbs/status/1967068968084185519,0,基于前文这个YT策略的 延伸策略。 前文策略 需要 2个日期 且 远期和近期。 那么 还是以@falconfinance 来举例子。 当前近期日期 只有10天。那么10天后 前文的策略就无法应用。  那么更换一下思路。 10天过后有2个 相同到期日的 YT。 一个是susdf。一个是usdf 如果你仍然看好后续YT的表现。但是
1966875754874237312,Sat Sep 13 14:44:57 +0000 2025,5,0,2051,交易心智,https://x.com/gch_enbsbxbs/status/1966875754874237312,0,做理财策略。 需要各种计算。不仅是计算收益率。还要考虑流动性。资金效率 风险等诸多问题。 每个人想法不一致 所以操作结果 会有所不同。
1966871907673993356,Sat Sep 13 14:29:40 +0000 2025,80,16,29636,交易心智,https://x.com/gch_enbsbxbs/status/1966871907673993356,0,再给大家说个YT策略。 不知道大家 用过这种YT策略的没。 一般很多时候 存在2个日期的YT 如果 apy 相差不大的话。 可以考虑 卖出远期YT 买入近期YT。 具体来说就是mint远期PT+YT。卖掉YT，买入短期YT。 这是期货市场上比较常见的操作。  这样的目的是远期YT单价比较贵。能够买到的YT数量少。
1966130931502313618,Thu Sep 11 13:25:17 +0000 2025,24,1,9324,收益与费率,https://x.com/gch_enbsbxbs/status/1966130931502313618,0,这篇推文里的 backpack 循环贷的玩法 其实也挺不错 有兴趣 可以撸 不过剩余时间不多了 应该就10多天吧 估算20apr + 积分 优势看好背包，且我认为资金安全系数高。 我有资金正在做这个策略。 最后 巨鲸别来沾边。池子小
1966087478038900868,Thu Sep 11 10:32:37 +0000 2025,20,1,8478,交易心智,https://x.com/gch_enbsbxbs/status/1966087478038900868,0,再多说几句。 刚刚查了下 euler的 清算机制。价格是通过专有的PendleOracle适配器计算的。而不是固定汇率。 我自身到不担心这个问题。 因为我本次的PT 只玩14天。 出幺蛾子的概率不大。 同时 我是上了监控的。（可以查看我前几天推文）  我认为按照市场价格清算 会更加合理。 这样 就避免了 用户
1965938520167719063,Thu Sep 11 00:40:43 +0000 2025,51,7,32125,收益与费率,https://x.com/gch_enbsbxbs/status/1965938520167719063,0,说下昨晚的操作。 昨晚 清仓了YT。（小赚百分5+积分）。 反手买入了PT 。 具体的策略是  mint PT+YT。 卖出YT。 抵押PT循环一次，euler借满USDC。 再euler存入USDC  apr 百分30+ 积分。 预期apr 约 50 。 之所以没有采取 拉满杠杆直接PT循环贷。 是因为这次上的仓位还是比较大的。 我不喜欢太被动。
1965928479914078612,Thu Sep 11 00:00:49 +0000 2025,136,22,46379,交易心智,https://x.com/gch_enbsbxbs/status/1965928479914078612,0,今天深入解读下YT。 由于我最近经常看见评论问 什么是YT？ YT不是会归零吗？ 所以我准备了这个帖子。  我不喜欢聊太小白的内容。 我也不喜欢长篇大论。 如果你不了解YT。 理论知识可以翻一下其他博主。  今天谈谈我的理解 买YT的核心 需要看项目发币的时间和预期。时间越短 越买。 炒币 吵的波动。
1965443652525933033,Tue Sep 09 15:54:17 +0000 2025,50,1,15835,交易心智,https://x.com/gch_enbsbxbs/status/1965443652525933033,0,币安的循环贷活动 马上结束了。  backpack的第二季 也要结束了 第三季利率积分就要下降了 主推挂单交易积分了。偏做市商的角色。 等时间到了 我可能会吧资金哪去干这个。  当前没完全想好资金去处 有一些资金暂时放在 @falconfinance ，我还得再研究研究方案。 本来是计划放在 usdai的。 那边pt循环贷
1964646200080237026,Sun Sep 07 11:05:30 +0000 2025,69,2,46774,交易心智,https://x.com/gch_enbsbxbs/status/1964646200080237026,1,再多说几句吧。 仅个人观点。 大部分人因为fomo 往往只看收益 忽视风险。 而我做这个提醒。是希望大家在赚到收益的同时。不要忽视风险。做一个预防机制。 没有人敢说 某个项目或者协议。百分百安全。都是基于自己的认知去判断。 每个人的认知又不一样。 https://t.co/Z2Jiyeibnb
1964619981263630495,Sun Sep 07 09:21:19 +0000 2025,4,0,3631,交易心智,https://x.com/gch_enbsbxbs/status/1964619981263630495,0,@falconfinance 补充说下 监控金库余额 是指 借贷池的usdc 余额。
1964619405117305017,Sun Sep 07 09:19:01 +0000 2025,72,3,14595,交易心智,https://x.com/gch_enbsbxbs/status/1964619405117305017,0,今天看见 好多推文 在聊 @falconfinance  的PT借贷池里 存入usdc 赚基础收益+积分。 我需要 给大家 提醒一下： 这里面协议风险 基本问题不大。因为都是风险隔离的 1对1的借贷 核心问题是流动性。 当存款被大量取走以后。且余额为0的时候。你的存款就无法取出。除非借款人主动还钱。 （参考之前的usual
1964610615269544317,Sun Sep 07 08:44:06 +0000 2025,19,0,9501,交易心智,https://x.com/gch_enbsbxbs/status/1964610615269544317,0,波段是个技术活。非常考验交易能力。 wlfi 目前走势来看 还没到顶。  等再拉一波 就考虑重新入场空了。 很多人想把wlfi 纳入长期做空的标的。 但是从项目方一系列骚操作来看。显然不是那么的简单的事情。 wlfi项目方 对这个项目的态度明显就不是像meme币那样 割一波就走。
1962860208310583793,Tue Sep 02 12:48:36 +0000 2025,69,3,17549,选品标准,https://x.com/gch_enbsbxbs/status/1962860208310583793,1,还是多说几句吧。 不是所有的币 都能够采用LP的玩法。 如果你要玩 最好满足我之前说过的以下核心条件 1/是相对比较热门的项目方发的币，  2/先在DEX上线。  3/最好是有盘前期货价或者场外otc价作为参考。  撸毛的一次性项目 就当撸毛玩就好。 什么叫大项目？ 至少 TGE 你得能上1线的CEX https://t.co/jcTDuPgOEf
1962745199937085790,Tue Sep 02 05:11:36 +0000 2025,31,0,18574,交易心智,https://x.com/gch_enbsbxbs/status/1962745199937085790,0,我对 wlfi 和xpl的策略 目前采取的方案仍然是波段 是 做空方向的波段。 逢高就空。逢低平仓。 不做多。 至于空的金额，我会根据预售 和挖出来的代币 来平衡。 不会全部一次性空。会分批建仓，这样心里压力会小很多。  wlfi预售的代币 解锁时间 遥遥无期。 等解锁 黄花菜都凉了。
1962528351878557754,Mon Sep 01 14:49:55 +0000 2025,175,16,52971,交易心智,https://x.com/gch_enbsbxbs/status/1962528351878557754,0,wlfi总结：  我看了所有人评论。简单说下 首先 需要提前在三条链上提前布置好LP 至于资金分布。首先 需要确保 ETH主网的仓位 较大。至少得个三四万刀吧。不然赚的不够gas。 很多朋友 没赚到钱 就是因为仓位小了。  我这次只做了 eth 和sol 没有去bsc。 整体收益 大概10个点左右。
1962499159342371327,Mon Sep 01 12:53:55 +0000 2025,86,7,150800,衍生品套利,https://x.com/gch_enbsbxbs/status/1962499159342371327,0,来 各位老铁 晒下 自己LP和套利的战绩。。。 看看大家撸得如何。
1962376673661423623,Mon Sep 01 04:47:12 +0000 2025,0,0,653,交易心智,https://x.com/gch_enbsbxbs/status/1962376673661423623,0,@DefiFarmerYue LP 没有25倍啊
1962342416297673077,Mon Sep 01 02:31:05 +0000 2025,127,24,85799,衍生品套利,https://x.com/gch_enbsbxbs/status/1962342416297673077,0,wlfi各个链的token地址： ETH：0xda5e1988097297dcdc1f90d4dfe7909e847cbef6 sol： WLFinEv6ypjkczcS83FZqFpgFZYwQXutRbxGe7oC16g bsc： 0x47474747477b199288bf72a1d702f7fe0fb1deea  wlfi项目方 提前做了很多准备。他应该会提前在各个链部署池子。这样的话 差价套利 可能就没多少机会了。
1962133996411945351,Sun Aug 31 12:42:54 +0000 2025,89,4,56811,衍生品套利,https://x.com/gch_enbsbxbs/status/1962133996411945351,0,无论你是否参与了之前了wlfi 打钱 明天都应该关注 wlfi相关的信息。 套利 LP 一样也是可以赚不少的。 由于体量大 能容纳下不少资金。  由于最近存钱项目很多。实际也体现了各位老铁的理财能力。 我认为 资金灵活度和资金效率 非常的重要。 这会让你在任何时候都有操作空间。
1962097573398999523,Sun Aug 31 10:18:10 +0000 2025,229,29,253906,衍生品套利,https://x.com/gch_enbsbxbs/status/1962097573398999523,0,明天wlfi开盘 价格 会是 sol主网价格大于 eth主网价格。 大于交易所现货价格。 如果你能想清楚 为什么会这样。 你套利就入门了。
1962056314919715116,Sun Aug 31 07:34:13 +0000 2025,111,16,259262,交易心智,https://x.com/gch_enbsbxbs/status/1962056314919715116,0,第一套玩法是 组LP 第二套玩法 是搬砖了。 2个链肯定存在差价。 所以 你首先要熟悉 link的 跨链。 了解它的机制，传输时间。 然后 等上线后。可以两边搬砖  一个数被动赚钱 一个是主动赚钱。 至于最终这么玩 就看你自己了 小白慎入。
1962032416266354742,Sun Aug 31 05:59:15 +0000 2025,0,0,1609,交易心智,https://x.com/gch_enbsbxbs/status/1962032416266354742,0,@auddk111 为什么？ LP积分少很多
1961647139941224484,Sat Aug 30 04:28:18 +0000 2025,27,3,8695,交易心智,https://x.com/gch_enbsbxbs/status/1961647139941224484,0,其实 理财 真的那么的简单么  也不完全是。 做的是细致的活。 如何资金效率最大化。如何让资金更灵活。 对风险的掌控。收益的计算。  我发布的这3个连环方案。 可以同时操作的。 而一般人往往嫌麻烦 就只做了其中一个。 实际上 你可以一个不落的 都做了。  当然 很多老铁说 我没本金 没钱。
1961102871388414196,Thu Aug 28 16:25:34 +0000 2025,13,0,17080,"选品标准, 衍生品套利",https://x.com/gch_enbsbxbs/status/1961102871388414196,1,bn这边 也是不是也要爆空头？ 我已经没套了。这会只能波段 无法套利了。 因为各个市场完全没有互相影响的迹象。 我盲猜一下剧情。 可能会拉到0.45-0.5 之间。 然后开盘的前一天某个时间点。 瞬间 又跌回0.2出头  这个所谓的盘前合约。实际就是一个比钱多的游戏。 跟筹码多少。项目估值 https://t.co/2EAaAc73vV
1960500748124614869,Wed Aug 27 00:32:57 +0000 2025,2,0,658,交易心智,https://x.com/gch_enbsbxbs/status/1960500748124614869,0,@ouyu198269 去cex 开单 就可以了。需要观察流动性 是否充足。
1960483529294479460,Tue Aug 26 23:24:32 +0000 2025,7,0,8270,交易心智,https://x.com/gch_enbsbxbs/status/1960483529294479460,0,虽然 有巨大价差。 但是不要贪心。 仓位 不能上太大。 给足 资金 当价差扩大以后。 留着继续加仓。 所以 分批进行开仓。 觉得盈利可以了 就平。 继续等机会。  写个价格监控 工具， 和 下单工具 即可，  手动进行下单！ 手动进行下单！ 手动进行下单！
1960476617022857549,Tue Aug 26 22:57:04 +0000 2025,7,0,7855,交易心智,https://x.com/gch_enbsbxbs/status/1960476617022857549,0,不要怂 对冲仓位 开起来！！！！12个点的差异。 干wlfi 不要干xpl 那个没有流动性。
1960401224773328941,Tue Aug 26 17:57:29 +0000 2025,66,1,51340,收益与费率,https://x.com/gch_enbsbxbs/status/1960401224773328941,1,结合之前的币安usdc理财活动的改进玩法。30-40APR  得益于xpl的活动。所以循环贷 又可以有了改进玩法。可以进一步提高收益。 之前的2次 都是秒光。 但是这次 由于额度少。就有充分的时间操作。虽然一个账户只有1万的额度。 但是很多人不知道的是 币安有子账户功能。 可以申请5个子账户 https://t.co/P2GnwiAMhO
1960270137908715929,Tue Aug 26 09:16:35 +0000 2025,67,11,21650,交易心智,https://x.com/gch_enbsbxbs/status/1960270137908715929,1,有老铁问 我是套这个wlfi 或者xpl 是手动还是脚本。 我是脚本和手动一起弄。 对于用过ai的人 其实会知道 写这样的一个 监控加下单的脚本 有多么的简单。估计1小时就写好了。再花1-2小时测试bug 就可以了。担心出什么岔子 就监控提醒 用脚本。下单用手动 也是可以的。 ai在不断的迭代提高。 https://t.co/iQ7ZvJ5xs9
1960019030942925156,Mon Aug 25 16:38:47 +0000 2025,23,0,11800,交易心智,https://x.com/gch_enbsbxbs/status/1960019030942925156,0,已经撸了2个多点了。由于流动性很足。开一个合适的仓位 撸个几千u 还是没问题的。 风险不大。就当给自己发空投了，算上昨天撸的 我已经把投资wlfi的本金 撸回来了😂😂😂
1959993598063345798,Mon Aug 25 14:57:43 +0000 2025,6,0,15664,交易心智,https://x.com/gch_enbsbxbs/status/1959993598063345798,0,okx 和bn 的价差 已经在缩小了。 目前盈利1个点
1959993473559638126,Mon Aug 25 14:57:13 +0000 2025,13,0,5519,衍生品套利,https://x.com/gch_enbsbxbs/status/1959993473559638126,1,xpl 也可以套。 价差 和资金费率差 是同一个方向。 虽然抹茶 价格很便宜 但是我一般不用这种野鸡交易所套利。 还是用币安 稳当点。 https://t.co/enTpMNpICa
1959540971911442684,Sun Aug 24 08:59:08 +0000 2025,21,1,7828,衍生品套利,https://x.com/gch_enbsbxbs/status/1959540971911442684,0,再多说点吧。 很多人对这种单机版套利担心风险较高。 担心价差没有按照预期缩小。而是扩大。 不过 遵循以下几点 我认为就可以一定程度避免这个问题。 1/只玩流动性充足。热度高的币。别碰市值几百名以外的垃圾币。 2/开仓 最好是价差 资金费率差 相同开仓方向进行操作。 3/不要玩野鸡交易所。
1959535274901540873,Sun Aug 24 08:36:30 +0000 2025,15,0,19607,衍生品套利,https://x.com/gch_enbsbxbs/status/1959535274901540873,1,okx hype 的价格已经完全反转了。 单机版 还真得蛮有意思的。 价差百分比 正负之间反复横跳。 一旦出现大金额挂单，就是套利的机会点。 https://t.co/BcHPOMf5my
1959524323221549537,Sun Aug 24 07:52:59 +0000 2025,11,3,14569,衍生品套利,https://x.com/gch_enbsbxbs/status/1959524323221549537,0,okx 做空。 hype做多。 价差 资金费率 双吃 还是蛮爽的
1959444622423597336,Sun Aug 24 02:36:17 +0000 2025,45,4,21414,衍生品套利,https://x.com/gch_enbsbxbs/status/1959444622423597336,1,其实 wlfi 做差价或者资金费率 套利 收益 也还是不错的。 这要得益于 各个交易所没有现货锚定 玩的都是单机。 以及每个交易所的预言机机制不太一样。 https://t.co/MlSGDknpa8
1957967603051466921,Wed Aug 20 00:47:08 +0000 2025,5,0,5698,方向性战法,https://x.com/gch_enbsbxbs/status/1957967603051466921,0,这次下跌之快 有点超出预期。 之前是组的做空方向的LP 已脱离区间了 只能平仓了。 目前 我觉得当前价格 可以开始组单边LP  试试看能不能接到货。eth 4100-3300
1957355483775549488,Mon Aug 18 08:14:47 +0000 2025,8,0,5231,交易心智,https://x.com/gch_enbsbxbs/status/1957355483775549488,0,感觉自从这个帖子发完之后。 借贷额度 变紧张了。 借不到 多少usdc了。 看来又被卷啦。
1956666896318865755,Sat Aug 16 10:38:35 +0000 2025,72,9,45072,收益与费率,https://x.com/gch_enbsbxbs/status/1956666896318865755,0,科普下，如何在币安进行循环贷 无风险 白嫖20以上apr？ 假设初始资金是 usdc 存入理财活期。赚12apr  拿着这个活期理财 借btc。支付百分1 然后拿着btc 抵押 再借usdc。支付百分4 借出来的usdc 再存进去。赚12，（利息差，百分8） 每一次循环 资金都会减少。 同时考虑到大饼的波动
1956374479627760045,Fri Aug 15 15:16:38 +0000 2025,79,10,19392,交易心智,https://x.com/gch_enbsbxbs/status/1956374479627760045,0,结合之前的理财步骤。再次给大家 深入解析一下LP的一些策略和注意事项。 这个文章主要讲解的是头部币玩法，不是土狗。 （BTC ETH SOL BNB SUI） 关于LP我已经发过很多文章里。至少有5次了。从土狗到主流币都有。  对于不太喜欢交易的。以及不喜欢盯盘的。其实LP 是一个不错的方法。 但是 玩LP
1953049946640531742,Wed Aug 06 11:06:07 +0000 2025,3,0,4056,挂单算法,https://x.com/gch_enbsbxbs/status/1953049946640531742,0,@Backpack 我之前发布的开源脚本，是没问题的。我一直在用， 你可以选择马丁或者网格 ，区间自己调。不过只能做多。
1953005005335560201,Wed Aug 06 08:07:33 +0000 2025,105,8,36405,收益与费率,https://x.com/gch_enbsbxbs/status/1953005005335560201,0,再给大家提供一点 赚点理财收益的思路吧 我有一部分资金正在操作。 1/ 把稳定币 存入 @Backpack ，百分5apr+积分。 积分价值 我不好计算收益。属于仁者见仁  2/借出来sol。支付百分2利息。再把sol拿去换成lst。 或者组LP。 这个怎么玩并不固定 也是仁者见仁。 你甚至可以抵押lst 再借钱出来
1951194349808787894,Fri Aug 01 08:12:39 +0000 2025,31,1,6037,交易心智,https://x.com/gch_enbsbxbs/status/1951194349808787894,1,meteora sdk 更新了。@MeteoraAG 新功能就是单个头寸最大支持1400bin。  我之前使用的是1.54的版本 ，  最新的sdk 版本是1.6。官方这两天给更新了。所以旧的版本需要更新。 同时里面的头寸创建方法 也需要更改。 使用它最新的函数。 在它的https://t.co/Wn4Iofr133 文档里有说明。 https://t.co/MXf8WmLmXs
1948733203566789056,Fri Jul 25 13:12:56 +0000 2025,490,97,122803,交易心智,https://x.com/gch_enbsbxbs/status/1948733203566789056,3,思来想去 还是决定开源了，原因是@MeteoraAG官方搞了这个活动。 加上我又喜欢大家给我发好人卡。 所以就开源了。 这是基于上一版重构的版本 上一般的链接是 https://t.co/6YV5PnrKjp  这一版 主要围绕架构重构，和策略的调整，加入了非常复杂的分析功能，和自定义参数的功能， https://t.co/eY5cCn5XY2
1946921155300069516,Sun Jul 20 13:12:30 +0000 2025,3,0,861,衍生品套利,https://x.com/gch_enbsbxbs/status/1946921155300069516,0,@caonama990 python node js。 套利和策略。  链上 和 cex
1946164028239413295,Fri Jul 18 11:03:56 +0000 2025,24,1,6505,交易心智,https://x.com/gch_enbsbxbs/status/1946164028239413295,1,最近可能出了几个金狗 就有朋友 问我 meteora 这么玩 我就给他录了个视频 也发给你们看看吧， 概括的讲就是 严选币种+计算基准收益率+头铁=盈利 （视频中的操作 是脚本操作 不是我人为，如果是人为的话 可能就直接止损了） https://t.co/DRye6woeXi
1945082668837666968,Tue Jul 15 11:27:00 +0000 2025,56,8,13102,衍生品套利,https://x.com/gch_enbsbxbs/status/1945082668837666968,1,这几天 什么都不想做。。。 本来计划重构下套利的脚本 但是写完监控 就不想继续搞了 不仅如此 有很多资金 就放在交易所 也没折腾了  哎 不知道为什么 感觉币圈 越来越乏味了 https://t.co/HJEAv76Mlz
1941770416030384135,Sun Jul 06 08:05:18 +0000 2025,11,0,5987,交易心智,https://x.com/gch_enbsbxbs/status/1941770416030384135,0,交易是门槛很低 但是难度比较高的 赚钱手段 所以 我一直在克制自己。不让自己突破原则。 每次手动交易 都会告诫自己，想问问自己的交易水平。 合理的仓位，合理的交易频率。  先掌握好这个节奏 慢慢提高
1941767480684445812,Sun Jul 06 07:53:38 +0000 2025,64,7,16626,衍生品套利,https://x.com/gch_enbsbxbs/status/1941767480684445812,1,我之前写过一个 backpack和hype交易所套资金费率的脚本 包含差价和资金费率 套利。 开源发出来了。 不过当时 刚入门ai编程。 回头再看程序写得很垃圾 只能算个半成品，（那会我连给ai喂文档都有点吃力） 所以我最近有了重构的想法。先想好架构，然后逐一模块化编写。架构真的太重要了。 https://t.co/ikwOdoXuZC
1941413222982222267,Sat Jul 05 08:25:56 +0000 2025,52,11,16450,交易心智,https://x.com/gch_enbsbxbs/status/1941413222982222267,1,sol LP 跑了一段时间了。收益率还可以，关键还是稳定 省心最重要。 架构确实很重要，在细节修改和拓展性上 都非常的容易。本次重构 加入了一些数据分析，智能算法在里面。能够根据价格波动和收益率 智能决定头寸处理方案。 止损或者重建。（请原谅我 暂时不能开源 因为土狗LP的市场规模太小了 https://t.co/UFShPByTAv
1941020033884574133,Fri Jul 04 06:23:33 +0000 2025,2,0,581,衍生品套利,https://x.com/gch_enbsbxbs/status/1941020033884574133,0,@refl4cti0n 监控价差，分析价差敞口和持续时间，观察价差回归时间，积累数据 分析是否能套。 能就套 不能就放弃。 目的就是边撸积分 边套利赚点小钱。 还是很麻烦的 这个需要追求速度。
1940983078308270561,Fri Jul 04 03:56:42 +0000 2025,14,1,13727,衍生品套利,https://x.com/gch_enbsbxbs/status/1940983078308270561,0,又想写脚本了 手又痒了。 正好bp开了新的赛季。我想吧之前的套利脚本 重写一下。 那会写代码的能力不行。根本不懂架构。写的代码非常冗余 无法拓展和修改。 不过现在不一样了，现在写代码我自认为对程序架构这一块 还是比较有自信的。 lighter 是个好的套利对象，但是没有api， 还有什么好的交易所
1940977511883854137,Fri Jul 04 03:34:35 +0000 2025,5,0,3595,交易心智,https://x.com/gch_enbsbxbs/status/1940977511883854137,0,最近行情很淡 离开了几天。 发现都在聊美股上链 哎 这实际是利空币圈哎 在股市里 无论是交易成本 还是流动性 都比币圈要好 当然如果眼光放长远看的话，基于区块链架构的金融系统对比传统的金融系统 哪个好。这也不是马上就能得出结论的，需要很长的时间去验证。 anyway机会总是还是有的
1937890590093709752,Wed Jun 25 15:08:15 +0000 2025,3,0,3030,交易心智,https://x.com/gch_enbsbxbs/status/1937890590093709752,0,很期待@Backpack_CN 的第二季，按照推上的消息 下一季度会上线vault，这个功能是改善流动性的神器。 整个交易所的交易环境会大幅度改善。
1936729414970298481,Sun Jun 22 10:14:09 +0000 2025,18,1,6625,交易心智,https://x.com/gch_enbsbxbs/status/1936729414970298481,0,每个人都有自己的交易原则 我的原则是看空不做空，不上高杠杆。不做超短线 大部分情况都是判断拐点。 我认为做交易 活得久比赚的多更重要。 这与很多人的行为不一致。 我还是太保守了吧。。。
1936399737588260992,Sat Jun 21 12:24:08 +0000 2025,89,12,21782,衍生品套利,https://x.com/gch_enbsbxbs/status/1936399737588260992,0,说两句吧 套利这个赛道 玩法很多 我是这么区分类型的  自动机器人套利 需要找 一个冷门的地方 没人和你卷的。容量有限的。首先排除eth 和 sol  sui 手动套利要等机会，没办法天天玩。新币上线 或者某个币极端行情。所以需要监控。 除此以外 就是理财类型的套利 不用工具，需放大利率，但是收益率一般
1935307297762459663,Wed Jun 18 12:03:10 +0000 2025,15,2,6097,交易心智,https://x.com/gch_enbsbxbs/status/1935307297762459663,0,如果你的资金没什么去处，可以考虑这个理财方案 最近 @fragmetric 这个挺活跃的 没什么好项目的朋友 可以搞搞。就当理财了， 收益 预计算上tge 20点 应该没什么问题 方法很多 存钱到bp 借sol。 或者存钱到ligher 套保sol  把sol 丢到@fragmetric 存进去  要么从币安web3钱包的活动里存 要么从官网存
1935274412825366655,Wed Jun 18 09:52:30 +0000 2025,1,0,3289,交易心智,https://x.com/gch_enbsbxbs/status/1935274412825366655,0,今天看见很多人在发@fragmetric 的NFT发射。 我已经很久没关注nft了。 我就去看了下我的nft。坏孩子 树懒 大象 madlads 基本上跌到了脚踝了。 估计了一下平均回撤在70-80左右 极端的90 。。。 nft 跌起来 卖都不好卖 也不给反应时间。 暂时没有 补仓的想法。这部分nft的仓位 就继续躺平吧
1934482723810554138,Mon Jun 16 05:26:36 +0000 2025,28,2,36263,交易心智,https://x.com/gch_enbsbxbs/status/1934482723810554138,3,这是我重构的sol的脚本文件。都是src目录下的，第三个图是web前端，前端同样也是模块化， 数量非常多吧？ 但是我现在掌握这个架构 完全没有什么压力 里面每一个脚本是做什么的，有什么功能，每一个步骤如何执行。 脚本互相之间依赖关系，怎么调用 我都非常清楚。 后面如何拓展我也清楚。 https://t.co/dlZGfh6Lpx
1934445301471105204,Mon Jun 16 02:57:54 +0000 2025,32,1,8543,交易心智,https://x.com/gch_enbsbxbs/status/1934445301471105204,0,因为 zkj 和koge 崩盘 我看见很多博主聊LP 就像是什么洪水猛兽一样劝所有玩家不要碰。 我想说 你们发ca得时候 喊单的时候 说过这话吗  归根结底就是 你自己不玩LP 但是你玩土狗。 因为玩LP 你没办法喊 玩土狗 你可以。  DEFI 多出来多少年了。 怎么可能还有人不知道LP是什么
1934273513105531197,Sun Jun 15 15:35:17 +0000 2025,43,1,21976,交易心智,https://x.com/gch_enbsbxbs/status/1934273513105531197,0,LP 还是回归sol 比较好，充分的博弈，各方都能玩， 炒币的 跟单的 阴谋盘，还有各种机器人之类的 反正是各显神通了。 不像这个bsc 太畸形了。 最近在重构 我的 sol的LP脚本。 准备 引入很复杂策略。之前的架构不行。没办法改。 以我现在写代码的能力 基本上能掌控了。 sol的东西我觉得生命力很顽强
1934241999819038740,Sun Jun 15 13:30:03 +0000 2025,22,1,10751,收益与费率,https://x.com/gch_enbsbxbs/status/1934241999819038740,1,前几天 才发了 LP得脚本 和玩法拆解。 不知道 有没有老铁受伤。 我自己是不玩 koge 这种币的。因为收益太低了  脱离区间就会亏。 玩LP 就要做好 脱离区间的打算，要假设在有限的时间内脱离区间 不亏钱 才能组。 例如当前的fee 赚1个小时 脱离区间不亏钱 就能玩。 如果不能，就不能玩。 https://t.co/LLpSzpdWcm
1933717563911123317,Sat Jun 14 02:46:08 +0000 2025,21,0,12081,交易心智,https://x.com/gch_enbsbxbs/status/1933717563911123317,1,有老铁说 我这是保安监控室。  我觉得很形象 哈哈  这些显示器也是逐个买的，从15寸到 42寸 不等。 各种牌子都有。为什么搞这么多？ 因为要跑程序，要监控啊，还要手动操作啊， 比如做交易，你不得一直把各种k线挂着看么？ 我比较懒 我不喜欢频繁的 打开一个程序 关闭一个程序，所以 https://t.co/LVOQCR45Uy
1933426996505423975,Fri Jun 13 07:31:31 +0000 2025,5,0,5519,衍生品套利,https://x.com/gch_enbsbxbs/status/1933426996505423975,0,今年说实话 没什么印象特别深刻的。 就是 年初玩LP 比较赚，然后就是川普币 上线 和崩盘的 套利。  至于空投没赚到什么钱。
1933426114829168704,Fri Jun 13 07:28:01 +0000 2025,20,2,12848,衍生品套利,https://x.com/gch_enbsbxbs/status/1933426114829168704,0,如果放在头两年。 赚得最多的是撸毛 其次是交易 其次是套利。再其次是LP 也可以叫defi吧。  但是 现在的话 应该是靠交易赚钱，其次是套利，其次是LP 其次是撸毛。   2024年 的还是比较多的  而且真的是大毛不少。特别是年初，现在一个毛想破1万u 是真几把难。少得可怜
1933073255319146666,Thu Jun 12 08:05:53 +0000 2025,1,0,250,无常对冲,https://x.com/gch_enbsbxbs/status/1933073255319146666,0,@zhangshy2 合约无法对冲无常损失
1933051611884245126,Thu Jun 12 06:39:53 +0000 2025,1,0,646,衍生品套利,https://x.com/gch_enbsbxbs/status/1933051611884245126,0,@Cody_DeFi 嗯 不过 我也有其他的玩法。但是有些东西不好公开讲 或者没办法讲。 比如有些套利和量化的 是真的不能讲。。。一讲就凉了
1933013337576780181,Thu Jun 12 04:07:47 +0000 2025,39,4,12442,"收益与费率, 风控与防守",https://x.com/gch_enbsbxbs/status/1933013337576780181,0,最近 有不少老铁 跟我推荐 rebalancing 的LP玩法。 原理就是 在v3模式下，自动跟随价格的波动 进行调整LP的区间。 我不太喜欢这种玩法。因为说实话 这种策略 属于无脑的追涨杀跌。 每一次的rebalancing  就是在追涨杀跌。长期跑下来 可能是亏的 波动越大 亏得越多。 而这些项目上标注的 APR
1932980462240346183,Thu Jun 12 01:57:09 +0000 2025,50,10,21746,收益与费率,https://x.com/gch_enbsbxbs/status/1932980462240346183,0,如何在pancakeswap 组上LP赚钱，这是第四版LP玩法发布。 这应该是独属于bsc的玩法。与以往的玩法全不同。 造成这个玩法的本质就是因为alpha刷交易量导致的。 LP要赚手续费的大前提就是 得有交易量。 而交易量 往往在波动较大的时候才会出现，没什么波动意味着交易低迷。交易量很低。
1932701138262081765,Wed Jun 11 07:27:13 +0000 2025,271,53,63832,交易心智,https://x.com/gch_enbsbxbs/status/1932701138262081765,2,好了   开源吧，这是一套程序 okx dex的交易接口+pancakeswap 组LP。比较适合有了一定ai基础的人学习，你可以借鉴这套框架 我认为是非常好用的，使用的是依赖注入+API接口的方式构建的，每一个功能 https://t.co/XMQU3zR15W
1931626940806598927,Sun Jun 08 08:18:45 +0000 2025,23,2,17726,"收益与费率, 风控与防守",https://x.com/gch_enbsbxbs/status/1931626940806598927,0,币安alpha 的利益方 一共有哪些？ 花手续费和gas刷交易量的 组LP赚手续费的 24小时盯着随时待命的mev机器人（这个我已经亲自体验过了，要想躲过mev机器人 ：不能使用公共节点，swap的参数必须设置最低接收数量调到你认为的合理的数值。） 还有什么呢？赚gas的验证节点？我不晓得这部分是否是都燃烧了。
1931046913069162686,Fri Jun 06 17:53:55 +0000 2025,21,1,6087,衍生品套利,https://x.com/gch_enbsbxbs/status/1931046913069162686,0,这种套利 最好还是 能够借到低利率的现货  用合约套保则需要看行情 行情不好 亏的是u。赚的却是币 而币跌了。 就像之前很多人 套保挖usual。看似有利率差，实际币价一直跌  赚得速度 赶不上跌的速度。 类似的例子 蛮多的。 如果借不到稳定的低利率的现货 而你认为到期前的行情不太乐观 就要谨慎了
1930626385141489957,Thu Jun 05 14:02:54 +0000 2025,11,2,5037,交易心智,https://x.com/gch_enbsbxbs/status/1930626385141489957,0,最后 的最后 再补充一下： LP正确的姿势：在交易过热的市场里寻找目标。 哪里交易量火热 就去哪里。  LP为什么要上脚本？让你的LP在你的计划里执行。 如果你不想睡一觉起来 仓位没了，还是弄一个脚本比较好。可以帮你自动止损。  以后再组织语言 发一篇详细的深度解释 今天就到这里了
1930623777962139695,Thu Jun 05 13:52:32 +0000 2025,26,3,10979,"无常对冲, 方向性战法, 挂单算法",https://x.com/gch_enbsbxbs/status/1930623777962139695,0,好吧，再补充一下 LP 如何算， 首先知道基本的概念 v3 模式的LP 的分布模式就类似网格买卖的模式，所以跌破 区间的无常亏损很容易计算 就是区间的百分比的一半，例如你组了一个单边LP 区间百分比时百分10. 假设跌穿了，那么你亏百分5， 而你需要做的事情 有2个，你认为 你组的这百分10的LP 能扛多久
1930592265342525690,Thu Jun 05 11:47:19 +0000 2025,14,1,10265,"无常对冲, 收益与费率",https://x.com/gch_enbsbxbs/status/1930592265342525690,0,先不聊脚本 简单说下LP，任何地方 任何时候 核心就是预判未来的时间fee能跑赢无常。只要判断对了这个，那么就是盈利了。那么你需要做的就是去计算和估算这2个东西
1929890865360843170,Tue Jun 03 13:20:12 +0000 2025,55,4,66750,交易心智,https://x.com/gch_enbsbxbs/status/1929890865360843170,1,写好了 真的累。。 策略 自动LP 和买卖代币。 三个核心功能已经写好了。 为什么我每次截图的界面不一样。 因为这3个功能 是完全独立编写的。 3个功能 有3个前端。。他们使用的端口都不一样。可以同时启动 独立使用。也支持同时启动结合使用。  我非常喜欢这样的架构模式。 https://t.co/YnChDX4k2b
1929461482355597355,Mon Jun 02 08:53:59 +0000 2025,15,0,14373,风控与防守,https://x.com/gch_enbsbxbs/status/1929461482355597355,0,所以 这个脚本没有问题。 只需要增大滑点数值。 就可以确保必定成功。 脚本理解的滑点 和官方定义的滑点 计算方法不一致。 所以老铁们 我又给你们开源了一份新的脚本  感谢我吧 如果你要编写LP的程序 只需要 集成一下就ok了 很简单
1929450540712554635,Mon Jun 02 08:10:31 +0000 2025,18,0,13674,风控与防守,https://x.com/gch_enbsbxbs/status/1929450540712554635,0,问题 已经找到了 脚本在传递数据的时候，会使用amount0Min和amount1Min 的数据 作为滑点。这2个数值是允许接受的最小代币数量。例如我准备存进1个usdt 脚本设置滑点为百分1 那么脚本就会吧amount0Min 设置为0.99。而这个数值不被智能合约接受，范围太窄了。导致失败。 在官网手工添加LP的时候
1929175121056666000,Sun Jun 01 13:56:05 +0000 2025,28,4,16573,风控与防守,https://x.com/gch_enbsbxbs/status/1929175121056666000,0,老铁们 我属实没办法 卡住2天了 每次我以为我解决了 实际没有。真心求助啊！！！！！！！！！ 因为我在pancakeswap添加LP的时候 输入百分比区间和滑点以后，交易始终就像是薛定谔的猫一样。成功和失败完全摸不着规律。 同样的参数 前脚成后，马上再运行一遍 失败了。 我确实很无耐了 这个问题不解决
1928711495988203761,Sat May 31 07:13:49 +0000 2025,2,0,1771,衍生品套利,https://x.com/gch_enbsbxbs/status/1928711495988203761,0,@BarnardWeb3 没有固定的 套利 交易 LP都有
1928698756708577691,Sat May 31 06:23:11 +0000 2025,39,4,35112,交易心智,https://x.com/gch_enbsbxbs/status/1928698756708577691,0,看到留言。还有老铁认为我会写代码。正好就今天遇到的问题举例说明一下 以后不解释这个了 我写这个pancakeswap的工具 进度有点卡壳 目前终于解决了。是因为在智能计算tick数值上 卡壳了 tick是个什么东西？你就理解为一个币的价格。只不过这是从池子角度出发去理解的。就像一把尺的刻度。
1928100288302567818,Thu May 29 14:45:05 +0000 2025,51,3,20640,交易心智,https://x.com/gch_enbsbxbs/status/1928100288302567818,1,已经封装好了 接口的功能和调用也都测试了 没问题了 今天先到这里吧 明天写策略和前端交互和显示。 我现在写东西 基本上 上来就是整一个比较大框架。因为以前写过了 再复刻就非常容易了。这就是用ai的好处。重复的框架 也是能复用的。即便完全不同类型的东西。 基本的框架也都八九不离十。 https://t.co/8BSHhksiaN
1927942318633497012,Thu May 29 04:17:22 +0000 2025,54,6,29982,交易心智,https://x.com/gch_enbsbxbs/status/1927942318633497012,1,好了  这个蠢货 终于知道如何写了 接下来封装合约操作方法。然后写策略和交互界面 争取三天写一份全自动搞LP得脚本出来 https://t.co/DgWUik9cTA
1927925101552378309,Thu May 29 03:08:57 +0000 2025,7,0,21305,方向性战法,https://x.com/gch_enbsbxbs/status/1927925101552378309,1,日死 终于测试成功了 但是这是双边的 我还要测试单边的 需要计算tick，还有很多工作要做。 https://t.co/psDWFHfE3y
1926966222026887333,Mon May 26 11:38:43 +0000 2025,75,5,31560,"收益与费率, 选品标准",https://x.com/gch_enbsbxbs/status/1926966222026887333,1,实战40个sol。10分钟赚400刀fee 我看看有没又老铁 是因为看过我这个文章 今晚实战过huma的，，前两天还有soon  这个事本来是搞忘记了 开盘前5分总 才有朋友提醒我 已经来不及了。。。因为我的sol已经在别的地方组了和放在cex了。。懒得动了 钱包余额 只有40个。不过我一般玩这个 也不敢玩太大 https://t.co/UGPf10Qv4B
1926447983337275556,Sun May 25 01:19:25 +0000 2025,17,0,7529,交易心智,https://x.com/gch_enbsbxbs/status/1926447983337275556,0,上次跟@mdzzi 茶老师线下聊天的时候 茶老师就重点说过@humafinance。这个项目 可惜当时没放心上。主要是这个项目的名字也很抽象。 等推上火起来以后 想撸 已经没存不进去钱了 哎 去sui上挖点矿 还差点被端了老家。 最后 只能拿点jup质押给了点猪脚饭， 总共给了100usdc的额度。。。 茶老师
1926252473481662908,Sat May 24 12:22:32 +0000 2025,171,22,58754,收益与费率,https://x.com/gch_enbsbxbs/status/1926252473481662908,1,这是一个 @MeteoraAG 的 数据监控脚本 不知道有没有老铁需要这玩意。 主要就是 监控所有池子的信息。做详细的数据分析用和报警用（定时轮询完整的meteora数据 包含所有字段） 自定义条件筛选 自定义提醒： 池子fee 异常波动报警提醒。 新池子报警提醒。 （支持声音报警） 这个工具 原本是我自己用。 https://t.co/N4oaY0hqga
1925823242041745774,Fri May 23 07:56:55 +0000 2025,3,0,4477,交易心智,https://x.com/gch_enbsbxbs/status/1925823242041745774,0,现在干啥 都不想手工搞了  全部上脚本写起来也快 上不了脚本的 也要想办法上脚本 backpack meteora alpha
1925522685221904795,Thu May 22 12:02:37 +0000 2025,10,0,7902,交易心智,https://x.com/gch_enbsbxbs/status/1925522685221904795,0,前些天 手里有点闲置的u 就丢到了 sui上的dex 挖矿正好 做一下那边的脚本。。。 当时 我一共放了3个dex 加2个借贷协议  其中就包括cetus。。。  后来 看见cetus收益不行 就换了一个dex。换到了bluefin上了。。。 然后就躲过去了 但是说实话 cetus 不是第一天出来，直到今天才出事
1925469414578606246,Thu May 22 08:30:56 +0000 2025,10,1,6310,收益与费率,https://x.com/gch_enbsbxbs/status/1925469414578606246,1,LP已经玩了一个多星期了 说实话 收益率真得不行。 已经出了不少金狗了。但是赚fee的速度 还是远低于预期 脚本+手动同时玩。 一个星期 大概就赚了百分20 这玩意 属于高风险 而且也看行情 这个收益率 属实是有点低了 脚本目前倒是稳定了 没出什么bug了 主要是这个链上交易确实很不稳定 rpc 容易出错 https://t.co/PHqOzEUUtM
1923334964084629686,Fri May 16 11:09:23 +0000 2025,9,1,11970,收益与费率,https://x.com/gch_enbsbxbs/status/1923334964084629686,0,说下 最近几天重回LP的几个感受。 fee比以前低了不少。 由于行情回暖，目前浇的情况还好。 只要不到鱼尾行情 这个问题 应该不会太频繁的发生。 不过真浇给了 咱也不怂，一天暴跌百分95-99的情况 咱也不是没见过。  以前 组一个晚上 睡醒起来 乐观的话就能赚个百分30-50 现在完全不可能了，
1922915826518122520,Thu May 15 07:23:53 +0000 2025,7,0,4924,衍生品套利,https://x.com/gch_enbsbxbs/status/1922915826518122520,0,起床晚了 恭喜向老师这波套利赚嘛了
1921444461068112063,Sun May 11 05:57:12 +0000 2025,19,0,6637,交易心智,https://x.com/gch_enbsbxbs/status/1921444461068112063,0,不管在什么市场 都有有一个赔率 胜率 都不错的方法。 和美股一样 一年里等一个史诗级的机会。  这个k线和宏观都能找到蛛丝马迹。 k线是否到了历史低位。宏观是否发生了明显变化。 只做那么几次交易，就算别的都不赚钱 也够你这一年里的开销了。  当然如果本金太少 可能需要多上点杠杠。
1921246595267403818,Sat May 10 16:50:58 +0000 2025,9,0,9235,交易心智,https://x.com/gch_enbsbxbs/status/1921246595267403818,1,看见有A9大佬ETH做空 快爆仓的新闻。。。 我都不晓得交易逻辑是什么 对于这种历史性的底部 做空？这可是月K 搏一把史诗级反弹 不是更好嘛 当初的sol 也是这么过来的。。。 https://t.co/IWIOYY6g2P
1920682644678857005,Fri May 09 03:30:01 +0000 2025,17,0,6338,交易心智,https://x.com/gch_enbsbxbs/status/1920682644678857005,1,前两天  1800左右 做多了ETH  目前看 应该能多拿个几天了 https://t.co/xCDtqqUsZ7
1919755724063944981,Tue May 06 14:06:46 +0000 2025,46,2,35101,交易心智,https://x.com/gch_enbsbxbs/status/1919755724063944981,1,LP第三版  一直没说是因为 第三版 必须上脚本， 今天花了一天时间 把框架和核心算法逻辑 写好了  接下来就是调试和解决bug，估计还要花点时间。 让ai模仿的 @MeteoraAG  风格做的ui 看着还不错 哈哈 这次需要带交互功能 不是那种一键启动就不管的 所以就做成了web界面。 https://t.co/w3TeazCZbY
1919336280535802138,Mon May 05 10:20:03 +0000 2025,131,17,27624,衍生品套利,https://x.com/gch_enbsbxbs/status/1919336280535802138,0,对于普通人来说 手搓一份 okx 的DEX脚本 还是非常有必要的。 方便以后套利 直接吧文档喂给ai就可以了 https://t.co/FWUM1aXhZS
1918515017311212017,Sat May 03 03:56:39 +0000 2025,21,0,5471,交易心智,https://x.com/gch_enbsbxbs/status/1918515017311212017,0,我现在用ai写代码，凡事之前实现过的功能。 再写的话。重新编写新的脚本。只要事先吧需求沟通清楚。写出来的东西 几乎不出什么bug。除非是完全没有预料到的问题。 所以现在写一些核心功能已经实现过的脚本效率贼快。 写完 改两下就直接可以上手用了。 我写的那个meteora 脚本就是如此 写完
1918177589174431804,Fri May 02 05:35:49 +0000 2025,142,28,30885,挂单算法,https://x.com/gch_enbsbxbs/status/1918177589174431804,1,这是一个 @MeteoraAG 的DLMM的LP管理工具， 我花了2天时间 自己手搓的。功能上是模块化的 我希望你拿过去自己进行删改。实现你自己想要的各种其他功能。 目前实现的功能主要是： 你可以吧提前创建好头寸和存入资金。 剩下的交给程序自动帮你管理。 简单说就是调整bidask的方向。 如果你不知道 https://t.co/Tgmw5j7N47
1917565031228792935,Wed Apr 30 13:01:44 +0000 2025,17,2,6009,交易心智,https://x.com/gch_enbsbxbs/status/1917565031228792935,0,LP 脚本 是散修老哥帮我解决的核心问题。 所以 能不能开源 得问老哥 我没资格开源。
1917230274674655337,Tue Apr 29 14:51:32 +0000 2025,59,6,12558,"收益与费率, 衍生品套利",https://x.com/gch_enbsbxbs/status/1917230274674655337,0,我每天都在做的事情 交易：有手动的，也有被动的用脚本跑策略。 套利：手动需等机会。也有被动的，靠监控触发 撸毛：目前只有存钱这一种类型。撸积分，属于躺平 DEFI：LP之前都是手动，目前正在写自动化的脚本策略。 有apr比较高的矿 也会挖一下。 另外
1916488260387480035,Sun Apr 27 13:43:02 +0000 2025,61,3,45774,交易心智,https://x.com/gch_enbsbxbs/status/1916488260387480035,0,脚本已经实现了 百分90的功能。私钥解析出钱包-根据策略计算出仓位-建立LP仓位。已经全部完成。 这是我写的第一个纯链上的脚本程序。比预期要快 只花了1天时间。（昨晚开始写的） 由此可以看出 我的经验丰富了不少。（我仍然对代码完全不懂）
1916425190764134522,Sun Apr 27 09:32:25 +0000 2025,40,3,11868,挂单算法,https://x.com/gch_enbsbxbs/status/1916425190764134522,0,我知道 有些老铁呢 没怎么玩过LP，完了 对数据又不是很敏感。所以这种情况下，有些东西 需要尝试。 你才能深刻体会。通过结果反推过程。从而分析数据。 双层马丁策略。这套策略 不是我自己瞎意淫出来的。 背后都是我实测出来的。而设计这套公式算法
1916086010678849899,Sat Apr 26 11:04:38 +0000 2025,201,25,75231,挂单算法,https://x.com/gch_enbsbxbs/status/1916086010678849899,1,自动有ai以后 我有写不完的东西，我正在写LP的脚本 正好有老铁之前没太看明白这个东西 我就让ai帮我吧这个策略 做了一个文字的说明文档。希望可以帮助到大家。 锯齿状的双层马丁嵌套公式，你丢给ai 他就知道你要干什么了。 （实际的使用场景就是 用这套公式去uniswap v3 组池子） https://t.co/U0QWAlywlc
1916034941542142189,Sat Apr 26 07:41:42 +0000 2025,10,0,1563,衍生品套利,https://x.com/gch_enbsbxbs/status/1916034941542142189,0,@Metabape 我现在听见套利 就有点犯恶心
1915713162068000832,Fri Apr 25 10:23:04 +0000 2025,26,1,8672,衍生品套利,https://x.com/gch_enbsbxbs/status/1915713162068000832,1,昨晚睡前和鸭总聊很比较多initia的内容，他对这个比较了解。 原本我想着分享下 我买入逻辑的，后来一想 不对。 最近关注我的都是玩套利的人，这些人都是0回撤的，根本不会接受风险。加上莫名其妙被人阴阳了。 我要是买了他们的币没涨，亏了，那估计要被人骂死。 所以我就改了内容。 这个内容里 https://t.co/exacSSZHW8
1915643404438118454,Fri Apr 25 05:45:53 +0000 2025,1,0,102,衍生品套利,https://x.com/gch_enbsbxbs/status/1915643404438118454,0,@ieasterfan 是的 你的用户群体 可以容忍你错误 但是 这些套利的人 长期做的是0回撤的赚钱路径 不一样的 加上以前我没那么多人关注 现在多了 搞得我现在说话 感觉很不自由
1915640921649033698,Fri Apr 25 05:36:01 +0000 2025,8,0,5806,衍生品套利,https://x.com/gch_enbsbxbs/status/1915640921649033698,0,我不想把自己打上套利博主的标签， 这样我感觉我如果发表某个币的看涨或者看跌的看法 对了还好。如果错了，估计会遭人骂 难。。。
1915460568728862813,Thu Apr 24 17:39:21 +0000 2025,2,0,1487,交易心智,https://x.com/gch_enbsbxbs/status/1915460568728862813,0,@Cody_DeFi 什么叫vip制？ 就是组LP挖矿。但是LP赎回等21天 就这么简单
1915460201089819008,Thu Apr 24 17:37:54 +0000 2025,37,0,36460,收益与费率,https://x.com/gch_enbsbxbs/status/1915460201089819008,0,说下initia  现在链上1万多apr 收益在狂飙之中。还挺稳 cex 没开放提币。开放了之后 这个收益率 应该会下降了。 所以价格突然就起飞了，这个矿都想冲一下。其实是老玩法了。挖矿赎回要等21天。 所以赌涨跌 还是挖矿。老铁们自己把握 ，我不做推荐。 情况就是这么个情况。不懂逻辑的 就别参合了
1915381848802562168,Thu Apr 24 12:26:33 +0000 2025,128,31,50364,衍生品套利,https://x.com/gch_enbsbxbs/status/1915381848802562168,1,套利新手朋友 请再熟读以下操作纪要。 这波initia 如果你没撸到 就说明还不够熟练。 还要再积累经验 新币上开盘往往伴随的 就2个核心要素 不同交易平台的价格差异。 和非常高的交易量。 早一秒 进场 就吃肉 晚一秒 就喝汤 https://t.co/cP1JA6RfDg
1915374462008254877,Thu Apr 24 11:57:12 +0000 2025,13,1,7767,衍生品套利,https://x.com/gch_enbsbxbs/status/1915374462008254877,1,套利 LP不分家 手脚不灵活 就组LP https://t.co/GyXTVGO7xT
1915286048562893273,Thu Apr 24 06:05:52 +0000 2025,6,0,4043,衍生品套利,https://x.com/gch_enbsbxbs/status/1915286048562893273,0,这个世界上 能赚钱的法子 只要被广泛传播了 就会内卷， 这不是只有套利 这适用于所有的行业
1915284224812478612,Thu Apr 24 05:58:38 +0000 2025,42,1,17669,交易心智,https://x.com/gch_enbsbxbs/status/1915284224812478612,0,1/我认为代码这个东西，我认为没有多么的神圣，不是说用ai写了 它就不能用，ai写的就是比人写的垃圾。就是有bug
1915026825765654712,Wed Apr 23 12:55:49 +0000 2025,212,53,104998,交易心智,https://x.com/gch_enbsbxbs/status/1915026825765654712,0,LP玩法第二版：如何组头部币的LP。 之前在第一版的时候介绍过LP玩法，优缺点很明显 收益高，风险系数我认为是中等，但是不是天天都能玩。 今天说个低风险 天天都能赚的策略。但是收益没有那么的高。 这是我平时用来赚点被动收入的方法。欢迎你来卷我
1914980273508307239,Wed Apr 23 09:50:50 +0000 2025,17,1,6182,交易心智,https://x.com/gch_enbsbxbs/status/1914980273508307239,0,老铁们 这是介绍LP玩法的第一版 以后再给你们继续深挖 继续讲别的 玩法蛮多的。
1914965016371187997,Wed Apr 23 08:50:12 +0000 2025,1,0,4045,交易心智,https://x.com/gch_enbsbxbs/status/1914965016371187997,1,都说市场流动性不好 缺乏资金涌入 可是u的增发怎么还创新高了呢 钱都在谁手里呢？🤪 https://t.co/qnnoPJWlct
1914945126377673189,Wed Apr 23 07:31:10 +0000 2025,457,103,116304,选品标准,https://x.com/gch_enbsbxbs/status/1914945126377673189,0,不知道大家对跨境支付 是否有需求。介绍几款神器给你们用。 最近backpack出了法币出入金，已经变成了出金神器！ 用的是电汇的方式。0磨损。这是一个非常难得的功能。因为我经常流转于各个市场。 这对我来说是一个很好的方式。我以前都是用的比如hsk 或者 otc 港币的方式。 那么现在这个会更加方便了。
1914933717157777419,Wed Apr 23 06:45:50 +0000 2025,354,75,120457,选品标准,https://x.com/gch_enbsbxbs/status/1914933717157777419,0,没有拿到空投，如何靠LP也一样赚到高收益。 今天来深入讲讲这个。（哎 其实不想讲 因为大家会了又会卷 希望大家不要怪我） 首先这里有几个大的核心点： 1/是相对比较热门的项目方发的币， 2/先在DEX上线。 3/最好是有盘前期货价或者场外otc价作为参考
1914673276368118218,Tue Apr 22 13:30:56 +0000 2025,21,4,8189,交易心智,https://x.com/gch_enbsbxbs/status/1914673276368118218,1,没有拿到hyper空投的老铁 可以考虑用LP给自己发一份空投。。。 整体数据还是相当炸裂的 操作得当 赚10-20点个没压力。 https://t.co/o7octvymAy
1914617673872498937,Tue Apr 22 09:49:59 +0000 2025,23,4,8197,"收益与费率, 挂单算法, 衍生品套利",https://x.com/gch_enbsbxbs/status/1914617673872498937,0,做个小总结。 目前资金费率套利 能赚个15-20的apr。不算手续费和点差磨损。所以不能频繁开关仓 这是我观察了10天左右估算的  马丁脚本 能搞个30-50apr （不算暴跌风险） 参数设置相对比较保守。不能太激进 apr 主要看大饼的波动。  主要还是看空投 没空投 这些收益都没什么意思。
1914570451235553313,Tue Apr 22 06:42:21 +0000 2025,16,4,6116,衍生品套利,https://x.com/gch_enbsbxbs/status/1914570451235553313,1,又有老铁跟我反映一个东西 有点意思 我也聊聊 简单说 就是 在a股期货市场和 国际市场 进行套利。 主要是2个市场没有打通，其实就是a股是单机版 我是不建议搞这个的哈。这种东西 只要情绪上来了 那就容易完全脱离掌控。（去看看a股去年9月底 黄金k线 你就知道a股是个什么玩意了） 这个底层逻辑 https://t.co/7NVNs2jahQ
1914173818962338276,Mon Apr 21 04:26:16 +0000 2025,51,13,15811,衍生品套利,https://x.com/gch_enbsbxbs/status/1914173818962338276,1,科普点热知识。免得老铁们完血亏了 1paxg不等于1xauusd 外汇平台叫手 1手=10万u 再多说一点，外汇平台 有隔夜费的说法。  不同平台 规则还不同。和资金费率的规则不同 他不看多空比。而是看利率。除了黄金外汇也是如此。 比如当前基准利率是百分5. 他就按照百分5的利率来收 你做多就支付 https://t.co/RKshF2QYHt
1913794315366920551,Sun Apr 20 03:18:16 +0000 2025,339,75,53144,挂单算法,https://x.com/gch_enbsbxbs/status/1913794315366920551,1,backpack 现货马丁+合约马丁最新稳定版，需要的老铁自己下载。 本来是懒得发的。但是我知道很多老铁是绝壁不愿意自己动手写的，就喜欢用人家写好的。。。（就是白嫖） 成全你 谁让我又喜欢当老好人，所以 我还是再发一遍。请再给我发一次好人卡。 合约马丁是之前没有发过，现货是不上杠杠 https://t.co/pv5P0Ni3ZD
1913575205576007986,Sat Apr 19 12:47:36 +0000 2025,577,84,162453,衍生品套利,https://x.com/gch_enbsbxbs/status/1913575205576007986,1,老铁们 真的要学会用AI 花了一个下午 一边看电影 一边写脚本 搞好了。 币安的 数据监控写好了 现货价格 合约价格 合约资金费率 价格异常波动 成交易量异常波动 现货合约价差 异常波动 然后进行报警提醒。 （就是这玩意 真的废流量） 接下来 扩展各个cex。都来一份。 然后再来制定策略。 最后下单操作。 https://t.co/1k2efpvcD1
1913163395848933540,Fri Apr 18 09:31:13 +0000 2025,90,6,19908,交易心智,https://x.com/gch_enbsbxbs/status/1913163395848933540,1,确实是精力不够，有时候恨不得自己能开影分身。 知道为什么我有那么多显示器和电脑了吧 你们以为都是摆设吗？🤪🤪🤪  搞了这个 就丢了那个。真正赚钱的往往都需要投入大量的时间。 哪怕脚本跑 也要花时间观察。 年初玩meteora 搞LP也非常赚， 其实现在依然赚。我教会了我老弟以后，他一直在玩。 https://t.co/zkhN8Wf7yp
1913152998970445895,Fri Apr 18 08:49:54 +0000 2025,10,0,13270,衍生品套利,https://x.com/gch_enbsbxbs/status/1913152998970445895,1,撸毛还是不能完全丢了。。。md 最近忙着搞套利 丢了个大毛。。md 又想骂一下包皮龙了。影响了我心态。  前几天鸭总按头叫我撸的 当时没注意，随手注册了一下就能撸几十u。最高价值130刀。后来吧这事情给搞忘记了。就是这个wayfinder 。我也不晓得是个什么玩意。 烦躁 狗日的包皮龙 https://t.co/n1r1DaTdsr
1913115520380842443,Fri Apr 18 06:20:58 +0000 2025,49,5,11899,衍生品套利,https://x.com/gch_enbsbxbs/status/1913115520380842443,0,为什么我对夸所套利比较执着。 因为他同时做了撸毛+套利 两件事情。 在过去我基本都是遵守这个原则进行的。 除此以外就是完全不花时间的存钱。 结果证明：存钱有高收益和被反撸的， ena和包皮龙。  但是套利+撸毛不会反撸。当然前提是你彻底的了解其中的风险。 如果能够脚本化 也不会耽误太多时间。
1913110637544448479,Fri Apr 18 06:01:34 +0000 2025,153,22,36124,衍生品套利,https://x.com/gch_enbsbxbs/status/1913110637544448479,0,深入分析夸所资金费率套利的里面的一些注意事项和最终应该如何套利。  首先现货搬砖，只需要低买高卖即可。现货可以从一个交易所转到另外一个交易所 所以套利过程中默认他们的价格是完全一致，除非一个交易所彻底关闭了冲提。 那么 资金费率夸所套利 不能吧仓位从一个交易所般到另外一个交易所平仓。
1912721730692608363,Thu Apr 17 04:16:11 +0000 2025,270,50,62578,衍生品套利,https://x.com/gch_enbsbxbs/status/1912721730692608363,0,天才不是自夸！ 我来跟你们深入分析，为什么会存在这个套利空间。 这个套利方案不复杂，就是在2个完全不同的金融市场进行套利。 但是背后反映出的是usdt和usd 的需求。这是他的底层逻辑。就比如说为什么2个国家的货币的汇率会波动，造成波动的底层原因是国债和利率。
1912692746110038212,Thu Apr 17 02:21:01 +0000 2025,12,1,6386,衍生品套利,https://x.com/gch_enbsbxbs/status/1912692746110038212,0,套利赛道 肉眼可见的卷了🤪🤪🤪
1912485919988629730,Wed Apr 16 12:39:10 +0000 2025,4,0,4618,交易心智,https://x.com/gch_enbsbxbs/status/1912485919988629730,0,有时候 像我这种 玩得比较多 比较杂的人。 思维可能会打得开一点 一年多以前我一直在外汇和股市里打转。 那会行情不太好 就是上一波铭文起飞之前的那段时间。 只是他妈的现在感觉比那会更差。。。  我记得前段时间 base上。有个项目上发型了 coinbase的股票。 我记得开局也是有价差的。现在我没看了
1912444146922738027,Wed Apr 16 09:53:10 +0000 2025,4,1,4254,衍生品套利,https://x.com/gch_enbsbxbs/status/1912444146922738027,0,看来大家真的是有点钱荒。。  这个帖子阅读量涨得有点快。 对于不擅长做交易的人来说  在当前环境下 有一个稳定的套利的地方 确实会非常的舒服。现在空投也玩不动了，只能搞搞套利了😂😂😂
1912441079040798839,Wed Apr 16 09:40:59 +0000 2025,18,3,11106,衍生品套利,https://x.com/gch_enbsbxbs/status/1912441079040798839,1,如何在币圈跟传统金融实现黄金套利？？？ 最近 黄金很火， 已经蔓延到币圈了，好几个交易所上了黄金期货。 这我突然想起了 我1年多以前发过的一个黄金套利的案例 分享给大家，等空闲了 我再回头去玩玩  然后看 能不能接入api 搞一套程序出来。 刚刚看了下k线 仍然 https://t.co/OULRGRpOeK
1911623206076907999,Mon Apr 14 03:31:03 +0000 2025,115,20,48807,衍生品套利,https://x.com/gch_enbsbxbs/status/1911623206076907999,0,如果要想吧这种短暂的套利 玩熟。刻进DNA 那么 你需要 熟练以下准备 以及 了解注意事项： 第一熟练的 买入现货和合约对冲。 第二 熟悉各大cex的提币流程，以及关闭邮箱短信等提币验证。使用设备扫脸验证。（苹果叫设备通行证）
1911498758875189715,Sun Apr 13 19:16:32 +0000 2025,69,10,45438,衍生品套利,https://x.com/gch_enbsbxbs/status/1911498758875189715,0,刚才osmo和 cex 出现了短暂的套利空间。  所有人都知道它要割， 只是不知道什么时候割 今天给了答案。 不过池子不大。窗口期太短。撸不了太多的钱。手速快的话 几千刀还是没什么压力的 方法 cex 买入现货——合约做空淘宝 现货提到osmo。 然后osmo卖掉 。cex 买入相同数量的om。 合约不变。  吧cex
1910970450697678852,Sat Apr 12 08:17:14 +0000 2025,36,6,8495,衍生品套利,https://x.com/gch_enbsbxbs/status/1910970450697678852,1,lighter的资金费率和backpack的资金费率对比监控 由于lighter的 api 需要找项目方申请。似乎难很大 只能放弃。只能手动搞 搭配个监控 偶尔开几单  https://t.co/DO4evTDtdk https://t.co/qCyZYkJtux
1910629234047139928,Fri Apr 11 09:41:21 +0000 2025,47,5,11013,"风控与防守, 衍生品套利",https://x.com/gch_enbsbxbs/status/1910629234047139928,1,资金费率版本更新  添加持仓盈亏状态实时计算和显示功能 移除旧的方向一致性检查功能，用盈亏状态显示替代 优化持仓信息展示，包括预期收益率和盈亏状态 在界面中直观显示持仓时长和开仓时间 大幅简化开仓和平仓条件，只保留两个核心条件：预期收益和滑点控制 https://t.co/ioKx7aF3AB
1910198738146259048,Thu Apr 10 05:10:43 +0000 2025,24,3,19008,交易心智,https://x.com/gch_enbsbxbs/status/1910198738146259048,1,有点收不住了，或者说回不去了 功能越写越多，越搞越复杂。然后有时候各种参数限制会互相冲突。我都有点记不住了。 另外一个问题就是我写到我上传的这个版本的时候，我直接吧核心算法逻辑给重构了。相当于给这个程序来了个硬分叉 中间直接断层了。  主要还是没当过程序员，缺乏经验。有时候做着做着 https://t.co/9xQdzG0CV1
1909936595698118895,Wed Apr 09 11:49:03 +0000 2025,93,28,19616,交易心智,https://x.com/gch_enbsbxbs/status/1909936595698118895,2,有些朋友是完全0基础 发私信问我 不知道怎么运行脚本 我简单说下  首先要下载运行环境 不知道地址 你可以问ai。deepseek最方便  然后打开github的仓库地址 点击绿色的code 图标 直接打包下载。  如果你已经安装了git node python 这些环境。 那么你就可以直接用 git clone 的命令 直接下载 https://t.co/r6p1E2lnLz
1909922289958981810,Wed Apr 09 10:52:13 +0000 2025,12,0,4516,挂单算法,https://x.com/gch_enbsbxbs/status/1909922289958981810,2,老铁给你 反应个事情 你们的现货流动性 不是太友好，我在做马丁。但是程序居然给我买了个78169的订单。在其他交易所 没有出现过这么高的价格 现货的流动性也很重要啊 不要只留意合约 @armaniferrante https://t.co/Y1hIT5yXXq
1909632668398243932,Tue Apr 08 15:41:22 +0000 2025,46,0,9118,交易心智,https://x.com/gch_enbsbxbs/status/1909632668398243932,0,我最近学ai写程序 很起劲。。除了本身感兴趣 另外就是市场确实没什么可玩的 撸毛被反撸了 除了包皮龙空投给得少以外 就是市场行情不好。 哪怕initia 很格局 给力。价格不起来 也还是撸不到什么钱   早期项目的投研 我看意义也不大了。不是你进得早就一定赚钱。确实是行情太差了。
1909239871220461652,Mon Apr 07 13:40:31 +0000 2025,49,16,36349,衍生品套利,https://x.com/gch_enbsbxbs/status/1909239871220461652,0,bp hl 资金费率开源程序的配置文件视频解释 这个视频是20分钟左右， 我正在整理程序文件 进行上传 这个需要差不多20分钟 正好你们可以通过这20分钟 先了解程序的配置说明 我觉得 你们最好 在使用之前进行查看 而不是一边使用 一边看。 因为详细了解配置 决定如何开仓 平仓很重要 不然程序会乱开仓。
1909206599459336495,Mon Apr 07 11:28:19 +0000 2025,96,7,27899,交易心智,https://x.com/gch_enbsbxbs/status/1909206599459336495,0,我一会开源， 这个版本 能正常运行 功能都是启用的。 但是根据我跑了一天的结果来看。如果运行时间过久了， 他会开出不符合我给出的限制条件的仓位来。这种情况在程序刚开始运行还不太会发生。所以找出问题所在就非常的棘手，我怀疑是2个交易所的异常波动 导致触发了 我可能没意识到的bug。
1908940394370625897,Sun Apr 06 17:50:31 +0000 2025,345,33,181294,"风控与防守, 衍生品套利",https://x.com/gch_enbsbxbs/status/1908940394370625897,1,好了 可以休息睡觉了 滑点解决了 比我预计要快点 明天基本上可以开始测试了 功能齐了  之前就已经测试了价差和资金费率差 再测试 应该不用太花时间了   老铁们 等着我开源哈！！！ https://t.co/MlwQQ9lCs1
1908918455224709189,Sun Apr 06 16:23:20 +0000 2025,69,4,205925,"风控与防守, 衍生品套利",https://x.com/gch_enbsbxbs/status/1908918455224709189,1,一晃就到 12点了 今天加了一些新功能 还没搞完 但是估计 目前还在解决滑点控制这里在。需要获取交易所的流动性 根据流动性深度计算滑点 来控制下单。 应该再个三五个小时 就差不多了 给你们看看 我这几天 写了多少个文件 光这一个套利的脚本 卧槽 估计上百个文件了💀💀💀 https://t.co/TGbEgVRYSW
1908512253240033654,Sat Apr 05 13:29:14 +0000 2025,195,65,54162,"挂单算法, 衍生品套利",https://x.com/gch_enbsbxbs/status/1908512253240033654,1,老铁们 下面的帖子继续转发 不要停  你们转发得越多 我写程序的动力就越足 现在我先吧backpack 模块化现货马丁的脚本发给你们 反正我测了快1天了 愣是找不出错误的地方 很稳健！！ （资金费率那个需要花时间测 等搞好了再发布）  不管你用不用 如果你对脚本感兴趣 我建议你看看 https://t.co/O3o1MlkcJ0
1908479729780629652,Sat Apr 05 11:20:00 +0000 2025,20,2,7053,"挂单算法, 衍生品套利",https://x.com/gch_enbsbxbs/status/1908479729780629652,0,做个脚本小总结 （哎 钱难赚 💩难吃） 马丁目前基本上没问题了。 如果要进行二创的朋友 一会开源了 可以拿去自己玩。   资金费率那个还需要更多时间测试。但是核心功能和策略 已经实现，我今天又加入了强制的风险预警。现在就是测试bug了     接下来的计划 我也有   大致反向是  1/DEX+CEX进行现货套利
1908208268432076969,Fri Apr 04 17:21:18 +0000 2025,64,9,25504,衍生品套利,https://x.com/gch_enbsbxbs/status/1908208268432076969,1,5天搓出来一个夸所套利的脚本。并且是模块化的方式编写的。 如果要增加交易所可以保证原来的程序不需要大规模更改。 而且逻辑我个人觉得还是比较复杂的 4种情况 开仓4个 平仓4个。 也就是说你可以任意组合你想要的方式来实现自己的目的。这种东西说实话还是得自己能摸透。 你让ai https://t.co/LQcdcNjqqR
1908175169929302313,Fri Apr 04 15:09:47 +0000 2025,112,15,116076,衍生品套利,https://x.com/gch_enbsbxbs/status/1908175169929302313,0,程序的初始版已经做好了 资金费率套利，它同时也支持只做差价套利。脚本已经实现了 有没有老铁 愿意测试的。 我需要几个人 帮忙一起测试 不同环境下 程序的逻辑是否判断正常并且顺利执行  老铁需要懂如何安装python环境之类的基础问题，知道交易所的基本的费率基础知识之类的问题。  如果有兴趣
1907491547685466592,Wed Apr 02 17:53:19 +0000 2025,9,2,3972,交易心智,https://x.com/gch_enbsbxbs/status/1907491547685466592,2,还别说 这个程序开仓 就是牛逼 注意看细节。两边的 开的价格 是略微赚一点点的。 如果是手动 直接市价吃单。绝对开不出这个价格。价差是亏的。毕竟现在压根没什么差价可以赚。。。 https://t.co/ogDfO372WZ
1907482447664787837,Wed Apr 02 17:17:09 +0000 2025,73,2,70404,衍生品套利,https://x.com/gch_enbsbxbs/status/1907482447664787837,2,backpack hype的资金费率自动套利进展还可以，核心功能已经搓出来了。目前已经根据自定义差价和利率差 实现自动开仓 平仓。  接下来就是优化开仓 平仓逻辑，优化策略，风险策略等。  最后就是测试稳定性。  （哎 写代码太花时间了 错过了好几波机会 比如今天的FDUSD） https://t.co/oaDUSwPXMt
1907037188329730245,Tue Apr 01 11:47:51 +0000 2025,116,20,18715,衍生品套利,https://x.com/gch_enbsbxbs/status/1907037188329730245,0,简单说下套利的核心思路和逻辑 底层逻辑实际就围绕2个东西 差价和利率差。 一个地方便宜 一个地方贵。一个地方的借贷利率低 一个地方的借贷利率高。 这在任何金融市场 都是如此 当然不同衍生品，他们产出来的具体玩法不一样。  围绕这个核心思路。我们可以得出一些阶段性结论
1906700298430882142,Mon Mar 31 13:29:10 +0000 2025,9,0,5462,衍生品套利,https://x.com/gch_enbsbxbs/status/1906700298430882142,1,牛奶tia 积分没有到前2000名 被反撸了。 靠ibc 给了个安慰奖。 原来我ibc了这么多次。。看来是因为以前套利的关系吧  我以前不会写脚本的。。。这可全是手动搞的啊。。。我的个神啊。。。 https://t.co/2AhidgRnV1
1906687542008926533,Mon Mar 31 12:38:29 +0000 2025,78,10,41157,衍生品套利,https://x.com/gch_enbsbxbs/status/1906687542008926533,1,老板你们的员工是不是下班了  说好的吧hype搞出来的 等了一晚上啦 @Abao_backpack  @armaniferrante  还是我等牛马更勤快啊，我都手搓出来了。  当然 我搞这个目的是为了自动化套利。 这个事情 我寻思你们肯定不会去做，交易所官方只能做引导，不可能真掏出来个全自动让大家去套利 哈哈 我争取这两天吧 https://t.co/PHWSdZMz9e
1906621701619867986,Mon Mar 31 08:16:51 +0000 2025,6,0,3454,衍生品套利,https://x.com/gch_enbsbxbs/status/1906621701619867986,0,官方指引你如何跨所套利 🤪🤪🤪
1906327238397833636,Sun Mar 30 12:46:46 +0000 2025,156,29,40566,交易心智,https://x.com/gch_enbsbxbs/status/1906327238397833636,2,紧跟视频步伐： backpack 现货和合约 价格监控脚本，发现价差过大 帮助提醒开仓的脚本，（花了1个小时） 又写了个小工具，这次写了双版本。node.js版本和html版本 。帮助小白不会用node。 直接打开index.html 就可以检测了。不需要安装任何东西。 https://t.co/bf0guvIDFi
1906315495080665437,Sun Mar 30 12:00:06 +0000 2025,11,1,7010,交易心智,https://x.com/gch_enbsbxbs/status/1906315495080665437,1,我这视频刚发出来 就出现了对应的风险验证 希望老铁们 没有受到伤害  @Backpack  应该重视流动性。 这对组合保证金账户威胁很大！！！ https://t.co/tmRF1QQI5p
1906262362807824819,Sun Mar 30 08:28:58 +0000 2025,3,0,3063,交易心智,https://x.com/gch_enbsbxbs/status/1906262362807824819,0,有朋友说，这么在同一个交易所对刷 是不是会被女巫？ 我想说的是 首先 这不是刷，也没有刷，我们没有频繁 开关仓位，其次 此套方案在大部分交易所都有的功能，交易所做这个功能就是为了提高资金效率。这是合理的使用交易所的功能。这要是被女巫了 肯定不合理。
1906238617724625229,Sun Mar 30 06:54:37 +0000 2025,182,49,107356,"收益与费率, 衍生品套利",https://x.com/gch_enbsbxbs/status/1906238617724625229,0,视频讲解 backpack 手动杠杠循环期现套利，赚百分50的apr+刷交易量赚积分。 https://t.co/xbFZqfmuSd  今天录制讲下这个玩法。之所以录制视频。我担心打字说不清楚。主要面向小白或者对套利不熟悉的朋友。这个懂了里面的逻辑，玩起来非常简单。  视频中有一点忘记补充了。 就是 除了买入现货
1906004982194934146,Sat Mar 29 15:26:14 +0000 2025,6,0,3074,"收益与费率, 挂单算法",https://x.com/gch_enbsbxbs/status/1906004982194934146,1,什么是马丁策略？我解释下脚本的逻辑 我用数据解释一下 我当前的测试仓位是 1000u 总资金 我创建了9个订单， 每次下跌 如图显示增加百分50的购买金额。我设置的最大下跌幅度是百分7  最低的价格是76942， 这是之前的大饼跌的最低价格附近。 那么如果最终跌破这个价格 我的持仓均价 https://t.co/Rvit2ci4Ud
1905511291621691416,Fri Mar 28 06:44:29 +0000 2025,12,0,4187,交易心智,https://x.com/gch_enbsbxbs/status/1905511291621691416,1,说下优化进度 和遇到的问题。 整个策略的算法逻辑 其实一开始就没有什么问题。 主要的是api请求问题。给大家解释一下。如果有大佬能帮我一下 十分感谢。 api请求有2种方式 websocket和rest。 前者速度快可以高频率请求，后者慢。不能频繁请求会被限制。 目前 脚本 获取公共的价格使用的websocket https://t.co/h7xIFsNnyt
1903691931907231781,Sun Mar 23 06:15:00 +0000 2025,52,3,8441,衍生品套利,https://x.com/gch_enbsbxbs/status/1903691931907231781,0,最近在尝试 用ai 写一个套利程序， 方案就是：监控所有现货币种的波动，达到一定幅度就自动借出现货，然后 手工判断是否要 做 中性套利， 程序已经搞定一大半了。 目前不确定的就是。不知道 能否卷得动。 一般短时间波动大的币 瞬间就被借空了。比如 dym orca 这些。。。 这也算是 行情极差的时候
1900506914607542421,Fri Mar 14 11:18:52 +0000 2025,8,0,1753,收益与费率,https://x.com/gch_enbsbxbs/status/1900506914607542421,0,再聊聊meteora 昨晚meteora官方讨论了空投和分配问题。很多人预计tge不远了。目前行情来看tge不是好的时机。所以我持反向观点（主要是我还没玩够，fee 还没有达到目标）  因为米莱事件，之前我一度有点想放弃meteora，后来行情持续变差，实在没什么好玩的
1900067610059997319,Thu Mar 13 06:13:14 +0000 2025,5,1,1997,交易心智,https://x.com/gch_enbsbxbs/status/1900067610059997319,1,在130的位置 取消了LP 重新组了一个新的池子 这个池子设置的范围很大。主要还是看空后市 所以就吧范围改得很大。目前只改了3分之2的号 之所以改这么大。是不想吧精力花在这上面了。想做一个躺平的被动策略。我想sol 总不至于跌破50。这个池子计划用来应对接下来半年的时间。 https://t.co/HxKKiqK7zm
1899817922689982606,Wed Mar 12 13:41:04 +0000 2025,8,0,8285,交易心智,https://x.com/gch_enbsbxbs/status/1899817922689982606,0,hype 这波金库亏了几m，这其实是好事，发现问题 解决问题就好了，这个问题不算什么大问题。 目前价格已经来到我的买入区间，我准备开始分阶段买入hype。（之前的空投我是20块钱左右卖掉，没卖好）  我之前使用过HLP，也不只是它 还有很多其他产品 JLP GLP DYDX的金库 等等。 最终发现这类东西
1899460109941817584,Tue Mar 11 13:59:15 +0000 2025,1,0,374,衍生品套利,https://x.com/gch_enbsbxbs/status/1899460109941817584,0,@0xBai_ 那应该可以套利了 不过还需要时间观察
1899347899970154794,Tue Mar 11 06:33:22 +0000 2025,9,1,16324,"方向性战法, 收益与费率",https://x.com/gch_enbsbxbs/status/1899347899970154794,1,也许这就是LP得魅力了吧 即便跌成这样，依然没亏钱 且还是赚的。 目前计划是 依然不平仓。如果跌破110 就当强制抄底了。赎回sol。不跌破就赚fee。未来一段时间行情都不太可能好。只能这样了。 https://t.co/WpYkc9DGcE
1898218742750101664,Sat Mar 08 03:46:30 +0000 2025,76,13,21307,交易心智,https://x.com/gch_enbsbxbs/status/1898218742750101664,0,当前撸毛环境极其恶劣，希望这个推文能给你带来点帮助。  很多人都是跟着xx kol的教程撸，几乎就像一个机器人一样，我希望大家看到这篇推文，能够发散自己的思维，别盲目跟风。把思维打开。  首先说一条实操方案：  backpack+meteora+UseUniversalX  同时撸3个项目 首先初始资产是u，拿稳定币
1896841279960760361,Tue Mar 04 08:32:57 +0000 2025,3,1,1202,方向性战法,https://x.com/gch_enbsbxbs/status/1896841279960760361,0,不错的工具，LP抄底完自动赎回
1895409351734780102,Fri Feb 28 09:42:59 +0000 2025,3,0,1124,交易心智,https://x.com/gch_enbsbxbs/status/1895409351734780102,0,这个熊链的模型 让我想起了 usual 我之前没玩过测试网 所以对熊链的架构不是很了解 这两天挖矿顺带的 吧整个官方的协议都走了一遍  二者其实很像  锁钱挖矿 给治理币 但是毫无疑问 熊链整个模型比usual要成功许多。因为他的流动性更充足。usual 很明显考虑得不够全面。 从熊链的币价上来看也走得很稳健
1895048082884305066,Thu Feb 27 09:47:25 +0000 2025,3,0,1960,"无常对冲, 收益与费率",https://x.com/gch_enbsbxbs/status/1895048082884305066,1,已经挖了3天 手续费挖了快200u，奖励+fee， 实际收益100u左右。本金5000u 因为无常损失会亏一点 不过目前整体行情来看 和s 币价的判断 就暂时这么挖着 应该问题不大 同时 我又开了几个新号，这个不好用同一个号挖，因为同一个号流动性会混杂在一起 不好控制。  需要说明一点。组LP https://t.co/knyrtamqjY
1894253715953258760,Tue Feb 25 05:10:54 +0000 2025,7,1,3472,方向性战法,https://x.com/gch_enbsbxbs/status/1894253715953258760,1,昨天 我吧抄底的sol。又给卖了 感觉市场还要跌 所以就卖了。 同时还有一些别的币。 不过我也组了 bidask 在接货 开了10个号 每个号5000u 从160多 一路接货到110，我认为110是一个强支撑 暂时跌不破。 这实际上一个不错的抄底方案， 又兴趣的朋友 可以试试，当然前提是你真的看好这个币， https://t.co/bFcVtdS7Jo
1894241348527743216,Tue Feb 25 04:21:45 +0000 2025,6,0,4397,"方向性战法, 收益与费率",https://x.com/gch_enbsbxbs/status/1894241348527743216,1,收益还行 粗略算了下 基本符合上面写的 1500刀usdc+1000s。一天赚了20多刀。这个收益率 倒不是很担心单边下跌。所以我又加了3500刀usdc。继续补 就是这个图形 看着很恶心。。。 原因是不能组超过100bin的大范围的池，一组就报错说gas不够。 只能手动多次添加 重新设置范围。但是这个很难控制。 https://t.co/8cobkd3UyU
1892826713295315403,Fri Feb 21 06:40:30 +0000 2025,3,0,881,交易心智,https://x.com/gch_enbsbxbs/status/1892826713295315403,0,sol 和 jup。买回了一部分仓位。 目前看meteora的事情 没有继续恶化，先买回之前清掉的一部分仓位 观察看看吧
1889996955860000790,Thu Feb 13 11:16:03 +0000 2025,7,0,1651,交易心智,https://x.com/gch_enbsbxbs/status/1889996955860000790,0,敢问撸毛的路在何方？ 最近空投的bera和ip 都是要刷测试网，这种方式 作为普通散户的我 属实没办法参与。因为手动挡根本没办法操作。  而今天om终于宣布了他们的女巫计划。模仿的layerzero。
1889373132118696273,Tue Feb 11 17:57:12 +0000 2025,6,1,3001,交易心智,https://x.com/gch_enbsbxbs/status/1889373132118696273,1,virtual 在sol 的平台上线了。 流动性池接入的是 meteora。而没有选择ray  这让我很惊讶 这两个重量级项目 应该能搞出点火花来。 首发土狗是cuctst 7eLz7uTp7NX9PuRvEzV3atQTy3H57Bre78kTcufhvirt https://t.co/VjLLlTF9Tm
1889323782663446990,Tue Feb 11 14:41:06 +0000 2025,0,0,759,无常对冲,https://x.com/gch_enbsbxbs/status/1889323782663446990,0,太倦了 取消了 跑不赢无常
1889281054277800072,Tue Feb 11 11:51:19 +0000 2025,2,0,1637,交易心智,https://x.com/gch_enbsbxbs/status/1889281054277800072,0,solayer 马上开盘了。有兴趣的可以去提前组LP
1889191465601097844,Tue Feb 11 05:55:19 +0000 2025,4,0,1094,交易心智,https://x.com/gch_enbsbxbs/status/1889191465601097844,0,所以市场不好的原因 找到了。是币安卖资产。 又可以骂一回币安了。 但是我的钱回不来了。  12月份的向下极速插针 大概就是币安做的。 这种插针下跌的行为 一般交易所喜欢干。因为可以爆空单。 反而正常机构砸盘 要考虑流动性的问题 只能慢慢卖。
1888106362342924500,Sat Feb 08 06:03:30 +0000 2025,17,0,2341,收益与费率,https://x.com/gch_enbsbxbs/status/1888106362342924500,1,最近的时间都花在meteora上了 这算是深熊下的一缕微光了 2天时间 5个sol。613fee。🤪🤪🤪 https://t.co/vz5sgwqEbw
1887466487071580569,Thu Feb 06 11:40:52 +0000 2025,11,0,2294,交易心智,https://x.com/gch_enbsbxbs/status/1887466487071580569,0,随着熊链的发布，撸毛又火了 回顾了一下撸毛历史。算是见证了撸毛圈的一路变化。一点心得分享给大家。 撸毛1.0时代： 要说我第一个毛 要从APT 说起，只是简单的注册下账户就给150个币。没有kyc，没有女巫，什么都没有2分钟一个号。  到了2.0时代
1887068153861345641,Wed Feb 05 09:18:02 +0000 2025,3,1,1038,交易心智,https://x.com/gch_enbsbxbs/status/1887068153861345641,0,这又是另外一个空投。如果对meteora感兴趣的 也可以关注下 m3m3
1884448667303878919,Wed Jan 29 03:49:08 +0000 2025,3,0,1303,交易心智,https://x.com/gch_enbsbxbs/status/1884448667303878919,1,刚刚下单了 ledger钱包 买的是 nano X的家庭装 也就是3个装。 总计花了4379港币。折合人民币是4000块钱。本来是打算等过完春节买。不过我看快递公司春节都不放假的，所以就直接买了。 之所以下单3个 是因为帮朋友买的。这次没有买带屏幕的。也是想看看不带屏幕的 有什么区别。 昨天用onekey https://t.co/WdjfLkITQj
1883687552701575355,Mon Jan 27 01:24:44 +0000 2025,15,1,1900,衍生品套利,https://x.com/gch_enbsbxbs/status/1883687552701575355,0,春节马上到了 做一下简单的总结 我平时有做记录的习惯。不然根本记不住，翻了一下笔记。 统计了下过去一年 玩过的存钱项目，大概有50来个。 也就是说基本平均每周都会存钱。没有存钱的 只刷tx的 也有十几个。  过去一年收入主要就靠撸毛和套利了。
1883311371619889389,Sun Jan 26 00:29:55 +0000 2025,2,0,1373,衍生品套利,https://x.com/gch_enbsbxbs/status/1883311371619889389,1,当前 $om 在以太坊网络是4.5刀。在cosmos只有4.1刀 有百分10的差价。目前只能单向吧evm网络跨到cosmos网络。从历史走势来看 他们的价格会随时间推移无限接近。由于om今天突然暴涨。如果有勇士敢套利的话 可以做空evm的做多cosmos的OM。 风险点在于。evm继续暴涨。cosmos不跟涨。 https://t.co/3ShQMmIvqF
1882385618468266099,Thu Jan 23 11:11:19 +0000 2025,9,0,2668,衍生品套利,https://x.com/gch_enbsbxbs/status/1882385618468266099,0,我撸毛 喜欢去撸能赚钱的项目。而不是像个机器人那样去刷TX，做大量的任务。那样撸到毛之前 只有支出没有收益，当然靠NFT拿空投的除外。 上一个符合这个特点的项目是hyperliquid 我一直在上面做交易，光资金费的收入已经不算少了，(有几万u) 当然也有一些存钱的
1881635465683767355,Tue Jan 21 09:30:28 +0000 2025,47,13,3968,交易心智,https://x.com/gch_enbsbxbs/status/1881635465683767355,0,Meteora 玩法和策略详解 「以上是我玩了一周左右总结的经验」 我以前对LP是不感兴趣的，因为太被动了。即便uniswap v3 依然很被动 但是meteora 给了我惊喜。特别是他有空投预期的情况下让我有了很大兴趣。它跟v3很不一样。 （实际上是因为我之前组了jlp的LP被套住了 不得已开始研究了 之前推文讲过）
1881275628902879698,Mon Jan 20 09:40:36 +0000 2025,6,1,1111,收益与费率,https://x.com/gch_enbsbxbs/status/1881275628902879698,0,火速扫了一眼群消息， 有兴趣的 可以去meteora 组一波 池子 吧懂王跟他老婆组个CP 瓢一下他们的fee 和空投 https://t.co/waA9dl7Qgu
1881185437383008495,Mon Jan 20 03:42:13 +0000 2025,27,4,3957,交易心智,https://x.com/gch_enbsbxbs/status/1881185437383008495,0,回顾川普币暴跌过程 昨天凌晨5点准备睡觉，结果川普币 二次探顶以后 链上发生大规模抛售，我压根不知道发生了什么 直到群里有人开始喊 川普老婆发币了，我当时还没弄明白这里面的逻辑 但是我看见dex和cex的价格差距非常夸张 大概有15刀。dex只有30-40刀
1880957619105595846,Sun Jan 19 12:36:57 +0000 2025,3,0,990,衍生品套利,https://x.com/gch_enbsbxbs/status/1880957619105595846,0,今天川普币爆拉  套利机会存在了比较长的时间 主要还是交易所都暂停了sol的提币 不过可以利用CCTP 跨链过去 一次大概5-10个点。 以前很少搞这种 主要是太累了 今天玩了几轮  脑袋现在都是晕的🤪🤪🤪
1880558809648967990,Sat Jan 18 10:12:13 +0000 2025,11,2,2214,收益与费率,https://x.com/gch_enbsbxbs/status/1880558809648967990,1,川普在meteora的池子 确实有点夸张了。tvl和fee真的猛 而我最近花了很多时间研究metaora的玩法和策略。 改天抽时间专门聊一下 https://t.co/1gcYfujN1Z
1878304070022352924,Sun Jan 12 04:52:42 +0000 2025,6,3,1903,交易心智,https://x.com/gch_enbsbxbs/status/1878304070022352924,0,对于存钱项目 该存多少？ 我有一个原则 提供参考 根据tvl来制定自己的仓位 一般是万分之一到万分之五 如果他的tvl 是几百亿 类似eigenlayer的那种 我没有那么多的ETH 没办法达到这个数值 只能尽量存 好的项目tvl都比较高，类似的还有babylon，所以我会尽可能的去存。
1877973673107448234,Sat Jan 11 06:59:49 +0000 2025,5,0,1952,"选品标准, 衍生品套利",https://x.com/gch_enbsbxbs/status/1877973673107448234,1,过去一年 我一直在使用hyperliquid 进行做空（这个账户没有任何多头 头寸），主要是为了做现货的对冲套保，和资金费率套利。 基本上 涨得猛的热门币 我都做空过。 而整个账户净值 一整年的走势是一直朝上走。 会有短暂的回撤，但是 只要扛住了 最终 净值都会突破新高。 这只是我个人的账户表现， https://t.co/uIkHLZGJr9
1877601649637863737,Fri Jan 10 06:21:32 +0000 2025,8,1,2157,交易心智,https://x.com/gch_enbsbxbs/status/1877601649637863737,1,usual的稳定币 还是脱毛了 大概率是恢复不到1刀了。（现在已经变成了一张4年到期的债券了） 另外利好usual，因为大户要无损退出需要购买usual还回去，简单说你之前挖过的usual，现在都得还回去。 如果你扛着损失也要退出，退出亏损的就是整个usual协议赚的。 https://t.co/Wi6yCnu0C6
1877561984440475700,Fri Jan 10 03:43:55 +0000 2025,17,4,2669,交易心智,https://x.com/gch_enbsbxbs/status/1877561984440475700,0,行情不好了 给大家推荐一些理财产品  1/usde或者ena 去存到pendle里。可以去闪蝶循环贷。  2/usual 推荐直接借币去换成usualX （不要玩他的稳定币）  3/solayer的稳定币存到perena 1鱼双吃（TVL还很小可以先观察一段时间不着急存）
1876832539962187908,Wed Jan 08 03:25:22 +0000 2025,6,0,1749,交易心智,https://x.com/gch_enbsbxbs/status/1876832539962187908,0,昨天看见了你这个帖子，然后一顿思考觉得这个方案狠nice。于是组了LP 现在满手jlp。已经脱离区间了。。。😊😊😊
1876497373498912835,Tue Jan 07 05:13:32 +0000 2025,6,1,1279,收益与费率,https://x.com/gch_enbsbxbs/status/1876497373498912835,0,背包交易所马上上合约了，马上可以开始刷了  为此我还专门去买了他们家的nft 就是为了 能省点手续费。 虽然最近半年发展得很啦跨 但是这家交易所的知名度还是很强的。年初那会都刷爆了。可惜很多人被反撸，或者顶多维持个成本。我当时基本没怎么刷。只是正常的做了几次交易。 但是
1875051042171408703,Fri Jan 03 05:26:19 +0000 2025,16,4,2809,交易心智,https://x.com/gch_enbsbxbs/status/1875051042171408703,0,币安 已经变成行情毒瘤了 因为市场份额大 有话语权形成了垄断效应   要上市就得交出百分5-10的筹码，不交的话 只上个合约。 整个ai赛道这么火热。 他就是不上 一个都不上 因为ai赛道币的都是全流通 走的meme币的方式发射。最早上的act 也是2000万市值 莫名其妙就宣布上了。明眼人一看就知道
1870717210559386071,Sun Dec 22 06:25:13 +0000 2024,5,1,818,收益与费率,https://x.com/gch_enbsbxbs/status/1870717210559386071,0,usual 的稳定币 赎回来了 这行情 不敢继续挖了 磨损还好亏了几十u。 如果有朋友在挖 重点关注crv 汇率 超过60 就会大幅度脱锚。不过项目方会应该会下场救汇率。这个在文档里说过了。但是咱不喜欢赌。现在稳定币挖 也不太合适。apr太低了。目前我主要是直接借了usual 挖
1870705674730266836,Sun Dec 22 05:39:23 +0000 2024,11,0,1679,衍生品套利,https://x.com/gch_enbsbxbs/status/1870705674730266836,0,我为什么不喜欢买土狗，因为一旦下跌了 如果不涨回来了最终只能割肉离场或者等归零。 如果买的是别的币 我还有办法参与生态 或者一些defi 套利策略赚回来。 就比如tia 一波大象空投基本就回来了
1870027015606472741,Fri Dec 20 08:42:38 +0000 2024,2,0,688,交易心智,https://x.com/gch_enbsbxbs/status/1870027015606472741,0,跌嘛了 哎 真尼玛烦躁 这波只跑掉了一小部分仓位 大部分 的 还是没跑掉
1869685487818207573,Thu Dec 19 10:05:32 +0000 2024,6,0,929,交易心智,https://x.com/gch_enbsbxbs/status/1869685487818207573,0,usual 真的猛。 前几天买的YT 不跌 反儿还赚了百分10。昨天原本做空套保。一看不对劲果断平仓了。确实我格局还是不够大！ 昨天 之所以选择淘宝 我是担心 市场空投会砸盘。 而项目方
1868296818771349766,Sun Dec 15 14:07:27 +0000 2024,11,1,2959,交易心智,https://x.com/gch_enbsbxbs/status/1868296818771349766,0,今天又去逛了一下 lombard  其实它里面玩法 还是很丰富的。现在babylon确实太卷了 搏一把第三方 也是个不错的选择。 有pendle 可以买YT 或者LP，应该没有人买PT吧 Morpho  开杠杆赚积分 Symbiotic Karak 这些LRT。再吃一层鱼 等等方案。 选择哪个 看自己  观察了下资产的分布 大部分人还是选择了
1865962405655937370,Mon Dec 09 03:31:20 +0000 2024,13,1,1692,衍生品套利,https://x.com/gch_enbsbxbs/status/1865962405655937370,0,今天聊点干货。 如何在同一个cex 实现delta中性套利 ena的玩法大家应该都知道了，不过在实际操作过程中 可以有不同的方案。 属于各显神通。 其中有一个方案就如何在cex 实现delta中性套利。不管你手里的头寸是u 还是各种资产。你都可以用这个方案去另外赚点外快，
1864869571322352041,Fri Dec 06 03:08:48 +0000 2024,0,0,2145,交易心智,https://x.com/gch_enbsbxbs/status/1864869571322352041,0,早上这次暴跌插针 对多头几乎没有太大影响。 借贷利息。合约资费基本没变化。 没准可能还要来一次大的 这次有点虚晃一枪。各位老铁如果上了杠杆 悠着点。🤣🤣🤣
1863888763967164421,Tue Dec 03 10:11:25 +0000 2024,9,1,1985,交易心智,https://x.com/gch_enbsbxbs/status/1863888763967164421,0,聊一下ETH的问题。最近我一直看多ETH  但我没有讲一些深层次的原因。接下来简单聊聊。 先说下微策略，发债&gt;买BTC&gt;BTC涨 资产涨 股票涨&gt;继续发债。就这样的一个类似luna的游戏 最近玩得很嗨。 里面的核心是 发债有到期日
1863867990380572889,Tue Dec 03 08:48:52 +0000 2024,21,1,7445,衍生品套利,https://x.com/gch_enbsbxbs/status/1863867990380572889,0,聊聊 币安的 fbusd。 模仿的ena的套路 但是吧资金效率 提高到了极致。 挖ena大部分是要吧资金锁住的，动不了。 但是币安直接吧这部分直接 让你去开合约。 不仅可以赚自带的利息。 你还能开合约做对冲套利。 一套组合拳下来。粗略估算了一下 这叠加起来 收益率
1863668682590916934,Mon Dec 02 19:36:53 +0000 2024,7,2,2231,交易心智,https://x.com/gch_enbsbxbs/status/1863668682590916934,0,我之前说过想撸一下@Lombard_Finance 因为融资金额和机构挺牛逼的，加上babylon和sui官宣合作，用的就是这个协议作为桥梁。目前在所有参与babylon合作的项目里。我认为比solv之类的要强。 12月1号 他们开启了新一轮的存钱活动  因为babylon第三期估计利润空间不大 所以我想吧btc分一部分
1862155999177818224,Thu Nov 28 15:26:02 +0000 2024,8,0,1317,交易心智,https://x.com/gch_enbsbxbs/status/1862155999177818224,0,统一说下 om里面的这个usdy的问题 很多人觉得usdy没有流动性 卖不出去 目前只有osmo。有流动性 且只有20万刀 这里我想说的是 如果你有时间 有精力。 要做的不是想办法吧usdy 换成usdc。 而是等大户去砸盘usdy 反向吧usdy买更多。等待noble 加池子 或者om
1856677628725625270,Wed Nov 13 12:36:56 +0000 2024,2,0,227,衍生品套利,https://x.com/gch_enbsbxbs/status/1856677628725625270,0,@0xBai_ perps 龙头了 给40亿估值 也算合理 其实我觉得可以更高点 10B 就很不错
1844374572642205854,Thu Oct 10 13:48:59 +0000 2024,17,0,11151,交易心智,https://x.com/gch_enbsbxbs/status/1844374572642205854,0,最近atom又出重大利空了。一言难进 k线也在8号凌晨 又有人砸盘了。 这让我想起了个事 ftx倒了以后 sol 一路崩盘到7刀 印象很深刻的是当时 所有人都在做空sol 资费一度达到了 每小时百分1的程度。「币安临时改了资费结算按1小时算」 而一年后他又重回巅峰。而且价格表现很稳定。  而cosmos
1838561691006845082,Tue Sep 24 12:50:40 +0000 2024,6,1,1324,交易心智,https://x.com/gch_enbsbxbs/status/1838561691006845082,0,虽然买的atom 没涨 不过 组了 ntrn/datom LP挖drop的积分在 ntrn这几天表现还可以 跑不赢atom的资产 真心不多。 即便哪天atom暴涨了 ntrn 也只会涨更多。所以 放心组 而且能一鱼多吃 就更好啦
1837120577548734843,Fri Sep 20 13:24:12 +0000 2024,8,0,5989,交易心智,https://x.com/gch_enbsbxbs/status/1837120577548734843,0,昨天其实也没多想 就加了一笔 atom。说实话 这一波跌到3点多的atom 我是没买的。因为仓位 我觉得可以了，不死磕一个币是我的原则。  但是昨天为什么 我又追了一波atom 呢 且价格4。5 还是因为 hydro 这个协议，并且我预计山寨币的底部已经形成。很难新低。 可能会跌 但是不太可能新低。
1830131890508157162,Sun Sep 01 06:33:39 +0000 2024,5,0,1182,交易心智,https://x.com/gch_enbsbxbs/status/1830131890508157162,0,这一波 属实难受。有很多仓位 3月份 没卖 回撤 超过百分50了。 然后补仓继续跌 继续回撤。。。 铁子们 顶不住啦
1824388011049746490,Fri Aug 16 10:09:31 +0000 2024,5,2,989,交易心智,https://x.com/gch_enbsbxbs/status/1824388011049746490,0,1. 巴比伦比特币质押分阶段上线 Babylon 比特币权益协议将比特币 (BTC) 持有者与权益证明 (PoS) 系统（如 PoS 链、L2、数据可用性 (DA) 层、预言机等）的网络安全需求联系起来。它无需可信中介即可实现这一点。  该协议将分三个阶段推出。  1.1 第一阶段：比特币锁定
1823236466878898638,Tue Aug 13 05:53:42 +0000 2024,9,0,1599,交易心智,https://x.com/gch_enbsbxbs/status/1823236466878898638,0,说下drop这个项目 我看了下 之前其实有见过 但没仔细看 感觉可以撸 而且是alpha 这是lido 他们搞的 lsd项目。虽然已经不是啥稀罕玩意了 但是他一点都不卷 且必须通过邀请连接加入 每个人可以根据自己仓位配置比例，在目前的环境下 这个比去卷eth sol上面的 好很多 特别是积分类项目  邀请连接
1822217230819397969,Sat Aug 10 10:23:37 +0000 2024,15,2,3370,交易心智,https://x.com/gch_enbsbxbs/status/1822217230819397969,0,最近这几年 基本都是呆在币圈 紧跟变化 想到什么就说什么 随手聊一些 不成熟的结论 或者看法 或者建议： 1/ L2 基本已经没落，但eth尚早。因为L2门槛低了。且毫无想象力。同质化严重。即便大牛市来了 也不太可能有很高的回报率。L2 能否活下来就看是否有龙头dapp，否则就消失在历史长河中了。  2/
1821451565452206394,Thu Aug 08 07:41:08 +0000 2024,58,8,28933,收益与费率,https://x.com/gch_enbsbxbs/status/1821451565452206394,0,个人觉得收益 还不错的一个方案 仅供参考： 吧usdc swap成 pyusd。存入kamino 吃20的 apr 加一点点kamino空投 借出sol 支付 6 apr 存入solayer 赚8 apr 加潜在空投   总体下来  本身20多apr收益加潜在空投。30-40 没毛病吧？ 不锁钱 随时退出 不过 solayer出问题的话 可能要亏点钱 才能退
1819783131882479888,Sat Aug 03 17:11:23 +0000 2024,8,0,1202,交易心智,https://x.com/gch_enbsbxbs/status/1819783131882479888,0,kujira 这一波 虽然在流动性上 不会影响cosmos生态。 但是这一现象 对人心里上的打击 是非常致命的。 还在这个圈子里的人都会知道 一个曾经fdv5亿的项目因为几百万的债务 面临破产清算{ 事实上此举就跟传统公司破产清算的流程差不多}。 只能说明cosmos生态完全没有机构 投资者愿意投资 又想起了
1819222651367575610,Fri Aug 02 04:04:14 +0000 2024,10,1,5944,交易心智,https://x.com/gch_enbsbxbs/status/1819222651367575610,0,$kuji 的这个局面 我想了半天。 只能阴谋论 得出一个结论 之前的一轮暴涨 是项目方用国库的kuji代币抵押 借usk 去购买kuji 开杠杆 然后项目方自己的代币 就开始出货。左手卖给右手 完成了套现 最后国库的债务还不上，头寸被清算 也就撒手不管了 不然 无法解释 ghost那边为什么抵押了那么多kuji代币
1818965683516137720,Thu Aug 01 11:03:08 +0000 2024,4,1,3887,交易心智,https://x.com/gch_enbsbxbs/status/1818965683516137720,0,这几天 cosmos的币 是真的惨。。 $astro 被黑客攻击 价格闪崩 $kujira 今天直接闪崩 说是有人被清算了 $strd 从最高7刀一路跌破1刀。。。 哎 这些都是之前涨很猛的币 且很多人看好的币。。 算是cosmos里 还比较优秀的 没上cex的小币种 有项目支撑的。。。我曾经都买过 哎 底部信号到了吗 要是没到
1803223415832322409,Wed Jun 19 00:28:59 +0000 2024,1,0,996,交易心智,https://x.com/gch_enbsbxbs/status/1803223415832322409,0,以前 我是看不上 $usde 那点收益的。 现在没办法了。。 只能往里面存了 躺平了
1783042011194695838,Wed Apr 24 07:55:17 +0000 2024,3,0,677,衍生品套利,https://x.com/gch_enbsbxbs/status/1783042011194695838,0,最近的行情真的难搞。 符文大热必死。开局直接5000万以上的市值 vc币 一个接一个的发 二级市场 韭菜接不完。 老山寨趴在底部又不动 DEFI重质押怕rug，且周期长。 NFT依旧半死不活。出的404只是一阵风 基本上已凉 撸毛太卷，且大多都是搞积分。没有意思 行情不波动套利的利润空间越小了
1779501610449920441,Sun Apr 14 13:27:00 +0000 2024,3,1,604,衍生品套利,https://x.com/gch_enbsbxbs/status/1779501610449920441,0,@keyahayek 这就是典型的自以为是的人。资金费率负的 只是暂时的 现在就已经正了 而且cex是8小时结算一次 ，目前20b盘子也不算大 庄家控得住。目前想靠做空ena发财的人 还不如去做空大盘来得稳。毕竟只有大盘连续长时间一直暴跌。ena的fud才会真正出现
1778936778638102735,Sat Apr 13 00:02:33 +0000 2024,0,0,418,交易心智,https://x.com/gch_enbsbxbs/status/1778936778638102735,1,kamino 暂停提款？？？ https://t.co/ejr0I77mjv
1764480398413991987,Mon Mar 04 02:38:04 +0000 2024,3,0,1215,交易心智,https://x.com/gch_enbsbxbs/status/1764480398413991987,0,Lorenzo Protocol 已经准备接入babylon 开启btc的流动性质押了，这就跟eigenlayer基本一样 第三方接入babylon的质押协议与btc进行通信。 如果未来能有越来越多的项目加入进来 babylon的估值也就水涨船高，在我眼里eigenlayer的估值是高于任何单一L2的。那么巴比龙的估值应该是多少？
1758731597875126778,Sat Feb 17 05:54:23 +0000 2024,8,1,1846,"收益与费率, 风控与防守",https://x.com/gch_enbsbxbs/status/1758731597875126778,0,关于如何1鱼多吃，最小成本刷backpack「我本人没什么兴趣 只是看见推上很多人硬抗滑点强撸。觉得划不来 具体操作： backpack 做多sol 现货。 hyperliquid做空赚资费。资费赚到够开仓的手续费以后 就平仓。然后继续开。就这样 可以同时撸2个平台的空投 https://t.co/LN0L6NBaok 用我的推荐链接可省钱
1753069646088134827,Thu Feb 01 14:55:48 +0000 2024,1,0,153,交易心智,https://x.com/gch_enbsbxbs/status/1753069646088134827,0,一旦上线 有2个事情 应该会发生 1 tia币价 会起飞。 1800万刀激励不是开玩笑的 2 strd的币价 应该会下跌 抛压实在太大 strd的流动性不足以支撑这个抛压 但由于激励是6个月后才能拿 所以激励的年化很虚。strd的价格短期也不会有波动。并且6个月后 大家都不一定会卖 一切都要看数据
1715625755617734890,Sat Oct 21 07:07:09 +0000 2023,2,0,471,衍生品套利,https://x.com/gch_enbsbxbs/status/1715625755617734890,0,其实玩cosmos atom的人 很多都说自己亏麻了 但凡懂一点 都不太可能亏麻 质押atom 你可以借不一定非要买 赚钱手段有好几种 1/你可以获得空投， 2/不定时的总有套利机会 3/挖矿今年上半年持续了很长一段时间高收益挖矿 4/就是做交易 这个难度稍微大点 但是其实也还好 以上4点 如果全做好 会亏吗
1711879197780848736,Tue Oct 10 22:59:40 +0000 2023,3,0,345,交易心智,https://x.com/gch_enbsbxbs/status/1711879197780848736,0,本来 $sats 已经清仓了 昨晚被朋友喊了句sats在偷偷涨。又买了点回来，吧昨天 $ntrn 发的福利去换了点 $sats 早上起床就收到朋友的消息 $sats 暴涨了 我第一时间跑过去看 还是老毛病 网站打不开。。哎 被项目方背刺的感觉真的很难受 仓位基本都清了 昨晚就买了一点 烦躁
1711688097845645509,Tue Oct 10 10:20:18 +0000 2023,3,1,688,"风控与防守, 衍生品套利",https://x.com/gch_enbsbxbs/status/1711688097845645509,0,在cosmos上 相对公平 散户也可以套利 这里没有mev机器人 拼的全是手速 和对ibc 各个dex的使用熟练度 这里也经常有空投 这里也经常有新项目 这里很少被黑客攻击 这里很少有项目方rug
1705089805871464515,Fri Sep 22 05:21:03 +0000 2023,3,0,871,衍生品套利,https://x.com/gch_enbsbxbs/status/1705089805871464515,0,去趟香港可以做的事情： 1/办银行卡 分实体银行和虚拟银行  2/扫wld的红魔领低保 3/办个电话卡 享受国际漫游 不怕梯子封杀  4/做下usdt套利 百分0.5到百分1的利润 一波 5/买点实物黄金带回来卖  还有什么福利可以拿？我补充一下。。
1593137182205960192,Thu Nov 17 07:01:17 +0000 2022,0,0,0,交易心智,https://x.com/gch_enbsbxbs/status/1593137182205960192,0,GLP的年化到了百分50了   熊市利器
1591338795416576000,Sat Nov 12 07:55:09 +0000 2022,0,1,0,交易心智,https://x.com/gch_enbsbxbs/status/1591338795416576000,0,不要相信人 82号提案 投 nwv。如果相信什么国库 那么 下一个爆雷的就是atom 这种爆雷无关链的安全性 而是类似sol的恐慌性抛售 造成协议清算 然后协议出现坏账崩盘 基本跟死亡螺旋 没什么区别了 而现在 cosmos的 defi。都有atom的存在。如果 爆出什么丑闻 造成恐慌抛售 后果不敢想象 兄弟们
