推文ID,发布日期,所属领域,点赞数,浏览量,综合评分,是否长文,推文正文
2097276244341792817,Tue Sep 08 10:49:56 +0000 2026,trader_mindset_essays,253,119163,0.37,是,https://x.com/i/article/2097272634673385472
2096123922270081423,Sat Sep 05 06:31:01 +0000 2026,trader_mindset_essays,25,21375,0.37,是,https://x.com/i/article/2096115916501348352
2095824345243206057,Fri Sep 04 10:40:37 +0000 2026,trader_mindset_essays,32,96898,0.37,是,https://x.com/i/article/2095816709286531072
2088240935276876180,Fri Aug 14 12:26:51 +0000 2026,trader_mindset_essays,222,263716,0.37,是,https://t.co/PkLsa0o7R7
2085739006126649668,Fri Aug 07 14:45:04 +0000 2026,trader_mindset_essays,53,50145,0.37,是,https://t.co/Lm0PhT3Tmj
2082474691961540978,Wed Jul 29 14:33:51 +0000 2026,trader_mindset_essays,17,16599,0.37,是,https://t.co/Ehnh6afu1y
2080617680676237792,Fri Jul 24 11:34:45 +0000 2026,trader_mindset_essays,14,33860,0.37,是,https://t.co/II1gPY4gPf
2080478016778780952,Fri Jul 24 02:19:47 +0000 2026,trader_mindset_essays,8,15913,0.37,是,https://t.co/lkhqjpVxST
2077327734141751381,Wed Jul 15 09:41:41 +0000 2026,trader_mindset_essays,104,119573,0.37,是,https://t.co/PVQ8bMzDLq
2076595103691587726,Mon Jul 13 09:10:28 +0000 2026,trader_mindset_essays,17,36960,0.37,是,https://t.co/e8d19ul4Np
2075080630195683809,Thu Jul 09 04:52:30 +0000 2026,trader_mindset_essays,36,84988,0.37,是,https://t.co/kUzAEDeXNm
2071837382828249527,Tue Jun 30 06:04:59 +0000 2026,trader_mindset_essays,30,24082,0.37,是,https://t.co/9xa4Cet7M1
2070448231113437642,Fri Jun 26 10:05:00 +0000 2026,trader_mindset_essays,76,115981,0.37,是,https://t.co/smXQHss4hk
2069370399935369542,Tue Jun 23 10:42:05 +0000 2026,trader_mindset_essays,64,78738,0.37,是,https://t.co/h6TTy70KU6
2068186852637700170,Sat Jun 20 04:19:05 +0000 2026,trader_mindset_essays,109,118345,0.37,是,https://t.co/lh46pPwkS9
2064671893890986020,Wed Jun 10 11:31:53 +0000 2026,trader_mindset_essays,213,279091,0.37,是,https://t.co/DU1CuwpWxQ
2063865743473586561,Mon Jun 08 06:08:32 +0000 2026,trader_mindset_essays,34,35049,0.37,是,https://t.co/h8RbdyCJpZ
2060549389781995756,Sat May 30 02:30:32 +0000 2026,trader_mindset_essays,49,112027,0.37,是,https://t.co/KKnEryLd4A
2058906379596005664,Mon May 25 13:41:48 +0000 2026,trader_mindset_essays,287,115173,0.37,是,https://t.co/doxhlul3cu
2055917832890696069,Sun May 17 07:46:23 +0000 2026,mm_liquidity,125,123033,0.37,是,https://t.co/QcmRbmMbWB
2052635778552091040,Fri May 08 06:24:40 +0000 2026,trader_mindset_essays,195,125381,0.37,是,https://t.co/W8saEe8UqK
2050733546378252621,Sun May 03 00:25:52 +0000 2026,trader_mindset_essays,137,106594,0.37,是,https://t.co/THtan779am
2049073649886576979,Tue Apr 28 10:30:02 +0000 2026,trader_mindset_essays,6,15048,0.37,是,https://t.co/c9itZhWQQ1
2049030319794479319,Tue Apr 28 07:37:52 +0000 2026,trader_mindset_essays,70,37264,0.37,是,https://t.co/WpgoIuhqdl
2047556448562073604,Fri Apr 24 06:01:13 +0000 2026,trader_mindset_essays,276,176903,0.37,是,https://t.co/T7KWm0TRfi
2047160428799938718,Thu Apr 23 03:47:35 +0000 2026,trader_mindset_essays,44,18838,0.37,是,https://t.co/7J1q403kEj
2044266032970510343,Wed Apr 15 04:06:17 +0000 2026,trader_mindset_essays,173,129570,0.37,是,https://t.co/hZsRtdHUo6
2042596469241450802,Fri Apr 10 13:32:02 +0000 2026,trader_mindset_essays,339,339442,0.37,是,https://t.co/4WkRGLd0tT
2041837904255971403,Wed Apr 08 11:17:46 +0000 2026,trader_mindset_essays,785,389300,0.37,是,https://t.co/5wpwCee4vo
2040411675967553711,Sat Apr 04 12:50:27 +0000 2026,trader_mindset_essays,80,160664,0.37,是,https://t.co/2jOttI9TP9
2040270330741272611,Sat Apr 04 03:28:47 +0000 2026,trader_mindset_essays,64,56413,0.37,是,https://t.co/p9NW1vo8DC
2038490939082346930,Mon Mar 30 05:38:07 +0000 2026,trader_mindset_essays,149,241470,0.37,是,https://t.co/oCq2mUsAXv
2035257274361360689,Sat Mar 21 07:28:42 +0000 2026,trader_mindset_essays,1739,537010,0.37,是,https://t.co/2ASoaxrXM6
2029148133087908245,Wed Mar 04 10:53:09 +0000 2026,trader_mindset_essays,263,275970,0.37,是,https://t.co/Dy8fzSgr0Q
2023367372204282319,Mon Feb 16 12:02:28 +0000 2026,trader_mindset_essays,263,310892,0.37,是,https://t.co/RHlmQpsHzn
1912433321772216444,Wed Apr 16 09:10:09 +0000 2025,trader_mindset_essays,17,17312,0.37,是,https://t.co/2xRiAFiKUO
1998024711146770855,Mon Dec 08 13:39:47 +0000 2025,trader_mindset_essays,362,241214,0.37,是,https://t.co/HpuMt8oPVn
1945472674593202483,Wed Jul 16 13:16:45 +0000 2025,trader_mindset_essays,100,23657,0.37,是,https://t.co/J8RrdNG2AC
1932039427972534708,Mon Jun 09 11:37:49 +0000 2025,trader_mindset_essays,172,64845,0.37,是,https://t.co/H8Qfe2ri8X
1906612670310314375,Mon Mar 31 07:40:58 +0000 2025,trader_mindset_essays,12,54219,0.37,是,https://t.co/SQoAAb9mjd
2008509355365462440,Tue Jan 06 12:02:01 +0000 2026,trader_mindset_essays,91,40890,0.37,是,https://t.co/SwwVQcdvjv
2005843897902326010,Tue Dec 30 03:30:26 +0000 2025,trader_mindset_essays,139,180885,0.37,是,https://t.co/BUoX7gRkbA
1978521688762679713,Wed Oct 15 18:01:44 +0000 2025,trader_mindset_essays,104,257567,0.37,是,https://t.co/24Olmn6ohs
1963168013256942078,Wed Sep 03 09:11:42 +0000 2025,trader_mindset_essays,81,44500,0.37,是,https://t.co/2i2budZnaX
1949790325373026575,Mon Jul 28 11:13:33 +0000 2025,trader_mindset_essays,393,200542,0.37,是,https://t.co/s5V9ONiej7
1946429507046645988,Sat Jul 19 04:38:52 +0000 2025,trader_mindset_essays,606,161084,0.37,是,https://t.co/83gqfcwMt7
1934916704305598546,Tue Jun 17 10:11:05 +0000 2025,trader_mindset_essays,36,17991,0.37,是,https://t.co/ZwEr9fmD8w
2013595231027900486,Tue Jan 20 12:51:28 +0000 2026,trader_mindset_essays,230,111755,0.37,是,https://t.co/oOQaXbYuc3
2007112423212540302,Fri Jan 02 15:31:06 +0000 2026,trader_mindset_essays,289,538633,0.37,是,https://t.co/MVrhwom0Nt
2003319303337300424,Tue Dec 23 04:18:36 +0000 2025,trader_mindset_essays,147,129021,0.37,是,https://t.co/MySkF2GXWM
2001865496464101733,Fri Dec 19 04:01:41 +0000 2025,trader_mindset_essays,122,88342,0.37,是,https://t.co/od4qJ8hKcz
1999452608575209534,Fri Dec 12 12:13:44 +0000 2025,trader_mindset_essays,80,97763,0.37,是,https://t.co/o3YwB03FL8
1987836489993175493,Mon Nov 10 10:55:26 +0000 2025,trader_mindset_essays,125,147899,0.37,是,https://t.co/kth9WvNpY3
1984146996161319174,Fri Oct 31 06:34:42 +0000 2025,trader_mindset_essays,96,114116,0.37,是,https://t.co/Xu4EaBH2Rk
1977398716127740131,Sun Oct 12 15:39:26 +0000 2025,trader_mindset_essays,133,62987,0.37,是,https://t.co/MxT11SMtdp
1976134073522565579,Thu Oct 09 03:54:12 +0000 2025,trader_mindset_essays,87,56278,0.37,是,https://t.co/NgJoDD7gPL
2018357168895135902,Mon Feb 02 16:13:42 +0000 2026,trader_mindset_essays,321,192985,0.37,是,https://t.co/n9sieoL23M
1990706007769821669,Tue Nov 18 08:57:52 +0000 2025,trader_mindset_essays,114,73235,0.37,是,https://t.co/Z3SWJbWbVM
1975473753560916009,Tue Oct 07 08:10:20 +0000 2025,trader_mindset_essays,280,180332,0.37,是,https://t.co/Ync9HBLSso
1940261212954173716,Wed Jul 02 04:08:16 +0000 2025,trader_mindset_essays,107,40065,0.37,是,https://t.co/96W597f0Bu
1933449843760115791,Fri Jun 13 09:02:19 +0000 2025,trader_mindset_essays,25,25594,0.37,是,https://t.co/pMb42AVpif
1932663506710769705,Wed Jun 11 04:57:41 +0000 2025,trader_mindset_essays,42,21810,0.37,是,https://t.co/MYYfRAiiLY
1905873312359841955,Sat Mar 29 06:43:01 +0000 2025,trader_mindset_essays,4,12033,0.37,是,https://t.co/0Svdy9UIxZ
1972549024856318180,Mon Sep 29 06:28:30 +0000 2025,trader_mindset_essays,31,41024,0.37,是,https://t.co/8YtjFxIwgb
1968535750259134464,Thu Sep 18 04:41:11 +0000 2025,trader_mindset_essays,42,67977,0.37,是,https://t.co/MAdHKVHcsg
1967516272955982094,Mon Sep 15 09:10:08 +0000 2025,trader_mindset_essays,36,15430,0.37,是,https://t.co/3Na9FNf96g
1937104613540593742,Mon Jun 23 11:05:04 +0000 2025,trader_mindset_essays,656,215158,0.37,是,https://t.co/HgqmyPiZvs
1913515250806407392,Sat Apr 19 08:49:21 +0000 2025,trader_mindset_essays,144,105715,0.37,是,https://t.co/pd3pGD1ZSl
2009591640084939137,Fri Jan 09 11:42:38 +0000 2026,trader_mindset_essays,97,158475,0.37,是,https://t.co/RjMn2ctWt1
2001606713418621251,Thu Dec 18 10:53:23 +0000 2025,trader_mindset_essays,72,64021,0.37,是,https://t.co/LgqazoseNh
1981717777606996289,Fri Oct 24 13:41:51 +0000 2025,trader_mindset_essays,70,71127,0.37,是,https://t.co/juV3zPg006
1977285772668813436,Sun Oct 12 08:10:39 +0000 2025,trader_mindset_essays,56,46484,0.37,是,https://t.co/S0zFTPVuam
1975136198911029405,Mon Oct 06 09:49:00 +0000 2025,trader_mindset_essays,30,56418,0.37,是,https://t.co/2SrmLGpHXb
1963837253794587135,Fri Sep 05 05:31:02 +0000 2025,trader_mindset_essays,30,37321,0.37,是,https://t.co/PoBPH0lyfZ
1962426070201733165,Mon Sep 01 08:03:29 +0000 2025,trader_mindset_essays,207,140158,0.37,是,https://t.co/eObS5WHPHt
1956199137394737324,Fri Aug 15 03:39:53 +0000 2025,trader_mindset_essays,57,21359,0.37,是,https://t.co/TQtWvyXPAd
1955846941952049444,Thu Aug 14 04:20:23 +0000 2025,trader_mindset_essays,149,35887,0.37,是,https://t.co/9vP7Lt7Olp
2022322638253642012,Fri Feb 13 14:51:04 +0000 2026,trader_mindset_essays,226,185516,0.37,是,https://t.co/8Z1M2kyHEj
2019702563881529399,Fri Feb 06 09:19:50 +0000 2026,trader_mindset_essays,138,93816,0.37,是,https://t.co/q2NIKBURKX
2000518217316569587,Mon Dec 15 10:48:05 +0000 2025,trader_mindset_essays,129,198480,0.37,是,https://t.co/veM8EBr3NX
2004726164443771021,Sat Dec 27 01:28:58 +0000 2025,trader_mindset_essays,27,29487,0.37,是,https://t.co/AueQ4hHlgw
1959919999205666933,Mon Aug 25 10:05:16 +0000 2025,trader_mindset_essays,251,111277,0.37,是,https://t.co/XLX948zG7f
1938445355118649745,Fri Jun 27 03:52:41 +0000 2025,trader_mindset_essays,260,93353,0.37,是,https://t.co/usTrmR7Hgk
1902582331099246962,Thu Mar 20 04:45:50 +0000 2025,trader_mindset_essays,4,5849,0.37,是,https://t.co/3tOZInO5ay
2102337920627769601,Tue Sep 22 10:03:14 +0000 2026,trader_mindset_essays,0,0,0.345,是,https://x.com/i/article/2102331516776759296
2100439476401320410,Thu Sep 17 04:19:30 +0000 2026,trader_mindset_essays,0,0,0.345,是,https://x.com/i/article/2099863996077936640
2098619364199063781,Sat Sep 12 03:47:01 +0000 2026,trader_mindset_essays,0,0,0.345,是,https://x.com/i/article/2098408197916930049
2095418983327605214,Thu Sep 03 07:49:51 +0000 2026,trader_mindset_essays,0,0,0.345,是,https://x.com/i/article/2095407947325317120
2092918469385969881,Thu Aug 27 10:13:42 +0000 2026,trader_mindset_essays,0,0,0.345,是,https://x.com/i/article/2092878928079962112
2089655953323155851,Tue Aug 18 10:09:37 +0000 2026,trader_mindset_essays,0,0,0.345,是,https://x.com/i/article/2089649765810360320
1896052080705749302,Sun Mar 02 04:16:57 +0000 2025,trader_mindset_essays,4,1408,0.345,是,https://t.co/7vbjCL7wXe
1932811808467005913,Wed Jun 11 14:46:59 +0000 2025,trader_mindset_essays,8,2417,0.345,是,https://t.co/yNdHTlPhfa
2049351879470301551,Wed Apr 29 04:55:37 +0000 2026,mm_liquidity,40,19729,0.585,否,"别急着说 0.01% 是错的  
前几天看到了一个关于 haibo总@yhaiyang关于永续合约资金费率算法的讨论  

加密交易所是一个竞争极度充分的市场——上百家所同质化产品,用户切换零成本。一个明显错误的参数,在这样的环境里活不了十年。但，它活了十年，并且还好好的 

有没有可能是数学上它可能是不太合理的，但是随着市场演进，整个交易规则开始围绕着这个“不合理”的模型建构，以至于后来就变成合理的

至于为什么合理，因为这个参数在做一件没人讲清楚但所有人都依赖的事。那就是【流动性】  

敲黑板！！流动性从来不是免费的。它有价格,而且这个价格由某一方在“默默”地支付。 （从雇佣兵资本、mm token loan到token incentive，每一步都是）

每一个有深度机构流动性的金融市场,都有一个结构性 carry 在补贴做市方:美股是 securities lending(证券借出收益),外汇是利率差驱动的 carry trade,Eurodollar 是 LIBOR-OIS spread。新兴市场货币的真正流动性提供方,是 carry traders,不是商业用户。数据证明，套利者只会让市场更加有效率。  

这不是 bug,是市场定价机制运作所必需的。 

加密永续的 0.01%,就是这个市场的结构性 carry。它的标签上明明白白写着:这是流动性的价格。  

想想做 ATOM 永续做市商需要承担什么:70%+ 年化波动率,链上现货深度极薄,staking 锁仓 21 天,生态尾部风险。要让一个机构愿意常态部署 $5M+ 库存,他需要的回报绝对不是 5%——是 25% 起。 （这也是1011其中一个为什么 $atom 直接击穿如此彻底的原因）  

那 21% 的""多头超额支付"",不是给套利者白送的 alpha,是付给做市方的酬劳。  这是 0.01% 最反直觉的功能:它在液性高的标的上是过度收税,在液性低的标的上是流动性补贴。一个单参数,做了一个从零设计的市场需要多参数才能完成的工作。 

不信?假设 Binance 明天把它调到零，你猜猜会发生什么？

散户多头每年节省的 funding 不到 $5K(按一笔 $10K 杠杆仓位算)。但因为长尾标的盘口枯竭、滑点翻倍、爆仓提前——一年损失超过 $20K。 

历史多次证明：""减税""反而让被减税方更穷。 

被""过度收税""的散户多头损失最大,因为他们最依赖永续合约提供的""任何标的都能 50 倍开多/开空""这个隐性公共品——而这个公共品的资金来源,正是他们以为自己在被多收的那 10.95%。 

我们可以说它在形式上是错的，但是得出的结论确实是对的，或者说符合市场规律的 

流动性的标签从来都贴在那里,只是大部分人没有低头去看。  

至于你如果没看懂资金费率是个啥，下面的长文拿走不谢

🤣 看的人多的话，我周末给大家写一个长文来分析一下"
1939532768964485247,Mon Jun 30 03:53:41 +0000 2025,derivatives_options,126,188585,0.543,否,"接上文，不知道大家是否会对为什么老有巨鲸，比如 @JamesWynnReal 能在 @HyperliquidX 上开出天量的仓位单子感到好奇？为什么在 @binance 和 @okx 基本就没有传出这类的新闻？

难道是因为Cex不想做生意？还是说 Dex为了手续费豁出去了？

其实这是各大交易所的底层算法和规则所决定的 —— 极限交易者（超大仓位+高杠杆）天然地就适合Hyperliquid的模式

归纳起来，主要有以下几点：
1. 订单规模限制：Hyperliquid 从机制上是允许用户直接开出上亿美元的头寸，而 CEX 通常设有限制或会主动限制此类订单 —— 从下单机制上 @binance @okx @bitgetglobal @Bybit_Official 等交易所就做不到“极限交易”

这是为什么呢？

2. 管理哲学：Hyperliquid追求波动性（因为主动做市的特性，越波动越能赚钱）；CEX更追求系统的稳定性（不崩塌为原则）

3. 风险偏好：HLP vault是Hyperliquid的核心，相当于是一个“主动做市商”，去承接流动性和清算的头寸—— 它是欢迎巨额头寸冲击 HLP Vault （随之而来的就是资金费率算法上对HLP Vault的倾斜）；而 CEX的保险基金更多的是一个被动的“保护层”，避免cex的利益受损，所以会尽可能避免此类冲击。

4. 盈利能力：中心化交易所保险基金不足时会触发 ADL，削弱极限交易者的盈利空间；Hyperliquid 用 HLP Vault 吸收清算，交易者收益不被“社会化”。

5. 成本考量：Hyperliquid 上开巨额单子所需保证金通常比 CEX 更少，资金使用效率更高。更符合极限交易“以小搏大”的理念

6. 账户安全与自由：Hyperliquid 上资金可随时充值、提现，没有中心化交易所常见的风控或冻结账户风险，赚了钱之后可以“安心”提现；margin不足，可以随时充值到账补保证金

小结
Hyperliquid 通过其高性能 Layer 1 区块链、去中心化风险互助金库（HLP）、以及无 KYC 的设计，实现了对巨额交易者友好的架构。这一体系允许更高风险敞口，同时吸收个体失败的潜在冲击，从而建立了一个鼓励流动性与大胆策略并存的生态。

相比之下，币安与 OKX 则采取了更为保守的风险防控路径。通过不断提升大额头寸的维护保证金率、设立保险基金和自动去杠杆机制，它们有效地限制了个别交易者可能带来的系统性冲击。这种“强监管 + 强对冲”的模式，虽然限制了个人极端杠杆的发挥，却换来了更高的系统稳定性和合规信任度。

以上都是一些精简的概述，想看完（精）整（彩）版论述长文的，记得打开小铃铛🔔 ，不日就会发表啦

ps：
1.这个版本足够简单明了了吧.... 

2.为了适应不同的读者群体，老登我也算是操碎了心啊 🤣

3. 信息量这么大的长文（https://t.co/NYEb5ynX56），居然连个10w+都没有，太可惜了"
1993954867413659757,Thu Nov 27 08:07:40 +0000 2025,derivatives_options,45,21950,0.505,否,"来，乘着今天孙哥开媒体发布会的风🌬️，我也来蹲下 @HTX_Global 的高持仓 OI， 低交易量 vol的瓜

一、背景/前情提要
昨晚留了个作业，问：为啥 @HTX_Global 的oi/24h vol是4.1x ，（是 @binance 的10x） @Bybit_Official  @okx @bitget 这些都是 < 1，难道是HTX 天赋异禀？有什么大招？   
有兴趣的去看： https://t.co/m8iO389JyR
https://t.co/rBoDokc2RR

oi/vol的比值越高，意味着大量的资金沉淀在合约里，却几乎不怎么交易。这是一个极度反常的“死水”状态。毕竟一般散户有钱放在oi里，倒不如去打新？

二、各种不靠谱的假设
第一种观点是：HTX内有大量的大户对冲交易，以及理财交易（HTX的oi主要集中在eth和btc），好多大户都在htx建仓吃费率。这点我是持怀疑态度的，因为深度不足。假设要清仓的话，这点深度根本挡不住，连清算都来不及。所以这些“大户”是谁？ —— 我猜是交易所自己推出的理财产品

HTX（以及tron生态）提供了大量高收益的理财产品，比如 USDT 存币生息，或者各类 stUSDT 等衍生品。

交易所或做市商如何支付这些利息？他们不能凭空印钱，最稳健的方式是做 期现套利或资金费率套利，比如：
买入现货（Spot）： 比如买入 BTC；然后做空合约： 在合约市场开等量的空单。（HTX在98%都是多仓付资金费）

第二种观点是：Tron系的内部循环
结合 stUSDT 和 TRON 生态的玩法来看。
质押逻辑： 孙宇晨大力推广 stUSDT（号称投资RWA），这些资金在链上或交易所内部流转。

抵押品： 如果用户抵押了 BTC/ETH 去借 USDT，或者交易所为了维持 stUSDT 的锚定和流动性，需要在合约市场进行大规模的对冲操作。

第三种观点：数据美化
以前交易所喜欢刷量，但现在链上侦探和数据网站查得严，刷量容易导致比值异常。现在的逻辑反过来了。交易所希望展示自己“流动性深厚”、“大户多”。

双向开仓（Wash Positions）： 交易所的内部账户可以左手开多，右手开空。不产生亏损，不产生交易量（因为开了就不动），但OI 数据会变得非常好看（看着资产沉淀很高）。

三、小小地分析一下
我们看下HTX的oi趋势图（24年1月到现在），这个曲线该怎么说呢？无惧市场牛熊，一路向前？！不管市场好坏，美联储是否降息？trump是否当选？cz是否出狱？（结合 @bitget 的对比，你就知道区别了）

更要命的是10.11的市场大地震，oi居然没有什么变化，都不带停歇的就提高了？！

再结合昨天推文的关于各交易所的平均杠杆的假设（https://t.co/m8iO389JyR） HTX的平均杠杆是10x，在10.11不出现大规模多仓爆仓的概率是多少？oi不减少反升的概率是多少？ 补充一点：我更愿意相信实际的杠杆率在2x 左右（其他的数据看看就好） 

我不敢随意猜测（怕被公关），所以问了AI，AI给出了以下几个可能性：

1. 抵押品特别足，虽然POR的稳定币就只有14～15亿，但是多头仓位用的是trx，btc，eth等来做抵押物 （你能想象一下：14亿的稳定币维持了一个近70亿的oi是啥情况？应该有其他抵押品）

2. 这些就是数据盘OI，起到数据美化作用，而且是同一个账户开的全仓，多仓亏钱+空仓赚钱弥补，而且期间还不触发adl

3. HTX是一个大机构活跃的交易所。在暴跌后，oi下跌后没多久，巨鲸们开始在HTX疯狂建仓（或者做对冲，而且还要有人来做对手方？），所以日线看起来还是一个上升趋势

4. 在其他所开的对冲仓位，在其他交易所也有钱，只是不体现在账面上

5. HTX的自营做市商有个无限钱buff，永不爆仓（类alameda在FTX的权限）

四、随便唠唠
well，我觉得1-4的原因或多或少都有点，5应该不会，毕竟假设5有的话，真的是太可怕了

我更愿意相信，或者希望，这主要就是HTX的OI的数据美化盘，要不然后座力真的是太强了

最后给大家布置个作业，为什么deribit和bitfinex的oi/vol 也有点异常？ 

最后的最后，你要是觉得这篇推文写的还有点意思，想当冤大头的可以去bn alpha 看下 $pundiai 然后转到 0x0000000000000000000000000000000000000000 烧掉 🤣"
2053022998878093431,Sat May 09 08:03:20 +0000 2026,derivatives_options,19,9218,0.505,否,"揭秘：为什么撮合的价格与实际的成交价有时会不一样？
你的爆仓价格为什么跟市场的盘口价也不一样？

mark price 决定""应该以什么价格清算""（触发条件），但 last price（场内深度）决定""实际能以什么价格清算""。当订单簿薄、深度跑光，强平 IOC 沿簿吃下来的实际成交价远差于破产价，这个 gap 就是保险基金的“盈亏来源”。保险基金本质是吸收""mark 给出的理论清算价""与""场内执行的实际成交价""之间的偏差。如果两者总是一致，保险基金根本不需要存在。

有些交易所更激进一些，据闻有些直接干脆在订单簿前面加一层""给清算路径独立的对手方通道""——让backstop vault或者白名单的清算人优先接走整个仓位，绕开订单簿这条慢路径。这本质是把""强平执行""从场内撮合中完全独立出来，给清算路径自己的撮合通道。

回到 perp 撮合复杂性的核心：撮合主循环本身可以保持简洁，但它周围的状态机——风控、清算、保险基金、ADL、可能还有 backstop liquidator 网络——构成了一个比订单簿本身复杂得多的系统。""order book 长得和现货一样""的视觉错觉背后，实际上有两条独立的入口管道和四种不同的退出路径。这就是 perp 撮合""难""的真实形状。（据闻有些交易所还做了b book）

看到这里是不是觉得自己之前亏了这么多钱在永续合约上是有原因的？  🤣"
1977694626904752590,Mon Oct 13 11:15:17 +0000 2025,derivatives_options,24,11154,0.505,否,"今天刚好在跟bn的朋友抱怨我的wbeth的赔偿问题，这波的损失差不多1m（按照3900+赔，现在是4400+）疼的我啊…. ）我现在还在维权ing

然后就聊到今天bn都在被全网喷/骂/黑- 说是因为 @binance 的关系带崩了整个市场，他们现在也很苦恼….

我看了一下：理由不外乎是usde/bnsol/wbeth在交易所内脱锚导致的崩盘 —》
进而传导其他的山寨币崩盘，—》
因为bn的价格权重高传导到其他交易所，和dex —〉
进而导致整个市场崩盘

所以得出：binance是带崩整个市场的坏银

我以被害者的身份说句废话：
如果是发生在binance场内的交易行为，那么这个怪bn无可厚非，就我所知 @cz_binance 和 @heyibinance 也不姓赖

但是如果你说因为bn的喂价权重高，进而影响到其他的交易所，然后导致你在其他交易所的仓位被爆，那这个逻辑就不对了

每个交易所的合约的标记价格（指数价格）都是按照不同的权重从不同的来源取价格，并且“应当”还会自动剔除异常值/降权，而且还会取MA，如果该交易所在异常期间还取bn的喂价（或者不降权），这特么就是那个交易所的算法的问题嘛（我看 @okx @bitgetglobal 就没啥影响）

那些在其他cex/ perp dex爆仓就要客户去怪bn带崩市场的客服，就是纯纯的误导好不好？

我猜这些交易所可能的数据就是直接照搬bn/或者没按照文档的算法来，所以才会这种情况

不论是合约/质押贷款在出事的时候，每一个参数都是关键，不考虑自身的条件，就照搬一切，一定出事！这不，已经在路上了

有一说一，bn将清算抵押物的机器人放在同一个现货盘口清算真的是一定改啊…. 也幸好是bn，其他的就只能关提现了

我不站队，我只是比较理性地维权"
1999750896599867554,Sat Dec 13 07:59:01 +0000 2025,mm_liquidity,81,24752,0.503,否,"为什么说 @HyperliquidX 推出 Portfolio margin （PM)功能是个重大的升级和迭代

我就不写长文了，直接写成7个知识点

1. 背景：机构交易员的刚需：如何做到资金效率最大化
如果一个基金在 Binance 持有 1 亿美元的 BTC 现货，并在合约市场做空 1 亿美元的 BTC 进行套保，在组合保证金模式下，交易所识别出其净风险极低，可能只需要几百万美元的保证金即可维持该组合。

而在 DeFi 中，由于缺乏这种机制，同样的策略需要数千万美元的抵押品，导致链上套利的ROE显著低于CEX。这就是所谓的“链上资本效率折价”。

Hyperliquid 的组合保证金Portfolio Margin 功能，将 DeFi 的Permissionless与 CEX 的Capital Efficiency融合在一起

2. 现货与合约的深度融合
Hyperliquid 将其底层架构允许现货资产直接作为合约抵押品。在大多数 DeFi 协议中，现货交易和合约交易往往发生在不同的流动性池或甚至不同的 L2 网络上，状态无法互通。

Hyperliquid 基于其定制的 L1 链，将 Clearinghouse逻辑直接写入链共识层。这意味着：

a 用户持有的 HYPE 或 HIP-1 标准代币，可以直接被风险引擎识别。

b 当用户做空 HYPE-USD 永续合约时，系统会自动检测到用户钱包中的 HYPE 现货，判定为“兑现对冲”（Covered Short），从而大幅降低保证金要求 。

3, 自动化Portfolio内的借贷与收益
相当于 PM 账户内嵌了一个“借贷市场”。

供给侧：如果 PM 账户中有闲置的资产（例如用户存入了 BTC 但只开了一倍杠杆），系统会将这些资产视为“可借贷库存”提供给市场 。

需求侧：其他用户如果需要进行杠杆现货交易（例如做空现货），会自动借入这些资产。

收益：借贷产生的利息将直接分配给 PM 账户持有人。

这一机制将 Hyperliquid 从单纯的交易场所转变为一个具备生息能力的资产管理平台。对于持有大量现货的大户而言，具有很大的吸引力：他们可以在持有资产待涨的同时+进行套利（比如资金费率）获得借贷利息，实现单个系统内的一鱼多吃

4. 对套利（Arbitrageurs）：释放资金枷锁
这是 PM 功能最大的受益群体，也是市场流动性的主要提供者。

场景：期现套利（Cash and Carry）
旧模式：假设资金费率为年化 20%。交易员持有 $100,000 的 BTC 现货，需要在合约账户存入 $100,000 USDC 才能安全地开设 $100,000 的空单进行套利。总资金占用 $200,000，收益率被分母稀释了一半。

PM 模式：交易员存入 $100,000 BTC 现货。系统识别出 BTC 现货与 BTC 空单的对冲关系。交易员可能只需额外锁定极少量的资金（甚至由 BTC 现货本身的折算价值覆盖）即可开设空单。总资金占用接近 $100,000，资金效率提升 100%，收益率翻倍。

结果：这将吸引大量寻求“低风险高收益”的机构资金进入 Hyperliquid，因为这里的套利效率将与 Binance 持平，但没有中心化托管风险 。

5. 对做市商（MM）：库存管理的革命
做市商需要在现货和合约市场同时提供双边报价。库存风险是MM头疼的地方之一。

旧模式：做市商在现货市场接了买单，变成了多头。为了避险，他需要去合约市场做空。如果没有 PM，他需要从现货账户提币、兑换成稳定币、转入合约账户、开空单。这个过程繁琐且资金分散。

PM 模式：现货成交的瞬间，该资产立即成为账户的有效抵押品。做市商可以直接在合约端开空单进行对冲，且因为风险对冲，保证金占用极低。

结果：做市商敢于提供更窄的Spread和更厚的深度Depth，因为对冲成本大幅降低。

6. 硬币的另一面
在 PM 模式下，用户的杠杆倍数可能极高。一旦市场出现极端黑天鹅（例如现货价格暴跌导致流动性枯竭，而合约价格尚未反应），基差瞬间脱锚，可能导致连环强平。 

HLP Vault 充当了系统的最终对手方和清算兜底者 。如果 PM 账户发生大规模穿仓，亏损将由 HLP 承担。这要求 HLP 必须有足够的深度来吸收极端波动。如果 HLP 规模增长跟不上 PM 带来的杠杆规模增长，系统的安全性将受到挑战。

7. 其他dex跟了有意义吗？
其他的perp dex也做PM? （可能目前也就aster做了，才有点意义吧？） 

现阶段可能还是看看就好，看看就好 🤣"
2017260075019374655,Fri Jan 30 15:34:15 +0000 2026,mm_liquidity,32,6909,0.463,否,"我居然遇到跟你一样的问题，有小伙伴问我为什么之前不是一直帮币安说话的，怎么今天反过来说币安在1011的时候有问题？

🤣😂😂我都要笑晕了。。我一直觉得是有问题的啊，只是不是像市面上大家说的什么恶意当机，插针，抽走流动性，故意清算大家的仓位等等这种阴谋论，他们的问题主要是在比如风控监测不到位（就这个流动性还给人家质押这么多币来开仓），清算算法，质押算法的设计、忽略了双重变量、僵尸单子未及时撤销等等

反正从我的角度，币安在1011存在主观故意的概率太小了，根本不makes sense

至于为啥我这么说？因为我是项目方，同时我自己也在币安交易

我太知道币安在极端情况下是会“压榨”项目方来护用户的周全的，对，你没看错，就是这么毫无人性（当前这个版本的项目方是真的很难的） - 当有大额充值的时候，交易所会来问这是咋回事？你的mm能接得住吗？不够的话，赶紧打钱

所以我倾向于从机制上找原因 -就像是一把刀，平时看着好好的，结果地震一来，这把刀就划伤人了，那你总不能说是这把刀蓄谋已久了吧？🤣

就比如你问我Hyperliquid插针，我也是从这个角度出发去看哪个环节出了问题的 （看过我合约算法镰刀系列的老粉都应该知道）

币安确实要负一定的责任，但是他罪不至死吧～ 这种级别的崩塌谁来都一样，说句不好听的，上了法庭，辩护律师也会说成是“这只是币安没做好，但不是犯错了”

Benson提到了一个点，就是作为“抽水机构”，币安也对每个项目“抽水”来充实BNB holder，这对项目方来说无疑是雪上加霜的（fyi，所有的离所都是这样，数量多少的问题，相较之下韩所和cb基本可以忽略不计）

作为一个项目方来说，我确实很反感，尤其是那些靠着融资撑起估值的新项目，因为估值高，所以给出去的%少，或者meme，直接就能上了，凭啥？！上了之后，表现还不如我们，凭啥不能给草根builder一个机会？

但我后来一想，要是他们不这么做，他们又要如何赋能 $bnb ? 难道要像SBF一样挪用资金去炒币，然后再反哺给FTX用户吗？  两者的经营理念是不一样的，一个是托管，一个是银行

而且从币安的角度，看的项目多了，估计都一个样 - 矮子堆里拔将军，索性就赋能 bnb好了 （从这个角度，binance没亏欠bnb holder）

说到底，币安是一家商业机构，出了安全、流动性、服务，我们老希望他能做得更多，但是却没办法给他创造更高的收益，如果是你，你会怎么办？

说句题外话，为啥英语CT（到现在）还有人崇尚SBF，就是因为他敢于“对抗”，朝圈外对抗，朝政治对抗（这点Brian确实可以），crypto的底色就是要对抗旧的机制，coinbase为啥能扛起大旗，因为他们真敢干（虽然是因为利益相关），告sec，告doj 

中文/东方普遍还是崇尚“融合”，最好能以平和、渐近、不冲突的方式介入，但是革命/对抗就是敢起冲突

比起什么拿10b 买btc ，对于我这种老灯来说，为行业尝试争取前进的可能才更让人肃然起敬

直接去告美国/英国政府释放xx，或者资助xx组织推动xx法案

带领行业对抗旧约，这个才是中本村夫希望看到的吧～ 

以上"
1943608092685643924,Fri Jul 11 09:47:34 +0000 2025,mm_liquidity,75,21794,0.463,否,"我猜90%合约交易员都不知道自己的仓位是怎么被“破产清算的”？甚至不知道为什么有时候清算之后还会返钱？

各位可以盲猜一下，为什么各大交易所dex/cex都要疯狂推合约交易？

或者大家是否会觉得奇怪为什么各大交易所推出的“保险基金”都越滚越大？

难道赚的是手续费？客损（😂）？返点

其实，是破产仓位的清算费用及其差额

我这里就不深入说为什么会触发强制平仓（强平）维持保证金（MMR）等术语和条件了（各大平台都有点差异），直接上机制差异：

1. Binance采用面向市场的清算模型 (Market-Facing Liquidation Model) （因为流动性更好）
用户的头寸被清算引擎转化为市价单在订单簿上执行。这意味着用户直接承担清算过程中的市场滑点风险。保险基金主要用于弥补穿仓损失，并可能在极端情况下通过“优化订单价格”来辅助清算，以维持市场稳定。

你可能会问“优化订单价格”是什么鬼？
在市场流动性不足，保险基金可能会被用来补贴成交价格，（比破产价格更优），鼓励其他交易员来交易。Binance的保险基金是一个补充型的资金池，而不是一个执行清算的场所

2.Bybit，Bitget，甚至Hyperliquid）采用系统性吸收的清算模型 (Systemic Absorption Liquidation Model)。

强平条件触发后，用户的头寸被清算引擎接管，并以“破产价格”进行内部结算。这意味着用户的最大损失在理论上被锁定，无需承担后续的市场滑点风险。（听起来还不错哈 🤣）

清算引擎持有了这个被内部化的头寸，并承担了必须在真实市场上将其平仓的任务。如果引擎平仓的实际价格劣于它与用户结算的破产价格，差额由保险基金来弥补。反之，如果成交价更优，则盈余部分注入保险基金 。

聪明的你，是不是注意到了“破产价格”就是保险基金的盈亏来源 - 而这个破产价格来自哪里呢？

是的，就是我之前帖子说到过的指数价格、标记价格的算法以及MMR维持保证金的额度(ps：MMR 要求越低，越容易被清算、破产价格越差）

所以为什么有些平台在指数价格的计算上可以容忍+/- 2%，甚至到5%；甚至不以场内价格做计算，就是因为场外和场内价格是有“差价“的，这样就有“利润”

有时候不是破产清算后，用户看到自己还有剩余价值还沾沾自喜，觉得平台大气... 殊不知只是因为平台“赚的太多”，不太好意思而已....

我之前一直强调的“交易不是一个环节，是一个体系”，它们是一环扣一环的，是不是在这个瞬间具像化了！！ 是不是amazing

最后，ADL的触发
当保险基金耗尽之后就会触发ADL （自动减仓，社会化仓位）这里面的坑也不少 🤣，值得一提的是，Bitget有个比较神奇的规定，就是当保险基金从峰值下降30%的时候也会触发ADL （而不是耗尽），所以这可能也可以稍微解释一下Bitget近期ADL频发的现象。

最后，合约交易的算法是一套环环相扣的棋盘（这里不得不赞一下 @Bybit_Official 的UTA账户体系，这特么复杂，建议给设计师加个鸡腿），每一步都是几个亿美金的教训。

最后想看细节长文的小伙伴们，多点赞支持一下，超过100点赞的，我周末加班写一个出来 🤣"
2047912408124141835,Sat Apr 25 05:35:41 +0000 2026,mm_liquidity,94,40160,0.461,否,"今天说一个政治不正确的话

最近有好几个妖币横行 $rave ，市场上有好多传闻，什么交易所与做市商勾结，资金费率被武器化 ，合约机制是收割散户的帮凶等等….

我甚至还在香港大会听到某议员提议要调查交易所的…. 

其实不管是资金费率，标记价格，本质上都是工具；就好像水果刀🔪，你切水果的时候就是工具，你拿来伤人的时候就是武器

这些妖币的操纵本质上就不是合约机制的锅，罪为祸首其实是畸形的high fdv low float低流通的数据盘

是代币结构导致的，合约机制就是运行规则 - 给你流通盘0.1%，谁来操做都一样

如果你认真看这篇文，你就会知道交易所比谁都更怕这种妖币，也花了多少钱精力和时间一步步走成这部爆仓血泪史

其实有些交易所本可以赚更多的"
2051133643498901917,Mon May 04 02:55:43 +0000 2026,mm_liquidity,67,17020,0.459,否,"已知mm一般不会裸多裸空（除非识别到是smart/dumb money）而永续合约对冲逻辑有两个
1.   开空仓，持有现货
2.  开多仓，卖掉现货

这个机制能让你：
1. 抵押自己的token借出u去开空仓
2. 抵押U去借token卖出，并在合约开多仓

把最基本的流动性撑起来，让套利/mm看到有利可图的机会

这篇文的立足点就是让项目方自己吸引外部“mm”的活儿，自己创造利息差资金费率差，进而让交易员来铺合约的流动性，自己做自己的“庄” - 有基础的流动性转起来

咱们不要想着靠这个事情发家致富，这个规模不会很大，但这个是流动性的基础 

为什么这个事情可能可以成？
因为altcoin的盘口原来就薄，容易击穿；资金费率动辄年化几百%的apy；资金费率和贷款利息差

这三个因素相互作用下，会是一个非常有意思的角斗场

铺单子的人或许在合约输了，但是现货赚了，反之亦然；资金费率或许大出血，但是贷款利率赚大发了

机制差带动套利机会，套利机会带来博弈空间，博弈空间创造流动性

而你只需要做那个给市场“第一推”的人"
1947296732876067010,Mon Jul 21 14:04:54 +0000 2025,derivatives_options,214,29235,0.459,否,"如果说币圈有什么深层次的金融创新，AMM算一个，永续合约交易也算一个

永续合约的核心之一就是“资金费率”的设计

就是这个简单直接的公式让多少交易大神折戟、早就多少个暴富神话、甚至还给大家贡献了精彩的盘面攻防战

这个机制体现了一种巧妙的治理思想：交易所并不直接干预市场价格，而是建立了一套激励规则，让市场参与者（尤其是套利者）通过自身的逐利行为来主动修正价格偏差。这使得整个系统更具弹性、且具有自我调节能力

因为资金费率的机制，让永续合约不再是一个“赌大小”的游戏（近战肉搏），而是一个充满博弈、策略的交易战场，因为这些特性衍生出各式各样的交易策略，有些真的是让人叹为观止。

以这篇长文为起点（https://t.co/SeHCOYVz38），让大家先看点基础的背景知识。如果反应热烈的话，我再解构几个案例和操盘手法。 🤣  

如果大家觉得这篇文章对大家有帮助的话，还希望大家多多转发，点赞哈"
1988928210428653827,Thu Nov 13 11:13:32 +0000 2025,derivatives_options,34,19587,0.423,否,"今天说一下 @Backpack Exchange ——生息永续合约 (IBP)，应该算是BP的产品创新之一，质押 BTC/SOL 作为抵押品——允许用户自动借入 USDC 来支付盈亏或结算款项，从而避免强制出售非美元抵押品 ——随后使用借到的 USDC 开立永续合约头寸

通过借贷模块获取稳定币（USDC），然后利用这些稳定币作为保证金来开立永续合约头寸，赚取资金费率，从而实现理论上的“中性收益” 

这个model一般会衍生出有两种玩法（利用了 Backpack 的 IBP）

经典基差交易 (Basis Trading): 交易者持有现货 BTC/SOL（作为抵押品），同时开立等量的 BTC/SOL 永续合约空头头寸。在牛市中，资金费率通常为正，空头头寸会持续获得资金费率收益。

借贷套利 (Borrow & Trade): 质押 BTC/SOL，借入 USDC，然后利用 USDC 保证金开立针对其他资产的永续合约头寸（例如，如果认为 ETH 资金费率极高，开立 ETH 永续合约空头）

一切都相安无事，很多用户都拿这个model来刷积分，一直到10.11 （就是抵押品 + 仓位的双重暴击）

1. 在市场暴跌期间（ 10/11 闪崩 ），作为抵押品的 BTC/SOL 价格急剧下跌，导致其市场价值蒸发。加上当时后的仓位价值也在下跌

2. 抵押品清算的估值折扣 ： Backpack 对抵押品的市场价值应用折扣率 (Haircut) 来计算其有效抵押品价值 - 进一步压缩抵押品的价值

3. 非线性清算：当市场恐慌和波动性急剧飙升时，交易所的风险引擎很可能会动态提高波动性资产（如 SOL/BTC）的折扣率。这意味着，即使在市场价格下跌的基础上，作为抵押品的 SOL/BTC 的可用价值也会被非线性地削减 （orderbook订单簿变薄）

4. 仓位价值减少：仓位价值随着市场崩塌进一步下跌，接近强平价格

5. 清算触发： 抵押品的价值可下降，导致保证金水平降低和清算风险 这种复合式的抵押品价值衰减（价格下跌 + 折扣率提高）会快速消耗账户的维持保证金缓冲，导致动态清算价格 迅速逼近标记价格，从而在理论对冲尚未完全失效之前，账户就因保证金不足而被强制清算 。

因此，这种“中性策略”的本质风险在于：当市场恐慌时，策略的对冲头寸（永续合约）或许是稳定的，但账户的抵押品基础（BTC/SOL）却在崩塌，更甚者，抵押品与仓位价值一起崩塌。

清算并非源于资金费率对冲的失败（理论上永续合约的空头应该对冲现货多头的下跌损失），而是源于抵押品价值的降低

知其然，且知其所以然"
1977410669894045996,Sun Oct 12 16:26:56 +0000 2025,mm_liquidity,25,8999,0.423,否,"我也看了推上的分析文章，也看了 @binance 早些时间发的关于bnsol和wbeth的公告，我是觉得比较难做到定点狙击

因为条件有点严苛
1. 要mm/套利同时都不在线 - bnsol和wbeth如果脱锚，那就是个一眼捡钱的机会，那得有多少机器人冲进去

2. 为什么明面orderbook流动性就这么点（几十m），因为系统限制大额交易，你要有n个可以无限taker的账号

3. 如果是瞄准清算仓位，那你要知道大户的仓位情况 

4. 你在交易所定点狙击还想走？！赚的到，还要能走得掉

所以我更倾向于是：
宏观冲击 → 市场避险情绪 → USDe循环借贷头寸平仓 → USDe脱锚 → 链上循环贷款清算 → 做市商抵押品价值暴跌与被动杠杆飙升 → 做市商统一账户被清算 → 做市商撤出市场流动性 → 山寨币现货市场崩盘。

有人看到市场情绪带崩的山寨币，然后伺机而动，一蹴而就造成的"
1973980026300477948,Fri Oct 03 05:14:47 +0000 2025,derivatives_options,33,17374,0.421,否,"说说稳定币里的不稳定因素  
这几天除了各种perp dex就是各种“新型稳定币”的讨论，撑着稳定币公叙事回落，侃侃一下。  

具体是什么不重要，大家看个逻辑就好  

机制分步解析 ： 
1. 抵押品存入：用户将一种波动性加密资产（例如 ETH）存入协议。  
2.多头现货头寸：协议持有这些 ETH，从而创建了一个“多头”头寸。该头寸的价值会随着 ETH 价格的涨跌而变化。
  
3. 空头对冲：与此同时，协议在衍生品交易所上开立一个等值美元的该资产的“空头”头寸（例如，ETH/USD 永续合约）。该空头头寸的价值与 ETH 价格的变动方向相反。 

4.风险中和：一个头寸的利润被设计用来完美抵消另一个头寸的亏损。如果 ETH 价格上涨，多头现货头寸价值增加，而空头期货头寸价值减少；如果 ETH 价格下跌，则情况相反。最终结果是，抵押品的总美元价值保持稳定 。 
 
5. 铸造 USD代币：基于这个价值稳定的抵押品基础，协议以 1:1 的比例铸造 USD 代币，对应于该头寸的美元价值。  

资金费率：永续合约有一种名为“资金费率”的机制。为了使期货价格与现货价格保持一致，市场一侧的交易者（通常是多头）会定期向另一侧的交易者（通常是空头）支付费用。从历史上看，空头头寸是这些资金费用的净接收方，这为协议创造了额外的收益来源 。  

风险/局限性： 
1. 资金费率风险：空头是资金费率净接收方的假设并非总是成立。如果市场情绪逆转，资金费率持续为负，协议的价值将不断“流失”，侵蚀其抵押品基础，并可能威胁到锚定 。
  2. 清算风险：空头期货头寸需要保证金。在市场极端波动（价格“跳空”）期间，协议的保证金可能不足，导致头寸被强制清算。  
3. 交易对手与中心化风险：该模型严重依赖于中心化衍生品交易所的正常运行、流动性和偿付能力，因为对冲头寸正是在这些交易所上进行的。交易所的失败、宕机或监管行动都可能冻结协议的资产，破坏其稳定机制 。。
  4. 可扩展性天花板：可铸造的 USD稳定币 总量受到底层永续期货市场的可用流动性和未平仓合约量的限制。它无法无限扩展，其规模受限于其所依赖的衍生品市场的大小 。 

 现在问题来了？  
1. 这波操作用了几次杠杆？或者说，能用极限情况能用多少次杠杆？

2. 这种类型的稳定币会不会再次刺激perp dex？"
1946235266920022090,Fri Jul 18 15:47:01 +0000 2025,derivatives_options,42,7876,0.421,否,"为什么说合约交易是交易所的印钞机？为什么有的交易所就敢跟用户对赌？

其实跟赌场类似，因为它们自带庄家优势

每过一局（每走一手）总会有一方要为另一方付出点什么？久而久之，一方的筹码（保证金）就会慢慢减少，而且往往就是这么巧的，就在你保证金见底之时，就会有一根“针”把你的仓位带走

而且交易所是光明正大地把你的钱一点一点的“挪走” ——而这就是资金费率算法

《合约算法镰刀（四）：0.01%的均衡——合约资金费率的机制与你百思不得解的爆仓残念》将在下周一晚上七点与大家见面啦

且看交易所你是如何一步一步落入交易所为你设下的必杀“圈套”。

敬请期待 🤣

0.01%的均衡，在永续交易眼里，就神似0.618的斐波那契数列，那样的精致动人"
2101190056794837444,Sat Sep 19 06:02:02 +0000 2026,trader_mindset_essays,32,161980,0.419,否,"作为一个过来人，我说一下终止全平 close position on stop 这个设计吧。。 

一般来说，这个设置就是在触发risk control （bot risk ratio < 1）和insufficient margin（保证金不足) 会把仓位全部平仓掉

这里的保证金又可以区分为：维持保证金，开仓保证金，单占用保证金，网格策略运行所需保证金等等等

大家可以看到这个设计的初衷就是为了“”控制风险“，相当于是一个止损点

为什么会有这个设计：是因为网格的计算比一般的合约还难（是一层层累加的），很多人是算不过来的（算得过来也不用这个了🤣） 

举个例子啊：按照你设计的网格，122后，将会累积到约5,250+个soxl （差不多是643k）按照20x的要求保证金需要33k左右，要是到118的话，保证金达到了40k左右

这里需要说的是：这个终止全平的设计是一个通用的设计，就我知道 @okx @Bybit_Official 都有类似的设计/选项供君选择 

看你说的情况应该是属于后者：开仓保证金不足，没办法开仓，系统判断为：终止，所以触发“终止全平”，所以系统帮你平仓

为什么开仓保证金不足也被系统认为应该“终止”，这个就涉及到网格策略的核心：连续性 ，网格是吃spread价差的，假设不能连续铺单子（出range）：原本自动循环的策略，开始出现缺单，实际交易行为偏离用户设置，就应该止损/不动

当然出现这种情况并不是一定平仓出局，你可以暂停/等，但是如果你选择了“终止平仓”，那系统就会按照你的设置来

你觉得因为是在上升趋势（从118-122），而系统提前帮你平仓所以你觉得亏了，最终损失1.4w+ ，而且随后价格122-128，你少了更多的预期收益

但你有没有想过，假设价格的路径是118 - 122 -110呢？ 这样看的话，你还能省一点

这个就是网格策略这个【终止全平】机制设置的意义 

而且grid合约的高杠杆网格策略天生就不适合大波动（即使是方向对的）。。。"
2088656165898977525,Sat Aug 15 15:56:49 +0000 2026,derivatives_options,48,13928,0.419,否,"看到评论区，有人说nasdaq要开始上7*23 ，5*23了，那么是不是意味着binance这波“休市”后的红利快要结束了？！ 

我原来想说是不是你们没有认真读文章，（连标题都没看么？）后来一想，应该也是文章写的太长，信息太多，所以模糊了重点。。是我的锅

我要说的是：binance或者说币圈的交易所，会用perp 逐步获得股票的定价权，至少是短期的定价权

我在这里“用人话”说一下原因：

1. 一般来说，衍生品的交易量是现货的n倍 - 但这不是说期货的价格决定了现货，只能期货起到了引导/驱动/博弈作用，尤其是在短期内（什么squeeze，逼空之类的）

现在短期的热门股，大多是期货驱动，因为现货流通不多

2.为什么这篇文的标题：用perp做出一条定价权之路
因为perp太好用了，要是放在股票市场真的就是大杀器了（下面会解释原因），而perp恰恰是币圈交易所，或者说binance的舒适区

3.首先 perp能做什么呢？ 
各位还记得 $alpaca 吗？ 不知道的小伙伴可以去重温：https://t.co/7ENIn8g5tq 
这杀伤力太可怕了

4. 如果放在股票，perp有什么优势
就说一点：信息披露

如果在股票市场，你想要买卖股票都是有限制的，比如创始团队减持，要发公告；要回购，发公告；连散户不小心买到了x %也要披露。。 

但是你要是转换成合约的oi 就不同啦，想怎么样搞都可以 （参考3）

5. 接着4，最有意思的是，除了隐蔽，操作perp可以在你不需要稀释控制权的情况下赚到钱（不需要怎么卖现货，发个公告就可以了），这在股市就很好玩了。。（有些市场连卖空都需要你手里现有现货，而perp？ 呵呵）

6. 后续的优势还有不少，比如操作更为隐蔽，免税。手续费更低，不用t+1 等等，我就不细说了

7.  那你说这得等到猴年马月才有人进来？ 
no no no - 你知道有多少华尔街的mm也同时在币圈活跃吗？ 你知道多少妖币的mm也同时是股票市场的金融巨鳄吗？ 

8. 你再瞅瞅图表2.。 这个方向性的准确率，你还觉得远吗？ （ps 这篇文的每个图表都很有深意，值得大家去思考）

9. 管你nasdaq 是5*23，7*23，还是7*24 - 这个跟营业时间无关，这个是产品形态的事情
我自己认为：perp就是比spot正股好玩

直白一点：bstocks是服务perp用的，文章说的borrow，PUNDI X BASKET 等等都是围绕着这个事情

10.  现在回来最初的问题，如果perp真的能起来？ 你说最大的收益方是谁？ 

11. 最后吐槽一下，这篇文的含金量其实真的很高，尤其是里面的逻辑和数据

你要是认真看的话，这篇文让binance 给我100个bnb的奖励其实都不过分 （如果你仔细看图表2，这个对于量化团队来说就是钱啊） - 你知道这篇文能吸引多少团队进驻 bstocks 吗？ 赚多少钱吗？

结果好多人放着这些信息，去冲meme？！我也是醉了。。。"
2031641006660268334,Wed Mar 11 07:58:56 +0000 2026,trader_mindset_essays,120,19466,0.419,否,"比起那些复杂的预测市场公式和套利模型，这个才是普通人能碰到的

如何把文章里面提到的基础概率（Base Rate）、贝叶斯定理（Bayes' Theorem）、期望值（EV）和凯利公式的公式、理论串联起来应用？

假设在某个预测市场上，有一个关于“候选人 A 是否会被专家会议选为下一任伊朗最高领袖？”的预测项目。
市场规则：如果候选人 A 当选，每份“是（Yes）”合约将结算为 $1.00；如果未当选，结算为 $0.00。

当前市场价格：每份“是”合约的价格为 $0.40。这意味着市场隐含的当选概率（Market Implied Probability）为 40%。

我们将通过基础概率（Base Rate）、贝叶斯定理（Bayes' Theorem）、期望值（EV）和凯利公式（Kelly Criterion）来推导我们是否应该交易，以及应该投入多少资金。

第一步：确定基础概率

基础概率是指在没有考虑任何近期具体情报的情况下，基于历史数据或客观统计得出的先验概率。

设定：通过研究过去几十年伊朗政治权力交接的统计数据（用AI分析此时成为领导人的条件），我们发现具有候选人 A 类似背景（跟军方关系好、是前领导人的儿子等等）的人，最终被选为最高领袖的历史概率为 30%。(直接问AI即可）

我们将其设为先验概率 P(A)：
P(A) = 0.30
对应的，他不当选的概率为 P(neg A)：
P(neg A) = 1 - 0.30 = 0.70

第二步：使用贝叶斯定理进行算法更新
贝叶斯定理用于在获得新证据（Evidence）后，更新我们对事件发生概率的认知（后验概率）。

新证据 (E)：今天，专家会议中一个极具影响力的关键派系公开发表声明，赞扬候选人 A 的宗教造诣和领导力。

我们需要评估这个新证据的权重：
P(E|A) (似然度)：如果候选人 A 确实是内定的下一任领袖，该派系公开发表这种赞扬的概率有多大？AI评估为 80% (0.80)。
P(E|neg A) (假阳性率)：如果候选人 A 不是未来的领袖，该派系仅仅出于政治客套或其他原因发表赞扬的概率有多大？AI评估为 20% (0.20)。

现在代入贝叶斯公式求后验概率 P(A|E)（即在看到赞扬声明后，A 当选的更新后概率）：
P(A|E) = {P(E|A) · P(A)} / {P(E|A)· P(A) + P(E|\neg A) · P(\neg A)}

演算：
分子：0.80 * 0.30 = 0.24
分母：(0.80 * 0.30) + (0.20 * 0.70) = 0.24 + 0.14 = 0.38
后验概率：
P(A|E) = 0.24 / 0.38 = 0.6316
经过贝叶斯更新，认定候选人 A 当选的真实概率 p 飙升至 63.16%。

第三步：计算期望值 (Expected Value, EV)

期望值用于衡量这笔交易在数学上是否有利可图。当前市场价格为 $0.40（隐含概率 40%），而我们计算出的真实概率为 63.16%，显然存在套利空间。
成本 ：$0.40
潜在净利润 ：如果赢了，获得 $1.00，减去成本，净赚 $0.60。
潜在损失 ：如果输了，损失购买成本 $0.40。
胜率 (p)：0.6316
败率 (q)：1 - 0.6316 = 0.3684

期望值公式：
EV= Σ (probability × payoff)

演算：
EV = (0.6316 * 0.60) - (0.3684 * 0.40)
EV = 0.37896 - 0.14736 = 0.2316
买入一份合约的期望净收益为 $0.2316。因为 EV > 0，这是一个正期望值的押注，值得投资。

第四步：使用凯利公式进行仓位管理 (Kelly Criterion)
既然决定要买，该买多少？凯利公式可以帮我们在最大化复利增长的同时，避免破产风险。

标准凯利公式：
f^ = bp - q / b

其中：
f^：应该下注的资金占总本金的比例。

b：赔率（净利润与可能损失的比率）。在本例中，投入 $0.40 赚取 $0.60，所以 b = = 1.5。

p：胜率 0.6316。

q：败率 0.3684。

演算（全凯利）：f^ = （1.5 * 0.6316 - 0.3684） / 1.5 = 0.386
应用 1/4 凯利策略38.6% / 4  = 9.65%

假设你的总本金依然为 $10,000，按照 1/4 凯利公式，你应该拿出总本金的 9.65%，即 $965下注

购买合约数量：在每份 $0.40 的价格下，你将买入：2,412.5 份合约

你学会了吗？"
1927658867212820696,Wed May 28 09:31:02 +0000 2025,macro_first_principles,23,5351,0.419,否,"我认真觉得 @LeePima 和 @fishkiller 这次的 podcast确实有深度，也有广度，很难的听到条理清晰的podcast，节奏感好，有理论有实践有数据有反思。我原来整理了个浓缩文字版给内部看的，也顺便发出来吧

Meme币投资现状与逻辑
。Meme币在Solana生态尤为活跃，头部项目占公链市值约1%-5%，呈现强烈的马太效应和流动性虹吸...
。投资Meme币应聚焦头部龙头币，避免盲目追逐补涨币，因补涨币涨跌波动剧烈且难以落袋为安...
。Meme币市场极度情绪化，投资者多采用快节奏短线操作，但pima认为中大型投资者应关注长期趋势及市场核心逻辑（就是看业务数据的增长）
。Meme币体现行为金融学的特征，结合理查德·塞勒的“储蓄账户”与“娱乐账户”理论，满足投资者情绪化和快速反应的需求 （我觉得用心理账户的概念更好一些） 
💡 Key Insight: Meme币市场是行为金融学的盛宴，投资者的非理性行为和信息噪音极大地影响市场表现。（与行为金融学的假设一致）

Meme币市场的社会与经济背景
。Meme币热潮反映全球逆全球化、民族主义兴起及社会阶层固化的深层次社会现象，投资者多抱有“一把梭”的心态...
。散户投资者具有高度金融化特征，愿意为交易和投机支付高额费用，推动了Meme币及其发射平台的发展...
。社区认同感强烈但自我意识强化，导致部分投资者陷入恶性循环，难以理性分析和坚定持有...（就是你看到你身边的人暴富了，结果你没有，一攀比之下就陷入死循环） 

Meme币投资策略与风险管理
。pima强调投资Meme币的核心是Beta策略（稳健基础投资）与Alpha策略（高风险高回报尝试）并重，Beta打底后才尝试Alpha （举个例子，你就拿着你defi挖矿的利息去交易meme）
。浮盈容易落袋难，市场7×24小时波动频繁，投资者需有承受大幅回撤的心理准备
。投资Meme币需关注时间维度，绝大多数市值爆发需半年以上，速通现象为极端案例，不宜盲目模仿... （当然你就是赚20%的可以略过）

Meme币发射平台的生态与投资逻辑
。典型发射平台如https://t.co/NN70nB6g0L、Virtuals和Believe，分别针对Meme币、AI Agent及传统互联网开发者，满足不同细分市场的资产发行需求 （现在的ai agent在pima眼里也是 meme） 
。发射平台的核心价值在于交易费的现金流，类似DEX和公链，成功与否取决于能否吸引优质开发者和丰富资产品种
。Believe专注于独立开发者和小微企业，解决融资难题，通过分摊费用和精心包装实现正向现金流，符合当前AI及互联网趋势
❗ Important: 发射平台的估值基于其未来的持续营收能力和交易量，而非短期市值或炒作。

公链发展趋势与挑战
。公链盈利模式主要依赖Gas费和优先费（MEV/REV），但Gas费边际成本趋近于零，未来盈利将更多依赖MEV等高附加值服务...
。以太坊Layer 2方案被认为削弱了以太坊的经济价值，导致资金分流给“地方诸侯”，影响公链生态的健康发展ss
。公链的护城河在于开发者生态，决定公链成败的是B端开发者的选择而非C端散户，开发者的流入是核心竞争力.（pima是 $sol 的持有人，有利益相关，但是不妨碍他的论证逻辑 - 都可以财务数据量化）

投资者结构与市场成熟度
。投资者群体趋向成熟，投资逻辑从盲目追涨转向关注基本面、现金流和估值合理性，市场对高估值的公链和平台开始“成长性祛魅” （哪里有这么高的pe）
。投资者注意力极度分散，情绪化和片面化严重，需培养辨别噪音和独立思考的能力
。未来稳定币规模有望大幅增长，链上资产交易将持续活跃，交易费仍是Crypto领域最核心的商业模式.

对未来的展望与总结
。Meme币及其发射平台将持续发展，反映社会结构和投资者心理的深层变化，伴随AI和互联网创新，市场将呈现多样化生态...
。投资应坚持以结果为导向，关注现金流和营收质量，避免被大饼和趋势迷惑，选择具备持续竞争力的项目...
。pima 强调投资需“躬亲钻研”，认清市场本质和投资逻辑，避免幻想逆袭，理解公链生态的稳定格局和投资机遇...

最后一句：大局已定，只是你的仓位还未定

原podcast：https://t.co/s8yfDKq9B0"
2069610173241643505,Wed Jun 24 02:34:51 +0000 2026,macro_first_principles,32,13263,0.417,否,"哈哈哈 今天一大早有小伙伴问我，这篇文是不是拿了okx广告费？！ 🤣 还真的不是哈，这个不是广告，没人付费哈，就是我瞎写的

从我有限的经验和不成熟的角度看来，这个事情与其说是@okx 需要ice，还不如说是ice需要okx ，只是可能大家没有把ice的清算角色看得太重。

看了一圈x上对于这个事情的分析，觉得没有说道这个点上，觉得稍微有点可惜

很多人谈 tokenized equities 时，只盯着“股票上链”，其实反而看浅了。如果一只 tokenized stock 只是普通美股的影子，流动性不如原市场，权利结构更复杂，还没有分红/投票，监管风险更高，那用户为什么不用 Robinhood、Interactive Brokers 或本地券商？

股票上链本身不是一个足够大的故事。真正有价值的，不是 token，而是这个token能不能成为传统金融里认可的“抵押品”。

传统金融有全世界最好的资产：美股、美债、ETF、期货、商品、利率、外汇、指数。Crypto 有一套更高效的账户结构：7×24、全球用户、钱包、稳定币、统一保证金、实时风控、低门槛交易。如果 OKXICE 只是让用户买 tokenized stock，它的天花板不高。

真正大的问题是：传统金融资产能不能进入 crypto 式账户体系，成为可交易、可抵押、可风控、可监管的资产？

NYSE tokenized equities 能不能不只是被买卖，还能成为保证金？ICE futures 能不能和稳定币资金腿共存？美债、tokenized fund、股票、期货头寸、稳定币，能不能在一个合规框架下形成抵押品网络？一个全球用户能不能在 7×24 的环境里，用更高效率管理传统金融资产和数字资产的风险？

这才是 ICE 可能真正想看的终局。美股无边界、无时间区域化。

因为清算的本质，不只是交易完成；清算的本质，是决定什么可以被当作信用，什么可以被当作抵押，什么可以被用来支撑下一笔交易。

冷知识：在金融世界里，谁掌握抵押品规则，谁就掌握市场的底层秩序。"
2045394401061753241,Sat Apr 18 06:50:01 +0000 2026,trader_mindset_essays,33,7257,0.417,否,"妖币 $rave $myx $coai 可能更像是事件合约的算法，而不是永续合约

事件合约和永续都是一种合成头寸的延伸

本质都是假设这个标的/事情都是参与方无法左右的 - 然后就这个事情的结果/条件下注，博弈

为什么要有合成头寸？因为这样才能承载超越该标的价值的博弈金额

比如说斗鸡，一只鸡才多少钱？但是押注两只鸡打架的赌注可以是这两只鸡价值的n倍

而且事件合约押注的金额并不不能影响标的本身的结果（除非你说暗杀，打假赛等）并不存在说，你压了100亿耶稣在今天复活，那因为押注价值够大所以耶稣就会真的复活？

永续合约在这个机制上更进一步，因为下注的结果会反馈到标的上（通过套利/收敛），叠加博弈

但是在这些高控的妖币里，这更像是一个内幕版本的事件合约（更像是在赌博网站赌大小，概率都是设定好的），因为在合约博弈的结果并不会反馈到标的

在这个情况下，合约就是一个以标记价格（因为现货价格是多少没什么意义了）形式呈现的prediction market的实验 🤣

所以问题不是20这个价格是不是高/低，而是这个价格的隐含波动率值不值得你入场？"
1978766744220225785,Thu Oct 16 10:15:30 +0000 2025,macro_first_principles,198,164271,0.417,否,"有小伙伴问我，为什么不按照时间点写，一步步的推演，结构不是更清楚吗？而且你就按着 @binance 来写不是更有流量吗？ 
  
我自己的memo就是按照链上/cex的时间节点来分析的，不这样写主要就是：  

1.  这次出事的山寨币远不止usde/bnsol/wbeth/fil这些，更严重的还没爆出来，或者没得到流量的关注、有些更严重的山寨币的崩盘压根都没在binance上，更没可能获得赔偿  - 全部都放上来结构太乱了 

2. 本次闹出大动静的何止是 Binance 一家，只是他们是房间里最大的大象，大家都盯着他们而已，仅仅盯着binance价格的价格时间线的话根本说不清楚问题，也不太公平  

3. 反映在k线上的都是结果，我更想知道原因，知其然且知其所以然，才知道该如何避免？下次遇到时该怎么办？ 

我不做判官，也没能力还原真相，就想着从表象推倒发生的原因及其原理 ，比起悔恨莫及，我想的是如何不重蹈覆辙

4. 网上已经有好多博主写过类似结构的分析了，多我一个不多  

所以我以踩踏事件的起因、机制、原理、环境来写10月11日的过程和逻辑 ，不特别指的是哪家交易所，都是以xxx为例  

因为在这次的“浩劫”中，其实好多交易所，不论是cex还是perp dex，甚至是借贷协议都出了问题，只是它们都淹没在茫茫人海中，无人关注，无人发声  

如果你有机会看到其他交易所/perp dex/协议的处理方式，那你就会知道 Binance 真的是比起其他人做了太多、且承担了太多了

我就是一个小项目方，我也怕被公关，也怕被攻击，能做的就是在我维权的途中，分享一些自己的观察和分析，希望给后来者（不论是散户还是交易所）提个醒  

不是我挺身而出，见义勇为，只是因为老灯觉得为众人抱薪者 ，不可使其冻毙于风雪（希望下次我有困难了，也有人愿意拉我一把  🤣） 

ps：看我的文章会比较累，里面提到的例子、数字都不重要，重点看逻辑和机制  ，大家出事的原因都差不多

知其然且知其所以然"
1949850437148086517,Mon Jul 28 15:12:25 +0000 2025,derivatives_options,26,5461,0.411,否,"强制平仓是对于交易所来说是一件”费力不讨好“的事情，得罪用户不说，一个不小心还容易把自己搭进去，而且把自己搭进去之时可是没人会怜悯自己的。所以怎么做到一寸长半寸强，半寸深一寸浅就是真功夫。

多说一句，别看什么造富效应——清算机制，才是一个交易所的良心和担当。

今天，我们只谈结构和算法。强平发生的真正逻辑是什么？清算模型如何保护市场整体安全？为什么仓位遭遇自动减仓 (ADL)？"
2053231160093024545,Sat May 09 21:50:30 +0000 2026,derivatives_options,15,4581,0.4,否,"撮合机制应该是交易环节其中一个很重要，但是基本没有人讨论的事情

除了永续合约之外，期权和event contract （aka polymarket）的撮合其实是很少人关注的，这里面有好多坑，很多的算法和机制与传统的机制的差异也好大的

即使是永续合约，其实各家交易所都有自己的差异～ 有些交易所的撮合引擎说是专门为了“清算”而生的都不过分 🤣 所以不要说清算数据不能公开，甚至连历史仓位的pnl都查不到。。

之前看到好多有人要做期权和event contract的mm，建议感兴趣的朋友都先看一下再去送钱吧～"
1904762500408893948,Wed Mar 26 05:09:03 +0000 2025,mm_liquidity,3,4065,0.398,否,"首先，还是要澄清一下，我都是猜测/个人看法，+听的小道消息的个人分析，如有雷同，纯属巧合。  
1.相较于以前，现在大家对于上币的观点发生了重大改变，以前的上币是起点；现在的上币是终点 - 这也不能怪他们，因为好多vc也快到了赎回期限，压力也好大的，（很多时候不只是项目方的问题）加上市场流动性紧缩和新币的预期一直下降，所以只能借助“新上币流动性”的窗口套现，这是压力，也是无奈 （mm的做市资金也是有成本的，此处心疼gsr两秒）   
2.项目方和做市商肯定是不敢公开闹的，如果你还想在里面交易和上币的话 - 没有交易所会让一个满城风雨的项目/mm在自己的交易所活动（尤其你还想去cb和upbit的话）而且现货也不是收益大头，犯不着....  
 3.别的交易所也有类似的情况，为什么不披露呢 - 因为他们自己就是做市商啊 🤣 （尤其是合约） 
 4. 紧接3，除了舆论压力之外，最直观的就是亏钱了呗。。。。。  
5. 再说一个观点，大动作一般都跟人事变化有关  
6.吃瓜真的是人性啊 娱乐至死嚒..."
1937698765068206257,Wed Jun 25 02:26:00 +0000 2025,derivatives_options,4,2084,0.396,否,"原来原文在这里 😂
我参考 @dov_wo 的post，写了另一则寓言故事——

狗庄如何用永续合约与现货联动收割散户——【潮汕橄榄金融寓言】  
免责声明：本文纯属虚构，如有雷同，纯属活该。 
免责声明：知识无罪，操作自负。 
免责声明：狗庄无罪，贪婪有理  

序章：狗庄与潮汕橄榄村
在遥远的潮汕，有一个村子以吃橄榄为荣，含一粒橄榄、喝一口功夫茶，是日常仪式感的顶峰。

某天，一只狗庄来了。他既掌握了村外山头上的橄榄果园，又通过橄榄果实的高交易量让隔壁村的合约交易所上架橄榄果合约

村民们不懂金融，只听说这个橄榄过合约可以对冲，可以杠杆，炒橄榄可以翻身做富户。狗庄笑了笑，开局了。

第一幕：假装自己是“高买者”，制造价格锚点

狗庄用自己的现货橄榄，在市场上互相倒手：
第一天10元买一斤自己家的橄榄

第二天11元再买回来

第三天挂12元单成交，引起“潮汕日报财经版”小报道

一条漂亮的日K线出来了，深度薄的市场就像潮州牛肉丸汤，滚一下就沸。

广播里传来：

“橄榄是AI味觉训练的核心数据资产！”
“下一代大模型，将以橄榄作为载体！”

村民看着微信群疯传的“橄榄涨疯了”，虽然心痒痒，但是还是观望态度。

底价就跟乳沟一样，就看庄家想怎么挤

第二幕：用现货抬盘，引导合约开多

狗庄知道，“预期+情绪”才是合约收割的源泉。

他用几万元小资金，把橄榄从5元拉到10、18、22元：
现货连阳

这时候第一波村民，看着涨势很好，于是开始买入一些现货试试看。结果都赚到钱了

这个时候总会有些人借钱买现货，幻想靠炒橄榄买下汕头CBD电梯房，但是他们苦于没有准备只能看着好机会错失。（狗庄在这个阶段也不会让村民有机会开杠杆）

交易是道数学题，是不会让你看到希望的 - 你小时候做数学题的时候会预感自己成为奥特曼吗？

第三幕：制造FOMO高潮，让先信的人赚到钱

此时狗庄悄悄做三件事：
1.狗庄仍然继续将橄榄的价格抬到25，28，30元

2.说服隔壁村的合约交易所开“橄榄”的永续合约交易 ，毕竟橄榄的现货交易量大，不可能放着手续费不挣

3. 狗庄同时在合约挂空单，即是给散户多仓的成交机会，同时也是埋伏

先信的散户开始从现货中赚到钱了，落袋为安。没进场的散户纷纷感慨。

你以为你在抄底未来，实际上你在接狗庄的货。

第四幕：横盘是打窝，引君入瓮
狗庄随即将橄榄的价格维持到20元左右，并且横盘一段时间

同时还要放出xxx 因为在合约开个10x的多仓，轻松赚取cbd豪宅一栋的消息

那些之前在25元高位套现的散户，又看到了机会

这次第一波赚到钱的散户要的不是现货，而是合约

而且他们还会顺带吧还没上车的邻居喊上车

当你不知道鱼是哪里来的？你吃的就是鱼饵

第五幕：突袭插针，回调只是更好地上涨
狗庄在看到交易量，换手率上来后，慢慢把现货从20涨到了26，与此同时在合约出不断的放出空单

26是一个神奇的数字 —— 他让第一波先信的散户，找到了自信——以为自己就是那个幸运儿，那个天选之子

26元只会让他继续加仓，而不是撤离 —— 一夜暴富近在眼前

某个凌晨，狗庄突然用几笔大空单砸穿价格防线：

橄榄从26元瞬间插针到17元，村民的10x合约仓位没有爆炸，亏损了40%，对于村民来说，这只是一种痛感，一直持续加仓的痛感

而狗庄趁机出货也积蓄更大的能量

痛是身体发出的危险信号；但痛，在交易里是一种瘾

第六幕：V型反弹，重建信仰
狗庄不急，几小时内又把橄榄价格拉回到23元，并让KOL统一发言：

“只是洗盘，主力没走。”
“潮汕人讲义气，橄榄终将上100元。”
村民信了。

这种是一种“肯定式”的嘉奖，对那些忠诚散户“犀利眼光”的回敬，“你看看，我就说嘛，橄榄一定会杀回来的” “橄榄会上etf，届时外部资金一定进来的” “你看我2天前推文就分析过了xxxx""  “橄榄是下一个btc杀手。。。“ 

之后呢？狗庄就找隔壁村的defi协议，说我给你一点橄榄，你就让村民们来你这里做交易，每交易100个橄榄，你就给他们1个橄榄作为交易激励，但是产生的手续费要归我所有

defi协议一听，这好啊，何乐而不为，免费导有用户；村民一听好啊，可以多得橄榄；于是乎，狗庄就让橄榄会在18-22元震荡，虽然村民偶有怨言，但是毕竟亏的人少，还算ok 

你的仓位就如同放大镜，会自发地放大任何一个利好

第七幕：制造资金费率狂热，反手吃空头手续费
狗庄这时已经通过第2-6幕的操作累计了大量的空单，虽然现货也出去了不少，但是大部分的现货还在手上

他做的事很简单：
首先用第3和5幕赚到的利润，将合约的价格推上来，同时把现货的价格压低，创造出一个期差，就是现货和合约价格之间有个差价，做完之后放一个超厚的maker单子压阵

这样就把资金费率推到+0.2% /每小时

自己握着空单持续收资金费率

这时村民持有的多单就像个血吸虫，满满的让村民留血，但是他们却浑然不知

当然也有聪明的村民意识资金费率的问题 —— 狗庄就会想办法安抚他们，比如把橄榄从村里运到隔壁村，大大方方地让村民知道，村里“没货”啦，在坚持一会儿，橄榄就要涨了啊

温水其实煮不了青蛙，但回本的希望会

第八幕：控制深度，双杀多空
眼见日常热度下降，村民开始怀疑自己的决定时，甚至有kol带头质疑，交易所决定缩减仓位逐步ADL，狗庄决定出手了

由于村民的仓位被资金费率消耗，所谓的爆仓价格其实与村民当初的爆仓价格已经大不相同了

首先先把之前压舱的maker order撤出，这时候的order book就是平原；之后开始砸现货，但是狗庄不会一马平川，他会分阶段，因为要时刻看着交易所的穿仓保证金（不能让交易所亏欠是底线）以及迅速提现——以防被交易所冻结资金，

猎杀时刻虽然分阶段的，但是开弓没有回头箭，随着现货越砸越多，合约这里也响起此起彼伏的爆仓声，布置n天的空仓终于拿到了结果

分阶段猎杀并不是因为仁慈，而是怕动静太大打扰到赌场老板

第九幕：撕逼大战
橄榄的狗庄会把怒火迁怒于交易所、defi、项目、隔壁村、七大姑八大姨、隔壁村的小黄等等

完

尾声：一颗橄榄的命运

后来，村里有个小孩问爷爷：

“爷爷，为什么我们家以前很有钱，现在只剩下一个账号密码？”

爷爷叹了口气，抬头看着天上的云，说：

“因为我们把该含在嘴里的橄榄，放进了合约里。”

那小孩不太懂，但他记住了一句话：

“真正的风险，不在价格涨跌，而在你连自己在玩什么都不知道。”

再后来，潮汕村出了本新书，火遍大江南北，书名就叫：

《我炒的是橄榄，赔的是人生》"
2101527578410705037,Sun Sep 20 04:23:13 +0000 2026,trader_mindset_essays,0,0,0.394,否,"作为一个过来人，我说一下终止全平 close position on stop 这个设计吧。。 

一般来说，这个设置就是在触发risk control （bot risk ratio < 1）和insufficient margin（保证金不足) 会把仓位全部平仓掉

这里的保证金又可以区分为：维持保证金，开仓保证金，单占用保证金，网格策略运行所需保证金等等等

大家可以看到这个设计的初衷就是为了“”控制风险“，相当于是一个止损点

为什么会有这个设计：是因为网格的计算比一般的合约还难（是一层层累加的），很多人是算不过来的（算得过来也不用这个了🤣） 

举个例子啊：按照你设计的网格，122后，将会累积到约5,250+个soxl （差不多是643k）按照20x的要求保证金需要33k左右，要是到118的话，保证金达到了40k左右

这里需要说的是：这个终止全平的设计是一个通用的设计，就我知道 @okx @Bybit_Official 都有类似的设计/选项供君选择 

看你说的情况应该是属于后者：开仓保证金不足，没办法开仓，系统判断为：终止，所以触发“终止全平”，所以系统帮你平仓

为什么开仓保证金不足也被系统认为应该“终止”，这个就涉及到网格策略的核心：连续性 ，网格是吃spread价差的，假设不能连续铺单子（出range）：原本自动循环的策略，开始出现缺单，实际交易行为偏离用户设置，就应该止损/不动

当然出现这种情况并不是一定平仓出局，你可以暂停/等，但是如果你选择了“终止平仓”，那系统就会按照你的设置来

你觉得因为是在上升趋势（从118-122），而系统提前帮你平仓所以你觉得亏了，最终损失1.4w+ ，而且随后价格122-128，你少了更多的预期收益

但你有没有想过，假设价格的路径是118 - 122 -110呢？ 这样看的话，你还能省一点

这个就是网格策略这个【终止全平】机制设置的意义 

而且grid合约的高杠杆网格策略天生就不适合大波动（即使是方向对的）。。。"
1938500963171754266,Fri Jun 27 07:33:39 +0000 2025,macro_first_principles,12,2720,0.392,否,"其实我发这篇文章的时候也有点顾虑，毕竟老发这种硬核的算法文章，对于普通人来说其实没什么帮助，还容易被人说接广告，舔交易所云云

我最初的想写的内容是关于“为什么James Wynn可以在 @HyperliquidX 开出这种“天量”的多/空仓单子，但怎么是在Cex上基本没怎么听到呢？！难道是还有Binance做不到的事情吗？” — 你们看这个内容是不是就很有“流量感”？ 

但是要想说明白这个问题背后的逻辑呢？你又不得不先把hyperliquid的机制说明白，而且假设要把所有东西放到一篇文章，结构上就会更复杂了，所以想了一下还是分为两篇

另外，不是我故意要把简单的东西复杂化（这个事情让AI来做就行），而是魔鬼都在细节处。

我大可以说，hyper就是个去中心化交易所。 但是它的去中心化机制体现在哪里？它的算法又是怎么与它的去中心化机制相辅相成的…

交易是一个体系，不是一个单一环节，都是一环扣一环。

假设你觉得某一环不make sense，那是因为你没看到下一环

我只是想告诉你，魔鬼就在那里看着你"
1908724782553571441,Sun Apr 06 03:33:45 +0000 2025,listing_lobbying,2,1971,0.385,否,"清明，扫的是谁的墓？《破·地狱》破的是谁的结？

《破·地狱》这部影片，所破的，远不止是死者的地狱。它以一种巧妙的方式，探索了生者的地狱，那些我们无法言说的愧疚、不甘、遗憾，沉淀在每个人心底的枷锁。

电影的开端便设定了一个特定的时代背景——香港的后疫情时代。人们在疫情后感到无所适从，生存成为一种接近本能的挣扎。道生，作为婚礼策划师，在这种氛围中生存，身陷生死夹缝。他为了按时偿还银行贷款，从喜事转战丧事，他的生活由此转变为一个不断面对“死”的过程。他自己也说，“从喜事到丧事，一样都是为人办事”。这句话不仅体现了他工作的无奈，更隐含了活人与死者之间，难以挣脱的命运纠缠。

影片中的“破地狱”仪式，是道教中的一种法事，通过超渡亡灵，帮助亡者从九层地狱的束缚中解脱，进入轮回。这一仪式的象征意义非常深刻：九层地狱的每一层都有不同的惩罚，亡者需要经过层层审判，面对自己一生的过错，最终才能获得超生。而在这过程中，喃呒师傅使用桃木剑，破瓦、穿步等动作，象征着引导亡者走出地狱，走向安宁的净土。

然而，影片的真正核心并非亡者的解脱，而是生者的解救。生者同样被困在自己的“地狱”中，这些地狱并不总是与死亡直接相关，而是与未完成的事情、未说的悔恨、与死者未了的情感有着千丝万缕的联系。生者的地狱，往往是无法释怀的遗憾、难以弥补的愧疚，或者是无法逃避的命运和传统的枷锁。

电影中的角色都有各自的地狱（束缚），道生服务的客户们/道生/文哥/志斌/文玥…. 我们在这里就不谈这些显而易见的桥段和细节。 我们聊聊电影不敢明说的： 活下来的人地狱，能不能破？

在电影中的多个情节中，我们看到了生者的“地狱”是如何形成的，以及他们如何在这种痛苦的束缚中挣扎。

1.道生在为客户准备葬礼时，准备了一辆玛莎拉蒂作为墓车，意图满足客户对死者形象的需求。然而，这辆车却让客户愤怒至极，因为死者正是因这款车而死去。葬礼成为一场彻底的失败，勾起了家属深埋的痛苦回忆。但在这场混乱中，有一个细节十分值得注意：死者的父亲，在情绪最激烈的时刻，却陷入了沉思，他似乎在思索着什么，反而没有表现出其他家属的愤怒和激动。这一瞬间，父亲的眼神透露出了某种深沉的理解与释然，这让人不得不思考，死者是否真正得到了解脱，生者是否能够从这一切中找到一丝平静。

2.单亲妈妈要求道生为她已经死去半年多的儿子进行防腐处理。在道生用酒精擦拭遗体的过程中，母亲的眼泪从抽搐到啼哭，最终变为崩溃的平静。她的眼神从最初的无助，到最后在道生完成工作后的释然和希望，展示了她在丧子之痛中的挣扎与逐步接受。这一过程中，文哥的出现扮演了至关重要的角色，他用小孩的衣服为亡魂做超度

3. 影片中还有一场复杂的葬礼戏，涉及一对疑似女同的葬礼。丈夫百般阻挠女友前来悼念，表面上是出于对亡妻的悼念，实则是为了应付世俗的眼光和传统的规矩。这种情节的存在，揭示了社会传统对生者的压迫，死者成为了这些规矩下的牺牲品，而生者则在这种矛盾中不断纠结，无法逃脱。

4.文哥的葬礼中，围绕着一场激烈的权力争斗展开，喃呒师傅们的争斗显得荒诞且充满暗涌。表面上，他们是在为文哥举行葬礼，实际上却是在争夺一个失去领导者后的权力空缺。若从座次安排来看，这场葬礼更像是一场社团内部的权力斗争。最令人深思的是，明叔，作为与文哥同一辈的元老，为什么没有站出来。这里埋藏着对传统、对责任的深刻反思——那些身处权力漩涡中的人，最终会选择怎样的立场，是否真心悼念，抑或只是履行世俗的仪式？

最后，影片通过志斌和文玥共同为父亲呈上“最后一舞”的高潮，完成了一次情感的解脱。志斌的目光从最初的疑虑、焦虑，到最后的释然与认可，体现了他对于父亲深藏心底的愧疚和未竟的亲情的最终解脱。3. 这对于大半辈子都活在男尊女卑的家庭里是一件多么困难的事情。

所以说了这么多，活人的地狱是什么？

道生在电影里说了一些，“活人也有很多地狱，比如遗憾、不甘、愧疚… ”，还有世俗的目光、传统的礼节、对命运的唏嘘等等。我们也看到对于破生人的地狱其实是以一个新的问题来慰籍当下的情绪而衍生出的新问题，比如小孩的棺拱日后该如何存放？文玥日后该如何面对其他喃唔师傅？志斌的老婆孩子日后该怎么面对文玥等等。

电影谈的是“当下”生人破地狱的情绪滋养和疗愈 ——破活人的地狱的目的就是要让生者在那一刻感到心安，如释重负，或者说对于情绪的一种宣泄，认为我们按照老祖宗的1234，我们就尽到了应尽的义务。

教育教会了我们知识和技能，职场教会了我们生存和甩锅，爱情教会了我们珍惜和包容，但遗憾的是，没有一部心灵鸡汤教我们怎么面对死亡，尤其是亲人间毫无征兆，突如其来的死亡，这个时候懵逼的我们只能遵循老祖宗留下的范本，与自己当初做的傻事、不甘和未尽的孝道与自己做一次告解。

是的，破地狱就是一个仪式，每个人都需要一个仪式与过去的自己、破碎的家庭、对不住的故人做道别而已。

这就是一次不尝试解决任何实际问题、也没有受益者的解题公式 —— 在这一刻不需要逻辑，也不考虑后续产生的问题，人们只需要一个情绪的导流管。

在电影的最后，道生说了一句，“死亡不是终点，遗忘才是”；这句话对于生人的地狱而言，恰恰相反，“遗忘不是终点，死亡才是”。

--- 仔细一看，清明扫墓、破地狱与对等关税的出发点好像也差不多 🤣 不尝试解决任何实际问题、也没有受益者的仪式感"
2089217536915292301,Mon Aug 17 05:07:31 +0000 2026,derivatives_options,21,7203,0.381,否,"大部分人的的认知或者直觉是：
现货带动衍生品（合约、期货、期权）的价格

但如果是这样的话币圈基本不可能在短时间内，或者说需要花费非常大的成本来做到，你想硬刚nasdaq，港交所？别傻了孩子，这样就是事半功倍

但币圈告诉我们，衍生品是可以反过来影响现货的，low float high fdv可不是币圈的专利啊

所以反过来，币圈要做的就是用效率更高的“永续合约”交易来获得这部分的定价权，营业时间肯定有关系啊，但本质上是金融产品形态的不同决定的

你说币圈有什么特殊的资源、优势？
有，meme、defi、基本实时到账+结算、资金使用效率、一群去中心化的量化团队。。。。

股市的量化/mm是有一套非常严谨+细节的交易规则，触碰到基本就是合规介入了。。但是在币圈的野路子可不管这些（当然不是说以后监管和法律不会介入，肯定会介入的，但短期内不会），他们有的的资金体量就是华尔街本街，所以规模也不小

只要你给这群“野生”量化一点阳光、一点水和工具 - 分分钟给大家整出各种花活儿来（什么积分+合约+借贷） 

市场大部分的链上股票的文章都是从散户怎么进入？怎么打通华尔街？ 我感觉都没回归到币圈的优势区，交易所要做的就不应该只是另一个”股票券商“而已

如何做到不是另一个”券商“，首先就是你吸引到的人群和提供的基础设施

这篇文之所以独特和难得，且值得我花了很多精力和金钱来做调研，就是想从野生mm的角度告诉各位交易所 - 这群人是谁？他们在看什么？他们需要什么？
——如何调动他们为己所用

Not here to give answers—just vibing through different angles and perspectives.

ps：感谢 @heyibinance 一姐的转发，让这篇硬核文能被传播出去（还把标题拿来发meme 🤣🤣，社区都是人才啊） ，要不然就是躲在阴暗的角落里发霉

pps：有小伙伴来询价，这篇花了这么多金钱时间精力的文，bn给了你多少钱？
A. 50k ； B. 20K ； C. 2K  ； D. 50u

答：以上皆非，基本是0，沟通的时候啥什么都没要
但这不代表可以白嫖啊，我要嘛很贵，要嘛免费

那你可能会说，那就是为了蹭流量的呗？ 别傻了孩子，你看我都没去binance square发了。。 。。

敬有趣的人们和野心的灵魂"
1971842755413660152,Sat Sep 27 07:42:02 +0000 2025,mm_liquidity,67,36330,0.381,否,"现在 $aster 的热度稍微降了一点，可以稍微说一点关于正资金费率的玩法

图是 $aster 在各个交易所的年化资金费率，人话就是你做多的话，按年需要给空方交多少钱的意思

这张图最有意思的是，各家cex之间的费率可以差个2x - 这明显就是一个可以套利的机会，那为啥还会出现这个情况（就是合约价格 > 现货价格）？是道德的沦丧？还是勇气的缺失？ ）））不是啦。。。

1.先说原理，一般来说基于对冲的原则，mm是不会裸多/空的，说人话就是mm会持有/卖出一定的现货，才会在合约市场开对应的仓位

2. 资金费率为正，理论来说就是看多的人更多，所以合约的价格 > 现货的价格； 在多方给空方交钱的情况，mm需要扮演空方收取资金费，而为了对冲风险，mm需要去购买相应的现货来对冲 

3. 这个时候好玩的就来了，因为各式各样的理由（cz喊单，看好perpdex whatever），越来越多的人进来开多仓，而mm为了持续开空仓赚这个资金费率就会去买现货对冲

4. 然后散户看到价格一直涨，就fomo一直开多仓，然后mm看到你们这么疯狂，也一直买现货开空仓，oi就真～水涨船高了。

项目方 @Aster_DEX 也是喜闻乐见这种情况

5. 为什么不直接买现货，这个分几个阶段说：
初期，因为一开始买不到，你还记得aster最开始就是单机币嘛？ 大家要参与就是买apx或者开合约
中期，现货的流动性比合约的流动性要好 （现货的流动盘很少）而且好多人都囤着不卖
现在，加上perpdex 的叙事 + 杠杆的作用+价格相对稳定 （有说刷量的刺激，但我觉得影响不大） - 索性就在合约市场里面玩耍

6. 至于什么时候，或者说什么情况下会崩，请听下回分解啦 🤣🤣 

））我先发给订阅号"
2066163287624917269,Sun Jun 14 14:18:09 +0000 2026,mm_liquidity,15,8054,0.379,否,"无利益相关
关闭充提之后，就会发生不同所之间的价差，更不要说合约了（因为没办法转账套利扳平）

这点以前在韩所upbit/bithumb关闭充提之后其实是频繁发生的，因为野庄可以通过交易所的钱包地址和orderbook的数量来反推自己在这个战场要面对的“盘”

这个时候的对手盘就是清晰可控的（provided 交易所不能去印币）- 加上散户是越涨越买，就可以在高位慢慢出货获益

久而久之，就形成了“肌肉记忆”，关闭充提=要搞事

现在回到 $h 这个标的就更好玩了- 因为有合约+大部分不受控制的筹码在链上，因为关闭充提，用户没办法在链上买，cex卖（盘子变轻了n多）

关键还是合约指数价格的权重大部分是cex和合约自引用，就形成了不care链上一直往上抬的局面，然后不明所以的小伙伴跟着进来

是不是一定是项目方？野庄？mm？不知道

啥时候结束？或者说进入下一阶段的我博弈？这个情况跟我之前说的下架币叙事有点类似- 就是等到充提开放或者调整指数价格的权重

无论如何，这件事对于操盘方来说，最大的挑战是如何把钱从cex提出来"
2062415952739000601,Thu Jun 04 06:07:35 +0000 2026,mm_liquidity,30,16918,0.379,否,"其实我疑惑的问题是：为什么要收手续费？

从Binance和Alpaca的协议里是看双方是PFOF模式下（Payment for Order Flow，订单流付款）

这一套机制：散户在券商下单后，券商并不把订单直接送进交易所，而是把这股”订单流”卖给做市商（Citadel Securities、Virtu、Jane Street 这类），做市商付钱给券商来买这些订单。做市商靠买卖价差赚钱，再返一部分给券商。

Robinhood是用这个模式做到0佣金的

按正常的商业逻辑来说，到达一定量级后，Binance应该也能做到0手续费"
1981934267706839446,Sat Oct 25 04:02:06 +0000 2025,mm_liquidity,23,7692,0.379,否,"Polymarket 的核心交易产品被称为事件合约，其结构与传统金融市场中的二元期权（Binary Options）模型近似。每个事件的结果份额价格在  0 到  1之间浮动，总和恒定为  1。份额的价格直接反映了市场对该事件发生的实时概率 。

比如说Yes 是0.6 - 这就意味着这个事情发生的概念是60%，假设你0.6买了Yes，到期之后真的发生了，那么该事件 将恒定按照1 （100%） 来结算，所以你赚了0.4

一般来说，Yes和No的总额是1，但是在实际交易中，因为价差和流动性的关系，两者加起来往往会超过1.01

这里多说一句，假设你看到Yes和No的份额加起来小于1，那么恭喜你，赶紧去买吧！因为算法按照1来结算，此时1 - （Yes+No）的部分都是无风险收益。"
2047573764515475692,Fri Apr 24 07:10:02 +0000 2026,derivatives_options,69,16810,0.379,否,"这是一篇cex从业人员必读的文章
算是关于合约算法镰刀机制的历史性回顾吧～ 

这篇文应该是全网唯一一篇把永续合约的机制按照历史脉络如何一步步地从最初的设计走到今天这幅天地的体系化文章，需要有一定的基础才能理解里面的概念，不止硬核，门槛还高 🤣 但是真的有用

起因是因为上次有个okx 50000btc的远古维权事情，加上最近的限价机制，我看 @Haiteng_okx 都要被搞死了，就觉得应该写一下这些机制的来时路

后来前几天在香港跟几个跟交易所的闭门小会聊到这些，才发现道，不只是交易员、推上的小伙伴，其实连从业人员和kol们也不知道永续合约交易机制”今夕是何年“。。

当你了解背后的逻辑和演进路径后，其实真的没有这么多阴谋诡计，交易所比你还担心这些

多懂一些，下次遇到问题的时候，你能一眼看出是fud还是false

多一点常识，少一点阴谋，还币圈一个干净的时间线"
2058867514088812772,Mon May 25 11:07:21 +0000 2026,derivatives_options,8,10564,0.379,否,"一刷推，都在说 $sive  涨爆了…

真的是叙事打开了？要双上市？才不是，人家的AI相关pe到了230x…

今天这轮暴涨我盲猜是因为逼空，有点类似 gamestop当年（不过这次不是期权，而是现货卖空） 有博主说是2sigma开的大仓位，我没去查证，但即使不是它，也是其他人

如果要类比币圈的资产， $myx $coai $rave 那可太多了… 你可以理解就是“机制”造成的 ，空头燃料

长期不好说（我也不懂技术原理）但短期就是博弈之源（多空较量）驱动的，到哪儿都一样

这不就到了我们的舒适区啦？ 🤣🤣
这玩意儿有了资金费率只会更high

@Binance @okx @bitget @MEXC - 别看了啊，赶紧的"
2101306668009365670,Sat Sep 19 13:45:24 +0000 2026,mm_liquidity,36,37863,0.377,否,"这是一个美丽的误会 🤣 

主要是持仓保证金 vs 开仓保证金  之争

背景知识：
1. 网格策略是一个动态的策略 - 它会一直频繁平仓开仓（按照你的设置0.04%（5u的距离）之内放了100个grid，差不多就是每0.05u 一个grid，这非常的密集。。）

bn的grid的规则是，成交的同时会在另一侧给你摆单子（其他人take了就算做是你的盈利 matched trade）；但是如果一直没人take，那么这个东西就会成为unmatched profit / loss

grid是怎么弄的呢？比如125.5的long成交了，但就在125.55摆一个close long，假设这个close long没有被take，就一直放在哪里，计入unmatched pnl

好处就是，假设价格在一个区间内震荡，那这个价差就吃得很爽；坏处就是，突然单边的话，你一侧的单子都要承压 - 这个会吃掉你的保证金

2. 保证金可以分成几种：持仓初始保证金，开仓保证金，维持保证金， - 你这里的主要问题是开仓保证金耗尽了。。而开仓保证金耗尽按照bn的规矩也是终止的条件之一

3. 网格重启后的的动作：先卖出减仓，再补买单 （这个是重点，后面会考） 

在你的案例里 - 反弹时，机器人先执行上方挂着的平多卖单。卖出一格的数量后，再到下面一格挂买单，等价格回落时接回来。

我没看到具体的order flow，所以我猜测是：
第一次碰到122的时候没事，是因为你这个时候122的单子是之前就开好的。。 （钱已经花出去了） 

跌到122，最后一格买入成交
机器人买入53.79 SOXL，然后在约122.05挂出同样数量的平多卖单。

价格随后跌到118，这个122.05的卖单暂时成交不了，然后unmatched loss就一直在增加 （蚕食你为数不多的开仓保证金）

然后第二次到达122的时候，grid就重新启动 -触发新一轮的买单回补

价格反弹进入区间、平多卖单成交后，机器人会尝试在下方补挂买单。这个动作可能触发新的保证金检查。如果下单因保证金不足失败，策略可能终止

你可以理解成：
第一次下跌时，122买单可能是此前就挂好的订单；第二次反弹时，平多成交可能触发新的买单申请 aka你需要花钱开单 （注意：开单的保证金与持仓保证金不是同一个体系） ，而这个时候因为unmatched pnl等问题，你的开仓保证金已经不够了。。 

已存在的订单与新申请订单，检查时点不同。这就能解释“为什么偏偏在反弹时暴露问题”。。。

换句话，这时：

1. 不发生新的开仓申请，仓位可以继续存在。

2. 一旦网格申请补挂开仓单，就可能遇到资金不足。

3.如果系统因此终止策略，再执行你开仓时选择的“终止全平” —— 这个就是你看到“是反弹时被全部平仓” 

知其然，且知其所以然"
2057664675152896149,Fri May 22 03:27:42 +0000 2026,derivatives_options,19,14292,0.377,否,"看着大家评论的怨气比较重，我统一回复一下昨天说的Binance tradfi和pre ipo上市较慢的原因。。

先声明一下：我很久没看ADGM的规则了，我大概说一下我还记得的事情，肯定会有偏差，大家看个大概就行

1. 永续合约在ADGM大概率被归类为 Contract for Differences (CFD) 或类似的衍生品——因为它没有交割，只是基于标的资产价格波动结算。

然后根据FSP Scope，Dealing in Investments (Derivatives) 是单独的permitted activity

我没仔细看，但Binance在ADGM的现有牌照大概率目前只覆盖Crypto Spot或Crypto Derivatives(以加密资产为标的)，那做美股/原油/Pre-IPO为标的的衍生品时，标的资产类别变了，就需要扩展scope。（你可以理解标的范围）

这一点很重要:FSRA给的permission是按""标的资产类别 + 活动类型""两个维度切的，标的从Crypto扩展到Traditional Assets(equity、commodity、index)是一次实质性的scope变更，从框架不是""反正都是衍生品就一起做了""的即视感。

2. 还有一个就是Underlying Asset的数据源、价格发现机制要审

这是衍生品监管的核心关注点之一：你的标的价格从哪来?

美股永续 → S&P / Nasdaq的官方行情授权?还是用Chainlink这种聚合预言机?
原油永续 → 用WTI / Brent的期货价?用什么数据源?

Pre-IPO永续 → 这是最敏感的，因为Pre-IPO根本没有公开市场价,价格发现完全是黑箱。FSRA几乎肯定会问：你怎么定义结算价?有没有操纵风险?出了事咋办？

3. 除了以上这两个大项，还有其他什么retail保护，杠杆设置 etc有的没得的细节

反正这个“合规”真的不是调侃，是真的需要做的东西

4. 说一个有意思的事情
你们知道ADGM在2019年颁布的监管框架是谁写（主持）的吗？🤣🤣

对了，就是BN现在的co- CEO @_RichardTeng 就是这么巧～ 😂🤣"
2058195119606796476,Sat May 23 14:35:30 +0000 2026,macro_first_principles,25,13703,0.377,否,"futu和老虎之后，大家该何去何从？

也是够凑巧的，我昨天中午发了加密合规的梳理，下午就发生了futu/老虎/长桥被九部委那啥的事情。。

我就不写成文章了，大家自己看下吧

1. 为什么是这个时间点？难道没有前兆吗？
其实早在2022年开始就有类似的倾向了，只是当时没什么人care而已？！ 

2022 年 12 月：富途、老虎首次被点名""非法跨境展业""——不处罚、不强制清盘。
2023–2024：监管观察期，两家公司停止大陆获客，存量账户继续运作。
2024–2025：配套合规通道扩容——沪深港通、跨境理财通、QDII 额度持续扩张。
2026 年 5 月 22 日：在配套通道已具备承接能力后，对原灰色路径执行执法。

2. 老虎还好吗？——估计不太好了，这次是从""半穿透""到""完全切割"" 

2022 年 12 月，证监会首次将富途、老虎的展业行为定性为""非法跨境展业""，仅停止新增大陆客户、不处罚、不强制清盘——一种""半穿透""的处理

2026年5月，除了罚金和罚款之后，最狠的事两年强制清盘

富途服务大陆用户的合规结构长期依赖一种灰色架构——香港持牌主体提供证券服务（合规），大陆关联实体提供开户协助和客户服务（非合规）。

至于为什么这次出动了“九部委”—— 因为证监会只能处罚证券业务本身；要拆除整套灰色架构，需要公安部介入处理境内运营主体、央行配合切断资金通道、网信办处理数据跨境与应用合规。

3. 居民该何去何从？
完全合规的境内渠道：QDII 基金、沪深港通、跨境理财通、QDLP。

完全合规的境外身份渠道：基于真实境外身份（香港居民身份、新加坡 PR、其他司法辖区合法居留权）使用境外券商。关键点是身份与服务关系的真实一致性——真实在香港工作、报税、有居民身份证和地址证明的人使用富途香港，这部分客户在两轮监管行动中都未受影响。

强制清盘期的存量大陆账户：2026 年 5 月起进入两年强制清盘期。可以卖出、提取现金到合规渠道，不能买入、不能新增入金，两年后强制关闭。

明确违规的灰色路径：使用他人身份开户、伪造境外地址证明、通过非正规换汇向境外账户转账等等都是要去见警察叔叔的

4. 是不是意味着结束？
怎么说呢？每个行业都有自己的94，每一次清退都是一次机会，而且是一次全产业链的机会，就看你能不能抓住，而且路径还特别简单（基本都有标准答案了，把文章里18-20年各交易所的玩法照抄一遍就行）

在这个节骨眼，我还真的蛮庆幸自己身处这个“人间一年，币圈一月”的环境，这些事情相当于再走一遍而已 🤣

以币圈crypto为史，可以知交替，这题我们可太熟了

当年那些从中国大陆“出逃”的交易所大佬们？ 你们准备好了吗？我反正已经想好怎么接下你们的广子了

@binance @bitget @HTX_Global 你们几个别让我失望啊，我的报价单都准备好了 🤣哈哈哈"
2038921508999901274,Tue Mar 31 10:09:03 +0000 2026,macro_first_principles,322,84351,0.37,否,"这就是现实版的人类替代计划

顺着 @claudeai 泄漏的源代码，发现了几个好玩且还未发布的feature，给大家翻译+剧透一下：

1. BUDDY — AI 电子宠物（可能是愚人节的彩蛋？！🤣 ） 
这是一个Tamagotchi  AI 宠物，会坐在你的输入框旁边。核心机制包括：用 Mulberry32 PRNG 从用户 ID 哈希生成，共有 18 个物种（鸭子、猫、龙、章鱼、企鹅、蜗牛、幽灵、蝾螈等）。稀有度分为普通 60%、不常见 25%、稀有 10%、史诗 4%、传奇 1%，还有 1% 闪光概率。有 5 项属性：调试力、耐心、混沌、智慧、嘴炮。
首次""孵化""时 Claude 会为它生成一个名字和性格，永久存储，不会重新生成。
发布时间：2026 年 4 月 1-7 日预告（滚动 24 小时上线），2026 年 5 月正式上线。Anthropic 内部员工已经可以使用。

2. KAIROS — 持久化助手（""永远在线的 Claude""）
这是一个完整的替代 UX，让 Claude 变成一个跨会话持续存在的长期自主 agent。关键设计包括：每日追加日志存储在本地文件系统中（不重组织，只追加），""夜间做梦""机制——一个 forked 子 agent 在后台运行 4 个阶段（定向→收集→整合→裁剪），将日志蒸馏为结构化主题文件。15 秒阻塞预算，超时自动后台化。

3. ULTRAPLAN — 30 分钟远程规划
把复杂探索任务分配给远程 Claude Code 实例（CCR）。每 3 秒轮询一次，最长 30 分钟。用户在浏览器中批准/拒绝计划。有两条执行路径：""remote""（云端执行）和 ""teleport to terminal""（归档远程会话后在本地执行）。使用 Opus 4.6。

4. Coordinator — 多 Agent 编排器
Master Claude 通过 AgentTool 生成多个 worker，worker 以 XML 消息推送结果。Coordinator 从不轮询，worker 通过推送通知完成。每个 worker 有隔离的 scratch 目录 - 一人公司就在眼前

5. Auto-Dream — 记忆整合
会话之间的后台""做梦""，将知识蒸馏到 GrowthBook 中。触发条件：距上次做梦 > 24h 且 >= 5 个会话。

6. Bridge — 远程控制
从 https://t.co/XFCJJFOfSZ 或手机控制本地 Claude。使用 WebSocket + SSE 双工通信。可跨重启持久化。

7. Daemon — 会话监督器
长期运行的 supervisor + workers。后台会话管理。

8. UDS Inbox — 跨会话 IPC
通过 Unix domain sockets 实现进程间通信。

不知道是不是愚人节的玩笑～ 但如果是真的， Anthropic的野心真的巨大。。

 将 Claude Code 从一个""对话式编程助手""进化为一个永久在线、多 agent 协作、自主学习的 AI 操作系统。

我作为一个文科生，想着如果把这几个产品串起来：

KAIROS（持久化）+ Coordinator（多 agent）+ ULTRAPLAN（远程规划）+ Auto-Dream（记忆整合）这四个功能组合起来，就是一个能够自己""思考、计划、执行、学习、睡觉。。。""，关键是还能“做梦！！” 

这tm就是个人啊。。。
真·AI·取代人类"
2068541016668582303,Sun Jun 21 03:46:24 +0000 2026,mm_liquidity,11,4289,0.358,否,"同样的杠杆、同样的波动，为什么妖币的仓位总是爆得更快、更早、更惨？！

高 MMR 不过让强平价近一点，资金费磨损不过是慢性失血，薄流动性不过是滑点大些，标记价格失真不过是偶尔的异常。

危险在于当它们“乘”在一起：

1.高 MMR 把所有人的强平价压缩到狭窄区间 → 
2.资金费磨损让这个区间随时间不断上移、安全垫不断变薄 → 
3.薄流动性保证任何一股抛压（比如黑客砸盘）都能轻易捅穿这片密集的强平区 → 
4.强平卖单在薄盘口里制造瀑布 → 
5.现货崩盘把标记价格一起带崩，让瀑布无损引爆所有合约多头 → 
6. 形成刹不住的连环清算"
2073626657265504740,Sun Jul 05 04:34:55 +0000 2026,mm_liquidity,10,4540,0.356,否,"随着rwa/美股交易的火热，也有越来越多的小伙伴问我：为什么炒的美股/大宗期货的合约这么快就爆仓了？！

是不是交易所在搞我？

大家可能都有个误区。。就是交易的是 $NVDA $MSFT $INTC 都是几千上万亿市值的标的，那我的mmr，清算线标准会不会好一些？！ 

抱歉，并不会，甚至还比币圈的原生资产的标准更高（杠杆给的更低、mmr要求更高）。

你也别怪交易所，就是场内流动性不足 + 币圈原生资产的最初设定 + 预防盘后交易发生单边

如果你想着怎么识别、预防，甚至想了解背后的机理，这篇文虽然说的是币，但是也适用于股票/期货，给初学者涨涨见识也是好的

那你说，后续这个门槛会不会放开？！必然会的

因为能赚钱啊，不信你看看保险金的趋势曲线，走得真漂亮啊 🤣"
1911716134157717708,Mon Apr 14 09:40:19 +0000 2025,mm_liquidity,6,1774,0.356,否,"时间大概回到了23年，在cosmoverse的伊斯坦布尔大会上，当时的om的估值大概在20-25m之间，因为非cosmos核心生态式微，日子不好过，om积极寻求otc融资续命，彼时的壳资源尚未被看重

2个月后，有传被中东的机构收购，然后就积极在市场上回购代币，比较骚的是因为项目易主了，所以对于om之前签署的锁仓/买卖合约都不管了（要就打官司）

筹码在形成高度集中后，就开始了主动做市的操作，拉高之后，通过打折+锁仓的方式将代币otc给其他大户/机构；有了资金之后，再通过打折+锁仓的方式将代币otc..... 如此反复螺旋上升

当老一批的币要解锁时，就在去找新的大户/机构做otc来赎回这一批老的otc币，其中有几个比较骚的操作就是，对一些资金流向存疑的机构，就采取诉讼的方式来延缓解锁时间或者以较市场价更低的价格赎回等

但是这种资金流转总会到头，毕竟代币的数量是有限的

4月8日的时候 （https://t.co/tebQwm5jSA…） ，om来了个更骚的操作 —— 我手里没币了，我要增发代币——在原来基础上100%的增发

这下不管是谁都坐不住了，尤其是那些还没解锁，或者正要解锁的大户们？是可忍孰不可忍

所以就出现了几天前有大户（做市商？）将大额om转入交易所的事情，我个人猜测：这其实就是一个“核弹”威慑，相当于说你要是xxx，我就xxxx，谁也没真的想砸下去

然后更骚的事情就发生了...

欲知后事如何，且听下回分解"
1930148326495924655,Wed Jun 04 06:23:16 +0000 2025,listing_lobbying,7,1853,0.354,否,"向上社交只是表象，卡bug才是真相

只要在上升期的产业/行业/人，总会有几个“bug”的

只要卡bug卡的好，多的可以实现阶级跃升，少的可以得到好多时代红利

举个例子，想靠裸考高考上清华北大确实难度很大，但是你换个身份就简单了好多；比如考公很难，你换个岳父就简单很多了；再比如之前上币条件苛刻，你换个链或者换个交易对，这事情就很简单很多了

很多时候很多事情，能力和素质只是准入门槛，更多的是timing（时机）

卡bug就是从这个人/事/物从开始到成熟过程中的信息差和结构差中寻找时间/空间的套利机会

什么向上社交，预期管理的技巧和胆识根本不是关键，主要看时机

你在已经成熟的体系里向上社交就是事倍功半，你现在去蹭cz和一姐，估计理都不理你，但是你要是在刚他们刚活跃的时候去蹭/互动，那么估计就有戏，你在他们已经被伤害过/妥协过/经历后才去，边际效用已经大大递减了，他们已经祛魅了

企业的大额期权只给早期员工是一个道理，除了是画饼，因为老板自己也不懂会干成啥样，因为不成熟，所以接纳程度高

历史也说了，起义之后的第一场胜仗的饼是最大最香

细细品尝每一个bug，它们可能都是一个个改变格局的feature哦

Be a 潮汕人 卡准每一个bug"
2017810547904061597,Sun Feb 01 04:01:38 +0000 2026,listing_lobbying,11,1556,0.354,否,"我自己归类起来是两个不同的模式
一个是过路费模式 pvp ；一个是增值模式 pve

一个是你来交易
没有外部资金持续流入的情况下，交易所赚的每一分钱手续费，本质上都是场内交易者的本金损耗
这就是典型的“赌场模型”——赌客之间互有胜负，但整体资金池因为抽水而不断减少。

这解释了为什么Crypto行业如此依赖“新叙事”和“新韭菜”。因为如果不拉新人进来（吸引外部流动性），场内的存量资金会被交易所、矿工、项目方慢慢抽干。

另一个是购买显卡是为了创造了全新的商业价值赚取外界的钱，这种模式下，Nvidia赚了钱，客户也赚了钱（或节省了成本），整个蛋糕做大了。

目前web3/crypto就是缺乏“外部性”。大多数Web3项目不仅没帮用户赚到圈外的钱，反而因为高昂的Gas费、上币费用等等，增加了开发者的生产成本。

当然，也不能说问题出在于“收过路费”本身，更多的是在于过了这么多年Web3只有收费站（能赚到钱）"
2101650594910154776,Sun Sep 20 12:32:03 +0000 2026,mm_liquidity,0,0,0.352,否,"这是一个美丽的误会 🤣 

主要是持仓保证金 vs 开仓保证金  之争

背景知识：
1. 网格策略是一个动态的策略 - 它会一直频繁平仓开仓（按照你的设置0.04%（5u的距离）之内放了100个grid，差不多就是每0.05u 一个grid，这非常的密集。。）

bn的grid的规则是，成交的同时会在另一侧给你摆单子（其他人take了就算做是你的盈利 matched trade）；但是如果一直没人take，那么这个东西就会成为unmatched profit / loss

grid是怎么弄的呢？比如125.5的long成交了，但就在125.55摆一个close long，假设这个close long没有被take，就一直放在哪里，计入unmatched pnl

好处就是，假设价格在一个区间内震荡，那这个价差就吃得很爽；坏处就是，突然单边的话，你一侧的单子都要承压 - 这个会吃掉你的保证金

2. 保证金可以分成几种：持仓初始保证金，开仓保证金，维持保证金， - 你这里的主要问题是开仓保证金耗尽了。。而开仓保证金耗尽按照bn的规矩也是终止的条件之一

3. 网格重启后的的动作：先卖出减仓，再补买单 （这个是重点，后面会考） 

在你的案例里 - 反弹时，机器人先执行上方挂着的平多卖单。卖出一格的数量后，再到下面一格挂买单，等价格回落时接回来。

我没看到具体的order flow，所以我猜测是：
第一次碰到122的时候没事，是因为你这个时候122的单子是之前就开好的。。 （钱已经花出去了） 

跌到122，最后一格买入成交
机器人买入53.79 SOXL，然后在约122.05挂出同样数量的平多卖单。

价格随后跌到118，这个122.05的卖单暂时成交不了，然后unmatched loss就一直在增加 （蚕食你为数不多的开仓保证金）

然后第二次到达122的时候，grid就重新启动 -触发新一轮的买单回补

价格反弹进入区间、平多卖单成交后，机器人会尝试在下方补挂买单。这个动作可能触发新的保证金检查。如果下单因保证金不足失败，策略可能终止

你可以理解成：
第一次下跌时，122买单可能是此前就挂好的订单；第二次反弹时，平多成交可能触发新的买单申请 aka你需要花钱开单 （注意：开单的保证金与持仓保证金不是同一个体系） ，而这个时候因为unmatched pnl等问题，你的开仓保证金已经不够了。。 

已存在的订单与新申请订单，检查时点不同。这就能解释“为什么偏偏在反弹时暴露问题”。。。

换句话，这时：

1. 不发生新的开仓申请，仓位可以继续存在。

2. 一旦网格申请补挂开仓单，就可能遇到资金不足。

3.如果系统因此终止策略，再执行你开仓时选择的“终止全平” —— 这个就是你看到“是反弹时被全部平仓” 

知其然，且知其所以然"
2101486632981647424,Sun Sep 20 01:40:31 +0000 2026,mm_liquidity,0,0,0.352,否,"这是一个美丽的误会 🤣 

主要是持仓保证金 vs 开仓保证金  之争

背景知识：
1. 网格策略是一个动态的策略 - 它会一直频繁平仓开仓（按照你的设置0.04%（5u的距离）之内放了100个grid，差不多就是每0.05u 一个grid，这非常的密集。。）

bn的grid的规则是，成交的同时会在另一侧给你摆单子（其他人take了就算做是你的盈利 matched trade）；但是如果一直没人take，那么这个东西就会成为unmatched profit / loss

grid是怎么弄的呢？比如125.5的long成交了，但就在125.55摆一个close long，假设这个close long没有被take，就一直放在哪里，计入unmatched pnl

好处就是，假设价格在一个区间内震荡，那这个价差就吃得很爽；坏处就是，突然单边的话，你一侧的单子都要承压 - 这个会吃掉你的保证金

2. 保证金可以分成几种：持仓初始保证金，开仓保证金，维持保证金， - 你这里的主要问题是开仓保证金耗尽了。。而开仓保证金耗尽按照bn的规矩也是终止的条件之一

3. 网格重启后的的动作：先卖出减仓，再补买单 （这个是重点，后面会考） 

在你的案例里 - 反弹时，机器人先执行上方挂着的平多卖单。卖出一格的数量后，再到下面一格挂买单，等价格回落时接回来。

我没看到具体的order flow，所以我猜测是：
第一次碰到122的时候没事，是因为你这个时候122的单子是之前就开好的。。 （钱已经花出去了） 

跌到122，最后一格买入成交
机器人买入53.79 SOXL，然后在约122.05挂出同样数量的平多卖单。

价格随后跌到118，这个122.05的卖单暂时成交不了，然后unmatched loss就一直在增加 （蚕食你为数不多的开仓保证金）

然后第二次到达122的时候，grid就重新启动 -触发新一轮的买单回补

价格反弹进入区间、平多卖单成交后，机器人会尝试在下方补挂买单。这个动作可能触发新的保证金检查。如果下单因保证金不足失败，策略可能终止

你可以理解成：
第一次下跌时，122买单可能是此前就挂好的订单；第二次反弹时，平多成交可能触发新的买单申请 aka你需要花钱开单 （注意：开单的保证金与持仓保证金不是同一个体系） ，而这个时候因为unmatched pnl等问题，你的开仓保证金已经不够了。。 

已存在的订单与新申请订单，检查时点不同。这就能解释“为什么偏偏在反弹时暴露问题”。。。

换句话，这时：

1. 不发生新的开仓申请，仓位可以继续存在。

2. 一旦网格申请补挂开仓单，就可能遇到资金不足。

3.如果系统因此终止策略，再执行你开仓时选择的“终止全平” —— 这个就是你看到“是反弹时被全部平仓” 

知其然，且知其所以然"
2078866112591348024,Sun Jul 19 15:34:39 +0000 2026,trader_mindset_essays,9,3677,0.345,否,"数学，应该是对于选拔来说最公平的学科了
因为你会就是会，你不会就是不会

数学跟语文，历史地理不一样
你说我家境优渥，可以请家教，补习
不好意思，收效甚微，有用但不大
换了个题型，可能就看不懂了

为什么对于选拔来说，是公平的
因为出身寒门，没有家教加持，数学也可以很好
即使你没见过，你还是能推导出来

这个跟你学过什么公式定理无关
就是你的思维逻辑
这个事情培养要花大精力，只能做筛选

--当年技校强制所有人学数学，不管你是文科理科，当年不解；出来工作招聘之后，才发现道这是筛选机制"
1897206242315268557,Wed Mar 05 08:43:11 +0000 2025,listing_lobbying,2,669,0.345,否,"为什么说黑道寿司外卖是东京最隐秘的味道？

2020年3月，东京涉谷某个柏青哥厅，山口组的传奇大佬——渡边清隆，做出了一个震撼地下世界的决定。那天，比特币闪崩，他毫不犹豫地 ALL IN。不容置疑的信仰，高傲至极的姿态，他无视一切噪音，甚至无惧整个世界与他为敌。

他的目标很明确——社团储备资金 ALL IN 后，剩余的流动资金，他选择开一家外卖寿司店。将虔诚的信仰交给时间，将旺盛的精力赋予食物。

曾经，他是90年代统治东京地下世界的枭雄，如今，他将对 极致 的执着投注到寿司的每一寸刀工之中，同时，也把这家店变成了一场 更精妙的资本清洗。

在黑道世界，食物不仅仅是食物，它是地位、规则，更是权力的象征。 渡边清隆与得力干将佐藤龙一深谙此道，他们特意请来了银座米其林寿司大师——村上信二，并要求他用武士道的标准去对待每一块鱼肉。

村上的刀法，近乎病态的精准。每一片金枪鱼都被切得 薄如蝉翼，误差不超过发丝的十分之一。寻常寿司师傅见了，只能自愧不如。渡边清隆的原则很简单：

“做寿司，和做‘武士’是一个道理，必须精准，半点含糊不得。”

但这家寿司店的高明之处，绝不止于寿司本身，而在于背后的资本运作。

没人知道渡边清隆和那家 疯狂囤积比特币的日本上市公司 究竟有什么关系。只知道，在寿司店促膝长谈的某个夜晚后，这家公司开始疯狂扫货，仿佛早已洞察了市场的风向。

还有一个令人叹服的，是这家店的 外卖系统——或者说，这是一支 黑道级的特种部队。

迟到？不可能！ 那是对组织的羞辱。佐藤龙一以黑道管理战斗小组的方式，训练着每一个送餐员。

每一单都必须在精准时间内送达，快递员穿梭在东京街头，比 GPS 还精准。每次送单都像是在执行一次任务，确保地下世界的荣耀不被玷污。

最神秘的，是那一滴酱油

传言，这酱料 不仅仅是味道，更是一种黑道兄弟情谊的象征，一种地下世界的默契。只有真正的“自己人”，才懂得其中的韵味。（谣传是因为加入了x血）

这一切是真是假？没人能说得清。但在东京这座充满矛盾与隐秘规则的城市，现实与传说往往只有一线之隔。

就如顶级的味道，往往隐藏在不被主流社会触及的角落里；真正的财富，往往沉睡在时间与信仰之中。无需过度关注，只需静待。"
2102021121302532606,Mon Sep 21 13:04:23 +0000 2026,mm_liquidity,11,6562,0.341,否,"大家知道在一般的交易时间段内， @OpenAI 在binance pre ipo perps的盘口有多少钱的单子吗？🤣🤣🤣 
 a. 100万美金 
b. 10万美金 
c. 5 万美金 
d. 2.6万美金  

观测到的数据可能真的会出乎你的意料～ 所谓万亿AI龙头的perps也不过如此～   

这篇文应该又是一个ct上唯一一篇讲 #stockperps 流动性的实证文章  

除了各种看似高级但一点也没用的算法和数据统计之外，本文的亮点之一，就是用真金白银去实 @OpenAI和 @AnthropicAI 的orderbook厚度，看下能击穿多少格，将价格推向多远，并且观察之后是否有做市商补单子的情况。。。  

你们知道一个挂在 1% 的100万的挂单要多久才能完成交易吗？10万的市价单能把价格推多远吗。。。。   

我预想了很多结果，但最后测下来的结果还是让人有点惊讶的～ 毕竟这可是binance 的orderbook啊，那其他所该咋办啊  

好啦，有兴趣的小伙伴，substack终于上新啦～ 

给大家带来本期的 《小马拉大车：2.6 万美元的盘口，能给万亿级的公司定价吗？》   
https://agintender.substack.com/p/openai-anthropic-pre-ipo-stock-perps?r=8gs9xi&utm_campaign=post-expanded-share&utm_medium=web 
https://substack.com/@agintender   

最后，要再次感谢各位付费订阅我的 substack 的读者朋友们，因为你们的支持，我才能去做更多更有意思、更真实的独立研究（ps：做这种真枪实弹的实测研究确实很贵。。。）  

 enjoy reading"
2100181229815648566,Wed Sep 16 11:13:19 +0000 2026,listing_lobbying,3,5251,0.341,否,"不同的视角看待不同角度的“上币费”（不谈什么腐败/undertable/中间人）

我感觉就有点类似之前西贝的预制菜风波… 角度和定义的不同

对于西贝来说，提前卤好的牛肉，冷冻的西兰花是前置处理，不是预制菜；但对大众来说，只要不是当场做的就是预制菜

其实两边都有道理的，但就是没办法调和

对于交易所来说，合同里确实没有上币费这一明目；

但对项目方来说不管明细是什么…营销费用，空投，管理费用，流动性，抵押金bla bla bla 只要是从我口袋出去的（尤其交易所还规定币的floor price限制，所以发出去的币还得买回来，就是费用），所以对项目方来说这其实就是上币费 

这个是基本没办法调和的角度问题 - 技术/合规上，确实没有上币费这一栏，但你上币难道不做活动吸引流量吗？这些预算都是为了让你的币有交易量有活跃度- 可是ho，很多项目方可不是这么想的，他们就觉得这是交易所换着一个花样来跟我收钱而已

一方觉得，我这个钱可是花在你身上的啊，我又不用；
另一方觉得我这个项目需不需要营销难道我不知道吗？还需要你来安排？而且你说是不是每个项目都需要营销费用？你看看meme… 上线之后有营销吗？

交易所有平台币要赋能，有用户要照顾，出事了还要扛风险，保险金亏了要赔钱… 都是商业机构，收点营销费用合情合理

项目方呢？上币是为了赚钱，现在反而搭进去这么多，几百万的营销/流动性，到最后都是亏着出来，成本都不够cover，那你说上来干嘛？所以这也导致收割的方式越来越“创新”（参靠鄙人的合约镰刀系列）

这就陷入了一个三输的境地- 项目方赚不到钱；交易所也赚不到钱；用户被割

也许是时候重新审视这种模式了

交易所的本意是想帮项目方花大预算造势；
项目方收获流量，流动性和价格（大家想一下19-22年的ieo，launchpad/pool）

所以项目方才前赴后继的花钱，撒币；用户才乐此不彼参与.

但这毕竟是ieo时代的黄金坑，这一套的打法在当时确实非常有效，但此一时彼一时，这套打法的边际收益越来越低了，甚至都是负数了

这是时代的演进，也是行业的印记，都是我们的来时路

stock perp，rwa都来了，新的上币模式还远吗？"
2086812675695378626,Mon Aug 10 13:51:27 +0000 2026,derivatives_options,51,11904,0.341,否,"前几天给大家发了个思考题：为什么 $SNDK 在币圈合约的交易量长期都在top1/2 ？

有小伙伴说：存储叙事、永续合约7*24的特性、交易所扶持（0maker fee）、流动性更好等等等原因

那如果真是这样的话，那为什么跑出来的不是 $MU 呢？ 都是存储叙事，都是币圈喜欢的、而且 $MU 的市值、流动性各方面都比 $SNDK 好，那为啥是 $SNDK 长期霸榜呢？

具体的原因，我放在 substack了，有兴趣看长文的自己去看吧 https://t.co/2NRUO8s75J

我在这里就说一个有意思的点：

币圈的朋友们都知道 @JaneStreetGroup 吧？就是SBF的老东家，你们知道在最近的披露中 Jane street占了 $SNDK 多少股份吗？ 
答：5%  （已知： $SNDK 正股的日turnover 大概在9.5%）

这个还没完，Jane Street在Q1的SNDK call option大约 48亿美元，季度增幅高达156% 

问题来了，你觉得 Jane street 有没有可能也刚好会使用合约 perp？如果回的话，那你觉得它们会不会把它们的 $SNDK 的仓位挪一部分到币圈来？

如果是这样的，那有没有可能Jane street不是一个机构，而是一个生态？ 如果... 

想知道更多细节的，自己去看全文吧： https://t.co/2NRUO8s75J"
2039180269412835814,Wed Apr 01 03:17:17 +0000 2026,mm_liquidity,27,8787,0.341,否,"在上一篇报告中，我们用交易量/储备比率（Vol/PoR）来解释交易量和市场份额的。

但交易量有一个致命弱点——太容易受客观条件影响。做市商KPI/rebate、项目方KPI、零手续费、激励交易活动……

这一次，我们换另一个指标：Open Interest（未平仓合约总额） （OI/PoR）

我们用同样的 Hyperliquid 基准法，这次把公式中的分子从""交易量""替换为""OI""，重新跑了一遍八大 CEX 的数据。

结果有点反直觉
交易量分析截然不同的画面：有些交易所交易量注水严重，但 OI 却很""实在""；有些交易所交易量看似正常，OI 却暗藏着一些不为人知的... 不是OI远超PoR的就有问题，不是OI正常水平就没问题

完整的报告将在今晚发出来的～ 大家期待一下

有鉴于免费的没有人care，还会被骂。。这次就不在公域流量发了，有兴趣的小伙伴可以加群：https://t.co/9C1iCYBj8u"
1998229671050461355,Tue Dec 09 03:14:13 +0000 2025,listing_lobbying,52,16351,0.341,否,"如果我们用福建生意人的眼光重新审视 2025 年的币圈，会看到这样一幅图景：

这群人（项目方+VC）原本宣称要在乌克兰（高风险新区）建房子（Web3 生态），其实他们根本不在乎房子能不能住人。他们真正做的是：

1. 先在那块地上插个牌子，以此为理由印了一堆“砖头票”（Token）。

2. 找来华尔街的大佬（VC机构）站台，说这砖头票以后能换黄金。

3. 找来一堆群演（工作室）来售楼处连夜排队，制造火爆场面（刷数据）

4. 找来几个大点的台子（交易所），交点保护费（上币费+空投），再开个专场（合约交易）

5. 找来村里的大喇叭（KOL）喊话，说砖头票要涨价了。

6. 最后，利用合约机制把想做空砖头票的人打爆，趁机把手里的废纸（Token）换成了真金白银。

ps：细心的人会看到这与原po有啥区别
pps：不是我们不会，而是老灯真下不去这个手。。。"
1983057356549144637,Tue Oct 28 06:24:51 +0000 2025,mm_liquidity,55,16719,0.341,否,"今天说个合约指数价格权重的自引用

自引用指的是指数价格除了取其他交易市场的现货价格之外，还会取该合约市场的价格

这听起来很奇怪，自己引用自己？这相当于是标记价格趋近于该合约市场的成交价格

其实这也是无奈之举吧，在当前这个版本下：很容易出现小马拉大车，即
操纵者的流动性较少的现货市场行为 → 现货价格变动 → 指数价格变动 → 标记价格变动 → 触发清算

通过控制一个流动性差的新代币的主导现货市场，操纵者实际上控制了标记价格计算的主要输入变量，进而完成收割

交易所为了提高“操纵”的门槛，也不得已将流动性更好的合约市场的价格纳入指数价格的取值范围（为了提高操纵成本还提高了合约市场价格的权重，硬生生将合约市场“偏离”现货价格）

所以最近才会出现一些现货-合约价差颇大的现象"
2098644830184505521,Sat Sep 12 05:28:13 +0000 2026,mm_liquidity,61,15290,0.339,否,"well 为什么说，我现在不是很建议大家看到 $BNC 的折价就冲进去，主要是因为

1. 从架构上，10X 创始合伙人 Hans Thomas在 2026 年 3 月 20 日正式辞任董事了，但是BNC 与 10X Capital Partners 签了那份 20 年 Asset Management Agreement（AMA)的纠纷还没完结  - 那是一份按照现价价值18m美金的管理费合同。。。  （是cea市值的1/10 ） 

2.  10x capital关联的实体（10X LLC、10X Capital Partners LLC 和 10X BNB Cayman Sponsor）应该持有不少的 $bnc 股票（至于为什么名字不在5%的披露名单上，因为10x已经把股票和warrant都分散在不同的实体了）

至少，0X LLC 最后公开确认持有 831,683 股 BNC （warrant暂时不重要，因为行权价在10美金左右）

3. BNC的飞轮在defi/meme侧 目前还没办法转起来 -懂得都懂 

4. BNC 在 Nasdaq GEMX 的指定做市 allocation 给了 Jane Street；在 Nasdaq ISE 则给了 Susquehanna Securities，他们二位的仓位在近7日还没有增长 ， 说明华尔街/散户还不是很认可

5. DAT的飞轮在于nav - 你已知·到了10美金，就有人拿老股砸你，现在的价格是5美金左右，流动性还一般，还有内部打架，nav还折价成这个样子。。 

给你的话，你会咋办？ 

题外话，4stock 和 bnt4 的操盘我也是醉了。。是怎么做到这样的，都不是脱节，而是连节都没有装好就上的。。。
 
好好的DAT nav飞轮，只剩下DAT"
2100461752257519930,Thu Sep 17 05:48:01 +0000 2026,mm_liquidity,43,8253,0.339,否,"各位读者朋友们，这篇应该是ct上第一篇逐帧跟你解释 $LSK 的操盘细节的文章了 - 从盘口，多空比到订单簿，多维度视角看看：
布局 - 打窝 - 下饵 - 诱局 - 收网 -撤退 - 嘲讽 。。。

今天给大家开开眼，让你们知道为什么一般人来做妖币，就是来送人头

ps：这个是好多交易所内部材料都未必能做到这个程度的分析，你们就好好看看，且看且珍惜吧；

为什么说不要碰，不要碰。 
因为你根本看不到顶，看不到底 

最激烈的时候 - 17秒钟，打爆数千万。。你连反应都来不及

好啦，演员到齐，大戏开场～ 
老规矩，准备好纸笔和咖啡，顺着k线往下走～ 

觉得意犹未尽的，完整本在substack （付费版）： 
https://agintender.substack.com/p/lsk-20?r=8gs9xi&utm_campaign=post-expanded-share&utm_medium=web 

ps：如果你想要付费的话，最好是通过web端支付，走app store/android store的要多付30%的通道费"
1980214150057038203,Mon Oct 20 10:06:58 +0000 2025,trader_mindset_essays,42,14130,0.339,否,"春江水暖鸭先知 - 交易所比起一般的市场参与者都有更多的信息，而他们的目的就是在保证市场充分博弈的时候，降低自己的风险 — 他们认为的风险就是市场的分歧，分歧 =机会

有一个方法就是盯着交易所发的公告（不要只看listing/deliating😂）尤其是算法/仓位/期限（跟数字有关的），然后从公布到执行间隔时间越短的，影响（对交易所的风险）越大

比如上周关于 $coai 账户仓位减少/增加保证金的公告 - 看懂的都冲进去了

市场上不是只有pvp，不是单变量分析，不只是散户vs庄家…. 它是一个多维变量的博弈

衍生品是有传导链条的，逻辑链比较长，牵一发而动全身，而随着玩法越来越多，庄家也需要往上/小找“导火索”

在算法不变的前提下，考虑的就是各位参与者对于事物的相互影响判断、各个数据联动后产生影响的观察力以及分析数据后的执行力"
1974684598979404205,Sun Oct 05 03:54:30 +0000 2025,mm_liquidity,44,12966,0.339,否,"哈哈哈哈 我其实还蛮想问，有没有内容创作者/博主跟我一样做这个事情是亏钱的，从别处赚到的钱还要往这里搭点钱 😂

1.我广告收入基本为0，除了影响力不足，没太多广告找上来之外，也可能是老了，一般人还真买不动我😂

2. 因为影响力不足，kol round也没有我的份，倒是有n个项目在二级接盘了 😂 

3. 顾问咨询费基本打平，我跟几个朋友是有家税务/会计/安全咨询公司，倒是花了不少时间和钱给项目/交易所/律所/会计师事务所做咨询（有些我不会的还要问专业人士）都是跟朋友或者我觉得有意思的项目唠唠

我的朋友倒是一直跟我说要做付费咨询，看起来要提上日程了 😭

4. 测试/调研报告/长文也为0（是的，我写这么多长文都没有广告费 😂，都是好玩）而且为了测试算法/机制/跟踪新项目，我还要自己花钱测试，连续下单，爆仓，穿仓（有几个小币还差点被我打爆了😂，给那几个新dex说声抱歉）

5. 早期项目投资 - 我自己有个prop fund偶尔会参与一下早期项目投资（数额很小）开始写长文之后，找来的评测项目就更多了，有一些看着还挺真诚的就参与，目前还颗粒无收 😭

我目前在看新算法的perp dex，比如permissionless listing perp，与cex/dex有套利差的perp/spot； Robots/ Agentic AI之间的支付体系；带主动做市功能的AI agent （这几个是我比较看得懂的）

比起各位年入数百万美金的KOL事业，我这个是自己还要搭进去数百万美金…. 说自己是博主，感觉都愧对这个行业 😂 给大家拖后腿了

但是呢还是有好处的，就是可以认识了跨度很大的一群新朋友，获得了不同的“角度”。要知道跟我同一期的老灯们要么是跑路，要嘛是退休，要嘛是退圈，只有极少数还在一线，所以每次聚会的时候都很孤单，只能站在角落瑟瑟发抖

因为开始写文，认识一群同温/同频层，享受来自不同信息源的碰撞，就像暖流和寒流的交汇总能带来丰沛的渔货。

虽然背景都不同，调调也不一样，但是只要你愿意提高/放下自己，融入，即使是老灯，也是一副新灯芯的老灯 😄"
2056600341131698496,Tue May 19 04:58:25 +0000 2026,mm_liquidity,21,11462,0.339,否,"我对粉丝们有点失望啊… 居然没人认出来…. 他们就是：逃跑计划

什么？！ 你没听过？！

那《夜空中最亮的星》你总听过吧？但你听到可能不是他们唱的… 但原唱就是这个名叫逃跑计划的乐队

你如果知道了这个事情，你就会感慨我为什么选这个封面图了（可恶，居然藏的如此之深 😄）

因为：现在大部分的项目方找mm，根本就不是为了“做市”，而是在制定一份“逃跑计划”

歌词是：
我祈祷拥有一颗透明的心灵
和会流泪的眼睛

～ 这个不就是retail、交易所和合作机构想要看到的项目方和token嘛？而结果呢？

我希望大家（不管你是正计划发币的项目方）看完本文之后，能够知道市场需要，也期待的是什么

歌词的下一句：

给我再去相信的勇气
oh 越过谎言去拥抱你

全文没写，但全文其实都是围绕着这个中心思想展开的

AI满天的推特，还需要有人味，和一种加密老灯的浪漫情怀"
2050804838674677798,Sun May 03 05:09:10 +0000 2026,mm_liquidity,87,27815,0.339,否,"如果你是项目方，这篇是一篇价值10万u的自救攻略

作为一个在熊市里还在认真做事的项目方，你大概率会碰到：

1. 产品不断在迭代，build ，社媒更新不断，偶尔愚人节搞个prank，得到的是社区问候你的全家人

2. 代币价格已经横盘 60 天，交易量从 TGE 高点掉了 70%，订单簿 ±2% 深度只剩几万美元 - 交易所的运营会发来信息，交易量太低会被下架哦 - 然后发来个活动清单，保护费感满满的

3. 你去问做市商——他的回复是：""我们按合同放单子。市场环境不好，我们也无能为力。合同里约定的深度可能也维持不住。请见谅。""

真想是：不是mm没有钱，只是你不配

所以你该怎么办？
难道只能混吃等交易所发ST，monitoring tag公告，等下架？

还是说你听市场上说什么高控拉盘找流动性？积极找主动的MM来帮你起死回生？

怎么说呢？就凭你？别想太多了…钱从哪里来呢？

也建议你别搞什么交易大赛，刷量激励了… 无利可图的交易只能是昙花一现

不管你是项目方，交易所，如果你想要有机，有逻辑，有自驱力，无激励的交易和流动性 - 建议你花20分钟好好看看这篇文

去他的token loan和OTC deal，这次我们用“机制”来创造流动性

会慢一些，但是稳 — 如果这是你想要的，欢迎pm我"
2042953902317015051,Sat Apr 11 13:12:21 +0000 2026,mm_liquidity,261,179647,0.339,否,"据闻巅峰时期，陈志的太子集团每天面对数万笔来自全国各地受害者的并发转账；而警察也一直在追踪和冻结 

很快，陈志手里的僵尸户/人头户网络，完全就不够用

这个时候“上押”出现了 - 你帮我走账，我给你赚过路费，但是为防止你跑路，你需要先给我一笔押金才能开始跑业务 （这就有点澳门vip厅的味道）

为什么这个业务能跑通 - （要一直消耗人头和承担资金被冻的风险） - 因为利润足够大，且量也大

看到这里有没有大做市商跟交易所的关系的感觉了（你要承诺xx量和放多少钱）

这么一看，其实钱庄的生意经跟交易所，公链是不是有几分相似

也确实是这样，好些交易所初期就是钱庄扶植，或者干脆钱庄做的

你们知道圈内有哪几家交易所跟陈志的太子，汇旺有关系的吗？ 😂"
2041028050612257069,Mon Apr 06 05:39:42 +0000 2026,mm_liquidity,27,9449,0.339,否,"再给大家说第二个 CoinGlass没在报告里写的

我们看着Binance在oi 衍生品交易量 btc合约深度 用户资产这四个维度都是第一对吧？尤其是资产沉淀，断崖式领先

你可以这么理解，假设市场有10u，7.35u放在Binance；但是交易量只占35% — 难道是大家来Binance的交易动机都不足？来理财/托管的居多？

如果真的是来理财的话… 那为什么大家愿意来？除了安全原因外，就是福利多/apy高

那收益哪里来？从项目方来 - 这个数据其实也意味着Binance对于项目方的统治力是断层辗压的，项目方愿意给（大额）Binance上贡

不仅如此，项目方和做市商也会把做市资金的大头放在Binance

这也是为啥其他Cex只能再去积极推动rwa tradfi的交易标的… 

另外从CoinGlass的数据来看，其实对于Binance是个不太好的信号 - 为什么？ Binance是一家“交易”所啊… 他的估值和Bnb就是靠“交易”，现在的交易动力不足，没有交易量赚什么钱？！

但是各位放心好了 - 都是聪明人，有这么资产，还担心怎么盘活？盲猜类似2019年ieo的机制已经在路上了"
2047904600305651974,Sat Apr 25 05:04:39 +0000 2026,derivatives_options,26,10380,0.339,否,"劫后余生

312对整个行业是毁灭的，同时也起到了积极的推动作用

首先是抛弃币本位反向合约作为主流产品。
取而代之的是：U本位线性合约（以USDT或USDC作为保证金和结算单位）迅速崛起。保证金资产（USDT）与合约标的彻底解耦——BTC暴跌时你的USDT保证金不会跟着贬值，双死亡螺旋被从根基上切断。

数据上看，到2021年底，U本位合约在全网永续合约中的交易量占比超过85%，币本位合约则退居为一种”特殊产品”，主要服务于那些持有大量BTC现货、希望用币本位做对冲的长期持有者。

312不仅改变了合约类型的市场格局，更深远的影响是让”风险”成为了CEX衍生品产品设计的核心。

阶梯式清算、ADL、多数据源指数价格、EMA窗口优化、组合保证金——几乎所有后来成为行业标准的机制，都是在312之后的两三年内密集落地的。"
2068349825603784787,Sat Jun 20 15:06:41 +0000 2026,derivatives_options,29,17046,0.339,否,"这几天刚好刷到类似的事情：大意是xx交易员的账户被“风控”，参与的币是妖币，被操纵了，为什么这么快就清算等等….

反正意思就是，你别管我我做了什么，但是你限制我的账户，就是你的不对，就是你店大欺客，你就应该背锅 bla
bla bla

下次遇到类似的事情，建议可以用这篇文的内容告诉他，应该比你们的官方faq更结构化更全

@pear_bnb @moonkimbinance @heyibinance @sisibinance @yayabinance 总不能每次连被锅都背得不清不楚的吧，各位拿走不谢

ps：如果各位觉得妖币的永续合约问题很多的，那你做美股的，期货的，那个坑更多了"
2014008831664153019,Wed Jan 21 16:14:58 +0000 2026,listing_lobbying,38,26397,0.339,否,"真的是笑死我啦～ 大家真的以为上币 #meme 是家家酒吗？就是上币组看着领导的面子上的吗？！

come on，这里面都是一组组数据、指标和模型构建出来的体系和框架。

不论审美如何，但是论上币，是否能盈利这个事情，交易所还是专业的。

我坐在电脑前vibe coding都能捣鼓出一个数据模型，你觉得binance是慈善机构吗？okx都是吃干饭的吗？bybit不会看数据吗？

很多时候，拜托不要想当然把你看不懂的东西 = 他人的阴谋论，很多时候很多散户压根儿就撑不到阴谋集团出手的那一刻，自己就歇菜了

回归第一性原理，这就是数学，这就是原理 - 只是你自己下手之前不去研究，或者就是不想承认自己菜而已

我猜有人还会说，你写的这篇文章我看不懂。。你要嘛不看，不然就是看不懂，那为什么还要下去送人头？

图盗得 @heyibinance 的贴文"
2096099209476968826,Sat Sep 05 04:52:49 +0000 2026,mm_liquidity,22,7617,0.337,否,"前两天有个做妖币合约套利亏损严重的推文。。 因为不太想蹭，加上亏损已经很难受了，当时候就不发

现在看流量下来了，稍微聊一下：

严格说来，妖币的套利就不不是传统意义上的套利

套利的本质是在一个相对受控制的环境/条件下，基于特定的条件（可以是时间/价差等）下的价格错配而进行的操作 ，手动或者脚本，但是是有一套算法（spread小+频次多；spread大 +频次少）

算法操作的前提是什么呢？ ——稳定，就是这个结构需要稳定可控

而这个条件指的是什么？可以是标的，环境，算法，步骤，环节等等（假设不稳定也能做，那就把参与的时间减少（频次少）

最好经过的环节、路径、场所越少越好 - 因为每一层都是风险
 
现在回来说妖币的套利 - 这个就不是套利，而是主观交易。。因为这个标的就是极其不稳定（详细的理由可以看substack：https://t.co/YmXC8NSKCb ）每一个环节都是有风险的

很多人可能不知道，单笔套利交易这个事情的收益是加法（每一个环节的spread的总和）；但是每经过一个环节+时间的风险是乘法"
2091795645954990568,Mon Aug 24 07:52:00 +0000 2026,mm_liquidity,33,8431,0.337,否,"给大家大致写一下这篇文的幕（成）后（本）花（账）絮（单）

背景大概是在6月中的时候我开始跑bn stock现货和perp的策略 - 然后再7月初的时候有人问我要不要写一下bstocks，我那时候没怎么在意，一直到7月中旬偶然一次聊天被提起，刚好那时候出了点事，要找点事情分散一下注意力

为了保持独立性，我全程没有跟bn沟通过策略，测试标的、时间、使用的账号等等，所以你们说有什么特殊权限，安心，那是没有的

七月中旬开始测试btsocks的时候是需要v3账号的，那时候有个政策就是存入1m 美金就能开通，之后弄了个账号，放了1.x m ，终于开通了

我还记得bstocks那时候还没有开放api交易，我真的是醉了。。 还好不久就有了。 之后就开始了我漫长的链上+cex测试

我最开始也不知道这篇bstocks的文会写成什么样的，就是带着几个假设和前提来做，一边交易一边测试一边修正研究思路，为了尽量符合散户的习惯，尽量模仿散户的交易习惯（比如taker，周末挂单子等周一开盘，看到消息后交易等等）-后来发现道，按照现有的手续费结构和流动性，会被耗死

才逐步转向stock+perp的结构 - 这才开始好转（冷知识不是每个stock perp的maker都是0哈），之后就发现一些有意思的现象 - 如果能把链上的流动性打通会怎么样？尤其是在是周末。 🤣🤣然后就开始了被坑惨的周末，尤其是借贷侧。。（不过链上的套利还是可以做的）

在这个不断修正的过程中，我就逐步形成了一些看法 - 在bn现有的生态体系、产品结构和流动性深度情况下，到底bstocks承载着什么作用？ 到底什么才是bn的战略目的？btsock适合什么人群？要达到既定的战略目标，目前还欠缺什么？等等

在这个过程中才逐步了解为什么 $sndk 的交易量一直是top1/2，为什么bn上了这么多指数产品？为什么stock的保险金共用一个池子？为什么周一开盘的插针的规律如此类似等等

还有就是把交易数据和orderbook的data放在一起坐纵向比较的时候，你会发现好多好有意思的事情 - 原来，周末的定价权已经开始转移。。。

这些假设的打破再重建，都是一步步交手续费亏钱骂娘然后归纳总结出来的 - 从觉得bstock就是个链上stock，到衍生品，到粘合剂，到库存层，到定价权的转移。。每回看数据和策略的表现都能刷新认知  （btw:https://t.co/iXGeWBukhP 这篇bn research写的文还是很不错的） 

所以我一直说这种文真的很“贵”，不只是表面的手续费+滑点+gas fee +token。。 还有资金占用成本，机会成本等等，这都还不加上我的时间和精力 ——用兴趣的小伙伴可以预估到底要花多少万u来做？关键是有这个能力的，还来帮你做调研写文章？ 🤣

说这么多只是想告诉大家，好的独立研究是非常烧钱的，所以请大家好好珍惜

然后有小伙伴估计也留意到我在推我的substack https://t.co/oWfm2IKoZs - 起因有两个，第一个是我写完这篇文一算账把我吓了一跳，居然花了这么多钱，得赶紧想个办法回回血 🤣 太tm伤了。。；
2. 花这么多心血的文章应该被尊重 ，别人尊不尊重不要紧，但首先你自己得把它当回事
懂的人都知道我不靠写文发广告挣钱（给我钱是很难的事情），但不能这样子

这次不做老好登了，各位等我substack的订阅费攒够了我再给大家做个深度的调查开开眼 🤣🤣 

ps：各位在看的时候不觉得很奇怪吗？为什么数据总结完之后 —— 一下子就跳到了bstocks的borrow属性？！ 11-12章之间是不是缺了什么啊？ bingo ～ 缺了orderbook的流动性分析 🤣 （有空给大家单独讲讲）"
2093902933645742208,Sun Aug 30 03:25:36 +0000 2026,trader_mindset_essays,48,9109,0.337,否,"有好几波小伙伴来问我（还有交易所的朋友），为什么一直无偿在做stock perp的研究和调研？都没有流量，难道真的是为爱发电吗？🤣

因为我是真的相信stock perp将会改变未来资本市场的博弈方式，是一个新形态的金融战场

就好像冷兵器遇上热兵器，你会发现定价的方式、赚钱/亏损的方式都变了 

写这些东西一是为了装x；二是以文会友，希望找到同温层，一起干点事情

比起什么rwa，稳定币，我更觉得stock perp这个用新的博弈形态来获得定价权才是crypto的next subject下一个课题，这才更让人兴奋🤣"
2084843447022932158,Wed Aug 05 03:26:26 +0000 2026,mm_liquidity,60,6947,0.337,否,"怎么说呢？ 很多散户觉得所谓的指标，比如链上转账记录，oi，交易频率，价格支撑，聪明钱地址，平仓线，杠杆率等等…

其实有些时候都是庄家故意“做”或者“留”下来的 - 》很多人可能不知道其实很多币从交易所a转账到交易所b其实完全可以不走链上吧？ 在钱包a的资产可以不需要转移也可以完成资产的所有权转移？

就这么说吧，你知道这个是被监控的，是透明的，那庄家有可能不知道吗？事以密成这个道理，难道只有少数人知道？ 肯定不是嘛…

都2620年，币圈发展到今天已经是金融基础设施的一部分… 除了trader，还有n多类型的机构，mm，otc，brokerage 等等

怎么玩meme的时候有阴谋集团，到了cex就没有了嘛？ 不可能啊

操作指标吸引流动性就跟在社区里发鸡蛋的套路是一样的 ，攫取你的注意力，再用你对机制的“误解”来实现收割

你说机制不公平？有没有可能是机制就在哪儿，而你想当然地忽略了

赔了钱，哭爹骂娘是正常的 - 但你说这个机制不公平，这就有点强人所难了，人家只是合理地在用你的知识盲区

我为什么一直让大家不要碰，不要碰 -（我写这类东西都多少篇了） 甚至对一些觉得自己能抓住“妖币”的指标和产品嗤之以鼻，就是因为这tm都是智商税

妖币是一个系统，不是一个指标 - 工具多到超乎你的想象，从舆论到交易，到退出到账号，从链上到cex，真的是太多了..

实践当中，散户看到的就是冰山一角角而已… 

哎，再写下去我又要被公关了，先这样吧，我尽力了"
2073009987740381240,Fri Jul 03 11:44:30 +0000 2026,macro_first_principles,29,8394,0.337,否,"稳定币不是只有一条路能走

首先，各位要明确：稳定币的稳定与否，跟有没有牌照不是强关联关系

在“稳定”这个事情上，牌照/合规就不太重要 - 稳定，靠的是结构，而不是储备（这句话值千金）

稳定币看你要走什么模式（aka 什么场景和分发）

走储值模式的，要看汇兑场所数；
走筹码模式的，要看交易场景；
走承销模式的，要看点差….

都2620年，就别说什么稳定币拿来支付的… 只要能流通（广义能接受的）都能当支付（在监狱里，泡面和香烟就是通货是一个道理），只要你认，只要我收

usdt起家难道真的是因为稳定？才不是呢？就是在特定场景下的产物（aka 筹码） 当年的 $busd 也是类似的打法

而为什么usdt能打入币圈之外，因为它给参与方（汇兑/承兑）留足了利润

这个模式也为后面的稳定币打了样，什么 $usdc $usd1 ethereum:0x4c9edd5852cd905f086c759e8383e09bff1e68b3 等等，要上cex？呵呵，那你得给巨多的预算，我还听说更狠的是要90%的底层收益（债券），真的是拿着你的收益补贴我的业务，真·劫富济贫

说了这么多，就是告诉你 
1. 稳定币是赢家通吃 ；

2. 怎么定义赢：规模，当你超过300亿的时候，拐点就来了；因为你的成本是固定的

3. $CRCL 最重要的能力就是用规模耗着+攒局+分发，以前通过coinbase和 base，现在是solana + binance/okx

4.  补充一个不是秘密的秘密，好几个背靠交易所的大vc，对外投资的时候，用的都是 $usdc ，而不是 $usdt $u $usde

5. 不同场景下，用不同的工具
你要储值用这个；你要汇兑用这个；你要增值用这个…… 

6. 我说我不太懂支付、稳定币、牌照的时候，很可能只是我也被伤过而已"
2067672514482864516,Thu Jun 18 18:15:17 +0000 2026,mm_liquidity,18,5856,0.337,否,"这不就巧了么？！说到合规套利，鄙人之前写过一篇《加密世界的合规进化论》

这篇文基本把ico时期到genius/clarity的合规演进路程系统性写了一遍

合规套利跟地理套利一样，会一直存续下去（冷知识：即使一个国家内的不同部门的文/规定都会有冲突（你看看芝加哥交易所这几天干了啥）都会打架，都能套利，更别说不同管辖权之间）

而且随着参与的博弈与利益越来越多，这种套利只会更多（套利不是贬义词，是让资源效率最大化的手段）cex defi dex就是在这样的背景下诞生的

而主流大媒体为什么一直抓着bn（其实bitget bybit 也不少啦），因为有流量啊～ 为什么监管老追着打，因为bn真有钱，而且愿意交罚款啊，这样的话一波kpi直接打满好吧，不信你去看把cz按进去的检察官的履历是怎么写的

由于实在是太长（近2w字）发在了substack，有兴趣的可以去看下

https://t.co/xBSUqXc0Lu

我知道
bn最近很忙，没时间发文
网友们也不嫌事大
而我恰好bn和ok都没给我发钱，利益刚好不相关
而这篇文的角度就是一个第三方叙事+故事的角度，还算比较客观

发出来当成是学习讨论～

现在的问题是直接一篇发？还是分上下两篇呢？🤣"
2040801827046973614,Sun Apr 05 14:40:46 +0000 2026,mm_liquidity,74,44291,0.337,否,"气氛烘托得差不多了（其实是我有空了。。。😂），现在来说第一个CoinGlass没敢说的事情

本文的逻辑是：在同一个赛道里，交易近似的标的，服务同一类人群，相同的交易规则，按理说资金使用效率应该也是近似的。所以我们用了专门为交易而生的Hyperliquid的数据指标作为benchmark。看看哪些交易所的数据有异常？

这里用了OI /PoR的指标

交易所按理说有理财、存款、托管的需求，要是交易/持仓比例超过Hyperliquid会不会有点异常？难道你的客户群还特喜欢建仓？

HL这里是1.23x，剩下的cex各位自己看图理解吧，我就不翻译了

别的不说，要是SBF有这个资产沉淀深度，估计都能trade到月球去了

看到这个图你可能就会明白：别看什么用户基数，资产沉淀，Binance和OKX的护城河其实是“稳健”，对，就这么简单直接

不同的是，Binance是“保守”带来的稳健，宁愿慢一点，也要稳一些（ 敢为天下后）

OKX是“克制”带来的稳健，不是认准的事，宁可不做

vol/por ;oi/por 看似简单的算法其实隐藏了好多信息，别老用AI总结，自己去体会

备注：这里的official PoR指的是从官方披露的核心资产总和（BTC+ETH+USDT+USDC)"
1930295802062352709,Wed Jun 04 16:09:17 +0000 2025,listing_lobbying,88,47765,0.337,否,"我看了一下人心惶惶的各位，我还是说一嘴新加坡的《Guidelines on Licensing for Digital Token Service Providers》 (DTSP) ，其实这个法案早在2022年的时候就出台了，也是一直拖到2025年6月30日才“正式实施”

进入正题前，免责声明：我这个只是概览而已，不为以下的言论负法律责任，请麻烦咨询专业的律师

大家主要关心的几个点：

1. In or From Singapore
不论你是否服务新家坡用户，也不论是否在新加坡设立实体，也可能被认定为“在新加坡或从新加坡提供服务”，因而纳入监管：
a.核心开发/运营团队位于新加坡；
b.服务器或托管系统设在新加坡；
c.营销活动明确面向新加坡客户；
d. 接收来自新加坡用户的资金或资金

换句话说只要在新加坡或向新加坡用户提供DTSP范围的服务都需要申请牌照

2. 适用服务范围（Covered Digital Token Services）
简单来说只要是跟“交易”相关的都不行
a. 发行或安排发行数字代币（Issuance or Arranging Issuance） - 为他人创建或发行数字代币，包括 IDO、Launchpad、代币生成事件（TGE）等。

b. 数字代币托管服务（Custody Services）
持有或控制客户的数字代币，包括冷钱包和热钱包服务。
向客户提供安全存取其资产的接口或系统。

c. 经纪、撮合与交易安排服务（Brokerage / Matching / Exchange Services）
运营中心化或去中心化的订单簿、交易撮合服务（包括 OTC、DEX Aggregator）。
表现形式：提供交易平台界面（UI/UX）协助买卖双方达成交易。

d. 转移或支付服务（Transfer Services）
协助客户转移代币（即作为中介参与交易或跨链桥转账）。

包括支付网关、桥接协议、钱包提供的“代客转账”功能。

e. 验证和治理服务（Validation / Governance Participation）
代表客户参与节点验证（例如以客户名义 staking）、运行 validator 节点、或者参与链上治理投票。
涉及从 staking 或治理中收取收益或报酬的行为。

d. 支持托管的技术服务（Technology Enabling Custody）
提供托管服务所需的基础设施或技术支持（如 MPC 钱包服务商、密钥托管、托管 API 开发商）。
尽管不直接控制资产，但技术在资产控制过程中发挥关键作用也算在内。

3.不需要牌照的服务

a. 纯技术咨询（Pure Advisory / Consultancy）
例如：项目设计、代币经济模型咨询、法律结构建议、产品设计指导等；

只要你不参与实际托管资产、代为发行或执行交易，就不会被视为 DTSP；

MAS 指出，仅提供“建议、顾问服务”不构成受监管活动。

b. 营销推广（Marketing / Publicity Services）
包括社群管理、广告投放、品牌设计等；

即使你帮助一个 Web3 项目在新加坡做市场推广，只要你不涉及资产流通、交易撮合或代币管理，一般情况下是不涉及监管的；

但如果你直接代客户安排代币销售/分发或转移，则可能触发监管义务。

免责声明：我不为以上的言论负法律责任，请麻烦咨询律师

最后，港府也先别半场开香槟，我猜大概率会有反转，至少技术支持的服务商这里应该会放宽一些"
2027943752304869499,Sun Mar 01 03:07:22 +0000 2026,derivatives_options,67,40345,0.337,否,"不忘与回响 —— 这个账号的来时路

不知不觉也做这个账号做了1年（25年3月1号开始）

一开始的时候是11k粉，一直到今天差不多30k （大概15%的订阅账号）

这12个月共发了1950个推，平均每天发5.34条（辛苦我了～）共发文章：99篇；总浏览量在30m左右；平均互动率在3.5%（100w左右的互动） ，我问了一下AI，对这个内容和数据评价还相对比较正面 🤣 

我还记得我第一篇长文（25年3月1号）： https://t.co/gPuVBrwCsm ，当时被 @colinwu 点赞转发后，第一波流量的推背感，觉得还蛮有成就感的。就是这一篇长文的推动给予了很大的鼓励。也很感谢 @wublockchain12 随后多次转发我的文章，给予我这个账号很多的曝光机会。

随后就开始慢慢写，但是流量都十分惨淡。

第一篇过30万的推文: https://t.co/5pxP1GJ3mD ，是关于 $ACT 崩盘的分析，当时候一大早起来一看流量，我都惊呆了，大家这么感兴趣的吗？

第一篇10万+的文章：https://t.co/r9h2aLQOMi  ，当时也是感觉莫名其妙的，觉得大家对这类型的文章是不是比较感兴趣？然后因为这篇文我认识了 @OwenJin12 ，与他的交流里，我开始感受到市场对于合约交易、内容的缺口，但是当时没什么感觉

陆陆续续也写了一些文章，但是效果都差强人意
其中花了大精力写了这篇我觉得比较有文学+纪实价值的文章：https://t.co/P4GPhFLQAm，但是效果不太好，所以就没继续了。但是因为这篇文让 @tongtongbee 看到了我，随后就在 @PANews 开了个专栏（在这里特别感谢PA news 慧眼识猪 🤣）

第一篇真正意义上引起讨论/注意的是我的“潮汕学” 😂： https://t.co/P4GPhFLQAm 看看有多少人是因为这篇文认识我这个号的，举个脚？当时候我记得我午餐时间发，当时候的notification一直提醒，晚饭时间浏览就超过了10w+

之后也陆陆续续发了几篇类似的，但是没什么波澜。直到有一天我忘了我跟 @OwenJin12 在讨论什么合约的事情，我注意到他有一篇说 binance和okx的合约机制文章，我就想着照着他的模式写一次 BN和OK的合约机制： https://t.co/nuBACLIVQO ，我原来就抱着试试看的心态，哪知道反响不错，也引发了很多讨论，我记得okx的mia还特地找来说，我好多地方写的不准确，我还特地写了个更新版

也让大家知道，我也是一边学些一边写的，我懂的也不多，也不全，一定有会写的不对，不好的地方，请大家见谅。

随后我调研了一下关于x上的内容，发现道了这部分的内容是非常有需求的，而且恰巧我自己也在交易，所以就有了之后的《合约算法镰刀》系列，有多少人是这个系列注意到我的，举个手 🤣

其实刚开始写的《合约算法镰刀》系列的时候也有点不太适应，也没什么正反馈，也不知道能不能给大家提供价值，一直到这篇讲资金费率的 https://t.co/t7fJdPVPMq 有人真的会pm我说，真的学到了好多东西，“我就觉得哎呀，还真的是能帮到人” 因为这篇文还认识了 @Web3Feng @thankUcrypto 等等大v

之后就保持着一周一篇的进度，一直写到第10篇：https://t.co/Spq7Aonwqo，就觉得再写就要挡别人的财路了，我就停更了。

可能是因为《合约算法》积累写长文的经验，这个时候开始我的长文逐渐地都稳定在10w+浏览量

之后就开始看到什么热点，还是接触到什么事情，就以此写文章 - 凡是与交易类相关的文章，出奇地浏览量还不错

随后我的流量在10月开始爆发，准确的来说是10.11之后开始（看图）—— 我站在“风口浪尖”面对大家的质疑（可能是因为之前写的合约文章，大家觉得我的话还有点参考价值？！）https://t.co/vhp9VUReGL
之后我的流量与大盘每一次大跌，还是什么妖币崩坍呈反向趋势，妖币崩得越狠，我的流量越好？ 🤣
12月份的时候x的推荐算法开始变化，我就尝试写一些没这么硬核带一点历史故事的文章，但效果也是差强人意
https://t.co/OCD3QwzMvL
https://t.co/R29AARVH14

26年1月份的市场环境不太好，也写了一些提振士气的：
https://t.co/nfBf6j6jXo
https://t.co/TJ8LYMKBO3

之后看到鸡汤和道理文大行其道 - 我也尝试写了几篇
https://t.co/caviOKnKte 
其中最好笑的是这篇以《繁华》黄河路为引的文章，居然被打成meme了：
https://t.co/qbi0JMoQr1 

还有这种被各位嘲笑说“考公”“考编”的文章 🤣：
https://t.co/9ZaqP9y2Js

我近期写的比较有意义的文章是这篇我耗费巨资的：
https://t.co/wr0QfPavW3 
被 @tongtongbee 评价说，做一个媒体人应该做的事情 - 那一刻，我觉得自己写的东西好像还真的有那么一点点用
行业很短，短的只有7秒的注意力；行业很长，长的容得下宏观微观大小观。

最后
没想到写着写着，就创造出这么多电子垃圾，真的是辛苦各位了

我就是一俗人，也想要吃好喝好玩好；肯定会犯错写错，还有点小脾气；但是各位要想到我就是一老灯，我都这么老了，犯点错怎么啦？

流量是光，而光不公平。 它只照亮那些站在高处的人，至于下面那些试图发声的影子，除非足够吵，否则没人会在意。
一年前，我觉得这个世界已经不是“是金子总会发光”的世界了；

一年后，我开始觉得如果你愿意大声喊，总会有人放慢脚步，去倾听你微弱的声音

最后打个广告，我的项目 @pundiai @marginx_io 马上就要上新产品了，麻烦大家多多关注 - 这次我们将重构合约算法镰刀的博弈和血腥，让PVP来得更猛烈一些吧"
2002255907376578917,Sat Dec 20 05:53:03 +0000 2025,derivatives_options,51,23914,0.337,否,"哈哈哈 如果你觉得最近自己发的内容没什么流量，然后有点小焦虑？ 别担心😉

我那些几十万浏览量的长文（都不是长推）都是突然不知道有一天，突然就有人冲进来 

可能是被某个大v转，可能是市场结构，可能是某个事件，可能是x的算法更新，可能是x的dev休假回来….

比如这篇讲清算机制的，就是突然有一天市场突然崩了，大家才意识到重要性，才恍然大悟（下次大跌，这篇一定过10w+）

有些话题能火是因为发帖的那个人，是影响力带动；

有些内容能火是因为那篇文能带来价值，能产生共鸣，是情绪驱动

要分清楚影响力、价值和情绪的差别

如果不是生活所迫，那至少在网络世界活成为那个你喜欢的样子"
2054969732491583943,Thu May 14 16:58:58 +0000 2026,derivatives_options,19,6312,0.331,否,"交易的本质是有利可图（或者你在做决定的时候主观上是相信是有利可图的）

不管你是套利/看好/看空/撸毛；交易的是现货/合约/期权/预测市场

而交易所就是要创造这种“有利可图”的机会，不管是空投/时间差/空间差/预期差/波动率 etc

有了这个基础，才在上面堆砌叙事/技术/机制/空投"
2032306537314861536,Fri Mar 13 04:03:31 +0000 2026,trader_mindset_essays,24,7636,0.33,否,"说一个得罪所有说在 #polymarket  有xxx%准确率的监测工具（们）…. 

假设你在Polymarket上用了一个链上监控工具，它号称能识别""鲸鱼知情交易""，准确率高达95%。听起来很牛对吧？

但先看一个关键数字：在所有大额买单中，真正来自知情鲸鱼的只有1%。这就是基础概率。

现在工具弹出警报：""检测到鲸鱼买入！"" 你跟不跟？

别急，拆开算一下。假设市场上刚刚出现了10,000笔大额买单：
第一步——找真鲸鱼。10,000笔里只有1%是真的知情交易，也就是100笔。工具准确率95%，所以它能抓到其中的95笔。

第二步——数误报。剩下9,900笔都是普通交易。工具有5%的误判率，会把其中495笔错误地标记为""鲸鱼""。

第三步——算总账。工具一共响了多少次警报？95 + 495 = 590次。但其中只有95次是真的。

P(真鲸鱼 | 工具报警) = 95 / 590 ≈ 16%
一个""准确率95%""的工具告诉你有鲸鱼，实际上只有16%的可能是真的。剩下84%的时候，你在跟风一笔完全随机的普通交易。

为什么会这样？因为真鲸鱼太稀少了（1%），而普通交易太多了（99%）。哪怕误判率只有小小的5%，乘上庞大的基数，假警报的数量也会远远淹没真信号。

你如果觉得16%其实还行啊… 那如果真相是真实的鲸鱼/聪明钱只有0.01%呢？😂

所以下次你看到链上工具弹出""巨鲸异动""的提醒，先别急着冲进去——问问自己：分母有多大？"
2092837027112681495,Thu Aug 27 04:50:04 +0000 2026,trader_mindset_essays,9,8281,0.33,否,"当我们说抵制AI写作，我们到底说的是什么？

首先我是非常支持AI辅助的人，我自己也大量用AI辅助- 文字图片代码影片etc，怎么说呢？ 飞机和汽车都能横跨太平洋，那有飞机我肯定选坐飞机啊，提升效率这没毛病

问题在哪里呢？是那一些粗制滥造的AI创造出来的东西，逻辑事实错误颠倒黑白没有营养的东西- 跟载体无关，是质量

这种糟糕的作品即使是人写的，你估计也会不爽的。所以问题在出品，不在于是谁产出的，别把是AI写的 = 洪水猛兽，就是不好的，关键在于是在谁的手上

前段时间看了一个报道，说Antropic内部基本99%的代码都是AI vibe的，那你说claude有问题？fable你用不用？

有手作芋圆，也有机器打的仙草，你说你更喜欢哪个？肯定是仁者见仁 智者见智，各有所好

你要知道：手作的比较贵并不是质量更好，而是因为供应更少；价格在这里不能反映出质量好坏

如果你追求的是更好的生活状态和环境，那把AI用好就跟你是用弓箭还是斧头狩猎一样，都是工具的使用熟练度 - 你难道说用斧头打到的鱼就不好吃？弓箭射下来的就不新鲜？不是这个理啊

关键是什么呢？不要让AI代替你思考
AI时代，最重要的是审美"
2077407981390680380,Wed Jul 15 15:00:33 +0000 2026,trader_mindset_essays,20,8253,0.33,否,"看到Clarity Act法案的时候就想写这篇文了，在临近通过这个crypto bill的节骨眼上发出来，也是希望给大家从不同的角度看待这个一直以来被大众所忽视的问题：资金的正名权

在当今swift金钱/转账的世界：你是谁，比你的钱从哪儿来还重要（你细品），就是这么简单粗暴——你说不对啊，我去银行的时候问的可细了，这恰恰是因为你的身份，这些你觉得很烦的问题在VVVIP厅里根本不重要

清晰法案更多是把crypto相关的设施/要求拉齐至与传统机构一样的水平，让他们与去中心化设施一样有”对等的枷锁“，为什么需要这么做？大家猜猜？

现在没看懂？没事，等到Clarity过了之后，大家再来细品

这篇文大家既可以当成爽文，猎奇的心态来看（相信我，会大开你的眼界，你也会知道Binance被罚43亿的背后的惩罚逻辑）；
同时也可给你另外一个角度去看待即将到来的Clarity Act

这篇文值得被更多人的看见 @PANewsCN @tongtongbee 麻烦你们传播了哈 

完整版：https://t.co/3m7UxnoeKv"
2062813456437477640,Fri Jun 05 08:27:07 +0000 2026,macro_first_principles,46,34431,0.33,否,"我也是觉得奇怪。。 大家是怎么得出 $zec 会增发的结论的？！总量是焊死的。。。。 

我简单说一下zcash的操作原理：
t→t（等同比特币）、t→z（shielding 进池子）、z→t（deshielding 出池子）、z→z（发送方、接收方、金额全隐藏）

这次出事的orchard 是（z→t）的这个环节。。

受害者是那些排在池子里面的人，（你就想成是：后来者可能拿到假币的，因为有人混了个假币在里面）跟持币人有毛关系啊。。

我自己觉得更多的是信任和品牌问题，跟操盘的关系不大，跟筹码结构的关系更不大

你可以说出现信任危机（毕竟隐私嘛），底层逻辑变了 etc 我都可以理解，但是你说增发？come on 这个就有点唬人了好伐

ps：有些媒体号真的是，拜托先查清楚吧。。要不然就upgrade一下你的AI"
2052816996404994456,Fri May 08 18:24:46 +0000 2026,mm_liquidity,41,16286,0.33,否,"又来给大家喂细糠了

当我们在说 @binance @okx @coinbase 开赌场的时候？ 非常赚钱的时候？它们到底是通过什么“机制”和方式赚钱的？

一般人都会说“割韭菜”/”开赌场“？ —— 那到底是怎么割的呢？

其实秘密就藏在”撮合引擎“  —— 不同的品类，不同的逻辑，不同的响应方式，不同的算法得出的结论都会天差地远，比起什么庄家edge还可怕

即使你有着神一样的判断，但是价格始终不撮合，你还是那个卑微的第三者

本文应该是CT少数几篇结构化探讨不同交易类型撮合机制的深度文章了，大家且看且珍惜 😂 

ps：又是一篇从业者应该要看的科普文章"
2102208927752724912,Tue Sep 22 01:30:40 +0000 2026,mm_liquidity,0,0,0.316,否,"大家知道在一般的交易时间段内， @OpenAI 在binance pre ipo perps的盘口有多少钱的单子吗？🤣🤣🤣 
 a. 100万美金 
b. 10万美金 
c. 5 万美金 
d. 2.6万美金  

观测到的数据可能真的会出乎你的意料～ 所谓万亿AI龙头的perps也不过如此～   

这篇文应该又是一个ct上唯一一篇讲 #stockperps 流动性的实证文章  

除了各种看似高级但一点也没用的算法和数据统计之外，本文的亮点之一，就是用真金白银去实 @OpenAI和 @AnthropicAI 的orderbook厚度，看下能击穿多少格，将价格推向多远，并且观察之后是否有做市商补单子的情况。。。  

你们知道一个挂在 1% 的100万的挂单要多久才能完成交易吗？10万的市价单能把价格推多远吗。。。。   

我预想了很多结果，但最后测下来的结果还是让人有点惊讶的～ 毕竟这可是binance 的orderbook啊，那其他所该咋办啊  

好啦，有兴趣的小伙伴，substack终于上新啦～ 

给大家带来本期的 《小马拉大车：2.6 万美元的盘口，能给万亿级的公司定价吗？》   
https://agintender.substack.com/p/openai-anthropic-pre-ipo-stock-perps?r=8gs9xi&utm_campaign=post-expanded-share&utm_medium=web 
https://substack.com/@agintender   

最后，要再次感谢各位付费订阅我的 substack 的读者朋友们，因为你们的支持，我才能去做更多更有意思、更真实的独立研究（ps：做这种真枪实弹的实测研究确实很贵。。。）  

 enjoy reading"
2102053262384083411,Mon Sep 21 15:12:06 +0000 2026,mm_liquidity,0,0,0.316,否,"大家知道在一般的交易时间段内， @OpenAI 在binance pre ipo perps的盘口有多少钱的单子吗？🤣🤣🤣 
 a. 100万美金 
b. 10万美金 
c. 5 万美金 
d. 2.6万美金  

观测到的数据可能真的会出乎你的意料～ 所谓万亿AI龙头的perps也不过如此～   

这篇文应该又是一个ct上唯一一篇讲 #stockperps 流动性的实证文章  

除了各种看似高级但一点也没用的算法和数据统计之外，本文的亮点之一，就是用真金白银去实 @OpenAI和 @AnthropicAI 的orderbook厚度，看下能击穿多少格，将价格推向多远，并且观察之后是否有做市商补单子的情况。。。  

你们知道一个挂在 1% 的100万的挂单要多久才能完成交易吗？10万的市价单能把价格推多远吗。。。。   

我预想了很多结果，但最后测下来的结果还是让人有点惊讶的～ 毕竟这可是binance 的orderbook啊，那其他所该咋办啊  

好啦，有兴趣的小伙伴，substack终于上新啦～ 

给大家带来本期的 《小马拉大车：2.6 万美元的盘口，能给万亿级的公司定价吗？》   
https://agintender.substack.com/p/openai-anthropic-pre-ipo-stock-perps?r=8gs9xi&utm_campaign=post-expanded-share&utm_medium=web 
https://substack.com/@agintender   

最后，要再次感谢各位付费订阅我的 substack 的读者朋友们，因为你们的支持，我才能去做更多更有意思、更真实的独立研究（ps：做这种真枪实弹的实测研究确实很贵。。。）  

 enjoy reading"
2102020629046157316,Mon Sep 21 13:02:26 +0000 2026,mm_liquidity,0,0,0.316,否,"大家知道在一般的交易时间段内， @OpenAI 在binance pre ipo perps的盘口有多少钱的单子吗？🤣🤣🤣

a. 100万美金
b. 10万美金
c. 5 万美金
d. 2.6万美金

观测到的数据可能真的会出乎你的意料～ 所谓万亿AI龙头的perps也不过如此～ 

这篇文应该又是一个ct上唯一一篇讲 #stockperps 流动性的实证文章

除了各种看似高级但一点也没用的算法和数据统计之外，本文的亮点之一，就是用真金白银去实测 @OpenAI 和 @AnthropicAI 的orderbook厚度，看下能击穿多少格，将价格推向多远，并且观察之后是否有做市商补单子的情况。。。

你们知道一个挂在 1% 的100万的挂单要多久才能完成交易吗？10万的市价单能把价格推多远吗。。。。 

我预想了很多结果，但最后测下来的结果还是让人有点惊讶的～ 毕竟这可是binance 的orderbook啊，那其他所该咋办啊

好啦，有兴趣的小伙伴，substack终于上新啦～
给大家带来本期的
《小马拉大车：2.6 万美元的盘口，能给万亿级的公司定价吗？》 

https://agintender.substack.com/p/openai-anthropic-pre-ipo-stock-perps?r=8gs9xi&utm_campaign=post-expanded-share&utm_medium=web

https://substack.com/@agintender 

最后，要再次感谢各位付费订阅我的 substack 的读者朋友们，因为你们的支持，我才能去做更多更有意思、更真实的独立研究（ps：做这种真枪实弹的实测研究确实很贵。。。） 

enjoy reading"
2102020524499218830,Mon Sep 21 13:02:01 +0000 2026,mm_liquidity,0,0,0.316,否,"大家知道在一般的交易时间段内， @OpenAI 在binance pre ipo perps的盘口有多少钱的单子吗？🤣🤣🤣

a. 100万美金
b. 10万美金
c. 5 万美金
d. 2.6万美金

观测到的数据可能真的会出乎你的意料～ 所谓万亿AI龙头的perps也不过如此～ 

这篇文应该又是一个ct上唯一一篇讲 #stockperps 流动性的实证文章

除了各种看似高级但一点也没用的算法和数据统计之外，本文的亮点之一，就是用真金白银去实测 @OpenAI 和 @AnthropicAI 的orderbook厚度，看下能击穿多少格，将价格推向多远，并且观察之后是否有做市商补单子的情况。。。

你们知道一个挂在 1% 的100万的挂单要多久才能完成交易吗？10万的市价单能把价格推多远吗。。。。 

我预想了很多结果，但最后测下来的结果还是让人有点惊讶的～ 毕竟这可是binance 的orderbook啊，那其他所该咋办啊

好啦，有兴趣的小伙伴，substack终于上新啦～
给大家带来本期的
《小马拉大车：2.6 万美元的盘口，能给万亿级的公司定价吗？》 

https://agintender.substack.com/p/openai-anthropic-pre-ipo-stock-perps?r=8gs9xi&utm_campaign=post-expanded-share&utm_medium=web

https://substack.com/@agintender 

最后，要再次感谢各位付费订阅我的 substack 的读者朋友们，因为你们的支持，我才能去做更多更有意思、更真实的独立研究（ps：做这种真枪实弹的实测研究确实很贵。。。） 

enjoy reading"
2100397585609748632,Thu Sep 17 01:33:02 +0000 2026,listing_lobbying,0,0,0.316,否,"不同的视角看待不同角度的“上币费”（不谈什么腐败/undertable/中间人）

我感觉就有点类似之前西贝的预制菜风波… 角度和定义的不同

对于西贝来说，提前卤好的牛肉，冷冻的西兰花是前置处理，不是预制菜；但对大众来说，只要不是当场做的就是预制菜

其实两边都有道理的，但就是没办法调和

对于交易所来说，合同里确实没有上币费这一明目；

但对项目方来说不管明细是什么…营销费用，空投，管理费用，流动性，抵押金bla bla bla 只要是从我口袋出去的（尤其交易所还规定币的floor price限制，所以发出去的币还得买回来，就是费用），所以对项目方来说这其实就是上币费 

这个是基本没办法调和的角度问题 - 技术/合规上，确实没有上币费这一栏，但你上币难道不做活动吸引流量吗？这些预算都是为了让你的币有交易量有活跃度- 可是ho，很多项目方可不是这么想的，他们就觉得这是交易所换着一个花样来跟我收钱而已

一方觉得，我这个钱可是花在你身上的啊，我又不用；
另一方觉得我这个项目需不需要营销难道我不知道吗？还需要你来安排？而且你说是不是每个项目都需要营销费用？你看看meme… 上线之后有营销吗？

交易所有平台币要赋能，有用户要照顾，出事了还要扛风险，保险金亏了要赔钱… 都是商业机构，收点营销费用合情合理

项目方呢？上币是为了赚钱，现在反而搭进去这么多，几百万的营销/流动性，到最后都是亏着出来，成本都不够cover，那你说上来干嘛？所以这也导致收割的方式越来越“创新”（参靠鄙人的合约镰刀系列）

这就陷入了一个三输的境地- 项目方赚不到钱；交易所也赚不到钱；用户被割

也许是时候重新审视这种模式了

交易所的本意是想帮项目方花大预算造势；
项目方收获流量，流动性和价格（大家想一下19-22年的ieo，launchpad/pool）

所以项目方才前赴后继的花钱，撒币；用户才乐此不彼参与.

但这毕竟是ieo时代的黄金坑，这一套的打法在当时确实非常有效，但此一时彼一时，这套打法的边际收益越来越低了，甚至都是负数了

这是时代的演进，也是行业的印记，都是我们的来时路

stock perp，rwa都来了，新的上币模式还远吗？"
2100108575087772054,Wed Sep 16 06:24:37 +0000 2026,listing_lobbying,11,4087,0.316,否,"很多事情其实都是慢慢演进过来的

比如现在的KOL round，就是2017/18年那会儿从advisor 的份额演化过来的产物

当时候ico方兴，行业还在早期，谁都不认识谁，但是都要融资… 除了whitapaper外，那你要怎么增加大家对你的信任感.. 不外乎就是找人站站台 - 保不齐就有人认识，就参与公募了

当然还有一个作用就是- 有人站台，咨询了xxx，代表你至少懂了xxx，就代表你比只有白皮书的人还多了一步，这个时候的advisor一般都是专业人士，律师/技术大拿/教授/vc等等

随着时间推移，大家都不太care advisor- 顾问具体的作用（技术/合规的作用）更在乎募资作用 aka 能帮助融多少钱，这个时期的advisor就是名人/明星/项目创始人/vc

再后来ct盛行，加上crypto vc多如牛毛.. 融资反而不是最难的，难的是上所，而上所又需要ct上的声量，所以advisor的作用换成了ct上的大v（之前是付费推广）

之后上币政策收紧，high fdv low float之风开始，advisor的份额成为了封控对象，既不能一开盘就解锁；而且大v的影响力下降（数量太多了）但是呢？项目方又不想花钱找他们推广，又为了规避交易所规定advisor份额必须锁仓的限制（不这样的话 kol不参与） 想出来了kol round

即kol付费参与打新，属于投资人之列，可以tge当天解锁份额

但是好景不长，这个东西在随后以合约操盘为主的市场环境下又变了，为了更好地控制筹码结构，kol round的份额也需要锁仓了…"
1941009901490524309,Fri Jul 04 05:43:17 +0000 2025,derivatives_options,14,2647,0.316,否,"爆仓疑云：为什么同样的仓位和价格，a交易爆你的仓？b交易所却没事？有甚者，清算之后你还倒欠交易所钱？

不知道你们会不会觉得奇怪，为什么在同样的条件（杠杆/开仓价格/仓位 etc），为什么每家交易所的爆仓/清算价格是不同的？ 

甚至是仓位被清算之后，为什么剩余的资产是不同的？有的剩的多？有的还会会倒欠交易所钱？

你们是不是以为这都是交易所盯着你们的仓位？要吃客损？

😄 别傻了，孩子们，不是你们强得可怕… 这一切都是各家交易所的清算算法决定的….

我本次比较了 @binance @okx @bitgetglobal @Bybit_Official 的清算算法/adl 给大家揭秘一下“爆仓疑云：你说的客损和利润都藏在清算算法里” （感觉应该是一篇10w+的标题 😄）

剧透一下： 清算算法的容错率结论会有点出乎大家的意料

有兴趣的各位，可以关注，开启小铃铛啦 😄 不日发表

ps：我这里暂时没找到 @okx 关于清算和adl的稳定，谁能提供一下哈"
2102300309657960733,Tue Sep 22 07:33:47 +0000 2026,mm_liquidity,0,0,0.314,否,"上次说的 #stockperps 的流动性调查报告有个阶段性成果了 

这次的对象找的是最难弄的，pre ipo标的：@openai 和 @AnthropicAI 

为什么难呢？因为它们两没有现货市场，也没有第三方指导价，全靠自己的盘口 - 假设这两个标的的流动性都能做得好，那剩下的估计就很厉害了～ 

也算是挑着软柿子来捏了 🤣 

结果其实也不出意外，就是这两标的的流动性还是比较一般的（+/-20bps 20k美金），但是在binance上已经算是行业最好的流动性池了（至少大单还能成交）

因为流动性比较薄 ，但市场叙事又很足 - 这看起来貌似比小盘股还好玩，但实际上，交易所上这类标的可能是亏钱？或者说是不赚钱的

具体原因嘛？自己去看全文吧～ 

全文：https://agintender.substack.com/p/openai-anthropic-pre-ipo-stock-perps?r=8gs9xi&utm_campaign=post-expanded-share&utm_medium=web 

ps：这篇文是各位substack群友贡献的经费，没拿交易所一分钱，所以还是比较客观独立的。 感谢各位啦～"
2102234686252875905,Tue Sep 22 03:13:01 +0000 2026,mm_liquidity,5,4147,0.314,否,"上次说的 #stockperps 的流动性调查报告有个阶段性成果了 

这次的对象找的是最难弄的，pre ipo标的：@openai 和 @AnthropicAI 

为什么难呢？因为它们两没有现货市场，也没有第三方指导价，全靠自己的盘口 - 假设这两个标的的流动性都能做得好，那剩下的估计就很厉害了～ 

也算是挑着软柿子来捏了 🤣 

结果其实也不出意外，就是这两标的的流动性还是比较一般的（+/-20bps 20k美金），但是在binance上已经算是行业最好的流动性池了（至少大单还能成交）

因为流动性比较薄 ，但市场叙事又很足 - 这看起来貌似比小盘股还好玩，但实际上，交易所上这类标的可能是亏钱？或者说是不赚钱的

具体原因嘛？自己去看全文吧～ 

全文：https://agintender.substack.com/p/openai-anthropic-pre-ipo-stock-perps?r=8gs9xi&utm_campaign=post-expanded-share&utm_medium=web 

ps：这篇文是各位substack群友贡献的经费，没拿交易所一分钱，所以还是比较客观独立的。 感谢各位啦～"
2018926646196367752,Wed Feb 04 05:56:36 +0000 2026,macro_first_principles,14,4984,0.314,否,"心里想的是生意，眼睛里看的是算计。

交易所这门生意的本质，其实就是黄河路上的“抽水”。不管是大王蛇还是干炒牛河，客人在桌上谈的是几百万的单子，餐厅拿的是餐位酒水招待费，就像是交易所拿的是雷打不动的头寸，不论交易几何，饭总是要吃的。

行情好的时候，大家都是“宝总”，出手阔绰，把那点饭钱、酒钱当成赏钱。至真园里的笑声越响，抽水的账本就越厚。那时候，没人觉得抽水有什么不对，大家都在泡沫里做梦。

可当2025年的“1011”惊雷落下，两百亿美金在几小时内化为虚无，美联储的加息风暴和全球地缘的黑天鹅连成一片——黄河路变天了。

当客人们口袋里只剩下几块钢镚，原本那份隐形的、理所应当的“抽水”，就成了最扎眼的罪证。大家开始清算，开始寻找那个“赚走钱的人”。正如至真园被联合针对，不全是因为李李做错了什么，而是因为在这条变冷的街上，她那里的灯火依然最亮，抽水的台面依然最大。

这种时候，讨伐至真园成了一种生理性本能和政治正确。散户需要一个泄愤的出口，同行需要一个分食的缺口，而监管需要一个拿得出手的祭品。"
2038822505486709213,Tue Mar 31 03:35:39 +0000 2026,trader_mindset_essays,4,2585,0.314,否,"本文的论证逻辑是在同一个市场，相似的受众和标的，资金使用效率应该是类似的

为了怕大家说我偏颇，我用了Hyperliquid作为benchmark （日均合约交易量$68.9亿，对应 $48.8亿 TVL）日均比率为 1.44x - 就有了这张传播颇广的图

注意：这个是合约交易的数据，而且没考虑各交易所的政策/活动

后期调研发现， @MEXC_Official 这个是因为多个交易激励活动和0费率政策所致，所以大家也不用去fud

结论并不重要，记住3个事情就可以，尤其是第三点：

1. 方法论：vol/por 比绝对值更能说明问题
2. 加密交易量还tm在早期
3. 欢迎大家来 https://t.co/HJByC2ahKH 开空 😄"
1906910054596624639,Tue Apr 01 03:22:40 +0000 2025,macro_first_principles,2,1914,0.314,否,"看大家对这个话题还蛮活跃的，我再展开说一点

1. 本质上是商业模式决定bd策略，除了一线/1.5线大所外，大部分的所的手续费收入都不够养活团队，或者激励团队

2. 对于这些交易所，他们就需要不断地上新项目，其中最有效的激励措施就是“业务佣金”即你签下一个单子得多少钱（再配合末位淘汰），这类型的交易所就会有很多bd（比如lxxxx，bxxxx)所以你就在各种场合看到他们的身影

3.对于1/1.5线的大所，已经过了温饱线了，更看重声誉和合规，不要因为走错一步把会下金蛋的母鸡杀了

4.离岸的1/1.5线大所，相对来说就比较野一点，花样比较多

5.再说一点，在美国合规的框架下，上币本质上是个中立的上市新闻，不应该在上币之时给任何一方输送利益（包括交易所代币的holder）

6.先说道这里，大家感兴趣的话，我有空再多说一些"
1906628511177248941,Mon Mar 31 08:43:55 +0000 2025,mm_liquidity,14,4770,0.314,否,"《重生之假装我在币圈做KOL》

2017年入行至今，专注支付和AI赛道，九个月前完成品牌升级和代币网络升级，亲手操刀宣发，见识了形形色色的KOL、Agency和中间人。有的索要20万U+X%代币，有的声称能安排上市，有的报价1万U一篇稿件，还有的介绍KOL要抽成20%。

在宣发的过程中即使项目质量过硬：有产品、有收入、有用户、全网最大AI数据集，无融资、无空投、纯社区、锁仓，不Pua、不跑路。但仍陷入死循环：“你不出名→无流量→无KOL站台→你不出名→无流量。”

区块链世界本应百花齐放、自由生长，但声音被少数人掌控，大部分将其视为生意。流量是金，注意力是货币，项目质量只是加分项。

于是，我决定来个《重生之我在币圈做KOL》（假装）

研究圈内KOL推文数据后发现，高互动、高浏览推文离不开“黄、赌、吵架、八卦”。想出圈需人设，但现实受限：无颜值、无钱、项目不出彩、不能全职发推、不愿违心喊单或编热点。

最终选择反差人设：落魄OG的无能怒吼+行业乱象爆料。发文风格：一本正经胡说八道。语言策略：中文输出，因为账号没有什么中文基础，更容易看出效果；（假设出事后）最小化对项目造成的影响

“觉醒是从认识到代价开始。”作为穿越牛熊的老人，下注前需规划成本和收益。

为不影响日常工作，我设定了30天挑战目标：
时间：2024年3月1日-3月30日
目标：每天3条推文，30天10篇长文，互动50位名单上的KOL，涨粉1000，浏览量破10万。

随后，开始了30天“煎熬之路”。

数据概览：
- 总发文：247条推文（日均8条）、10篇长文、6条长推
- 粉丝增长：11k→13.6k
- 总浏览量：204,249
- 互动：Likes 891，Engagements 7679，Replies 116，Bookmark 97，Retweet 60，Profile visit 1586
-受众变化：香港用户占比从4.9%升至25.7%。
- 单推表现：Views>1000的推文30条（12.15%），Views 500-1000的37条（13.5%），高峰期为1日、12日、13日、25日、26日、30日

高光时刻：
- 1日：长文《数据造假和流量贿赂成上市基操，行业还剩什么》获老吴@colinwu点赞转载，浏览量26k
- 3日：长推《关于cronos重铸700亿代币》获老吴点赞转发+留言，浏览量13k
- 12-13日：参与PAnews主办space （感谢 @PANewsCN ）
- 25日：在@jason_chen998推下爆web3port的瓜，浏览量44k 
- 26日：回复@colinwu质疑做市商和交易所帖子，浏览量近4k
- 30日：调侃@RicardoBitget入职Bitget推文，浏览量3.7k；发问@DujunX换CEO推文，浏览量11k

观察：
1. 群众爱吃瓜，尤其是阴谋论，信息不对称具传播力。
2. 发文格式吸引不同人群：长文适合深度但转化低，短推转化高，长推效果居中。
3. 在流量处抓流量，回复热门推文是初期有效手段。
4. 反差感和“恍然大悟”效应提升互动。
5. 语言力量大于逻辑，短悍口号比道理深入人心。
6. 流量排序：发X图>粗口开骂>正常开骂>调侃>跪舔>卖萌>简单文字。
7. 时效性重于评论质量，第一时间回复更有效。

“世间所有相遇，都是久别重逢。” 《一代宗师》

但许多人连相遇机会都没有。流量是光，且不公平，只照亮高处之人，低处的影子若不吵闹，无人关注。

30天前，我认为“金子总会发光”已不适用；30天后，我觉得大声喊，总有人会倾听微弱声音。

p/s: 我最近在筹划写一个币圈版《大败局》系列，有兴趣参与的小伙伴pm我"
2084473995928432985,Tue Aug 04 02:58:22 +0000 2026,macro_first_principles,16,3859,0.312,否,"为什么说这次的熊市没那么孤单？

这几天听到了好多争执/争议的事情，有人说这就是熊市的规律 - 我就说有没有可能，是因为熊市大家的注意力都不在搞钱，所以就集中在这些跟自己利益不太紧密的事情上，所以这些信息的声量和抓取的注意力才会被放大

但是这波的熊市又跟之前的不太一样，因为还有东西可以炒作和占据大家的注意力，三个原因：

1. 市场上high fdv-low float的spot-perp的妖币模式已经成型，所以大家时不时还能看到一些充满博弈的竞技环境，但是性价比其实很差了；

2. meme，这个就不用再赘述了，meme的起盘与传播力有关，只要传播途径在，这个故事就能绕下去，至于为什么还有人前仆后继，大概是因为上个周期成为了很多人的肌肉记忆吧？

3.美股，不管是链上还是交易所内的，股票交易这个事情占据了大家的心智，都想获得（至少）beta的收益

抚平伤痛的，不是时间，而是扑面而来新事物占据你的注意力"
1925852847914021130,Fri May 23 09:54:34 +0000 2025,listing_lobbying,4,848,0.312,否,"Pre tge项目的kaito使用前说明书

先说结论：kaito 就是美甲店，不是整容医院；只能景上添花，不能改头换面

如果你觉得kaito是所谓的Infofi / AI算法，那你可以划走了. 都2025年，您就别看叙事了，要看谁在付费？谁在赚钱？

一言以蔽之，kaito现阶段就是一个基于x/twitter的media buy的（写手和流量）分发平台，且从支付手段上支持项目token的期权

一般来说，项目需要宣发需要找各种agency去找写手（编辑/记者/kol），然后有了内容需要去找类似prnewswire的平台或者kol自己的渠道（twitter/YouTube）发布并传播相应的内容；然后这些agency再汇总成一个报告告诉金主爸爸们，效果如何如何，触达了多少人等等

这里面有一个最大的坑就在于，impression/触达人群是一个非常模糊的指标，甚至好多博主和kol矩阵都有刷量的习惯，水太深，外行人就只能看热闹

kaito的核心就在于开创了一个“按效果付费”的kol media buy+x渠道众包模式（类似adsense），让项目方能有一把相对公平的“尺”去衡量该博主和推文的推广效果，并为此付费

项目方付费——》 kaito发布任务——》kol接单——〉kaito通过算法审核/衡量价值 ——》 打币给kol们

还有一个事情就是好多agency都会要求项目方直接支付u，或者50%u 50%代币，且该代币附带一个option，kaito也让项目方以代币期权的方式发放酬劳，一定程度上也缓解项目方的资金压力+ kol们have skin in the game

如果
1.你不差钱（kaito的设置费用不便宜），甚至想展示自己有钱的
2.计划在x上宣发项目
3.又没有什么识别kol的经验的话，
4.又不想找agency的话
5.有成熟的内容团队

那可能kaito是一个相对保险的路径，而且还能蹭上kaito自带的流量光环（因为好多接商单的博主都盯着呢，就像是一群骑手盯着饿了么的订单推送）

但是如果你说用kaito能上大所？能获得关注度？ ——还真不一定，你看过上了美团外卖推荐榜的商家就大赚的吗？

kaito只是一个基于x的kol众包的media buy渠道 - 它不改变本质，只是换了橱窗

kaito 就是美甲店，不是整容医院；只能景上添花，不能改头换面

再想想"
1938949862558728471,Sat Jun 28 13:17:25 +0000 2025,derivatives_options,4,109,0.312,否,"首先太感谢你的时间了  好难得有人能整篇啃下来，然后还能举一反三 厉害

先回应你：
1. 交易所的机制都是“亏”出来的，bn最早是从bitmex搬过来的机制，然后随着流动性增加/山寨币/市场环境变化才最后演变成今天这个样子，这个算法说是10亿换回来的都不过分

什么哲学思想都是我自己yy的，但是这也反映出设计者的思维底层（很可能连他自己都不知道他是这个金融思维）

2. 对于机构来说，看算法是一回事，交易所给的api接口，下单限制又是一回事 ，充值提现限制也是一个因素（又给自己挖坑了… ） 具体的策略执行还要看这些细节，我说的结论是结合这些因素

3.我特意强调hyperliquid的标记价格和资金费率的算法，其实是为了“铺垫”我的下一篇文章 “HLP vault”， 这个才是Hyper的核心

这也是为什么hyper可以容纳或者说“极限交易”的主要原因（我这里想卖个关子啦！😂）剧透一下：什么流动性，信誉都是次要的，是开单的成本

最后：
太赞了👍 这种讨论真的好爽，虽然不见人，但是从文字就有种“我懂你”的知性“爽”感 

思想碰撞的愉悦才是twitter的杀手锏啊"
2053374435273453870,Sun May 10 07:19:49 +0000 2026,mm_liquidity,5,1631,0.305,否,"其实也不离谱啦，我还是很能理解的… 你的价值观就是建立在既有规则底下的价值传输无效和价值错配的基础上，aka 套利

风无向是基于对未来情势判断做压注，只要不影响终局，中间的变化/变数都无关紧要，接着炒就完了 aka 只要前提假设不变，接着搞就完了

但价值错配不同- 只要一发生反转，策略就失效了，就应该撤离，或者就因此捍卫这个规则机制

说白了就是价值观的差异体现，也是你们两的交易风格的不同

世间这么多人，能一句话秒懂彼此的人真的是凤毛麟角，知音少一个就是少一个了

我觉得你们两tm就是ego作祟- 你仔细想想：规矩是对的，但娱乐也有道理啊- 就是双方都咽不下这口气，都拉不下脸

男人之间吵架不是常有的事吗？大佬们还互相斗嘴，还看合不合规呢？有些还搞到对簿公堂呢？ 

有人眼里容不下一颗沙，还有人愿意为了一棵树放弃整片森林呢

就你们两，哎..没必要

不是我吹，要是我在那场牌局估计你们两就没事了…"
2099502998724710700,Mon Sep 14 14:18:16 +0000 2026,trader_mindset_essays,69,30908,0.299,否,"时不时就会被小伙伴问我，做妖币需要花多少钱？能套多少钱？ 这不，前两天又有小伙伴问到 ethereum:0x6033f7f88332b8db6ad452b7c6d5bb643990ae3f 这个盘需要多少钱？赚了多少钱？ 

是的，各位猜到了，我要给各位开开眼了
—— 这应该是ct史上第一个将这个手法一步步拆开来详解的文章

到底9月12日的那17分钟发生了什么？点火/脉冲花了多少钱？有多少人爆仓？是怎么做到的？ 为什么说这6秒是一念天堂，一念地狱？

完整版会发在substack上，大家赶紧订阅 + 关注起来吧～ https://substack.com/@agintender 

《合约镰刀侦缉档案：火花、残刃与向日葵》 

🤣 🤣 🤣 明天又是某个大交易所睡不着的一天了"
2094276253541106024,Mon Aug 31 04:09:03 +0000 2026,trader_mindset_essays,65,17644,0.299,否,"请各位原谅啦，我忍不住要“晒单”一下啦～～～～

我的substack的arr超过10k usd了 （🎉）
虽然这在币圈就是毛毛雨（而且还是arr）

但认真的，这个可比我自己做交易赚1m还开心啊
感谢各位的抬爱、认可和支持

当交易所、协议都不愿意花预算来支持的时候，没想到还真的是有人愿意付费看独立调研内容 - 看我在哪里神神叨叨 🤣🤣🤣

好了，我稍微从bstocks那篇文回血了一点，现在有更多的弹药去“摧残”和“挑战”各家交易所的算法和orderbook了，各位准备面对疾风吧～ 哇哈哈哈哈哈🤣

争取给大家带来更多好文

对stock perp，合约交易，交易所数据感兴趣的，欢迎订阅：
https://t.co/oWfm2IKoZs"
2092576919581872395,Wed Aug 26 11:36:30 +0000 2026,trader_mindset_essays,100,25690,0.299,否,"不知道各位是否遇到在周末期间，明明binance的nvda已经250了，但是你180的仓位就是不爆仓？

或者交易所的场内价格是200，但是mark price显示是250，而你的仓位已经无了….

各位观众久等了，这篇关于stock perp休市期间的oracle price算法文章终于发出来了

你们想知道的交易所在休市期间是怎么（操）生（纵）成场内价格的吗？是怎么做到价格传导的？ 

全文差不多3万字，我会分成上中下三卷 发出来，本期主要是介绍相关的背景，算法基础，拆解Binance 和Bitget的算法

本文不止是摆公式和讲算法这么粗暴，而是一步步地带着你去演算，代入场景去看，为什么同一个标的在同一时间内会出现3-4个不同的价格？

内容非常硬核，非常的干涩，大家看的时候务必拿上纸巾和温水

https://t.co/G7xlMKooVr"
2092163302600368381,Tue Aug 25 08:12:56 +0000 2026,derivatives_options,35,34861,0.299,否,"嗯，关于各个交易所股票休市期间的mark price算法和传递路径的文章写的差不多了

这里先给 @binance 和 @bitget 的官方文档提个建议吧（搞得AI跟我一直在左右互搏 🤣，我说AI是错的，AI告诉我官方文档是这么写的。。） 

1.  @binance 这里 https://t.co/FIMdivoedY

同一篇官方Academy文章正文已经明确写：2026年5月16日起，equity TradFi perp从Fixed Mode改成Orderbook EWMA；但下面的FAQ是：休市时“fixes the Price Index at its last known value”。

这两段是直接冲突的。
我测过了，现在已经是EWMA了 - 建议一起改了吧

2. @bitget 这里https://t.co/U7iPClhH7T 也是类似的问题，正文说休市Mark继续用standard model，FAQ又说休市Mark使用EWMA smoothing

这两段是直接冲突的。
我测过了，现在已经是EWMA了 - 建议一起改了吧

我猜应该是换成EWMA 后忘了改FAQ的论述 🤣 

《合约算法镰刀十五》stock perp的休市镰刀和dex的弯道超车之路——是什么让BINANCE一直被牵着鼻子走

欢迎订阅：https://t.co/oWfm2IKoZs"
2044944929496154533,Fri Apr 17 01:03:59 +0000 2026,mm_liquidity,59,23445,0.299,否,"Binance在2023年下半年到2025年Q3，以前所未有的速度给山寨币上永续合约。几乎每周都有新的perp交易对上线——从主流公链代币到AI概念币，从GameFi到Meme，甚至一些市值只有几千万的项目也获得了永续合约。

表面上看，这是对历史规律的延续：给更多资产提供做空工具，创造更多流动性，吸引更多参与者。而且客观地说，这些perp确实在凭空创造流动性——一个动辄几十亿FDV但实际流通市值只有几千万的项目，仅靠现货市场根本撑不起像样的交易深度。

永续合约的做市商用稳定币提供双边报价，相当于给这些薄如纸片的市场注入了一层合成流动性。

但这一次，规律并不奏效。

问题出在""流动性""和""信心""的脱节上。创造流动性的前提是有人愿意来博弈。而2024-2025年的现实是——所有人都怕了。现在的市场都是把上perp当成终点、当成退出信号、当成新闻交易。

大量新上perp的项目有着畸形的代币经济学：几十亿FDV搭配极低的流通量，意味着未来有天量的代币等着解锁砸盘。这不是明白着要吸引散户来做空吗？

有了perp之后，每次拉盘都可能引来大量空单，这就给庄家带来了对手盘 aka 流动性

最近进入涨跌幅榜的的山寨币永续合约，已经沦为了庄家的私人赌场。

流通盘小、筹码集中的山寨币，庄家在perp市场上几乎可以为所欲为。拉盘不需要太多资金——现货控筹拉高价格，perp上顺便收割一波空头爆仓金。砸盘也一样方便——先在perp上开空，然后现货砸盘，空头获利。来回反复，perp的高杠杆成了庄家放大收益的工具，而不是散户对冲风险的武器。

这种玩法的破坏力远超现货市场上的控盘。现货上庄家骗的是接盘的散户，perp上庄家收割的是整个多空双方——不管你做多还是做空，只要你站在庄家的对面，你的保证金就是他的利润。有经验的交易者不敢碰这些山寨perp，没经验的交易者进来被反复收割后永远离开。

本来，做空工具应该是价格发现的力量。但在流动性极薄的山寨perp上，关系反过来了：做空工具反而成了庄家手里的又一把刀。破坏的不只是某一个币的生态，是整个加密市场的信任。每一个在山寨perp上被定点爆破的交易者，都是加密市场永久流失的一个用户

我忘了是说的，行业的面子是我们自己定义的 - 你每天都是操纵，meme，你让外界怎么看待这个圈子

都2026了，山寨币是时候换个博弈方式了 - 现货杠杆做空
抵押资产 - 借出对应的山寨 - 卖出做空 

交易规模可能不大，但这才是价格发现

你说呢？"
2083744773354184822,Sun Aug 02 02:40:42 +0000 2026,mm_liquidity,8,6576,0.299,否,"感谢okx的邀请，让我感受了一把“流动性”流动的感觉

作为一个伪球迷，我甚至连球徽都看不明白，但是作为一个老韭菜，场内的流动性的流动可是看得明明白白

不是什么资金流入美股，理财之类的，而是信任 - 不管牛熊，不管外面有多少交易所关张，新人小白还是大户都还在往okx冲- 信任，才是流动性的底色

除了熟知的品牌合规产品界面之外，okx最不为人知的是对于产品的执着- 我举个例子：你能想象一个marketing的人对各大交易所美股资金费率的算法和预测市场的盘口流动性和结算方式都如数家珍吗？ 我差点都要去投诉了，感情这几个家伙一天天不干正事，都跑去炒币了 😂😂

员工对于产品的执着和自驱力，才是okx的对于信任的诠释"
2083133419069018262,Fri Jul 31 10:11:24 +0000 2026,mm_liquidity,19,9441,0.299,否,"哎呀，不是，你们也不要太担心citadel接手仓位后直接往盘口砸。。 没这么傻的，美股的手段好多的

一般来说，这些分析师会算好各个标的的beta，然后买卖个股与整个行业的指数做对冲，控制好风险，然后就是把组合拆开，不会打包卖掉的啦

新闻里面的prime broker：goldman、jpm、bofa 和citi 这些都是大鳄 - 出手的时候，我们一般都不会看到

一般的流程应该是：
先承接或替换融资 → 同步建立指数和行业对冲 → 把组合拆给不同团队 → 快速处理流动性好的部分 → 对流动性差的股票边对冲边等待 → 通过大宗交易和市场反弹逐步退出

今天如果ai半导体板块崩掉的话，严格来说，应该不是citadel的锅

他们也希望涨得，如果姐这张citadel根本就不需要这么复杂的策略。。。"
2079170509477208390,Mon Jul 20 11:44:13 +0000 2026,mm_liquidity,56,24968,0.299,否,"基本上各个加密交易所都接入了股票 - 甚至还把这个当成是主力产品来推，我就想着整理一个关于各个cex的股票流动性测试，可组合性和算法机制的调查

熟悉我的老粉都知道，我一般不写那些纸面上的东西（什么可以质押-借贷-开合约这些就浅了）- 就想看一下各个交易所的情况，为了做这个测试，还花了大力气去交易

有些真的是一言难尽。。满眼的spoofing；有些的滑点真的感人，有些周末时段还能触发限价等等。。

为了回回血，我这里看下有没有交易所愿意赞助的～ 机会难得哦

ps：要是我没理你，就是我被你们交易所坑怕了。。"
2062778962775040241,Fri Jun 05 06:10:03 +0000 2026,derivatives_options,13,5562,0.299,否,"这可能是一个价值百万美金的建议

再给交易所（们）一个弯道超Binance的机会

上中小市值股票的永续合约，现阶段可以看下DAT类的标的（上该股票现货是optional）

让华尔街知道什么叫合约-币-股联动叠三层buff的厉害，让他们知道币圈是如何抢夺定价权的 - 一张成名的机会来了

至于怎么做？nani？ 真的还要我说吗？
没有流动性？ 要怎么弄？ come on man….

这波看好你们啊 @bitget 别让我失望哈

@xiejiayinBitget 成了，别忘了我哈"
2078343726309728567,Sat Jul 18 04:58:52 +0000 2026,derivatives_options,37,15118,0.299,否,"我补充一个观察，可以一起研究一下 @0xVeryBigOrange @bitfish 

我有一个暴论：韩国金融厅这里最近改变了券商的清算方式，即券商把清算仓位丢给第三方，而不是直接往市场上砸

举个例子：7/13（一）的时候都跌熔断了，按照t+2的原则，在周三的时候，早盘竞价的时候会有一堆头寸清算，但是7/15反而是大涨（复苏），而且券商头寸方面的清算数额也不高（3.8%）

我是赞同目前的韩国股市还是：散户用新杠杆，去承接旧杠杆的说法，机构是在用futures去对冲承接

散户什么时候投降？或者投降的指标？
我是觉得现在看宏观的数据不是很有用了，短期我更倾向于看散户的预托金的流入情况，消费贷款额度，散户跟券商的融资头寸 - 现在还是在近6个月的高位 😂"
2077221966348763377,Wed Jul 15 02:41:24 +0000 2026,trader_mindset_essays,18,25238,0.299,否,"现在看起来，昨天的会议收效还可以啊，居然硬生生涨熔断了

现在的问题来了 - 上周和周一（7/13）跌熔断的etf清算和券商融资借贷的清算去了哪里？难道真的都被市场接住了？我盲猜是有股神秘的力量1.把margin call延后；2.把清算仓位丢给第三方，而不是直接往市场上砸 （等下午的清算和融资数据出来，再看看是不是这样）

有意思的是，截止到今天11.30am（韩国时间），主力买盘是外国机构（占了85%）（又是韩国散户涌退的一天）

结构性风险还没解除，各位小散勿上头啊"
2076936986636816756,Tue Jul 14 07:48:59 +0000 2026,trader_mindset_essays,40,28295,0.299,否,"嗯，今天的kospi属于是散户撤退，机构大进（外资占1/3）的局面 - 基本上散户的卖盘都被机构消化

看了一眼昨天kospi和kosdaq的数据，韩国金融厅大概率在上周已经介入了散户杠杆清算的事情，甚至可能还引入了第三方清算机制 - 即爆仓仓位由第三方清算机构先接管，不直接在公开市场上操作（抛售）

7.9/10 kospi都跌熔断了，但是昨天被清算的券商应收帐款头寸只有262亿韩元？ 

7.13的熔断按照t+2的机制，这波头寸的清算要在明天爆发，就看今天韩国金融厅的大佬们能不能想出什么大招～"
2069415095860650021,Tue Jun 23 13:39:41 +0000 2026,derivatives_options,14,5003,0.299,否,"过去的金融世界，是有时间边界的。

早上开盘，下午收盘，周末休市，银行有工作日，清算所有结算日，交易之后有日终处理。保证金可以在某个固定时点计算，后台系统可以在市场关闭之后对账、修正、补资料、处理异常。金融市场再复杂，也总有一个时刻会停下来，让制度喘一口气。

这个“停下来”的时刻，几乎是传统金融最隐蔽的地基。

Crypto 说：就算你数到一百，劳资就是不关。

特朗普不会因为是周日就不发推；
比特币不会等纽约开盘；
永续合约不会因为周六凌晨就停止波动；
稳定币不会因为银行休息就停止流动。

市场从一条一条交易日，变成了一条连续不断的时间线。

这可能才是 OKXICE 真正值得期待的叙事。它不是“传统金融拥抱 crypto”这种老套叙事。它背后真正的问题是：

7 x 24交易的趋势已至，当交易永远不关门，传统金融赖以建立确定性的那套清算、监管、抵押品和客户资产制度，还能不能继续运转？"
2063988435967455273,Mon Jun 08 14:16:04 +0000 2026,derivatives_options,11,5470,0.299,否,"说一个大家可能都不在意，但是又有点重要的事情

就是在韩国🇰🇷margin loan的清算其实不是实时的～ 

韩国股市的信用交易主要分为两种：「信用融券/融资 (신용융자)」（标准融资）和 「未追缴结算款 (미수거래)」（超短期融资）。

1. 标准信用融资 (aka Margin Loan / 신용융자) —— 维持率不足
当你的账户资产因为股票下跌，跌破了券商规定的最低担保维持率（通常为 140%）时：

T日（触发日）： 收盘后，若维持率低于140%，券商会向你发出Margin Call。

T+1日（宽限期）： 给你一个交易日的时间去补足现金，或者自己主动卖出股票减仓。

T+2日（爆仓执行日）： 如果你在T+1日收盘前未能将维持率补回140%以上，券商将在 T+2日的开盘集合竞价时段 强行对你的股票进行下限价卖出

2. 未收账款交易 ( aka Unsettled / 미수거래) —— 超短期强平
这是韩国散户非常喜欢用的一种高杠杆、超短期融资（通常只需要交40%左右的保证金，但是在T+2日必须补齐余款）。

T日（买入日）： 借钱买入股票。

T+2日（结算日）： 正常结算日。如果收盘时你账户里没有足够的现金来支付剩下的 60% 尾款，这就属于“未结算款”。

T+3日（爆仓执行日）： 早上 09:00 集合竞价时段，券商会直接把你账户里的股票挂单卖出。"
2090344055175856533,Thu Aug 20 07:43:54 +0000 2026,derivatives_options,38,28523,0.299,否,"难道binance不要命了吗？居然敢上大a？ 罚了这么多钱还没长教训？！

其实现在交易所上以大陆证券为underlying asset的合约交易对是没啥法律问题的。。说白了，perp跟交易什么大a，大b，大c的股票的关系不大。。因为就不是同一个类别

从vara的角度来说，perp交易就不是交易证券

vara现行框架下有个叫： Exchange Traded Derivative（ETD）的东东，这里面就包括了永续合约 perpetual

基本上只要你不以usd等法币做结算就ok了（因为会跟cfd类似）crypto-denominated ETD 

然后你就会问了，那为啥 binance上个标的怎么这么慢？是不想干了吗？🤣

这是因为vara对于 underlying asset （就是底层是个啥）是需要vara批准审核的

真正有风险的是那些mm，因为可能需要去买股票来做对冲。。

ps：我也好久没碰这个了，但是印象中应该差不多是这样"
2088270280942858657,Fri Aug 14 14:23:27 +0000 2026,trader_mindset_essays,73,13780,0.299,否,"这篇文是我近期的真·硬核长文，1万多字，认真看完差不多40分钟

我追踪了binance 20个股票交易对（现货+合约+链上）的差不多50天的数据（中间还触发了rate limit…） ，攒了差不多10gb的数据；然后做了大概近50m的交易量

给大家带来这一篇跟市面上（应该是独一份）完全不同角度的长文，从交易量，orderbook，周末-开盘的价格，给大家解读，bStock大张旗鼓搞了几个月，到底个是什么东东？

是不是就只是一个tokenized stock？ 是不是就是一个正股的影子？Binance是不是就像也让用户在这里交易股票而已？

不，当你把数据放大来看的话，这已经不是“美股的另一个券商？SNDK的另一个交易所？”No no no，这就太肤浅了

相反的，Binance正在蚕食“Nasdaq不开门时的定价权”了… 这个才是最有杀伤力，最有意思的叙事

但是距离这段路，Binance还缺了….."
2042790108777320594,Sat Apr 11 02:21:29 +0000 2026,trader_mindset_essays,49,21884,0.299,否,"有小伙伴说，这篇文看似在说汇旺，其实是在说Binance，Okx，Bitget etc

从潮汕对敲到汇旺担保，跨越几十年的这条暗线始终在回答同一个问题：

在缺乏制度化信任的环境中，如何让价值在互不信任的参与者之间安全流转？

潮汕钱庄用血缘解决它，跑分用一万u押金和物理质押解决它，汇旺用七万U上押和一套仲裁规则解决它，DeFi用智能合约解决它。

加密行业的主流叙事聚焦于""结算""——比特币是更好的结算层，区块链让跨境汇款更便宜。

但潮汕钱庄老板和汇旺担保都证明了一件事：价值不是在""结算""的那一刻产生的，而是在""流转""的过程中累积的。

钱庄老板不需要拥有那1000万人民币，他只需要让它流过自己的手。汇旺不碰一分赃款，它赚的是维护流转秩序的信任租金。

灰产大哥们有句名言：如果不是想过上安稳舒坦日子，谁愿意铤而走险？

就跟交易所一样，跟公链一样。只要盘子足够大，作恶的收益 < 成本，真没必要。

盲猜评论区有好戏上演了 😂
大佬们救救"
1982408899467899260,Sun Oct 26 11:28:07 +0000 2025,derivatives_options,30,40248,0.299,否,"还记得10.11那天，我的wbeth仓位被干了… 我那时候找到客服/大客户经理，要讨个说法.. 就这是什么情况，凭啥被干了

我猜他们的统一说辞都是“市场行为” bla bla bla，这跟我们没有关系之类的，我当时还想跟他讲道理的…

后来，说着说着他还给我一个说明，说你看当时最低的市场价是430，针都到这里了- 你这个爆仓就是没错的… 系统是对的，你就认栽吧之类的

他一说到这里我就意识到，我就不应该花时间跟他聊，这完全没有意义 — 因为清算价格是按照标记价格来的啊！！

你在这里跟我扯这根针？

哎 夏虫不可语冰 大概就是这个意思吧"
2044437258548531595,Wed Apr 15 15:26:40 +0000 2026,trader_mindset_essays,90,22391,0.299,否,"我们估计也快忘了，从什么时候：合约 = 妖币了？ 

这篇文是我花了大力气调研，写的文，里面有好多细节可以单独拿出来说，回过头看对整个行业的发展都有着里程碑式的意义

这篇文可以说是半部币圈进化史，或者这么说，是半部中心化交易所合约交易的演进史，也是binance的合约交易进化史 - 一步步走向。。。

明天找个时间给大家细细说来，里面有好多细节和现象，我猜交易所的工作人员都没发现

本文虽然很长（我也懒得拆），但是不管是对于新人还是老炮，都值得一读，静下心来，对于你了解整个行业的发展脉络肯定很有帮助。别的不说，你看过这篇文后，面试的时候都能多说5分钟

做空，说白了就是币圈合约的来时路；但是大家都不愿意拿到台面上说而已

因为文章很干，所以我预计本文应该会火🔥，大家赶紧来互动刷流量吧～"
1971945881638523265,Sat Sep 27 14:31:49 +0000 2025,trader_mindset_essays,42,25956,0.299,否,"发财的故事没有，但是亏钱的故事倒是不少 🤣

如果这个版本评选最衰的项目 - @PundiAI 肯定能入围

我们原定是在今年2月初换币和上所的，结果特朗普宣布贸易战 —— 为了暂避风头，就延迟了到2月下旬

2月28日18点首发 Upbit，结果28号凌晨传出美国要制裁中国（报复性加关税），一大早整个市场崩盘。。。3月2号开放充值/提现，结果2号凌晨，美国对华加征n%的税 - 市场又恐慌

一周后，Bithumb宣布上 pundiai，几乎是同一天中国宣布实施反制关税，特朗普宣布高调回击。。。 市场又崩。。。

这两次韩所的冲击完全被特朗普化了。我反正是服了，而且这还没完

我们6月12日上binance alpha ，用官方的话说就是，“进入perp和spot的观察期”

对此，我们在7月10日发了在 #bnbchain 上对标 $zora + $sahara 的AI数据/创作者发射平台 #datapump ，原来是要大搞一场

结果7月12日我们的项目发生黑客事件 - 黑客通过控制token合约铸造了1百万枚token（将近7百万美金）（事后我们全额赔偿并销毁多mint的token）

我们花了将近2周的时间修复合约漏洞，跟各个交易所解释，发新的token取代之前的token，做合约审计，修改datapump的产品 etc

并且过完了交易所的dd，26日准备在 datapump上大搞一场的时候 。。。（还联系几个大IP）

7月28日，daxa （韩国的行业自律协会）联合 Upbit Bithumb和Coinone宣布下架 #pundiai 

我就问你，你在圈子里有没有看过这么多巧合的事情？！
人生有时候就是这么奇妙

我们筹划了2年多，进行了收购、业务重组、调研、重新开发、换币，全是自己掏钱、连kol round都没有，结果就这？！
也幸好是没拿外部的钱，要不然都不知道怎么交代

那段时间也有人雪中送炭（也有人乘火打劫） - 这些我都心存感激，多的就不说了，有需要到我的地方 ——Ain't No Mountain High Enough

作为一个老灯，我知道商业是无情的，你没有成功，就不会有人关注你，也不会有人因为你的经历怜悯你，最多就是当笑话来看（我们也不需要同情）

今天说出来权当是给大家当个笑话来看看 
（anyway我们还在做事，没有跑路，请大家放心 🤣）"
2089721101102240176,Tue Aug 18 14:28:30 +0000 2026,trader_mindset_essays,20,8266,0.297,否,"细心的小伙伴肯定会留意到，刚才发的文章怎么不见了？ 😂 经小伙伴提醒，还是先发在substack试试水温好了。。 这里面有比较多的辛酸苦辣，和太多操纵、攒局的内幕，容易引起交易所/VC/项目方的不满和公关

这篇文算是一篇历史照进现实的文，从晚清官员杜风治的日记来看当时候晚清的举人是怎么一步步当上县官，怎么一步步敛财，怎么一步步走上自己讨厌的样子。。。

你们知道吗？县官一上任为什么一定要敛财吗？因为这些举人在成为“官”之前都需要大举借债的，从首都到驻地需要钱；打点各路官员要钱；找师爷帮手要钱；找上级汇报要钱。。。连个看门递帖的都要钱

一个举人上哪儿找这么多钱？所以只能借，还因为没有抵押物，只能借高利贷 - 这个高利贷是多高呢？ 
大家听过砍头息吧，就是你借1000，就只给你900；在杜风治这里是对半息，借2000，只给你1000，就是这么狂

欠这么多钱，你说你到任了，不狠狠地搞钱，这可能吗？！

这跟很多币圈web3明星项目一样，你以为披露的数千万美金是真金白影？别傻了？他们也同样背负着这些“外债” ——你说好不容易熬到项目上线Binance，Upbit ，Coinbase，OK。。。如果是你，你会怎么做？

是历史故事，也是行业缩影，更是多少人的血泪，且看且珍惜吧

agintender.substack.com/p/90?r=8gs9xi&…"
2056522578018361745,Mon May 18 23:49:25 +0000 2026,mm_liquidity,156,48374,0.297,否,"我相信绝大多数 retail ，甚至是KOL，即使在加密圈混了几年,也只听过”做市商”三个字,从没见过一份真实的 MM 协议长什么样。

altcoin 项目方和做市商之间的协议,几乎都是同一个模板:Loan + Call Option。

项目方在 TGE 前夕,把一笔 token(通常是流通供应的 1% 到～5%)以”借出”形式给到 MM。“借出”两个字在会计上很重要——项目方没有”卖出”,所以不必披露 sale 收益,这部分 token 在 tokenomics 文档里仍然归类为”做市商分配”或”流动性储备”。合同期限通常 12 到 24 个月,期满时 MM 有两个选择:把 token 原数归还,或以预先约定的 strike price 买下来。

注意‼️：这个”买或不买”的选择,在金融上就是一个 European call option,strike 通常落在 TGE 价格的 25% 到 100% premium 之间。

有些还会额外约定什么利润分成、保底条款、做市义务，做市KPI等,但 Loan + Call Option 是骨架。

这个结构对双方都很诱人。项目方拿到即时的二级流动性,不必直接卖币,会计上没有 sale,tokenomics 叙事保持干净。MM 的位置更舒服:零成本拿到大量 inventory、获得上行 option、几乎不承担下行——价格跌破 TGE 价的话,把 token 还回去就行,不需要承担减值。激励是不对称的:项目方承担机会成本(币涨了 MM 行权,项目方少卖一笔),MM 拿到所有上行、几乎不承担下行。

这是为什么 MM 业务过去几年是加密最赚钱的几个赛道之一,而几乎没有 retail 知道这个生意的具体结构。

想知道更多？ 自己去看全文吧"
2051208494758457561,Mon May 04 07:53:09 +0000 2026,mm_liquidity,40,10813,0.297,否,"加密行业过去十年最深的教训之一是——所有靠人际关系驱动的金融业务，最终都会被开放的、机制驱动的协议替代。Uniswap 替代了部分做市商，Aave 替代了部分借贷台子，Hyperliquid 替代了部分中心化 perp。

每一次替代发生时，行业都说""机构有真实价值""。每一次，机构最终都不得不调整自己的位置。

token loan + call option 是这种机构特权的最后一片大陆。它存在了十年，因为没人认真补上""开放借币 + 反向产品""这两块基础设施。补上之后，做市能力会从几家机构分散到任何持有 token 的人手里。

但这件事真正的意义比""打破做市商""更大。它是把加密市场最大的一类闲置资产——长尾 altcoin 库存——变成生息资产。

让""持有""这件事再次能（上次是AMM，这次是因为perp交易，而不是补贴）产生现金流。让项目方的金库、基金会的储备、早期投资者的份额、DAO 的国库、长期 holder 的钱包，都从沉默的账面价值因位机制变成活跃的生产性资本。

何其有幸，与你同行
门外没有人，只有你自己"
2047195626535047436,Thu Apr 23 06:07:27 +0000 2026,mm_liquidity,23,6401,0.297,否,"悲观者正确，但乐观者赚钱

这趟下来香港大会跑下来，最大的感受就是情绪主导了市场节奏而不是底层的逻辑

现在的关注点是海峡封不封？大佬们发什么推？哪个协议会被盗？AI怎么变现？哪个主动做市商又要拉盘？哪个老鼠仓又能吃到？

没有多少人去想heyi提出的30亿用户该怎么实现，而是p图更有流量；

没多少人去关注香港otc牌照和稳定币的影响，而是在围观各种cx盘子；

没多少人去思考和vitalik提出的向量化支持来应对量子攻击，而是关注他的深蹲梗图🤣；

没多少人关注肖风发的《代币经济学3.0》，而是关注hashkey的股价和hsk….

有人觉得门厅冷清，side event骤减，没有项目方sponsor，但如果你真的认真倾听keynote，其实市场并不只剩下情绪

流量是水，而水往低处流；
钱是人，而人往高处走

我有一个暴论：
悲观者正确
但乐观者赚钱

市场只需要一个新的博弈方式"
2017502250445508710,Sat Jan 31 07:36:34 +0000 2026,macro_first_principles,20,5244,0.297,否,"你们说我写了这么多，有没有什么给币安或者cex的建议？ 

有啊，我提了好几个
b book
api 参数的修改

还有我去年11月写的熔断机制
（本质上是让流动性能进来，防止价格因流动性不足造成错配）

熔断机制正是为了在极端市场环境下提供一个足够长的时间窗口，以解决这些技术、运营和风控障碍 —— 为流动性提供一个呼吸通道。

这就像是对一个气胸的病人（流动性真空），临时插入一根导管（接入场外流动性），清除多余的空气（清算能量），让该病人能挺过去。"
2044023709795791029,Tue Apr 14 12:03:23 +0000 2026,trader_mindset_essays,92,27888,0.297,否,"今天看到很多人在讨论 $rave 的庄 （打成这样就不是一个人/一个群体了）

看完这篇文之后呢？

好，你花了时间，确认了有庄，还在xxx阶段。然后呢？换一个？再换一个还是有庄。因为——

庄不是Bug，庄是这个游戏的底层结构

一个Token凭什么涨？拉盘需要两样东西：筹码 + 资金。 
这两样东西合在一起，叫做定价权。 

筹码不够集中，权益不足，就没有人有动力去拉盘。
筹码集中不是阴谋，是拉盘的前提条件。没有庄就没有行情。

庄在用什么赢你
定价权只是入场券。真正让庄稳赢的，是他们做交易的方式和你完全不同。你在凭感觉，庄在用体系。

庄的成本意识： 计算拉盘出货的收益，EV为正就做。散户凭截图冲。

庄的概率思维： 持续修正概率和仓位。散户反复押注。

庄对心理的利用： 制造FOMO、利用沉没成本让你死扛。

最重要的是：你的底牌看得清清楚楚的… 何必呢？

还不如到 https://t.co/HJByC2ahKH 碰碰运气"
2034259903385350248,Wed Mar 18 13:25:30 +0000 2026,trader_mindset_essays,24,9227,0.297,否,"可能很多人不知道治安世界一流的新加坡在60年代也经历过种族暴乱。

新加坡建国初期的真正危机：不是贫穷，是各民族之间的割裂感

大多数人谈论新加坡奇迹时，关注的是经济增长。但李光耀本人反复强调，建国初期最凶险的敌人不是贫穷，而是种族撕裂。

1965年的新加坡，华人占约75%，马来人约15%，印度人约7%。三个族群语言不通、信仰不同、互相猜忌。新加坡之所以被踢出马来西亚联邦，导火索之一就是华人和马来人之间不可调和的种族矛盾——1964年的种族暴动中，23人死亡，434人受伤。

独立后的新加坡面对的是一个残酷的现实：这个岛上的人根本不觉得自己是""新加坡人""。华人认同中华文化，马来人认同马来联邦，印度人心系印度。没有人对""新加坡""这个概念有归属感，更谈不上愿意为它牺牲。

李光耀需要解决的根本问题是：如何让一群互不信任（在web3就是逐利）的人，自愿留在同一个屋檐下，并且愿意为维护这个屋檐而付出？

答案是新加坡的HDB组屋政策——这可能是人类历史上最精妙的团结社会工程之一。（当然还有语言政策：英语）

表面上看，组屋解决的是住房问题。1960年代的新加坡，大量人口住在棚户区和贫民窟。政府大规模兴建公共住房，以远低于市场的价格卖给公民，并允许使用公积金（CPF）支付房贷。到今天，超过80%的新加坡人住在组屋里。

但组屋的真正天才之处在于它背后的政治逻辑。李光耀说过一句极其坦率的话（大意）：""一个人在一个地方拥有资产，他就更愿意保卫它。""

组屋制度至少同时实现了三个战略目标：

第一，制造""利益相关者""。 当你只是一个租客，城市的兴衰跟你关系不大——大不了搬走。但当你拥有一套房子，你的身家就和这个国家的命运绑定在了一起。房价涨，你的净资产涨；国家乱，你的资产缩水。每一个组屋业主都成了新加坡国运的""股东""。

第二，强制种族融合。HDB实行严格的族群配额制（Ethnic Integration Policy）：每个组屋社区中，华人、马来人、印度人的比例都有上限，确保不会出现单一种族聚居区。你的邻居一定跟你不一样。孩子们在同一个楼下玩耍、在同一所学校上课。一代人之后，种族隔阂被物理空间的强制混合慢慢溶解了。

第三，将个人财富与国家治理质量挂钩。 组屋的升值依赖于新加坡的持续繁荣和良好治理。政府治理得好，地段发展，配套完善，你的房子就升值。这创造了一种强大的正反馈循环：公民有动力支持好的治理，因为好的治理直接提升他们的资产价值。

一套组屋，同时完成了""绑定利益—消除隔阂—激励治理""三重任务。

这不只是住房政策，更是国家基石。攘外必先安内，李光耀深谙其道。

各个公链、甚至交易所的大佬们，你们的“HDB组屋政策”在哪里呢？

文章有更多细节，值得大家花时间阅读。

标题写的是solana，但实际上是所有想构建生态的上位者们"
2091180261979697415,Sat Aug 22 15:06:41 +0000 2026,trader_mindset_essays,41,24550,0.297,否,"看起来好多人感兴趣这个事情啊？ 为什么是 @PythNetwork 拿下了中心化交易所cex的stock perp的oracle业务

为什么不是 @chainlink ？要知道chainlink自己也提供 stock的oracle业务？为什么中心化交易所们都不采用？甚至这个事情都不是排他的，就是多加一个权重的事情

为什么反而是去中心化交易所，比如 @Lighter_xyz @OrderlyNetwork 都在用chainlink的stock oracle？

到底是什么原因呢？ 好难猜啊～ 
 
下一篇文，一并给大家讲一下这里面的算法和逻辑，有兴趣的可以关注，不日会发在付费群里让大家开开眼
https://t.co/oWfm2IKoZs"
2074057127770153156,Mon Jul 06 09:05:28 +0000 2026,macro_first_principles,8,5921,0.297,否,"说白了，都2620年，一个交易所有没有牌照这个事情在币圈更多的只是一个门面，一个有银行直联的出入金渠道（之一）

你说你会因为x聚x币有牌照而去它哪里交易？ 你说你会因为binance没有牌照而离开？ 

你说 @okx 在没有拿到牌照之前，我就不信任它？拿到牌照之后才觉得 okx是个可以信赖的交易所？ 根本就不是这样的好伐～ 

相信你，是因为你的结构、你的风控能力、你的兑付能力等等

朴素的说，对于过来人来说，牌照就是个加分项"
2069666692582748170,Wed Jun 24 06:19:26 +0000 2026,derivatives_options,46,14342,0.297,否,"揭秘一下这篇文的research是怎么做的

好几个小伙伴pm，问这篇文的怎么做 @okx 和ICE 的资料汇总和研究的。因为资料很分散，除了是在各大媒体站外，okx/ice自己的披露之外，大部分有价值的信息都在x上，尤其是 @star_okx 近期发的内容

你需要结合着ice的历史、职能、近期的战略部署，以及okx近半年的变化来看（首先你可能得对ice是干什么的有一个大致的了解），而这些事情要串联起来就要一遍遍的关照着x、官媒、法规变化以及市场变化一起来看，才能稍微看出一些端倪。

最直观的就是在各家交易所都有美股现货的基础上，为什么okx 不上自己的美股现货（永续和xstock不算）？是没有渠道吗？是没有牌照吗？ 

AI工具时代，最有价值的是能把信息串起来看成一个整体的思维框架

grok反正回答点问题还可以，要深入分析和研究，就呵呵了。。而其他的AI 工具，不是没办法拿到x的内容，就是分析框架有点一言难尽

我就不说我用的是哪家了（免得你们说我打广告，然后我又没收广告费 🤣）我相信聪明的各位，真的想试用的话会自己找到的"
2044593849503559736,Thu Apr 16 01:48:55 +0000 2026,mm_liquidity,22,8412,0.297,否,"写给alpha项目方们的反攻信号

1792-1840年代，那是一个属于华尔街的蛮荒时代——那是一个只能做多的原始市场。

当时的市场和今天的山寨币市场相似：只能买入，持有，等庄家，等过年。没有杠杆，没有做空，没有标准化的交割流程。

个股的日均交易额可能不到50万美元，参与者不过几十人。市场极小，因为能做的事太少了。
￼
价格波动完全由多头情绪驱动。好消息来了，所有人买入，价格飙涨。坏消息来了，所有人想卖，但因为市场太浅，卖不出去，价格崩盘。没有空头在下跌时回补买入，所以市场没有自然支撑，底部完全取决于最后一个多头什么时候认输。

这就是2024~2025年的Meme，alpha的山寨币市场 - 不是说alpha的机制不好，而是红利期已过了，以前的套路都不好使了

这么说吧：汇旺都倒了，陈志都被抓了，cz都出狱出书了，而alpha的机制还是这样 - 你们上了alpha之后，交易大赛之后，然后呢？说好的只要有对手方，就有流动性 呢？结果就只有羊毛党

当年花了大价钱上alpha，说好的流动性？说好的perp？ alpha项目方们，你们真的就愿意这么躺平吗？碌碌无为吗？

现在 @youcanshortit 就有这个机会 - 只要你上了交易所的alpha（不关是binance还是okx），只要你还不认命，还不想躺平 - 欢迎pm我 或@youcanshortit 

我自讨腰包100万美金的奖池跟你（们）一起把“做空权”归还市场

binance和okx不理你的，我来～

名额不多哈 等你"
2030476899693318345,Sun Mar 08 02:53:11 +0000 2026,mm_liquidity,47,5553,0.297,否,"做个付费意愿调查

继《合约算法镰刀》系列之后，我这里打算做个《预测算法锤子》系列，大概是10篇，涵盖理论知识、mm算法、定价策略、数值模拟、案例分析等

我前段时间被市场和社团大佬们狠教育了一番：免费的东西不被人珍惜；要设置代价和门槛才能最大化影响力

但是我又不用从这里赚钱（当然可以是更好的🤣）主要可以保持流量和热度就行，所以看下有什么比较好的方式来做

我原来是想找个平台合作，首发发在上面，然后做题，然后做完的可以退钱，没做完的就不退钱，但好像难度太高了；付费上课的话感觉也没必要- 我们跟我的agent对话就好了；付费订阅感觉也不太对（我的twitter就是故意设置成顶格239u）因为没有反馈机制

大家给点建议"
2005992470824575343,Tue Dec 30 13:20:49 +0000 2025,mm_liquidity,53,19039,0.297,否,"应该是中文CT为数不多把汇总Pre-tge套路写成段子的文章了吧 🤣😂 

看到的都是赚到的，因为我用自己的真金白影帮你走过了这斑驳的2025

有人把这篇文章当成避坑指南，也有research当成是机制设计的要点 etc

自嘲之余，更深层次的问题是：
“他们本意也不是想使坏，而是他们只能使坏。“

大家都是来赚钱的，但项目方：
前有流动性不足；
后有交易所要空投、保证金；
中间是vc、大户、kol要赚钱

你说换做是你，你会怎么选？"
1972150905555636711,Sun Sep 28 04:06:31 +0000 2025,trader_mindset_essays,36,8411,0.297,否,"当我们在说perpdex要爆的时候说的是什么？

1. 是perp dex因为内部机制造成LP大规模损失？ 穿仓？用户损失？

2. 还是token 价格瞬间腰斩？（因为各式各样的原因）

从因果关系来看，1大概率会造成2；但是不是造成2的唯一的原因（各式各样的原因）- 我这里就不讨论token price的impact（不看多空）

以 @Aster_DEX 的合约交易类型来看，又可以分为 perp （pro）和 1001x （简单）

这两个模式出大问题的情况和导火索都不太一样，那问题来了，请问出问题前会有什么征兆？在目前高频刷量的市场环境下，会有什么问题？该如何避免？

还请大家关注明晚的长文 - aster的前世今生和未来 😂"
1905639816840319140,Fri Mar 28 15:15:12 +0000 2025,derivatives_options,29,9726,0.297,否,"系香港Web 3 Festival 玩到攰？過嚟食熱辣辣嘅雞煲啦咁！

感谢 @PundiAI 和 @zetachain @ZetaChain_CH  老板们的赞助，4月8日晚9点-2点组了一个鸡煲宵夜局，是一个private event，来的都是各个领域的大佬OG和家人们，有媒体/kol/项目/交易所/工具/vc等等... 好久不见，大家聚聚

说到为什么这次的主题这么接地气 - 吃鸡煲；两个原因：1，因为我们把钱都用到刀刃上（人均预算高到发指），没有明星/排场/噱头/dj，就是为了让大家在忙了一整天后，能够吃上一口热乎饭；
2. 当晚只有八卦，没有工作；只有人情，没有事故；只有初心，没有算计

吃完。喝完。聊完。我们再出发

因为场地有限，能邀请的人数有限，实在是抱歉。
我只能在这个推下抽取5位踊跃互动的朋友一起来“吃鸡”

麻烦大家帮忙转发、传播出去（帮我完成我的kpi）🙏🙏🙏
#香港Web3嘉年华 #Web3Festival"
2068251122926772610,Sat Jun 20 08:34:28 +0000 2026,derivatives_options,32,8691,0.291,否,"如果你在妖币上踩过坑，那这篇文可以让你知道你到底踩的是什么坑？

当我们在说别碰妖币的时候，我们到底说的是什么？

除了大家熟知的现货控筹，合约数据盘之外，其实还有一个很重要，当时基本没有人讨论的事情：底层的算法和参数

同样的杠杆、同样的波动，玩妖币的仓位总是爆得更快、更早、更惨

这篇文应该是CT唯一跟你说合约清算底层的文章

希望看完之后，能稍微超度一下你逝去的仓位 😄"
1980482009089892684,Tue Oct 21 03:51:21 +0000 2025,derivatives_options,79,19508,0.291,否,"各位，认真的，假设你不知道什么是仓位的

1. 维持保证金
2. 强平价格
3. 破产价格

还不设止损的

那你来做合约交易，就是来送人头，妥妥的
你没被爆仓就是纯运气好

强平价格的触发总在破产价格之前。
强平条件触发后，用户的头寸被清算引擎接管，并以“破产价格”进行内部结算。"
2102381791504155005,Tue Sep 22 12:57:34 +0000 2026,macro_first_principles,10,9797,0.29,否,"我还以为我看错了，100m fdv的机器人项目募资？！确实有点不可思议的便宜。。

这个是放在现在，要是放在牛市，根本就是天方夜谭。。100m fdv啊。。 

不过tge的时候给10%解锁，换句话说就是1b 的fdv开盘才能回本，1b按现在的事情行情看起来真的有点难 

所以关键点就在于正式tge的时间点 - 要是能碰上牛初爆发，加上现在市场上没什么好标的，加上一点机制创新（比如19年的IEO），加上一些rwa元素，应该就很好玩了

anyway 这是一个真·看天时吃饭的局"
2099065188872053116,Sun Sep 13 09:18:34 +0000 2026,trader_mindset_essays,30,5877,0.29,否,"这是一封写给那看得起我的商务朋友们的推文

你们来找我的时候，拜托务必要分清楚我的受众都是些什么人

严格说来，我是做科普的，而且是还是最晦涩的公式/算法类的交易类科普，是那种讲原理，讲机制，讲逻辑推演+数据分析的联动…. 

能跟着我的内容一路走下来，都需要计算分析实践- 这群人的用户画像是：
理性严谨，数据导向，善于思考解构，从结果抽象出背后的原理，能从不同的视角观察事物并接受新事物变化等等

简而言之，这tm都是一群人精啊

你指望这群人去买你新发的山寨币？ meme？你们在想啥呢？🤣🤣

come on，他们看到这种广告- 第一个问题就是，赚的钱从哪里来？自己参与的优势是啥？这么好的机会能留给我？

这可是一群独立思考能力极强的群体啊….  想啥呢？ 

所以拜托你们找过来之前麻烦先想一下，好伐？"
2005288937749987639,Sun Dec 28 14:45:13 +0000 2025,mm_liquidity,37,36336,0.29,否,"如果没有大所，即bn或cb+upbit要list现货的话，这盘棋就要重新评估了

因为目前刷分的系统非常依赖于自家平台币的价格 - 越高才能捕获更多的价值（有人刷，mm和套利才有机会，才能吸引外部策略）参考aster

要想靠自己场内的流动性打造下一个perp dex的hype在这个版本实施有点强市场所难，毕竟HL的打法跟lighter是不同的，前者是先流动性聚合后交易，之后在赚钱；后者是先交易，后赚钱，才是流动性

两者从机制上激励市场的点是不同的，
$hype 的价格波动对流动性和交易量不起到决定性影响（但hlp亏钱就是大事）但 $aster $lit 的价格一跌，交易量直接萎靡

但是强如bn cb listing，cz喊单都没把这个模式喊成持久的光，lighter现在把主要的车头得罪了，只能寄望自身的控筹操盘能力了

如果要我说的话，这次的 $lit 有点 老灯 $pump 的感觉 ，觉得自己能秒，做好孤身走暗巷的准备，也想象好自己不跪的模样

所以大概率会走出一条跟大家期望不一样的道路，冲高回落再冲高….

或许，只能在祭出buyback+burn 后才对峙过绝望

我虽然不太看看好这个激励模式和 $lit 在这市场的表现，但是都是陈年项目方，都到了这一刻

只能吼一句：

战吗 战啊 以最卑微的梦
致那黑夜中的呜咽与怒吼"
2059516014367572228,Wed May 27 06:04:16 +0000 2026,trader_mindset_essays,26,5519,0.29,否,"如果你没有idea 未来会怎么样？

除了自己瞎想，还有另一个路径 ：跟随看得最远的人 （aka 会跟）

逻辑很简单：真正改变世界的人，有能力改变世界的人，往往比大多数人有更多的信息优势，也比大多数人早 5-10 年看到趋势。他们的言论和行动会暴露他们的世界观。跟着他们的钱，等于继承他们的判断。

但 99% 的人在这一步搞错了——你跟随的不是他们的言论，而是他们的钱。
让我重复一遍，因为它很重要：

说话很便宜。但Capex 很贵。

Elon Musk 说了八年""明年 FSD L5""——这是嘴炮。 SpaceX 花 $5.6B 买燃气轮机——这是 capex。

capex 不撒谎。一个人愿意把 50 亿美金押在某个方向，他对这个方向的真实信念，比任何采访、演讲、推特都强 10 倍。"
2044663393777582398,Thu Apr 16 06:25:15 +0000 2026,trader_mindset_essays,27,12769,0.29,否,"有时不知道是binance造时势，还是时势造binance？

大家可以从图表的数据看到，每次当Binance上了什么产品（aka 机制创新）btc的价格都会上行（交易量也屡次新高）

那这个机制是什么呢？ 无疑就是用各种方式将越多的资产能博弈（可买可卖）起来

从perp/ieo/alpha/altcoin perp - 每次都能精准踩中“风口” - 吃到整段红利

当然你也可以说是币安的体量大，一上来就能引领市场节奏；也有人说是币安敢为天下后的策略，看准了才下注 -都是市场需求明确的情况下进来

还有人说这就是老天爷赏饭吃？ 🤣 

你是怎么看的？
@cz_binance @heyibinance"
2067342994118726074,Wed Jun 17 20:25:53 +0000 2026,trader_mindset_essays,20,9307,0.29,否,"其实没多少人知道这个是自损800才获益801的事情 - 说白了，都是架在火上烤的囚徒困境（当然作为小散户，我很开心看到）

做过开发的都知道0-80其实是很快的，但80往上每增加1分所付出的成本都是数量级的提升（尤其是客服体系，当年搞死劳资了）

在我还很年轻的时候，有幸被一家超大的日本公司相中去做xx总的助理，当时除了包机酒去面试，还给零花钱（对，你没看错，简直了….）我印象很深刻，当时候我没带皮鞋，接待方带着我去现买.. 去日本买过皮鞋的都知道，服务员是跪着帮你试鞋的，哇塞，我哪里看过这个阵仗….那一个服务简直了… 更夸张的是什么你知道吗？ 店里没有我的尺码…

服务员还跟我鞠躬道歉🙇，我勒个去

我在那一刻就知道劳资不能去日本上班，坚决不能，我就是一个懒人，还粗心，看心情；三点找我，我八点能回你就不错了，服务到这个程度？没门

但你想想为什么能服务到这个份上？除了是因为环境文化，就是因为单价/margin高啊，你要这个服务的前提是别人能从你这里赚到这个数

而不巧的是，作为宇宙所，这个“数”的标准异常的高（因为分母大），说到这里你以为我要帮bn说话，客户/客服体系不完善找原因？ No No No

我是要帮这些在提供服务的员工/经理说句话 - 

我亲眼看到跟我一起爬土坡的bn员工，一边爬山一边回信息/打电话，那个梯阶差不多20度，你自己想象一下，那个是用生命来工作啊，而且因为分母大，标准也高，大概率不会有什么收益

反正这个强度和benefit对比起来，我肯定是做不到的，还是好好躺平吧

一姐说的5分钟就是这一群人燃烧自己来换来的

我相信okx bitget bybit都是类似的情况…

而你知道吗？这些人很可能都不为大家伙儿知道

不是站在光里的才叫英雄

一姐要是不给他们加鸡腿🍗，等我不躺平的时候我都想挖人了啊…"
2033387085433049413,Mon Mar 16 03:37:14 +0000 2026,macro_first_principles,55,18705,0.29,否,"市盈率（P/E）本质上是市场对公司未来现金流的折现。

当市场（sk持有20%； 80% 的外资和散户）意识到，SK海力士无论赚多少钱，其实际控制权和资金调配权都死死捏在一个经济利益不完全绑定的家族手里，且这些利润很难以分红或回购的形式地回到自己口袋时，他们自然只愿意出一个“折扣价”。

海力士成为了老崔家的钱袋子

这就是为什么即使在内存供不应求、利润暴涨的周期里，华尔街依然只愿意给海力士不到 10 倍的 PE。"
2023970730967539853,Wed Feb 18 04:00:00 +0000 2026,macro_first_principles,48,20262,0.29,否,"我说一个冷观察哈

稳定币的爆发临界点大概在120-150亿，到了这个数字，增长就会进入快车道（只要不作死），所以usd1在冲刺，要一鼓作气，哪知道这波操作没打好，有几个细节没把握好，现在有点尴尬了

稳定币生意是属于前期投入巨大，后期marginal cost近乎忽略不计的生意

合规/牌照/安全都是固定成本，只有达到一定量级之后才能cover成本，当你有多余的余粮就能去做更多营销/渠道活动去扩大规模

wlfi为什么这么着急？因为他们知道美国要大规模降息了

美债降息=稳定币收益率下来，假设这个时候规模还没上去，连固定支出都cover不了，那就不用玩了

usdc为啥都不发力？因为他知道降息周期一来，你们这些“新晋”稳定币都受不了

至于什么支付/AI agent叙事嘛，我觉得现在看看就好 - AI要的是token ，稳定币只是token的媒介之一"
2088115878026182740,Fri Aug 14 04:09:55 +0000 2026,trader_mindset_essays,8,7224,0.29,否,"说一个冷知识：除了A100之外，现在新建的数据中心（不管是国内还是东南亚）还有的还在用5090的（对，你没看错，就是那个打游戏的显卡…）

你说不是有大陆自产的卡吗？ 怎么不用？因为不划算啊… 

其实GPU也有自己的“良品率”问题，不是性能差不多就能跑的，也要适配，不同开源模型的调参是不同的，也要调整

Nvidia厉害的地方不只是硬件，而是整个生态搭建- 有问题的话，你可能都不用打电话，直接在网上搜就可以了

财务意义上的折旧与现实的折旧是不同的… 一个是IFRS/GAAP的规定，一个是产能

为什么有云算力的这么厉害 - $AMZN  $MSFT $GOOG ，因为等到“财务折旧”完了之后，还能继续产生现金流（因为供应不足），而这剩下的边际成本就很少了"
2053523329009496479,Sun May 10 17:11:28 +0000 2026,derivatives_options,26,12237,0.289,否,"看不懂为什么 $spacex pre stock 各大平台差价这么大？

omg 撮合不重要？！有没有可能只是没人提而已

如果你把cex看成是赌场，那么现货/合约/期权/预测就是游戏项目，百家乐/转盘/blackjack 

那么撮合引擎就是那个发牌规则（包括发牌顺序/切牌/能不能拆牌/加注等等）

你自己判断重不重要吧？🤣

看懂了这个，你再接着看 $spacex 的定价规则就会清晰很多"
2098364569559441546,Fri Sep 11 10:54:33 +0000 2026,trader_mindset_essays,19,11340,0.287,否,"如果你对这篇《stock perps将成为小盘股的主力战场》文章感兴趣的

第二部曲上新啦！
上次说的是资金流向，这一次说的是机制

为什么合约的机制能让小盘股获得更多博弈空间？

substack：
https://t.co/cecmR1wjDH https://t.co/ZLm3GvEu7F"
1998030475886317808,Mon Dec 08 14:02:41 +0000 2025,mm_liquidity,146,35778,0.287,否,"不是，你们倒是先看完，再点赞啊

这篇长文差不多8000字，认真读完怎么样也20要分钟啊。。。

看的时候，如果你觉得 - 诶，为什么感觉有点不太通顺？ 结构有点不对？

嗯，你的感觉是对的～ 

我原文是1.3万+，因为举了更多的项目，mm和交易所在其中扮演的角色，但是考虑到怕被公关，我就删减了，所以大家看的时候可能会有点感觉哪里少了什么？"
2073278154672833003,Sat Jul 04 05:30:06 +0000 2026,trader_mindset_essays,11,8425,0.28,否,"有小伙伴问我，我怎么比那些x上的韩国trader对近期kospi的震荡更有感觉呢？

怎么说呢？ 我可能不懂半导体，不懂韩国股市，不懂存储，不懂光模块，不懂政策….. 

但是我会去看韩国证券市场的模式和机制，会去理解数据背后的逻辑

机制之上，人性之下，皆有利于你我
短期有博弈，长期有趋势"
2092625986026393816,Wed Aug 26 14:51:28 +0000 2026,mm_liquidity,15,4519,0.274,否,"哈哈哈 有小伙伴说，太干涩了太硬核了，幸好是在substack上，x的话肯定没有流量。。

明天整理个简版出来给大家开开眼，也是时候更新一下合约算法镰刀系列了 - 这个系列调研了7家交易所，但是这篇文先写了两交易所 @binance 和 @bitget 我还在想明天发哪家交易所的休市oracle算法比较好？

为什么不能两篇一起发？你相信我 - 一篇篇来比较好，多了你会噎着

是时候给这两家交易所带来点舆情了～ 🤣🤣 

看完之后，你们就会知道 @bitget 的周末流动性可以这么好不是没有原因的 - 它们是真舍得花钱"
1938097030951538925,Thu Jun 26 04:48:34 +0000 2025,trader_mindset_essays,10,1454,0.274,否,"看起来大家对合约的算法很感兴趣啊，没想到这么硬核干涩，大家热情高涨

果然关注我的粉丝都不是一般人，绝对是币圈top 5%的存在 😂

承接这篇关于 @binance 和 @okx 的合约算法，下一篇要写的就是最近炙手可热的 @HyperliquidX ！ （是不是没想到！！都以为我会写cex吧）

我当时写的时候都过了一下各大交易所的算法，坦白说都有点生搬硬套，但是hyper的优化是最简洁有效的，不能说自成一派，但也算是另辟蹊径吧 （ $hyper 真没给我广子）

我用我有限的中文只能憋出这句：简约而不简单
算法之美，宛如溪流，可汇入长江入大海，也可滋养一方水土润无声

至于到底“美”在何处？请大家期待一下

可能是今晚，或者明天中午
感兴趣的小伙伴们，开启小铃铛吧"
1904745627638259887,Wed Mar 26 04:02:00 +0000 2025,mm_liquidity,4,796,0.274,否,"大家真的很喜欢这吃web3port的瓜啊

我自己猜测web3port大概率不会自己下场替项目方mm，而是其关联团队做的，毕竟他是加速器，犯不着

既然是不同团队（kyb/kyc都是不同的）做市，那交易所是怎么找到共通处的呢？ —— 资金来源和IP地址

市场谣传和公开媒体的猜测
1. 除了自有资金外，传闻（华人系）中东资金也参与其中(说到这个，有兴趣的小伙伴可以去看下 Klickl和Royal Prestige Group)
2.  东南亚系的资金 （马来西亚&泰国）- 至于为什么是这两个地方而不是新加坡...... 
3.ip地址就更容易了，机器都在一个机房内"
2089879424305086644,Wed Aug 19 00:57:37 +0000 2026,trader_mindset_essays,0,0,0.272,否,"细心的小伙伴肯定会留意到，刚才发的文章怎么不见了？ 😂 经小伙伴提醒，还是先发在substack试试水温好了。。 这里面有比较多的辛酸苦辣，和太多操纵、攒局的内幕，容易引起交易所/VC/项目方的不满和公关

这篇文算是一篇历史照进现实的文，从晚清官员杜风治的日记来看当时候晚清的举人是怎么一步步当上县官，怎么一步步敛财，怎么一步步走上自己讨厌的样子。。。

你们知道吗？县官一上任为什么一定要敛财吗？因为这些举人在成为“官”之前都需要大举借债的，从首都到驻地需要钱；打点各路官员要钱；找师爷帮手要钱；找上级汇报要钱。。。连个看门递帖的都要钱

一个举人上哪儿找这么多钱？所以只能借，还因为没有抵押物，只能借高利贷 - 这个高利贷是多高呢？ 
大家听过砍头息吧，就是你借1000，就只给你900；在杜风治这里是对半息，借2000，只给你1000，就是这么狂

欠这么多钱，你说你到任了，不狠狠地搞钱，这可能吗？！

这跟很多币圈web3明星项目一样，你以为披露的数千万美金是真金白影？别傻了？他们也同样背负着这些“外债” ——你说好不容易熬到项目上线Binance，Upbit ，Coinbase，OK。。。如果是你，你会怎么做？

是历史故事，也是行业缩影，更是多少人的血泪，且看且珍惜吧

agintender.substack.com/p/90?r=8gs9xi&…"
2082661027247001765,Thu Jul 30 02:54:17 +0000 2026,mm_liquidity,6,3627,0.272,否,"这篇文是一个粉丝留言说，想讨论一下韩国市场的“赌性坚强”（我忘了具体是谁了，有自己来认领的嘛？😂）

在币圈的都知道kimchi premium，就是韩国市场的btc相较于其他市场有个溢价，你们知道这是为啥吗？ 😂  其实这个真不是什么赌性或者外汇管制

这是因为韩国用户习惯（市价单）+ 不允许机构（做市商）进入 + 高中间费用（账户租赁+手续） ，有兴趣的可以单独讲讲

那是什么导致到这种全民杠杆的局面：就我自己的观察，是压抑的社会晋升结构 + 国家成长路径的底色（都是大幅杠杆） + 官方有意塑造的“国民英雄”示范效应

写完这篇文，我突然想起若干年前一个大哥（犯过事出来）跟我说的：

作我们这行的，如果不是被社会毒打过，谁愿意走这条路…

当你处处碰壁，连找个配送员的工作都找不了；当你干了跟别人一样的活儿，结果工资只有别人的1/3… 你怎么办？

感谢还有web3"
2087373744922865878,Wed Aug 12 03:00:56 +0000 2026,derivatives_options,13,4506,0.272,否,"今天被 @bc1qDave 把旧文翻出来了 😂

说几个之前没提到的事：

1. 为什么文章标题叫“永续十年，幕还未谢” 

那时候刚好听到Bitmex被收购的事情受阻，撑不下去的消息 - 觉得有点唏嘘

7月就出来这个消息

2.为什么封面是袁泉的回眸图？

建议你去看《大上海》，你就只能体会这个心情了

当年的恋人分隔，再见只能是路人 - 就跟当年一眼见到合约陷进去的自己一样

这篇文从流量上来说确实有点可惜 - 可以说是系统性对永续合约十年的周期变化的体系化总结，对于接下来的股票合约有很多借鉴意义（我的很多策略都是在这个基础上形成的）

只可惜因为x的算法，内容质量和市场原因没办法出圈

今天看回来，什么出不出圈，能够收获两三知音，足矣"
1972653316770542053,Mon Sep 29 13:22:55 +0000 2025,mm_liquidity,14,4793,0.272,否,"强如特朗普的总统效应也只能维持n周…

在刷量带来的虚假繁荣褪去后，Aster必须向市场证明，它能够凭借真正的产品价值留住用户，并有效管理其内在的系统性风险和信任赤字。能否成功从一个依赖激励的生态系统，转变为一个由真实收入和有机需求驱动的平台，将是决定其最终成败的关键。

Aster的未来轨迹取决于它能否在其“未来债务”到期之前，将人为制造的势头转化为可持续的有机增长。不过作为Binance生态的衍生一环，Aster的好多后招还没打开，比如能从机制上绑定（Aster chain）做市商，或者成为Binance futures的alpha前哨站等等将会非常有意思。

发展中没有完美的解决方案，只有学着与问题共存的勇气和坚韧

人性之下，利益之上，才是机制。"
1964528664575693123,Sun Sep 07 03:18:27 +0000 2025,derivatives_options,13,3742,0.266,否,"对于大部分人有限的操作水平来说，大资金量的套保就不是用“永续合约”能完成的

你不被干就不错了，还要“保”？！

下次试试看期权/iou吧
（有期权交易所要来发广告的吗 😂）"
2102640568589545837,Wed Sep 23 06:05:51 +0000 2026,macro_first_principles,28,3366,0.265,否,"有小伙伴问我，做内容写substack能给读者赚钱吗？

不，或者说很难，写机制讲原理是不直接赚钱（或者说让你少亏钱）

一般都是说观点，看好这个，不看好这个，买这个，卖那个… 这个的流量和效果就很明显

然后越短线的操作，效果和流量越好 - 立竿见影啊～

但为啥我还是愿意写原理和机制呢？除了是因为我的水平不够之外，就是观点会随着主客观的条件变化而快速变化，但机制和原理不会

观点不一定能穿越周期，但机制可以

了解机制和原理不能马上爆发（偶尔也可以啦～） 但这个会慢慢累积优势 - 慢慢变富

知其然且知其所以然"
2039954863602454743,Fri Apr 03 06:35:14 +0000 2026,macro_first_principles,14,4328,0.265,否,"为什么AI必须取代人类？

现在的叙事的标准都看具体的：含“焦”量，以及痛感转化

就是具体对谁（那些群体）产生了多少焦虑，影响群体加起来的净值越高（单位x精制），造成的焦虑感越大（依此递增：出现-协助-平替-取代-毁灭）甚至都能造成“痛感”，尤其是对标/取代的目标价值越高，那么这个叙事的估值就越高

比如16/17年那会儿说区块链要取代银行、货币体系：我去，银行怎么说也要几万亿吧，要取代这个。。这个故事很厉害啊，但是一看这故事基本没打动华尔街，为啥？因为那会儿银行压根不感觉到焦虑。。。

诸如此类的还有什么以太坊杀手，visa杀手，binance杀手等等 - 为什么影响不大，因为ethereum和visa压根就不care，你的焦虑感没办法转成痛感

AI为什么能给市场带来焦虑，估值完全是几何倍增长？你说我们现在的生活没有AI能不能活的好好的，其实也没问题啊 - 但是如果说AI的叙事只是辅助人类，人们就觉得其实也不是那么迫在眉睫，也不是这么可怕，因为人还是主角

但是现在换成了“取代你”，这个打击面就是全人类，而且厂商很聪明，最先影响的是高净值人群（医生/律师/工程师/程序猿等） - 而且现在还在以前所的速度给这些群体造成直接、现实的“痛感” （“焦虑感”像痛感转化）

你吃痛后，你就会疯了一样疯狂追赶，而领先的人看到后面的疯狗，也会疯了一样往前冲（为什么大模型和nvidia这么爽）

其实换个角度，现在换成了AI研究新药、AI研究新仪器、研究基础物理理论行不行？其实也可以的，但偏偏先干的就是这些世俗眼中的“高薪职业”-

因为这个故事的“焦虑感”就不足，因为替代的群体不多、影响的人不多、净值不够高（虽然从人类发展的角度更好，你想想要是有治疗阿兹海默的药出来）

技术本无方向，但是商业有"
2059631626976657587,Wed May 27 13:43:40 +0000 2026,trader_mindset_essays,10,3068,0.265,否,"为啥hbm内存的股票涨得这么疯狂？！

逻辑是：
nvidia的芯片需求供不应求 -> 芯片的内存供不应求 -> 短期内找不到替代供应商，换句话说nvidia能卖多少芯片，取决于供应商给不给力

从下图可以看出，hbm内存占了芯片cogs的大头，而且都可替代性差（这点也可看出台积电tsmc的统治力和克制） - 市场price in nvidia的芯片溢价的同时也price in内存的需求和溢价

事实上也是如此，你去看hynix的profit margin，达到了惊人88%（一年前的profit margin只有31%）

然后有意思的是，从绝对供应量来看sk hynix占的大头，但是在高端芯片，hynix与micron的份额差不了太多

至于为什么sk hynix的forward pe比micron低了一个档次，下个帖文接着聊"
2058400266718691607,Sun May 24 04:10:41 +0000 2026,macro_first_principles,18,3340,0.265,否,"当ct在说离开币圈去美股的时候，我们是站在什么角度说这句话的？

其实就是二级交易 - 交易嘛，就要去流动性足，博弈足和注意力多的地方；如果你是在build/做东西的话，其实真的还好，别这么焦虑

你都知道币圈有周期了，难道美股就没有周期？AI就没有周期？

你认真一想，真的是币圈不行啦？美股又行啦？圈子完了？其实并不是的，美股一直都很可以的，币圈的体量一直都很小，隔壁的池子的鱼一直是多的

只是我们在一个地方待久了，就产生了围城的感觉

只不过这次可能不一样了，ct们不再只是看alpha的机会，还会看这个alpha和策略的天花板在哪里

你要知道你吃到的alpha还是beta - 如果你是现在看着各位博主的信息进入美股，你大概率吃到的beta（因为整体水位一直上升）；但如果你专注在自己的领域才有可能吃到属于自己的alpha"
2068560935158161435,Sun Jun 21 05:05:33 +0000 2026,trader_mindset_essays,19,3937,0.265,否,"又到了榴莲季节，今年的猫山王榴莲大丰收（尤其是文东高山区）

各位路过路过新加坡和马来西亚的，欢迎品尝，价格应该是covid之后最便宜的（指的是猫山王，其他的品种基本没什么变化）

为什么会这样呢？因为猫山王产量过剩
事情要说回到covid之后，猫山王榴莲获准出口到中国大陆，所以好多人在covid之后看到这个商机，扎堆嫁接猫山王种（新树猫山王），而今年呢？ 刚好到了成熟期，万树齐开

所以造就了只有猫山王榴莲价格下降的奇景

这个时候吃老树猫山王就很爽了，因为整体价格下来了，连带老树价格也下来了

此情此景- 就要吃点好的

怎么看老树呢？
刺相对来说没这么扎手
果柄比较粗，有点沙沙感
plus 果肉有点“黑青色”的 -恭喜你
口感苦甜绵密（拉丝的基本就呵呵呵了）
有点类似吃冰淇淋的感觉
最后：产地请认准彭亨劳勿 Pahang Raub （20年以上）

风险提示
吃老树猫山王有一个后遗症：
就是吃了老树以后，你就回不去了🤣"
2038563869854192124,Mon Mar 30 10:27:55 +0000 2026,trader_mindset_essays,8,4825,0.265,否,"这篇文的调研指标：
交易量/资产（核心资产POR)

逻辑说出来也很直观：
在同一个领域/赛道，交易相似的交易标的，受众相似的情况下，大家的（沉淀）资金使用效率按理说应该都差不多的 （除非有什么活动、长尾资产、激励等）

至于benchmark，我特意选了个非cex的标的做参照物 -Hyperliquid

但是这个算法有个问题就是对于“长尾资产”较多的 @MEXC_Official  @htx 就显得有些“吃亏”了 （但是这两家的核心资产都非常的多）

特意写这出来是要告诉大家，不同的指标（角度）看同一个问题将会得出不同的结论

本文仅仅是从一个视角管中窥豹而已

当你对行业数据觉得失望之时，不妨试试 https://t.co/HJByC2ahKH 不看好，可以卖空"
1907739011994865764,Thu Apr 03 10:16:39 +0000 2025,trader_mindset_essays,16,4172,0.265,否,"先说背景：

1.19/20年那会儿的稳定币方兴未艾，监管部门面对这种新兴产业和事务只觉得很有前景很有搞头，但具体咋做也是一头雾水，所以一直没有什么比较好的政策和规范，所以监管部门想了一下，要不我们采用“信托”的方式？ 因为信托的资产托管方，运营方和实际收益人（可以）分开的，资产是放在资产托管机构的。（划重点）

2.当时各大佬（现在差不多也是这样）都用的是family office和信托（trust）的架构 （vcc是后话了）来托管自己的资产，除了是他们当时候没有多少人在境外有合法身份，且是因为信托是一个黑盒子，只要能过kyc，资金来源的标准可以放的比较宽泛。

3.19/20年还出了一个特别神奇的规则，叫做travel rules（这个在传统银行是很普遍的），就是把转账方（比如cex/银行）将该转账人的信息告诉接收方（下家），据说是为了反洗钱（但是有没有用就见仁见智了）

4.银行间的大额转账是会被限制和质询的，会查到ubo

5.（划重点）为了规避3和4，所以在转账的时候一般都会遵循“同名”转账原则，就是说把钱从甲银行转到乙银行的时候转账方和接收方的账户名必须是一样的（或者近似的名字，1mdb的case就有类似的操作）

接下来就来到了听我编环节，剧情纯属虚构，如有雷同，纯属巧合

话说在一个月黑风高的夜晚，某大佬想把自己的钱从币圈转移出去，但是因为在境外没有合法身份且没办法证明资金来源，所以不得已在中东地区，把钱转到了他设立但是由他人管理的信托机构（有人说是迪拜/巴林，这个按下不表），根据当地法律，信托机构的主理人必须是本地人，所以理所应当的该机构的受益人和出资方虽然是大佬，但是操作方另有其人。

有博主爆料这个信托局说是trxxx和arxx设的（这个我就不得而知了），而该信托的资产托方是fdt；换句话，该大佬的钱虽然名义上是跟trxxx签署的，但资产其实是托管在fdt名下，而fdt恰恰也是个信托（trust）架构，也发行稳定币

该大佬说该信托机构的大佬“挪用了”近4.6亿美金，首先第一个问题，信托是否可以把钱划走？答案是肯定的，信托架构是一个“黑盒”，只要资金和转账经过kyc/edd/aml/cft，反洗钱审核员通过，这笔钱是可以被划拨走的。其次，这么大一笔钱凭空消失，可能吗？因为信托还需要出具月度财务审计，而且托管的银行不管吗？ 对了，因为是“同名转账”，可以把钱返回给原来的资金来源方，或者相同名字的银行账户

当然这么大额的外汇转账，需要好多环节的配合，这个事情上面就不是几个公司之间的配合（按大佬的说法是勾结）的问题，牵涉面可能更广（这个就不能再接着说了，所以大佬只能把事情闹大）。首先从法律架构上，外部很难追究责任；其次，资金流向上也很难证明金钱的合法性和归属性。盲猜几位人士就是利用大佬身份的尴尬和资金链条的漏洞，以为不会有太大的反应

当然还有一种可能就是，贼喊捉贼，这个我等凡夫俗子就只能静待吃瓜了

以上全是猜测，没有一点真话，大家笑笑就好

-记一个因为稳定币托管账户引发的黑吃黑
#tusd #fdusd"
2090453126025531638,Thu Aug 20 14:57:18 +0000 2026,macro_first_principles,48,16114,0.257,否,"作为一个老韭菜，我说一个我的亲身经历+观察：

国家一把手喊crypto asset这个事情并不是第一例。。

其实早在2019年10月，中国的国家领导人也说过类似的话（不过指的是区块链技术，而且当时的 $btc 是7400+）

当然你可以说这么多年过去了，etf也有了，基建也有了，交易所也接上股票了 etc - 这次不一样

但我的观察是：
凭什么熊市是各种软磨硬泡、山峦崎岖泥泞不堪。。甚至都一片死寂；
而牛市是平地一声雷，一马平川，一步到位。。
就这个有点反常识的

你可以说现在机构都在进入，国家也在加仓等等，但一步登天，一幕翻牛？是不是好有点太草率了

我说这么多是想说力量正在积蓄，别被特朗普一嗓子就all in
有计划的按照计划执行，没计划的也该开始计划了

在星辰大海面前，你今天投入10还是5的区别不大，重要的是你能一直拿着"
2100951047749632276,Fri Sep 18 14:12:18 +0000 2026,mm_liquidity,40,24945,0.257,否,"这几天给大家带来一个比较炸裂的分析  - order book的深度

大家都知道不管是 @OpenAI 还是 @AnthropicAI 都还没上市。。都没有现货对冲

那么到底是谁给 openai 和 anthrophic 的pre ipo stock perps 提供流动性？ 

这次说的事情除了有点硬核，还可能是交易所不愿提及的，为了怕被公关，所以就只会放在都在 substack 付费订阅里 ： https://substack.com/@agintender

大家都在说自家的流动性好？！是真的吗？好在哪儿？

那这次说一点binance不敢明着跟大家说的“流动性问题”

友情提示，跟binance research给出的信息，差的有点远 🤣🤣"
2095160045747216806,Wed Sep 02 14:40:55 +0000 2026,mm_liquidity,59,11753,0.257,否,"我这篇文是把bitget关于休市期间的stock perp的index/oracle/mark price公式重新拆了一遍。。 

你自己下去看过文档的都知道这是有非常费功夫的事，倒不是有多复杂，而是因为bitget的公式不是集中在一个wiki，而是tm散落在各个不同的地方，甚至还出现上下文/日期前后表述不统一的情况，我还要自己去验证。。。。

这篇文算是对 @bitget stock perp休市算法的详解，不发在x，除了是因为要先给substack的朋友们过过瘾之外，就是太硬核了，不太适合x上的流量 🤣

随便发几个片段/截图给大家瞅瞅，你就知道了有多难了。。一般人没有AI辅助，根本就是在看天书。。

对于普通人来说，其实意义不是很大，但是对于业者/量化/mm/产品/运营，甚至交易所/协议的高管来说，这篇文就很有价值了，别的不说，你至少知道周末的stock perp价格是怎么来的？
甚至进一步，你都能说出 @bitget 与 @binance 的算法的区别和影响。

我敢说，甚至连 @bitget 内部的员工都未必看过这么详细的说明拆解文档，你们有些人甚至可能都不知道是怎么一回事，这篇文收你们50u，实在是太便宜了。。。

传送门：https://t.co/WMAeeYWUh7 

ps：如果你刚好是写合规材料的小伙伴，自行修改文字和脚注，你stock perp的Trading & Market Operations Manual 就有了。。"
2064005568893952498,Mon Jun 08 15:24:09 +0000 2026,mm_liquidity,10,5912,0.257,否,"哈哈哈 我今天还在说世界杯这么大的IP，币圈怎么没有人来做点文章呢？结果就看到 https://t.co/n6PTW0Cinf 的新机制文章

如果翻看crypto的来时路，你会发现每次的市场升级（aka奇点）都是机制的升级带来的

最初eth募资靠社区自发，后来开始有tg，bitcointalk社区发空投激励，然后发币之前要看有多少partnership，再到后来的tvl，tx，hash甚至是points，airdrop的分发也从持币，到做任务，到agency；

ico之后有ieo，ido，token也从上spot，上perp的路径一样，前期是社区-现货流动性-到后来靠perp的机制带来流动性；

但我们要记得螺旋的内核并不是单纯的""加机制""，而是针对性在做同一件事：给流动性发一份在真实需求到来之前就肯进场的carry，同时把bootstrap的资金成本压低。

perp相对spot，加的是funding。资金费让做市和基差套利有人付钱进场，杠杆让你不用1:1锁本金就能造深度。carry是内生的——多空互付，自平衡。 

TVL是把carry换成代币排放，points是把carry换成预期（把成本递延）。 

但是meme？！well，纯meme本来没有carry，只有注意力反身性，所以脆，而且注意力消失之后嘎·嘣·脆

我看下来four可能要干的事就是给meme装了一个fee flywheel：成交费回购/再分配，持有和交易本身被付钱。bonding curve负责""低成本、无许可地起盘""那一半，费用飞轮负责carry那一半。利用纯注意力反身性升级成费用背书的反身性。

设计初衷是很好的，熊市还在想办法变花样争取注意力，不管是资本还是listing，但是在流动性不足的情况，（注意力也是流动性的一种），可能还需要更多的催化剂

有机会的话，可以写一篇长文好好探究"
1988226660173574573,Tue Nov 11 12:45:49 +0000 2025,mm_liquidity,38,25571,0.257,否,"首先 @monad 的founders都是精英中的精英 - 他们能不知道现在市场的流动性情况？！

他们能不清楚一开盘解锁接近50%的代币给市场传达的是什么信息？bn的listing没跟他们聊过？

难道他们没有wifi，不知道 BN/HL等交易所盘前交易的价格？ （现在大概是0.05u （ico价格是0.025u），有一倍的价差

难道他们不知道发给社区/项目方的空投，他们会拿来做啥？

这几个问题大概率不可能没考虑过吧？ 
那为啥还要公布50%的初始流通（20%不香吗？）？而且公布后pre market - ico 还有这么大的价差？这仿佛就是打到就是赚到 （赚100%哦） - 而且这个ico的持续周期这么长。。。

各位韭菜们，这个可是给你10%+ apy 的稳定币项目都能随时腰斩的年代啊。。。 

不拼速度，不走后门，不用关系，不持仓就能赚到（前提是你别瞎操作）

我希望我是错的，但是我还是觉得套保这个事情还是看看就好，看看就好"
2083417941882929276,Sat Aug 01 05:02:00 +0000 2026,derivatives_options,16,15301,0.257,否,"当我们一直在说samsung三星和sk海力士的2x杠杆etf产品破坏力惊人时，这到底是怎么回事？

今天有空了，给大家开开眼
我以7月31日的etf交易数据举个例子

1. etf交易与本股的交易
现在市场上总共有16只个股的杠杆产品：7只三星电子杠杆ETF、7只SK海力士杠杆ETF，以及各自一只反向2x产品

sk海力士相关的etf成交额是2.244万亿韩元，本股的成交额17.219万亿韩元；

samsung的etf成交额是0.788万亿韩元，本股的成交额14.767万亿韩元

2. 如果把2倍杠杆算进去，相当于多少本股交易？
最简单的算法是：
ETF交易额 x 2

sk海力士2.244*2 = 4.487，占了本股交易的26.1%
samsung 0.788*2 = 1.576，占了本股交易的10.7%

你看到这里是不是瑟瑟发抖了。。 好家伙，海力士26.1%的交易是etf构成的。。。（这也是一些分析师拿来放大吓唬大家的～）

但是这个数其实是 gross delta equivalent，不是实际发生的本股成交。

3. 现货穿透率
一般来说，投资者a把ETF卖给投资者b，做市商可以完全不碰本股；不同订单可以内部抵消；部分产品也使用单股期货、掉期或其他衍生品对冲

假设ETF的2倍名义成交中，我们保守一点假设只有25%最终转化为新增现货对冲：

sk海力士2.244*0.25 = 1.122，占了本股交易的6.5%
samsung 0.788*0.25 = 0.394，占了本股交易的2.7%

4. 更重要的是日终rebalance再平衡
2倍产品每天收盘前还要把杠杆重新调回2倍

假设开盘时基金净资产为 A，本股上涨 r：
正向2倍ETF理论上需要追加： 2Ar ；

反向2倍ETF在本股上涨后，也需要买回部分空头，理论金额为：6Ar

所以在暴涨日，正向2倍ETF和反向2倍ETF都可能成为买方。正向产品要增加多头，反向产品要回补空头。这是杠杆ETF可能产生顺周期效应的核心。

所以如果按照7月31日收盘后的ETF市值倒推，简化计算我们假设没有申购赎回、全部维持准确的±2倍杠杆：

sk海力士的rebalance买入2.604万亿韩元，占了本股交易的15.1%；
samsung的rebalance买入1.237万亿韩元，占了本股交易的8.4%

5. 现在问题来了：

你们觉得 15.1%和8.4%的2x etf产品交易量对本股意味着什么？

欲知后事如何，还请听下回分解～"
2083411790357229703,Sat Aug 01 04:37:33 +0000 2026,derivatives_options,30,13317,0.257,否,"当我们一直在说samsung三星和sk海力士的2x杠杆etf产品破坏力惊人时，这到底是怎么回事？

今天有空了，给大家开开眼
我以7月31日的etf交易数据举个例子

1. etf交易与本股的交易
现在市场上总共有16只个股的杠杆产品：7只三星电子杠杆ETF、7只SK海力士杠杆ETF，以及各自一只反向2x产品

sk海力士相关的etf成交额是2.244万亿韩元，本股的成交额17.219万亿韩元； 

samsung的etf成交额是0.788万亿韩元，本股的成交额14.767万亿韩元

2. 如果把2倍杠杆算进去，相当于多少本股交易？
最简单的算法是：
ETF交易额 x 2 

sk海力士2.244*2 = 4.487，占了本股交易的26.1%
samsung 0.788*2 = 1.576，占了本股交易的10.7%

你看到这里是不是瑟瑟发抖了。。 好家伙，海力士26.1%的交易是etf构成的。。。（这也是一些分析师拿来放大吓唬大家的～）

但是这个数其实是 gross delta equivalent，不是实际发生的本股成交。

3. 现货穿透率
一般来说，投资者a把ETF卖给投资者b，做市商可以完全不碰本股；不同订单可以内部抵消；部分产品也使用单股期货、掉期或其他衍生品对冲

假设ETF的2倍名义成交中，我们保守一点假设只有25%最终转化为新增现货对冲：

sk海力士2.244*0.25 = 1.122，占了本股交易的6.5%
samsung 0.788*0.25 = 0.394，占了本股交易的2.7%

4. 更重要的是日终rebalance再平衡
2倍产品每天收盘前还要把杠杆重新调回2倍

假设开盘时基金净资产为 A，本股上涨 r：
正向2倍ETF理论上需要追加： 2Ar ； 

反向2倍ETF在本股上涨后，也需要买回部分空头，理论金额为：6Ar 

所以在暴涨日，正向2倍ETF和反向2倍ETF都可能成为买方。正向产品要增加多头，反向产品要回补空头。这是杠杆ETF可能产生顺周期效应的核心。

所以如果按照7月31日收盘后的ETF市值倒推，简化计算我们假设没有申购赎回、全部维持准确的±2倍杠杆：

sk海力士的rebalance买入2.604万亿韩元，占了本股交易的15.1%；
samsung的rebalance买入1.237万亿韩元，占了本股交易的8.4%

5. 现在问题来了：

你们觉得 15.1%和8.4%的2x etf产品交易量对本股意味着什么？ 

欲知后事如何，还请听下回分解～  🤣 🤣🤣🤣

ps：其实推文是有点长了，有兴趣的可以关注我的substack  https://t.co/oWfm2IKoZs"
2089757942346367474,Tue Aug 18 16:54:53 +0000 2026,mm_liquidity,34,34425,0.257,否,"🤣 有小伙伴看到@bitget 在强推自己的tradfi流动性深度，问我真的是这样吗？ 

我就笑着说，其实真的看情况 - 价先还是深度优先（还有算法和mm的原因）

刚好我也在做类似的策略，我在想要不要搞一下这波浑水，搞个多家交易所的流动性深度测评，这个测试会分时间段//多个策略/滑点/spoofing/击穿/场景（有点谁浅，谁尴尬的既视感 😂）

我能做到什么程度，老粉可能都知道… 感兴趣的交易所pm我吧 

ps：先说这个测试要价很贵啊，因为成本真的很高

而且我不会告诉你账户信息，不会告诉你我什么时候交易，也不会提前给你看报告… 写完之后我会出个我的使用体验和注意事项

pps：你要是当成是一次pr，写一篇文，发一个推的心态就别来找我了 
你要是当成是一个红白方攻防的才来"
2088884735334666296,Sun Aug 16 07:05:05 +0000 2026,mm_liquidity,27,9894,0.257,否,"这篇文有好多有意思的事情了

你看下这张图表：
你可以看到（美股）在早上4点 premarket的时候，方向准确率是在64%；到了8点（距离开盘时间90分钟前）就是84%，误差在66bp

各位都知道polymarket吧？开盘前的预测在15分钟都没这么准，而且误差控制在100bp以内。。你知道这意味着什么吗？？ 

聪明的你会怎么做呢？以binance/币圈的价格为reference然后去其他交易所/券商xxx

我在文章里特别提了一句：流动性深度的前提是要能反映市场价值。。。
流动性/深度固然重要，但不是越深越厚越好"
2077420960127582273,Wed Jul 15 15:52:08 +0000 2026,derivatives_options,25,28636,0.257,否,"长话短说：国家队出手了
1. 更改了清算方式，不直接丢在市场了
2. 年金跟进购买了

但是7/15的现货主要买盘是外资（对，他们回来了）但是期货的卖盘也是外资（应该是也做了对冲）- 所以这群人不是真的买盘

7/14的券商的融券贷款额度也终于降到了4个月来的安全线，不过margin还有3.4万亿。。所以去杠杆的重任还没结束呢

此外预托金还没回到这个三个月的均值-散户都在观望

不过7/22还有海力士的财报可以博弈，所以明天应该又是拉锯战的一天，kospi大概率明天不会熔断了

大概率是高开后的宽幅震荡,冲高动能衰减"
2070350124354883879,Fri Jun 26 03:35:09 +0000 2026,derivatives_options,28,13685,0.257,否,"这几天有小伙伴问我： @okx和ice的这招会不会卡 @binance 的脖子？！ 

因为ice是清算机构，未来binance的bstock是不是有可能通过okxice进行链上美股的清算？—— 答案是：不会的，清算机构可不止ice一家呢 （大家自己去问AI，但grok就算了。。）

在都是7*24，都是链上美股（正股）的情况下，那okxice的真正优势是啥？

答案：与传统银行打通的结算体系，7*24的那种
你想象一下，有个机构在链上穿仓了，周末银行不开门，怎么补保证金？用okxice可以做到。。。

看到差异了吗？"
2043895025474646401,Tue Apr 14 03:32:02 +0000 2026,trader_mindset_essays,30,6406,0.257,否,"关于pre-ipo token- 如果是空投，可以撸；如果真金白银买，要不看看就好

如果是好的标的，大概率能赚钱的标的- 还能轮到我们？承销，pre ipo转让是一个成熟到不行的产业链

能流到币圈的，那就是传统的那帮人不要的… 为什么不要？肯定不是流动性不好… 要嘛是价格不对，要嘛是有什么限制我们还不知道（投票权肯定是没有的）

现在看起来各家给的价格都比市场预期低，要知道这种spv的壳股份也是有成本的，合规/税/资金成本等等，能这么给币圈，有几种可能：

1. 觉得有风险，太高了 - 现在趁势头好赶紧出
2. 之前买的太多且成本较低，现在出一点对冲一下
3. 交易所补贴买过来发给用户当福利
4. 转为pre ipo转让而设，而触发条件要到了
5. 币圈资金终于抬头了？！被资本市场认可了？

按照币圈最近是资本最后一棒的规律，能用撸的就不买"
2017083464974246041,Fri Jan 30 03:52:28 +0000 2026,listing_lobbying,33,8304,0.257,否,"当我们在说加密不行了？

我们是在比的是谁涨得比黄金、原油、Nvidia、Google更快吗？ 

我们在比的是运行效率和速度吗？别搞笑了。要效率的话，中心化产品吊打一切。 支付宝每秒的TPS是Ethereum的一万倍；成本效率的话，AWS的成本是链上存储的亿分之一。 

如果你做Web3的初衷是想做一个“更高效”的互联网？或者将传统的流动性引入到链上？那你从出发的第一天起就输了。

每一次Crypto的重燃，或者说中本聪写下创世区块的初衷，从来就不是为了“更快、更便宜”。 而是为了反抗。

是为了反抗这个世界日益增长的不平等。 
是为了反抗那些随意冻结你银行账户的权力。 
是为了反抗那些把你创造的数据拿去卖钱，却不分给你一分钱的科技巨头。 
是为了反抗那些肆意印钞稀释你劳动成果的中央银行。
是为了反抗那些上个币就要收你几百几千万的交易所。

所谓的“低效率”（Gas费、私钥管理、节点确认），是我们为了“公平”和“主权”所必须支付的代价

反抗在前，效率在后
自由在左，激励在右"
2051503985979482138,Tue May 05 03:27:20 +0000 2026,trader_mindset_essays,18,5177,0.257,否,"说的极端一点，you have nothing to lose，都这个样子了，与其等着被下架，还不如死马当活马医，为行业做点贡献了

这套玩法是一个集合约机制、贷款机制和现货杠杆 （margin trade）的组合玩法

并叠加了 altcoin常常出现的筹码相对集中，流通盘较少，期货和现货偶尔价格不同等特点

这一套三螺旋下来，你就说刺不刺激～ 

不要小看机制，ethena用开空perp+持有现货的机制干出50亿的usde tvl的规模

只要能为altcoin炸出一点水花，我也觉得值得了"
2050508717083537499,Sat May 02 09:32:29 +0000 2026,mm_liquidity,66,18972,0.257,否,"四月份，可能有5-6个朋友（项目方）来找我，问：交易所又来“催命”了，说交易所说交易量不足，深度不够，要是不改善，会面对下架的风险

更崩溃的是，当他们跟自己的本命“签约”mm说的时候，对，就是那些跟项目方借了几个m token的主流mm们-说这个问题的时候：得到的回复都是现在市场流动性不好，他们也不敢放太多单子，还请见谅….

地主家没余粮了

没有流动性，交易量就更萎靡，交易所就会下架…

他们问我这能咋办？难道只能跟交易所交保护费？做什么交易大赛的激励活动去刷量嘛？

我就说你这个方式太落伍了…. 都已经2620年了，咱们能不能换个高级一点的打法 - 用机制去带动交易需求，去激活市场活性

只要你不是诈骗跑路和meme，其实都有得玩的

所以问题来了，具体该怎么弄呢？

今晚把思路分享给各位～

各位不想放弃，还想继续建设，搞事的项目方们，这篇文值得至少值10万u"
2090990400924438993,Sat Aug 22 02:32:14 +0000 2026,derivatives_options,65,45893,0.257,否,"说一个冷知识：各家交易所 stock perp的oracle命门就是 @PythNetwork 和 @KaikoData 

基本上每家交易所都接入了他们的oracle

是不是很惊讶，stock perp的赛道居然是 pythnetwork 而不是 chainlink

stock perp的隐形冠军 solana:HZ1JovNiVvGrGNiiYvEozEVgZ58xaU3RKwX8eACQBCt3"
2088847098334904552,Sun Aug 16 04:35:31 +0000 2026,trader_mindset_essays,12,13470,0.257,否,"我的锅，没注意到这个事情 - 调整成 111.11 美金的年费了（月费还是50） 
限时开放24h 
感兴趣的可以去订阅了，过时不候啦

https://t.co/ET304CtJEt
https://t.co/oWfm2IKoZs 

下期预告：
休市期间的股票perp的价格，是从哪个交易所开始“异动”的？ 
A. Binance
B. OKX
C. Hyperliquid （trade xyz）
D. Bitget
E. MEXC
F. 以上皆非   

ps：这个内容是休市期各交易所perp的算法类的内容，比较复杂，发在x大概率会被公关 🤣"
2001225989846872549,Wed Dec 17 09:40:31 +0000 2025,listing_lobbying,17,11593,0.257,否,"这里有个bug 
假设这个说可以帮忙搞定上币安的就是内部的人呢？你该不该信？

作为一个项目方（尤其是后付），你当下的最优解其实还是相信“宁有其事”（除非你真的了解流程），即使你做的事是对的，因为当你啥都不知道的时候，你会为了提高上所的概率做任何事情

你说举报？要是上了的话，你举报来干嘛？你要是没上的话，那你去举报来干嘛？（没付钱）

我听到的中介说自己里面有人？哎 你说那我给给黑名单

中介嘛？换了名字还是一样芬芳

攘外必先安内 - 看起来这次的杀鸡儆猴还没结束呢～"
1996549981956890978,Thu Dec 04 11:59:44 +0000 2025,macro_first_principles,53,48807,0.257,否,"这波总结真快 厉害了 @YeruiZhang 

我补充一下这题：

14. 接下来没项目怎么办，币安不引领叙事（多次强调），只观察发现市场上的财富效应，帮用户吃到VC红利，找小而美的项目，有商业模式吃成长红利，对大VC币恐惧，对叙事不感冒。

—- 原问题是
按照现在bn alpha的上币速度和现在市场的融资环境（一般大项目从融资到发币需要12-18个月），到了2026年q2的时候基本已经没有“大”项目了，那到时候bn要上什么？趋势是什么？

一姐 @heyibinance 的回答其实有好多信息
1. 估值小，融资轮次不太多，vc站台/背书不顶用了

2. 先发项目再发币。让用户能更早参与

3.项目发出来后有收入，现金流

4. 要愿意撒币做空投（重复了n次）

5. vc通过融资顶上去的估值应当由二级市场博弈来决定（回到1）

6. “小而美”不是字面上的“小而美”，小是估值小，美是收入美，说白了就是 revenue/fdv 反而要越大越好

7. 都快2026了，就都别相信叙事了

8.结合对人才需求的context，这个小而美最好还能发生在 bnbchain 上

9.我实在编不下去了 就先这样吧 😂"
1976657733500981484,Fri Oct 10 14:35:02 +0000 2025,trader_mindset_essays,6,7641,0.257,否,"修仙宝典
看各位被各种 #meme 搞得印堂发黑、焦头烂额、夜不能寐，一看就是有故事的有缘人，就将这份 @BNBCHAIN @binance 宗门的修仙地图赠予诸位

这份地图包含了聚宝仙楼（four meme）、灵阁（pancake）、藏金阁（lista）、规戒堂（aspecta）和传功殿（aster）的位置和使用方法外，还阐述了各个殿阁的联动作用以及对于币安宗门的意义和价值，有助于炼气期的各位有缘人一窥一二，宗门之大不是只有一条路可走。

web3仙境海纳百川，条条大路通仙境，成仙之道不拘泥于特定的路径和礼法，只要通透专精，加上一点运气和时间的淬炼，总能走出自己的仙道

每个人的资质境遇不同，不可能一套拳法适合所有人；如果meme不适合你，那就尝试pancake现货，再不然合约与借贷也能走出自己的成仙之路 —刀枪棍棒都是器，破除你心中的紧箍咒（执念）才是更为重要的（找到属于自己的交易/生活之道）

人生很长，我们都会想尝试所有眼前的华丽，也都会有需要一直与自己和解的时刻；

宗门很大，它只是默默守护和陪伴，并在我们想尝试新事物的时候给予我们更多的选择

人性之下，机制之上 - 就是人生。"
2075765156773286223,Sat Jul 11 02:12:33 +0000 2026,trader_mindset_essays,14,8405,0.257,否,"上集说道

6月中下旬闹得沸沸扬扬的Binance没拿到MiCA，退出欧洲市场，然后在twitter上引发口水仗，然后有说好多 $usdc 从bn外流的，你们猜都流去哪家交易所了？

A.  OKX
B.  Gate
C.  Bybit
D.  Kucoin

截止到6月30日的数据：
从Binance流出的18亿美金 $usdc 到底去了哪里？

cex的话主要是流去Bybit和Kucoin，但是数量也就2.2亿左右（coinbase，bitavo和kraken没统计到）

大头主要是
1. 官方赎回/销毁了43亿
2. 流向用户自己的web3钱包

印证那句：
能接下至真园的，不好说是不是下一个至真园，但肯定不是还在那里的红鹭和金美林。"
2075147957771677881,Thu Jul 09 09:20:02 +0000 2026,trader_mindset_essays,17,7680,0.257,否,"说一个好玩的东西，如果单看稳定币和调研的八家中心化交易所的数据的话 （受样本量限制，数据会有误差）- 
Binance 的稳定币数量占了62% ， 是 OKX 的 3.7 倍，是后六家总和的三倍，一骑绝尘的既视感，有没有？ 

昨天看到binance发了自己的稳定币研究报告，原来想吐槽一下的，想了一下，可能是身处的位置，有些东西不好说

大家可以理解binance 自己发的稳定币报告更像是是一个行业纵向梳理和比较，我这里按照收集到的q2数据做了一个各cex之间的稳定币横向比较，应该能帮助你对整个稳定币的landscape有一个比较完整的认识  

说一个反直觉的事情：$usdc  从binance“出逃”了18亿 ，但是流到其他所得大概就是3-4亿的量级，那其他的
$usdc 去了哪里？ 

答：被crcl 官方销毁（赎回）了，q2 赎回了近43亿的 $usdc

不要看到余额减少，就觉得资金出逃，信息掉了，用户跑了～"
2060952204895514702,Sun May 31 05:11:10 +0000 2026,derivatives_options,47,20083,0.257,否,"不知道各位是什么时候开始关注到这个帐号的～如果是《合约算法镰刀》系列的话，那么各位有福了～

这几天花了点时间做个了《合约算法镰刀》系列重制版，基本上就是把之前发在x上的算法长文修改，增删一些细节（时代和算法也在进步），尽量让算法更符合实际运行的情况

这些重制版会发在substack上 （https://t.co/oWfm2IKoZs ），有兴趣的朋友可以去订阅/关注

第一期的内容就是：合约算法镰刀—Binance 和 OKX 旧算法的永续合约之战  （好消息是，第一篇相当于回馈给老粉了——72h内是免费订阅的🤣～） 
https://t.co/qDOmM5kSbx"
2037901689957556347,Sat Mar 28 14:36:39 +0000 2026,trader_mindset_essays,32,13459,0.257,否,"细心的小伙伴可以看到我下午发了一篇关于几大交易所，包括hyperliquid、okx、binance的一篇关于交易量与POR（储备资产）的量化分析，主要是回答一个前几天在x上流传的问题：Binance的市场份额真的萎缩了吗？！

调查用的是 defillama / coinglass 的数据源 - 结果经小伙伴提醒，发现道有些数据差的很远。。。 数据源都不对了，何谈分析呢。。

果然准确性和判断还是得靠人类。。刚vibe完脚本去做爬数据做分析。。

感兴趣的小伙伴可以蹲一波
发现了一些好玩的事情"
2024494540611375327,Thu Feb 19 14:41:26 +0000 2026,mm_liquidity,97,36489,0.257,否,"给各位cex的老板在2027年一条价值一个亿的建议

2027肯定有一场税劫

tier 2以上，然后不吃客损，这次的CARF可能是你弯道超车的机会（越大的交易所压力越大）

我最近陆续收到近10+大咖咨询，都不知道咋弄，我就问各种大客户/机构/vip经理难道没跟你说吗？

他们说：这些经理也是一脸懵逼，别说方案，连系统长啥样，记录啥都不知道（注：税是回溯的，要27年申报的是26年的记录，所以26年就要开始准备了）你说他们该怎么准备？

我就说你假设找多几个人愿意付费的，我在新加坡开个班吧 🤣🤣

冷知识：
1.黑手党的老大可以洗脱犯罪嫌疑，但无一例外都干不过税务局的…

2.税是一个弹性极高的业务，一个亿可以降到大几千万到大几百万- 非常吃服务质量，假设在流动性/交易品类都差不多的情况下，税务筹划作为增值服务绝对独一份

3. 你以为引入trafi来炒链上黄金/股票/rwa是为了流动性吗？ 哎哟……"
1913791489500696942,Sun Apr 20 03:07:02 +0000 2025,listing_lobbying,19,5316,0.257,否,"推上有好多不同类型的交易博主，每个人都有自己的三板斧，门道和擅长的领域，

看k线趋势的 @Paris13Jeanne @CryptosLaowai  , 有看机制的 @thecryptoskanda , 有看宏观的 @phyrexni  @CryptoHayes , 有看链上的 @cishanjia @wolfyxbt , 也有玄学的 @kunlunstar   看事件驱动型的 @dotyyds1234 @brc20niubi  看市场情绪和市场情报的 @Elizabethofyou 等等 - 反正各式各样的都有，唯一的共同点就是深耕

我从17年就跟交易所打交道（亚洲/欧洲/美国/拉美，离岸/合规，白/黑/黄种人），自己也做项目，所以对交易所的公告和项目方发的信息比较敏感，加上喜欢看一下历史类的书籍，就逐步形成了“事件驱动型”的交易体系

比如昨晚动静比较大的 $voxel, 在4月10日的时候就出现在binance 的delisting投票里，当时市值只有不到10m，然后昨晚看到binance出的一个关于调整资金费率的公告（从8-》4-〉2），24h的费率达到24%，而且voxel当时的市值不到15m，我就知道机会来了，睡前做了一波多仓就跑了

今早看到趋势还在上涨，估计是要庄家要集体扎空大家，所以就开了个多仓，还能吃费率，吃了个早餐回来发现果然涨了不少。

我不是要说自己有多厉害，交易有多牛，事实上我也是小韭菜一名；只是想说一个事情，就是只要找到自己擅长的领域去深耕，知道自己赚的是什么钱（我这种就是短时的信息差），找到适合自己的交易方式，不影响生活，睡的了觉。

昨天热议的abcde，我个人是感觉不是他们做错了什么，就是单纯的没找到适合自己属性的投资模式而已，只要不下牌桌，还有担当，一切都好说。

p/s：发稿前已经平仓，无利益相关。"
2007468100837609642,Sat Jan 03 15:04:26 +0000 2026,listing_lobbying,37,13214,0.257,否,"有钱才能使鬼推磨，你把钱烧了，那谁来推磨？

你去 bnbchain base lighter poly etc… farm不是因为他们烧的多，而是你知道他们手里有钱，有钱=有可能能搞事= 大家可能有的赚

有了这个情绪，二级才有波动的源动力

nvidia破万亿不是因为回购，而是因为兜里越来越有钱

至于他分不分，对于二级来说，根本不重要

上个周期的交易所说自己要burn token做通缩是因为token原来就在自己手上，是一个市场营销费用

你别当真啊"
2058095287156265089,Sat May 23 07:58:48 +0000 2026,trader_mindset_essays,26,9258,0.257,否,"现在在想着怎么买kyc去开户转移美股、那些买号去开api中转站的、允许买kyc开交易所账户的交易所的…. 建议你一定要读下这篇文，太重要了

都不是省钱，而是让你怎么不进去

这篇合规之路的长文（https://t.co/4j69ng2UZb）里有一个很重要的教训：正义也许不会到，但惩罚一定会来的，不外乎是你是否够肥了….

你们难道不知道吗？租借别人的账号都是违法的，更何况是买kyc开账户（或者平台允许用他人kyc来开账户的）来交易/过桥/链接API

你要嘛实在无路可走，或者肯定能赚去暴利，要不然到头来你赚的都不够你赔的

假设还不起这43亿，就没有后来的xx人生了"
2038243228458315863,Sun Mar 29 13:13:49 +0000 2026,trader_mindset_essays,39,35185,0.257,否,"哈哈哈 评论区很多人也知道了 这个哥们叫张雪

他做的机车，刚在WSBK世界超级摩托车大赛夺冠🏆，比第二名快3.685秒

这个速度是什么概念呢.. 白话大概就是你看不到车尾灯

张雪本人也是个神人，大家有兴趣的可以去看他早期湖南台的访问..

well 为什么我会说25h后呢？我猜 一定会有币圈的大佬/交易所争着去赞助张雪车队，估计现在忙得不知道咋谈

别的人我不知道，但 @justinsuntron 一定在路上了

有梦想就要去追
有流量就要去蹭"
1980846617948483875,Wed Oct 22 04:00:10 +0000 2025,mm_liquidity,205,65468,0.257,否,"各位观众 比起什么alpha 这个才是要学习的点啊（看懂的话值至少值1万u）

我段子翻译一下：

1.不做空小币，尤其是有庄的
2.玩小币（有庄）的时候- 买现货
3.启动的时候，根据流动性情况择机用合约出货，有磨损但是能出去

现货-合约混合食用，要根据不同的流动性环境来交替使用

这个操作方式直接决定了盈亏（工具要能串起来用）

同样的一套独孤九剑，令狐冲和风青杨用起来的威力就是不一样的；

同样的一柄桃木剑，风青杨和张天师打出的效果也不一样

在白骨尸堆前，屠龙少年哪里缺的是剑，是看懂-下注-重仓-拿得住的心境

不说了，我再去翻译下一篇"
2003831749948981601,Wed Dec 24 14:14:53 +0000 2025,mm_liquidity,44,15107,0.257,否,"这题我熟，我稍微说下我的体感吧 😄 希望对你有点帮助，没帮助的话，你就当老灯放屁

讨论算法类的原来受众就很少，如果观感/体验还不好的话，就更难找到观众了.因为这类人群少，但是他们会自己主动去找到相应/相关的文章，所以就该照顾他们的阅读感- 形式上用文章会更好（文章还有一个好处，很多人可能不知道的，就是更容易被外部的媒体援引/报道，我自己估算我在x的算法类流量其实只占了那篇文章的1/3？，更多的是在圈外）

算法类的专业度很高，按照过度专业只能吸引同行的观点，你假设要讨论，就要往细的说 - 给同行们/感兴趣的人一个新的视角，他们或许以前知道这个概念，或者知道这个参数，但是组合起来是不一样的风景和功能（mm的算法其实有好多东西能写，比如说x.y=k 的v3v4 甚至curve的算法都可以写出n多花来；比如你提的Avellaneda，它是祖师爷级别的算法，做mm的人肯定都倒背如流，你要出彩的话，比如可以把不同流派的做法写出来（比如外汇 v crypto）比如你把CARA这个函数说清楚也可以）

不要堆砌和介绍公式，要把公式的意义和用途写出来，最好能目前发生的事情联系起来，至于展示风格那就看个人了，我比较喜欢写成段子，所以一般可以2000字写完的东西，硬生生可以拖到4000字（辛苦大家了😂）

要用心。会在推上看算法类的人，不是闲的蛋疼，就是找虐，再不然就是老板…. 他们对这个问题都很熟，他们就想看看有没有什么新意？不一样的角度？或者其他人是怎么看这个事情的，你想的角度决定了这篇文章的高度，但是有点可惜这个高度不会体现在浏览量上（我自认为对业内最有意义的算法文章的浏览量非常一般，但是我看到交易所的朋友跟我说他们看到我的文，正往那个方向努力的时候，我是真的很开心）
用心之处都在细节

我写这类型文章除了做个人IP，就是来交朋友，看看市面的 - 你说我坚持写是图啥？ 我这流量又不能变现？其实就是共鸣 

就那种见字如见面的感觉 ，那种你懂我的感觉，尤其是藏在里面的细节和巧思，如果被读者不小心发现的喜悦 - 然后他能接上下一句，在这个数据造假、尔虞我诈、赚钱至上、满地广告、财富=能力的圈子，这就是属于我的清流和欢喜

如果还能碰上三五同温层的知己能就n个问题进行思辨，讨论，交流，我们可以互相都说服不了对方，但是彼此都成长了，这种颅内高潮，岂不美哉

这种意识和思维的对抗就是收获

银信海海，欢喜就好"
1984222033107161430,Fri Oct 31 11:32:52 +0000 2025,trader_mindset_essays,64,55052,0.257,否,"翻译成段子的话，大概是

1. 整个公司都没有人想鸟你的，是我刚来新公司，想要攒个好印象分，我主动示好而已，你别不知好歹

2. 原来是想说让新东家看看我一己之力摆平你，结果你倒好，捅破窗户纸- 这下就算帮你搞定了，这也算不到我的功劳簿上

3. 你也是傻，钱就在交易所- 你不乖乖照做，还来闹，这下难做了吧… 还你吧，影响已经造成了，别人还会来找事；不还你吧，影响已经造成了，别人还是会来找事

你说你要是我，会不会还给你呢？

4. 别说一个理由了，log在我这里，我想咋说都可以，反正钱在我这里- 我想给谁就给谁

ps：西方貌似真的不太理解东方的沟通方式

这届PR真的不容易"
1992964640054374723,Mon Nov 24 14:32:52 +0000 2025,trader_mindset_essays,52,12904,0.257,否,"给那些想分析xx项目/xx协议/xx交易所的博主们，我不反对你们接广子，但是能不能给一点有价值的信息

不要都是xxx投资了，创始团队是xxx，xxx参与了，有xxx tvl，上了xxx测试网，测试数据有xxx ；或者都是出事的时候，喊一句我认识xxx，他不是这样的人；

拜托大家能不能稍微走点心，不行的话，走肾也可以啊

稍微动动手，用AI爬下数据，自己做个交叉对比

方法告诉你们了，甚至连例子都写好了"
1966328037060071530,Fri Sep 12 02:28:31 +0000 2025,trader_mindset_essays,66,11871,0.257,否,"写了一个关于《合约算法镰刀》的小测验，算是对这个系列的一个系统性小结吧

“没有检查，就没有管理；没有验收，就没有反馈” ；本着这个多年来积累的应试经验，这份“小测验”就应运而生啦

也算是给各位在周末闲暇时留的小作业吧 😂

今晚发出来给大家玩一玩

另外，各位有没有什么好办法来增加这个测验的趣味性和参与度？ 比如把答案po出来，大家讨论？然后用AI随机选几个朋友给我发红包？））不是啦…😄

欢迎大家建议一下哈"
1951693134469230659,Sat Aug 02 17:14:38 +0000 2025,trader_mindset_essays,67,13029,0.257,否,"其实《合约算法镰刀》是一个劝退系列文章！ 没想到吧 😄

最近感觉有点流量😄，评论说看了《合约算法镰刀》系列的文章（我基本不看私信）觉得文章太长，太细了，有很多地方没看明白，问我能不能写个懒人版？概括版？速成版？或者说我把简单的东西复杂化….

我这里统一回答好了
1. 网上有一堆速成/浓缩版，你们自己搜就有了；

2. 如果你常看我的长文的话- 应该对这句话很有印象“ 知其然 且知其所以然”，就是在讲细节和逻辑的（对错就见仁见智了）

3. 期货就是细节 - 而且是一环扣一环

4. 要是你没有耐心看完，或者说看完后觉得很复杂，很乱 - 然后不想再花时间理解其中的原因 -》 我的建议就是，你别碰合约交易了！！

5. 能不能不要讨论公式和计算？不行，合约交易就是一道数学题 - 如果你看到数字就头疼，我的建议就是，你别碰合约交易了！！（我写的还算是我“揉碎”后写的人话）

6. 不管你是新手/老手 - 希望你看完之后都有新的理解（我就希望有种温故知新的感觉就行）

7. 始终保持着一颗敬畏市场的心 （不扛单，错了就认，不懂就别做交易）

以上

ps 如果你有朋友想尝试合约交易，你让他先把这几篇文章看完，理解（我后面出个考题），然后过了再来交易 😄"
2006254607874547921,Wed Dec 31 06:42:27 +0000 2025,macro_first_principles,7,1158,0.255,否,"@0xcryptowizard 这点我跟巫师的观点不一样
从学习的角度，对于基础的知识结构和技能，还是会要求学生或者同事“手作” - 训练自己的人思维和心性

数学/算法类的，一定要自己去一步步去求导；写文档的话也一定先把大纲、结构和核心论证逻辑写出来"
2098773738942832818,Sat Sep 12 14:00:27 +0000 2026,macro_first_principles,12,9800,0.25,否,"嗯，我是认为下周fomc不会加息的

简单来说就是4个字：这个时候加？！ 利大于弊，远水救不了近火

别的什么技术指标我就不瞎分析了 - 毕竟通胀还没有到丧心病狂的地步，但是美国政府的债务规模破40万亿了。。当然这也不是说加息，美国政府马上就会爆炸，只是这个压力好大的

而现在加息真的能缓解通胀？也不是嘛～ 问题卡在那个国家和海峡呢，这个时候加，利大于弊

那个就业率数据，明眼人一看就知道之后要修正的。。。

然后最重要的是，要跟Warsh说的话- 反着来

thanks to @gentlemanzhao 的提醒：共和党主张的是小政府 +自由市场的祖训。。"
2097907096931156069,Thu Sep 10 04:36:43 +0000 2026,trader_mindset_essays,72,18503,0.25,否,"作为一个油腻的过来老登对各位老中登的建议是，比起什么薄肌厚肌小肌大肌，更重要的是控制血糖和内脏脂肪

而如果你说运动很难、挨饿不易、没办法吃干净、不想吃水煮食物等等，其实有两个超级简单的习惯，改了效果立竿见影：

1. 吃原形原味食物
就是吃苹果，不喝苹果汁；吃鸡肉，不吃鸡肉香肠
就是不吃超加工的食品；调味料用盐、胡椒、香料，而不是xx酱 

2. 吃饭的顺序换一下：先吃菜 - 蛋白质 - 碳水
血糖会感谢你；升糖会平缓好多

3. 做点抗阻力训练

健康最重要"
2097606003126935617,Wed Sep 09 08:40:17 +0000 2026,derivatives_options,33,8202,0.25,否,"有一说一，虽然 $BNC 是个很适合stock perp反馈现货市场的标的，但是美股市场对这个标的真的很不感冒

根据10-K （4月30日）的披露，CEA （ binancecoin:native  的DAT） 持有515,544个 binancecoin:native ，按照750u算，今天的价值差不多在386m 

按照9月8日的收盘价5.25（涨了50%），41,263,850 股普通股流通， CEA这家公司的mc是 216.6 m 

有意思的地方来了：如果你把 Market Cap / BNB Value ，你会发现只有216.6/386 =0.56x
就是这个公司的资产价值 > 市值

你只要花大约 2.166 亿美元，就可以买下一家账上持有约 3.88 亿美元 BNB 的上市公司哦～ 也就是大约 42% NAV discount。 

问题就是，这么明显的“套利机会” - 难道华尔街们不知道？p小将们不知道？为什么还是差了这么远？ 

这中间难道有什么猫腻？有什么暗箱条款？难道是投资者在跑路抛售？还是解锁期限到了？成本价很低？还是说市场对现在的公司领导班子不信任？

是人性的崩坏？还是道德的沦丧？

欲知后事如何，还请听下回分解～"
2093364136851698075,Fri Aug 28 15:44:37 +0000 2026,trader_mindset_essays,26,16283,0.25,否,"哈哈哈 我反向蹭一波孙哥的流量吧

1. 孙哥的长文里有个细节是说A330的汽油损耗要100万美金…貌似说的是只有30人为了平衡啥，所以要多加油.. 

其实吧，可以通过调整汽油在机身的分布来平衡的（A330是有六个油箱的）真的不需要多加油的

再来就是，不是飞机上有多余的油就要放掉的… 这个真不是必要的

2.  2026年的香港元旦是没有烟火秀的

3. 去过Tenerife的都知道…. 那里怎么可能会有零下的温度…..
给你看下地图直观感受一下…

应该就是纯属虚构 要不然就是AI幻觉…嗯 孙哥的助理可不敢糊弄孙哥吧（？）

反正是真是假都不重要，当个段子乐呵乐呵就行 🤣🤣"
2090822669570904254,Fri Aug 21 15:25:44 +0000 2026,trader_mindset_essays,18,10372,0.25,否,"新加坡有家海鲜大排档，开在工厂区，特色之一就是允许客人自带食材来店，老板每次就收个加工费就好 - 要知道一条鱼从清洗，去鳞，去内脏，腌制，料理等等，每一步可能看着都很简单，但这其实都是功夫和成本；

老板人也怪好，偶尔遇到熟人，或者老板心情好，连加工费都免了，久而久之，这就成了一个习惯 ；直到有一次，客人带了几只大虾来，要老板做一道脆皮百花鸡

这下老板坐不住了。。要知道百花鸡是一道工序非常复杂的菜品。。就在账单上加了超额加工费。。
客人一看账单，这不就是一道菜嘛？怎么还要收加工费，而且还比一般加工费贵这么多。。 

老板os：要不是看在你是熟客，我都费事做你这道菜，浪费食材还要倒贴人工，纯赔钱

客人os：好家伙，这家伙儿是不是看我是熟客，要宰我啊

所以你看：
一道费尽心机的菜，老板做得委屈，客人吃得也不开心。

能点出百花鸡的，怎么可能不知道工序之繁琐，用料之讲究。。
能做百花鸡的，怎么可能是一般厨师。。还需要挣客人的加工费营生？

何苦呢？

还不如一开始就盘一下总价。要就来，不来就拉倒。要是关系好的，或者心情好的时候，再结账的时候再送你点东西就好

道不相赠，医不叩门

所以要嘛很贵，要嘛更贵"
2090682708414623799,Fri Aug 21 06:09:35 +0000 2026,mm_liquidity,165,48128,0.25,否,"前段时间跟几个做量化mm的小伙伴聊天，才知道原来专业如他们都不知道在股市休市期间为什么是 Hyperliquid的mark price先动？然后才在各cex传导

stock perp的mark price是怎么计算和传导的？🤣🤣

为什么周末bn和okx的场内价格老是被薅羊毛？ 老被牵着鼻子走
为什么gate的交易量和深度在周末更好？

这期的内容非常的硬核，非常的干。大家准备好点温水

这几天整理好后发在substack给付费的群友开开眼：

substack.com/@agintender"
2100779545125421497,Fri Sep 18 02:50:48 +0000 2026,derivatives_options,10,5386,0.25,否,"都已经可以tokenized stock了，我猜arc大概率不会发币了，倒不如用 tokenized $CRCL 当做native token
同理base 用 tokenized $COIN 

当然更狠一点，把DAT 放进来，比如tokenized $BNC 当成bnb chain其中一个侧链/协议的native token 。。 
怎么说呢？ 现在vibe coding + 审计这么效率 DAT自己搞一个协议出来啊～"
2100513727883665906,Thu Sep 17 09:14:33 +0000 2026,listing_lobbying,24,5278,0.25,否,"感谢各位老板的抬爱和支持，token 2049期间Danny的 #stockperps substack书友会的赞助商、合作方、地点等都已经确定好了

没想到这么多人有兴趣一起搞搞～ 

各位substack尊贵的付费用户们，这几天可以留意下邮箱哈～ （注意：不是每一位付费都会收到邮件哈，所以不要因为想参加所以来付费，真心不保证）

细节之后补上～ 我只能说这次的安排十分炸裂，必定是token 2049独一份的边会

从合作方、活动选址、活动主题、甚至酒水都非常的有讲究 0·0 

现在要想的是，分享会上要爆个什么料才能不枉费大家的期待 🤣"
2098958560273318360,Sun Sep 13 02:14:52 +0000 2026,trader_mindset_essays,34,16048,0.25,否,"“新币担保”被美国政府端掉了

新币担保热钱包内的usdt被冻结，telegram频道被美国政府控制

拔出萝卜带出泥 - 除了新币之外，还有两家公司也受到制裁：新加坡的赛方科技有限公司SafeW Technology和位于柬埔寨的Anwen Technology

它们两据说是给新币担保提供核心基础支持的 - 尤其是safew做一个加密聊天软件（取代telegram）

友情提醒： 下载了safew的朋友们，赶紧删了吧。。。 

你说新币担保这就覆灭了吗？！
这才哪儿到哪儿？ 新币担保是一类人，不是一个实体

话说，霍尔木兹海峡上也出现了新的担保业务，有人知道是谁吗？  🤣"
2097528759083790788,Wed Sep 09 03:33:21 +0000 2026,trader_mindset_essays,44,12181,0.25,否,"好几个小伙伴都不约而同给我发消息：stock perp真的有这么厉害吗？！ 😂 我对于meme反向挤压华尔街的态度大概是25:75，但我真的认为stock perp 100%可以反向带货

接下来就是：stock perp要怎么操作？要上什么标的？怎么利用休市的算法？

大家如果对stock perp的底层算法感兴趣的，可以看看我的substack上对于stock perp算法的三部曲，x上不太合适太技术的东西：

https://t.co/d7rGiysgWg
https://t.co/3RJj9q3iwd
https://t.co/hV8x86o6of

友情提醒：substack的内容对新手非常不友好，就是深入深出，觉得自己没耐心，不愿意自己拿纸笔作计算的人就不要订阅了，别浪费这个钱了"
2094627670827098369,Tue Sep 01 03:25:27 +0000 2026,trader_mindset_essays,45,16880,0.25,否,"如果你吃透了binance和https://t.co/hnWBQ12p9P 的stock perp在休市的算法，并且开始了解其他所的机制

你会发现，外边的雨云是这里飘过去的

恭喜你，除了可以每天吃到开盘前的“理财收益”，你还可以在 @okx @MEXC @Gate @Bybit_Official 吃到开市和闭市的收敛收益…

一篇关于 @Bybit_Official @MEXC @tradexyz @Gate @okx 的stock perp算法解析：

https://t.co/pKaxcbcM0z"
2093353710072320178,Fri Aug 28 15:03:11 +0000 2026,trader_mindset_essays,55,105794,0.25,否,"哈哈 有小伙伴问我，怎么哪篇说binance的stock perp的oracle算法的文章貌似找不到了？ 

是的，我把它隐藏起来了哈 -
1.  因为没什么流量和关注（内容可能不太适合传播吧 😂😂） 

2.这篇文确实是好东西，看懂了的话，你可以每天只交易30秒-1分钟就能稳定盈利，即便是简版还是留给有缘人好了

3. 连官方都不太care这个事情，想想还是算了吧

所以过了24h后，就觉得应该隐藏起来

想要看的朋友，要付费去看substack咯～ 

https://t.co/PBd6c5CrbS"
2093163152599126350,Fri Aug 28 02:25:59 +0000 2026,trader_mindset_essays,81,33720,0.25,否,"如果你曾经好奇过，周末nasdaq都休市了，binance哪里来的价格去给场内的stock perp定价？ 它们是不是虚构一个价格来爆仓我们？那这篇文应该可以解答你的疑问 🤣

这应该是ct上唯一一篇这么带着你一步步地去推导binance stock perp休市oracle算法的文章 

看着很轻巧的东西，其实一点都不简单 - 每一套公式、每一个环节都是一环扣一环的 ， 看完之后你会发现，哦，原来这么多讲究啊～ 

这篇也是bstocks用perp争夺股票定价权的DLC 😂 https://t.co/mydYdlo2dj 

另外，如果看完之后觉得意犹未尽的，完整版在：https://t.co/PBd6c5CrbS"
2051189147545825376,Mon May 04 06:36:16 +0000 2026,listing_lobbying,15,6862,0.25,否,"盘主这个问题问得好

前置条件：
首先你在pancake上有个底池，在alpha的项目至少都有个20万美金的流动性（属于沉默成本）- 这个是listing bn alpha的硬性要求，如果你连这个都没有，估计就离下架不远了

其次是有个perp交易对， @Aster_DEX 就足够了（没有的话，我们一起努努力）

成本：
每个项目方因为赛道，上的所，流动性，流通盘，市值也稍微有所不同

一般来说，对于市值mc（不是fdv啊）500万到1000万的项目，投入大概是市值的百分之五到七的token

有兴趣的小伙伴可以来聊聊哈"
2023061744038694940,Sun Feb 15 15:48:01 +0000 2026,listing_lobbying,20,6992,0.25,否,"考考大家，你们知道近20年来中文农历新年歌曲的大都产自哪里吗？

a，中国大陆
b，台湾
c，马来西亚
d，加拿大
e，印尼

等灯登邓～

很多人可能以为是台湾，毕竟那里发片的产业比较成熟，但是其实：

答案是c，马来西亚 - 各位是不是没想到～ 
近两年来，每年产出近100+首“新年歌”（贺岁歌曲） —— 出猫山王之外，被尊称为地表最强新年歌产地

就是这么一个只有700万华人人口的国家，居然每年产出这么多首新年歌曲+mv ，你说真的是大家都喜欢听新年歌？别傻了孩子，华商是最抠的。。。

其实答案就在时间点+商业模式上 - 因为贺岁歌曲是马来西亚本土华人艺人最容易找到“赞助的”（所谓的要就不开张，开张吃一年）

恰好企业的老板是华人、恰好年尾（农历新年在年头）还有剩余的市场预算没花完、恰好新年歌的门槛低（成本不高，没什么技术含量）、恰好华人在新年期间最舍得花钱、恰好马来西亚的商场都需要更换歌单、恰好老板们出去庆功宴、赞助会的时候需要有个排场.... 

兜兜转转，就是各种凑巧 —— 这个跟listing一样，就是有政策，有风口，有标准，有商务，有叙事，有收入等等 - 就是这么凑在一起，你说换了一个时间来，还行不行？换一个人来，还能不能？

对不起，很多时候就是没赶巧 - 岁岁年年花相似，年年岁岁人不同，很多时候，错过了就是一眼万年

昨天的船票登不了今天的船；今天播下的种子也未必长成后天的鲜花，不变的是：鲜肉终会变成腊肉

不把listing当成大满贯和目的地才是唯一解

最后分享一个，我觉得今年最有新意的马来西亚新年歌，来自namewee黄明志的《马来西亚的新年》

https://t.co/slhjNo9ToO

看看大家能听出用了多少种语言吗？ 🤣

当我们在说中文，你确定你的中文和我说的是一样的吗？"
2091737058415128743,Mon Aug 24 03:59:11 +0000 2026,derivatives_options,13,10252,0.25,否,"哈哈哈 我真的是服了 solana:6p6xgHyF7AeE6TZkSmFsko444wqoP15icUSqi2jfGiPN 的操作

临近解锁期，搞一个空穴来风的“即将”有大动作 - 还有谣传说是要在xx chain上发meme，fomo了一个周末

结果来个单边流动性卖币，幸好对这群人已经祛魅+免疫了

要知道他们要是想让clarity act通过， 就不太可能在这个时间点再发一个币。。 但是解锁期到了要出货，又要消息fomo

bitcoin:native 横盘期间，来自meme的消息面都是为了斩杀而来 

solana:6p6xgHyF7AeE6TZkSmFsko444wqoP15icUSqi2jfGiPN solana:FUAfBo2jgks6gB4Z4LfZkqSZgzNucisEHqnNebaRxM1P"
2075585620785930385,Fri Jul 10 14:19:09 +0000 2026,trader_mindset_essays,85,47133,0.25,否,"这几天闹得沸沸扬扬的 gate盗币的事情… 如果真的如 @zachxbt 说说，到了xinbi，那被黑客干的可能性太高了

别急着怼我，慢慢看下来：

资金流向流去去“新币”xinbi - 而这个新币是干啥的？ 这个新币全称新币担保，是大名鼎鼎的汇旺担保（对，就是跟陈志有关的那个太子/汇旺）具体的操作和作用，有兴趣的自己去看长文

一般来说，车队/水房要去接活儿，都会做上押，aka交保证金，平台防止你接活儿后跑路（拿了别人的u后不打款跑路）

看到这里，聪明的你是不是猜到发生了什么事情了～

对的，黑客来了一招狸猫换太子：

去xinbi抵押后在这里接单后- 》
拿到客户的新u - 〉
然后跑单消失（客户的u给了黑客） - 》
平台将黑客抵押的u还给客户 - 〉
客户拿到“烫手”的u

你以为这就结束了么… Nonono，好玩的现在才开始…."
2072151007367500217,Wed Jul 01 02:51:13 +0000 2026,trader_mindset_essays,27,14719,0.25,否,"不是 $crcl 被取代，而是场景不对

真正的战场不在链上那一下，在两头

最容易把稳定币想高的地方，就是以为""转账完成""等于""支付完成""。差远了。链上能证明一笔 USDT 从一个地址跑到了另一个地址，可它证明不了收款人不是骗子，保证不了这笔钱来路干净，处理不了用户手抖输错地址，挡不住本地银行账户被冻，更没法让一个墨西哥家庭拿着钱包地址走进超市买菜。

稳定币解决的，永远只是中间那一截。难的，是两头。

一头是钱从哪来：美国工资、墨西哥现金、巴西雷亚尔、外贸收入、平台 payout、freelancer 的发票、海外公司的薪水。

另一头是钱要去哪：Pix、SPEI、Mercado Pago、Nequi、Yape、银行账户、现金领取、供应商账户、房东账户、家里人的手机钱包。

稳定币就夹在这两头中间，负责把价值跑得更快、更便宜、更不间断。可它不会培养用户，不会自己申请牌照，不会跑出本地银行关系、现金网络、客服，更不会形成信任。"
2066912352696488064,Tue Jun 16 15:54:40 +0000 2026,trader_mindset_essays,21,14417,0.25,否,"合规是一个很有意思的事情

1. 因为它即可以条条大路通罗马 - thanks to 各种海外架构 spv隔离；但出事之后，只有到了罗马的才没事

2. 新兴标的的合规可以说是非常灵活的，只要你把用户资金保护好，不混同，做好kyc aml

3. 在你规模小的时候，基本没什么人管你（因为破坏力不足？ ）

4. 在你规模大的时候，即使你合规了，你也没合规

5. 很多人觉得合规是一份文件/产品，照着checklist走就行，其实合规是一个系统

6. 对于持牌机构，被警告，罚款那是太正常了，更何况币圈的弄潮儿，只要能兑付，不跑路就可以啦

7. 承接1，条条大路通罗马。法律上有个好玩的东西叫，假若没有明确规定的，那么民事（合同）的东西，意定大于法定，就是我们私底下约定的事情也能走得通

8. $spcx openai antrophic 这种标的呢，就是属于这种范畴，不管是从承销商/券商（一级二级）通道，LP份额。SPV份额 ，甚至去二级市场买然后rwa上链都可以，不外乎成本的区别

9.综上，没必要说，走的不是a通道，就不合规？世界不是只有一条路

10. 有什么简单的标准一定要牌照的： 是否对用户资金有控制权的，碰到用户的钱就是大事

11. 比起这些，看下是否（证券/币）资金混同才是现阶段的重点

12. 编不下去了，大家自己看看就好 😄"
2062490423617261630,Thu Jun 04 11:03:30 +0000 2026,trader_mindset_essays,41,25797,0.25,否,"关于中国国务院发的837号令《关于对外投资的规定》

有鉴于太多pm了，我在这里统一说下吧

这个837号行政令应该是这几年最严格的对外投资行政令

首先它把主体扩展到居民个人的层面（不再是组织/企业） - 对，就是在屏幕前的你

2. 资产类别基本包括了你知道的一切，什么股票（美股，未上市），基金，加密货币，银行账户的外汇等等

3. 要你干啥呢？要披露和备案… （涉及国家安全的还要批准…）

4. 处罚是啥：没收违法所得 + 投资额的0.1-0.5%

5. 里面还加了个涉及国家安全的条款，至于啥是国家安全？ 

基本的我就不多说了- 什么在之前在futu老虎开过户买美股的，这类信息一定会同步到的… 

而那些在新加坡拿着EP开户（或者香港身份）买美股的… 新加坡是CRS参与国…同步就是时间问题

除非你很专业，要不然从资产端很难做账的，从税务身份可能还有点戏

7月1号开跑"
2050125087320490227,Fri May 01 08:08:04 +0000 2026,mm_liquidity,25,7486,0.25,否,"有朋友问， $pundiai 这个市值不到5m的币，怎么上了 @Aster_DEX 之后的表现还可以啊，都在问这个是怎么在没有交易激励下做到的。。。。这个熊市有谁还愿意来玩。。

其实方法很简单 - 用机制，让套利者/mm进来陪你玩

已知：
1. 现在是负费率：short pays long ，现在aster的持多仓的年化大概是217%，而持多仓要对冲的话，就需要在其他地方借贷开空仓来对冲

聪明的你，是不是联想到了 @youcanshortit 

对的，目前在 https://t.co/HJByC2ahKH 的借贷开空利率年化是2.7% 

所以收益是 217% - 2.7% = 214.3% 的年化收益 ，是你的话，你会来薅这个羊毛吗？ 

有机制代替mm和交易激励才是时代正解，你学会了吗？

给那些上了 @Aster_DEX 的alpha项目方，你其实不需要额外花钱给mm，也不需要做什么token loan，这里有一个对于项目方来说近乎无成本的机制，你只需要把token stake进来协议就行，剩下的，让时间和市场来完成

$xcn @Onyx  $pros @pharos_network $blend 

@youcanshortit 的妙处还不止于此呢～"
2092145379127198168,Tue Aug 25 07:01:43 +0000 2026,listing_lobbying,12,5868,0.25,否,"这不是金融危机，是账单 ～Druckenmiller

Druckenmiller（应该算是Bessent的前老板？师傅？）在wsj发了一遍关于近期 Bessent 用国债回购去压长端收益率的时评

全文非常犀利，我按Nick的节选翻译成段子：

“小贝啊，咱哥两，都谁跟谁，就别tm把温度计的摄氏改成华氏，假装自己病好了。”

劳资叱咤市场五十年，信的东西很简单：市场知道的事情，比任何委员会都多（aka 就是财政部知道的也就这样）。价格就是市场给决策者递的小纸条。

而美国30年期国债收益率，大概是全世界最重要的一张小纸条。

现在美国财政已经没几个人敢管了，债券市场算最后一个敢上门催债的。

结果收益率一涨，财政部跑出来做回购，想把利率压下去。

你每人为压低1个基点，实际上都是在给华盛顿的拖延症买单而已。

国债回购就老老实实干它原来的工作：处理一点老券流动性，按季度融资计划提前公布，固定时间、固定规则。不要哪天30年收益率冲上去，就临时跑出来救火。

该发长期债就发长期债。

市场要5.5%才肯借你30年，那就付5.5%，你就别瞎搞

这不是金融危机，这是账单。

美国政府借了这么多年钱，现在债券市场只是把账单推到桌面上：

“先生，这是您过去几十年消费的总额，麻烦买单。”

真想让长期利率下来，不是去跟债券交易员斗法，也不是财政部自己下场接盘。

就一件事：

少花一点，少欠一点，把 primary deficit（基本财政赤字）处理掉。

不然你今天回购国债压收益率，就跟一个人信用卡爆了以后，解决方案不是少消费，而是把催债电话调成静音而已。"
2074512337483210994,Tue Jul 07 15:14:18 +0000 2026,mm_liquidity,16,15348,0.25,否,"今天（7/7）的韩股资金流向：
外资净卖出 -2.92兆韩元（单日），
机构 -3,110亿；
散户净买入 +3.14兆。

2.92兆韩元 - 这是什么意思呢？历史上外资单日卖超 2兆的日子其实屈指可数（2024 年 8 月全球去杠杆那次也就 -2.4兆量级）你们资金细品。。。

7/7的博弈意味着什么呢？
一是散户几乎全额吃下了外资+机构的抛压，内资散户进，外资退；

二是更重要的——散户砸了 3.14兆进去，指数还是跌了 4.91%。这说明买盘完全没有定价权，只是在给卖方提供流动性。。。。。"
2073733832575189441,Sun Jul 05 11:40:48 +0000 2026,mm_liquidity,5,5369,0.25,否,"当 @cz_binance ：Binance没拿到MiCA，不能为欧洲用户提供流动性支持，对双方都是损失的时候，到底是什么意思？
""It's a loss for Binance. It's also a loss for Europe. It's a lose-lose situation.""

当 @star_okx ：英国 FCA、新加坡 MAS，以及欧盟 ESMA 还会邀请 Binance 回来吗？还是说，它们会允许 Binance 像在日本那样，通过收购一家已有牌照的公司，绕过同等程度的监管审查？ 到底指的是什么？

这篇文尝试说一个大家都没注意的事情：合规溢价
为什么合规，就要比别人更贵？！"
2048243959760331108,Sun Apr 26 03:33:09 +0000 2026,derivatives_options,43,16818,0.25,否,"今天说一个 @Bybit_Official 用机制弯道超车的故事

如果说有什么是机制调整改变行业格局的，类似uniswap 的 x*y=k，那么cex里面 Bybit的 portfolio margin（PM）+ UTA 统一账户绝对算一个

说白了，就是把保证金效率用到了极致

彼时的bybit在22年之前衍生品交易还是第二梯队，恰逢luna崩盘，万物复苏… 机构蜂拥，存量的mm需要以小博大，PM就在这个大背景下实现了超越（比全仓还好用），之后统一账户接入（尤其适合也有现货的mm们）直接让资本效率进一步提高

这一步吸引了n多机构和mm，你估计也记得那时候bybit也疯狂上新资产 

当时主流的mm借贷协议要求项目方提供很多的token，但有意思的是mm们铺单子的时候其实是不需要这么多token的… 而项目方去查库存的时候，也确实有这么多token？

问：要借这么多token干嘛呢？在统一账户里的每一分钱都很好用的啊…

顺带一说，1011这么惨烈的原因也跟PM和UTA的加速螺旋有关"
2079115404845457699,Mon Jul 20 08:05:15 +0000 2026,derivatives_options,20,14591,0.25,否,"嗯 今天的kospi又熔断了

从数据来看：
出货的是机构 - 可能对应了之前说的，压着库存，想趁着早盘高开出点，没想到直接砸崩了
另，可能受政策影响，国内机构最近这几个工作日一直往股票操作账户打钱

外资更多的是买现货 + 期货对冲，看样子更多是套利的交易

散户 - 还在加杠杆进场（预托金涌入缓慢了很多，较之一个月前） 

好消息是，去杠杆初有成效了，总margin终于下降到33万亿以下了（近5个交易日下来了1万亿）"
2031237759969698178,Tue Mar 10 05:16:35 +0000 2026,trader_mindset_essays,49,10756,0.25,否,"给各个openclaw发烧，泼个冷水吧

现阶段的龙虾🦞 openclaw就有点像那些FDA未通过动物实验/人体实验的新的靶向药

不是这些药不好，未来没有前途，至少现阶段这些药还有很多未知、不确定，尤其是安全、隐私方面的隐患

你要不是身患绝症，没有药医，或者艺高人胆大，又或者对损失不厌恶，觉得自己是下一个天选之子，要不然现在还是远远看下就好

说句不好听的，啥都不知道的你，现在让龙虾帮你投资、收集材料就像是拿着根木条（都不是木剑）冲去伊朗战场。。。跟着无人机、战斧导弹战斗一样傻

如果你真的想感受AI的效率，用claude，gemini，kimi，seedance等等，在官方的对话框使用就够了，人家花了大把时间和烧了n多token帮你调试好了，把各种幻觉最大化降低了，这个才是production ，才是新人 friendly的

你可能知道绿巨人The HULK的诞生就是个意外，但你估计不知道有多少人死在了成为Hulk的路上。。。

你看着预制菜你都觉得恶心和廉价，怎么到了这里，你就愿意委屈自己当个“小白鼠”？

难道是因为焦虑？！ 🤣"
2000966325255201126,Tue Dec 16 16:28:42 +0000 2025,derivatives_options,11,8468,0.25,否,"哎呀 大家伙可能没理解交易和交易比赛的区别

交易的话，是赚的每一分钱都有意义；
比赛的话，如果不是第一，就没什么意义了

所以比赛的话，策略上都是很激进的 （你看 @Web3Feng 之前的风格）

另外要对冲出货的话，也不是不行，但是这是个技术活儿，举个例子，在bn和aster的跑 aster的策略都会有延迟，更别说套了

不是不可能，就是说有这个力气，还不如多发几个广子，做空几个小币更容易（当然这些被邀请的交易员也不太能这么做）"
2051481695824855536,Tue May 05 01:58:45 +0000 2026,derivatives_options,33,17661,0.25,否,"哈哈哈 太好笑了🤣
昨晚看到有人说原油被bn操纵了，吓了我一大跳，怎么说呢？特朗普都不敢这么狂～

我喽了一眼，具体的原因其实就是rollover 展期换月的事情+ 周末伊朗局势变化+ 有人抢跑 ，结合在一起就会爆炸了

rollover会在月初慢慢调整过去的，这段时间的波动就很大

有人就说啦，同样的标的，那为啥周末bn和hyperliquid价格不一样，资金费率这么夸张，因为cl原来就是锚定期货价格（不是cfd）的 - 而且bn这里会把周五收盘价格固定着，假设周末的价格变化较大，与周五的收盘价差距较大，那么资金费率就会很夸张了 —- 我看了一下，这也是大家说bn上的cl被操纵的原因

owen在文中把资金费率当成是信息（价格）优势的抢跑费用，我倒觉得资金费率在这里是非交易时间段的跑得快游戏

就有点类似妖币的数据盘游戏 - 在非交易时间，cl的永续就是个基于周五收盘价的数据盘，不是你不能玩，而是你要知道你的信息优势和交易行为在这段时间不会影响标记价格，你就只能赌（跟套利无关了）

最后，月初的rollover套利是一门技术活儿 - 能把价差，资金费率，rollover的比例算清楚的人真的不多，加上永续的价格预言机啥时候换，我tm4月就被坑过一次，被以前的同事笑了半天

做大宗这么多年，还能被烧，我也是服了"
2091068869918269871,Sat Aug 22 07:44:03 +0000 2026,listing_lobbying,20,29601,0.25,否,"今天听一个博主评价恒大

比较深刻的一句是： 
权力集中程度度决定了腐败的严重程度

当一个机构是一言堂的时候，基本上底下的腐败情况会非常可怕

举个例子：恒大的内部系统有个叫供应商库的东西 - 就是各级的分公司只能在这个库里挑选供应商

聪明的你估计就想到了- 那入库的油水可就大了… 肯定很多人想办法交钱入库

集团这里也想到了这个可能性， 所以在入库的申请会规定各式各样的手续，类别，规模甚至地方，籍贯，创始人星座（？！）

结果你猜怎么着- 一查下去，后面都是同一个老板"
2012423687195312175,Sat Jan 17 07:16:10 +0000 2026,trader_mindset_essays,23,6549,0.25,否,"感谢 @PAnews @tongtongbee 老师的抬爱，这有点绷不住啊～

没想到PA这里在这一年内收录了我43篇不知所云的文章，太感谢PA编辑部的“赏识”了

然后让我万万没有想到的是这43篇文章居然有19m的浏览量… 对，你没看错一千九百万….（半年时间不到）

平均一篇44+万的浏览量… 这不比twitter香多啦？ 

在x发布激励创作者的大背景下，创作者们也不要只看到x，youtube，币安广场，ok星球 etc  还有好多你们习以为常但不太关注的行业隐形冠军呢…  他们的影响力超乎你们的想象

好的文章需要被看见，创作者们你们值得 @PANews

ps：经此一广，我和PA的广告费也该涨涨啦～ 😂😂😂"
2077758640585634049,Thu Jul 16 14:13:57 +0000 2026,trader_mindset_essays,21,7265,0.25,否,"什么叫做：监管的罚单，是看碟下菜的清单

当大机构/传统银行违反了规定，犯事之后，被处以什么样的处罚？

举几个例子给大家直观的感受：

汇丰罚款19.2亿，当年税前利润200亿以上，无人入狱；
Wachovia 罚款1.6亿，约当年利润的2%，无人入狱；
渣打罚款3.4亿+11亿，无人入狱；

ok，你说这个毕竟不是刑事犯罪，没有可比性

那就说2022年Credit Suisse 瑞信 ，替保加利亚可卡因集团洗钱，被刑事定罪，你们猜猜罚金是多少？

——200万瑞郎 （约等于200万美金）+ RM缓刑

但如果放到加密行业呢？（当然这不是同一个罪名，不能这么简单对比，大家看个大概感受一下）

BINANCE的代价，@cz_binance 入狱4个月，罚款43亿；
OKX被罚了5亿；
bitmex罚款1.3亿，Hayes居家服刑

我不敢说加密行业被区别对待，但我实在找不出更好的词来描述这个场景。

手握天平和长剑，朱斯提提亚的脉搏，到底为谁跳动

难道罚款不是惩罚，是费率？！

完整长文：https://t.co/DFAk8X2kYu"
2041131852782858418,Mon Apr 06 12:32:10 +0000 2026,trader_mindset_essays,25,14141,0.25,否,"认真的，我第一眼看到报告的时候还以为 @coinglass_com 收了钱了。。

只要你去看官方网站的信息，跑一遍脚本就能追踪到，就这么明显的事，分析师居然没去做？！也导致了 @okx 和 @Bybit_Official 的追踪资产储备情况与官方披露的差了太多了（一个百亿，一个八十几）。。。
也进而得出binance断层式碾压的结论。。（当然就算加上Binance也还是第一）

首先我看的数据肯定不是准确的，我能想到的解释是分析师的统计口径和方式不同，不依赖于官方披露的数据

有空再说一个细思极恐的事情。。。"
2040632625006825759,Sun Apr 05 03:28:25 +0000 2026,trader_mindset_essays,19,8108,0.25,否,"我们用 CoinGlass Q1 官方报告的 OI 数据，交叉对比 @binance @okx @bitget @Bybit_Official @Gate @MEXC @HTX_Global @kucoincom 8个 CEX 的PoR储备证明，发现了几个隐藏在交易量、市场份额排名的事情：

https://t.co/LvSAUOJlRu的 OI 排名第三，甚至超过了 OKX，但其储备仅为 OI 的一半不到，奇怪吗？

MEXC 和 KuCoin 的未平仓头寸超过储备 2 倍以上，这可能吗？都这么激进吗？

Binance 每 $4.6 的储备才支撑 $1 的 OI——这么保守吗？大家都不上杠杆吗？

更耐人寻味的是 CoinGlass： Binance 的用户资产份额高达 73.5%，是其交易量份额的两倍，这是怎么回事？！大家都来理财吗？

隐藏在数据之下的行业格局是我们都不敢触碰的禁忌"
2077602925174485336,Thu Jul 16 03:55:12 +0000 2026,trader_mindset_essays,113,41645,0.25,否,"我写过潮汕水客，写过跑分，写过汇旺的上押担保，写过USDT怎么在电诈园区和地下钱庄之间跑来跑去。写多了，有人会问，Danny你是不是觉得洗钱这门生意的主战场就在这些地方啊？！ 

还甚至有人说，加密货币就是拿来洗钱的？！ too young too simple

我想把镜头调转一百八十度，让你们知道：最大的洗衣房恰恰开在最繁华的大街上。

真正的大钱，从来不走地下。它走正门，而且有人替它开门。拉门的人穿定制西装，名片上印着Relationship Manager (aka Banker)

联合国毒罪办的估算：全球每年被清洗的资金占GDP的2%到5%，8000亿到2万亿美元。

大名鼎鼎的汇旺担保四年多处理了两百多亿美元，已经被华尔街叫做”犯罪分子的亚马逊”了，是穷凶极恶的存在，加密货币是毒瘤，要监管；

但是主流媒体们没告诉你：丹斯克银行爱沙尼亚一家分行，2007到2015年，处理了约2000亿欧元的非居民资金

到底是谁才是毒瘤？回答我 look in my eyes"
2043178424806879314,Sun Apr 12 04:04:31 +0000 2026,trader_mindset_essays,44,15272,0.25,否,"这篇文对在大陆的币圈人非常重要哈

之前埋了一个“土豆”的梗，现在跟大家聊一下是哪一颗土豆让汇旺（人）栽了跟头

先给大家说清楚：太子才是那个干电诈、菠菜、棋牌的（上游）我们一般看到的美女主播，xx聊，xx百家乐，xx vpn都是太子的； 汇旺是产业链的中下游，把这些钱洗出来的

大家一般从新闻报道会看到两个土豆：一个是土豆担保，一个是土豆im（potato chat）

土豆担保 - 是在汇旺担保和新币担保的tg被封禁之后（因美国监管）迅速崛起的，从链上数据、迁移速度和客服的回复来看，土豆担保应该与汇旺担保有关联

当时候的汇旺担保做的可不止是太子集团一家的生意，不是单个企业的服务端口，而是整个产业的下游产业链 - 整个东南亚市场的资金生意（类比的话就是宇宙所的p2p业务）都通过这个平台走，流水吓死人

这个土豆是汇旺被盯上，或者被打击的目标

但大陆内的黑灰产从业者很容易被追责是因为土豆im potato chat （和tg）

你可能觉得很奇怪 - 我不就是用了这个app（app里面的内容可以被销毁），怎么就说我是从事黑灰产了？

刑法上需要犯罪行为+违法事实+主观状态；
而只要你手机有这些app，司法实践中是直接推定明知/故意的

即使你不认，你说你自己不知道这笔钱是干什么的，司法机关也认为你是明知的。。。除非你能举证说明你不知道，但是实践中好难的。。

所以一抓一个准，抓一个进一个
抓久了，这些基层员工也知道了，假设上面的赔偿不足，就想到“戴罪立功” - 所以从钓鱼，演变成捞鱼"
1989171210807308616,Fri Nov 14 03:19:08 +0000 2025,derivatives_options,17,11072,0.25,否,"事情也过去了一段时间了，大家也可能都冷静了不少

也不是说我要帮 @Backpack @binance @Bybit_Official @bitget 洗白，但就是这个道理

在这种双螺旋（你也可以理解双杠杆）的结构下，价值的崩塌速度是x3 x4 x5

我们常说的强平价格是维持保证金率反推出来的，而当保证金减少时，强平价格也会提前触发（不只是标地的价格）

很多时候，前端是不会显示这个变化，但交易员也会跟着强平触发时间去倒推当时的标记价格来计算自己的强平价格

误会就是这么产生的

很多时候客服，甚至大客户经理自己都说不清楚，更别说在情绪上头的交易员去理解"
1962191233771774052,Sun Aug 31 16:30:20 +0000 2025,trader_mindset_essays,30,5826,0.25,否,"有些约定俗成的社交礼仪的存在是有其必要性的，不是说web3就能超脱之外 

客不带客，很多时候不只是人情世故，礼貌，还是经济考量

最近出差比较多，有幸参加或者组织了一些饭局，不管是出于避免尴尬/安全/无聊/一起见人/时间安排满etc ，或多或少都会看到有人想带着朋友一起过来.... 在这个行业和忙碌的时间安排里，这其实没什么问题，毕竟都想善用时间，但前提是 - 你至少得征询组织者（主人家）的同意吧.... 

总不能直接就gate crash吧，什么叫美其名的“热闹一下”.... 万一坐不下呢？万一双方有正事要聊呢？ 万一超过组织者的预算呢？ —— 这不是自找尴尬和不快嘛 （当然你要主动埋单的另说），更恶心的是，有些被拒绝后，还会在背后说人闲话，什么小气不地道

web3本没有这么多瓜和误会，很多都是所处社交规则的不同引起的 —— 比如这句话，就只有古板的老登才会这么说"
2033018032059248655,Sun Mar 15 03:10:45 +0000 2026,macro_first_principles,22,5916,0.25,否,"既然不能改变，那不如好好享受

前段时间跟团出去玩，途中被导游宰客，就是那种强买强卖的桥段，你不买票看这个节目，你就别想下车之类的

是个农家乐篝火会

有个大姨交了钱之后，就一直在抱怨这个不行那个不好，拖着别人在议论，全程板着个脸

有个大爷反正就是一副来都来了，钱都给了，不如就大口吃肉大口喝酒，可能是喝high了，后面还一起跳舞

结束后回到酒店，导游跑来问大爷是不是玩得很尽兴？你猜这么着… 大爷直接贴脸开大。喷得那叫一个体无完肤

“我玩的尽兴与你拙劣的强买强卖没有关系”

有人就问了，大爷这个是啥心态？
就算是案板上的鱼肉，俺也要做最蹦跶的那条鱼🐟 

管他的牛熊周期，AI焦虑，世界大战 ，火星撞地球 — 先吃了这碗肉再说"
2016182679943930191,Tue Jan 27 16:13:04 +0000 2026,macro_first_principles,26,12499,0.25,否,"前几天有个朋友问我：
你觉得那些穿越牛熊周期的人有什么共同的特质？

我：不瞎折腾的

看过太多天才交易员，nb founder，运气极佳的地址…. 后来我才发现，每个版本都有自己的规则，都有不同的风水和格调，也造就不同的神（aka 天时地利人和）

不要错把天时当天赋，不会的不做，没想过的不碰

You “dont want to learn new stuff brain” + “fast money brain” will make you lose everything 

ps：昨天是@hongkongdoll 的一了百了，今天是 @0xPickleCati 的一穷二白，弄得我也想搞一篇情绪爽文抒发一下…"
2085921424318058534,Sat Aug 08 02:49:56 +0000 2026,macro_first_principles,15,5425,0.25,否,"写这篇文的契机是前段时间有几个小伙伴问我：合规的意义是什么？护城河是什么？

我说：所谓的罚款，罚金都是谈出来的 - 你注意看法条里的“没收违法所得”。“处以x倍的罚款” - 你看懂了吗？这里面的基准都是从你“赚了多少”开始的

很多人不知道的事，这个事情该怎么折算，怎么定价

这篇文严格说来应该算是https://t.co/mKqxjqO1km 的DLC

它讲述了一个非常朴素的道理：风险的折价（溢价）

万变不离其宗，其实所有的（第一手）收费入口都在法院/警察局/监管局给出的罚单种，再从那里一层层往下分配（这个就是一种风险转嫁，风险再分配）

很多人没有注意到：binance的43亿的天价罚款其实改变了很多事情，一夜之间把合规支出提高了至少50%

ps：这种文要是放在以前的x，早就10w+了 🤣🤣🤣"
2058932439708512585,Mon May 25 15:25:21 +0000 2026,trader_mindset_essays,27,5887,0.25,否,"有鉴于最近不少朋友都来问我：AI产业链现在这么火爆？现在应该买什么？现在上车还来得及吗？该怎么开户？

我就不一个个回复了，直接写了一篇文章给大家

AI是一个长坡厚雪的叙事，不会因为你晚了10天半个月就过去了。。 
今天卡脖子，明天还会有产能跟不上，良品率不足，之后还会有政策卡壳、进出口限制、模型升级、法律法规变化等等

重要的是要构建自己的世界观（aka对未来的想象）

认真的说，在AI工具“泛滥”的时代，只要你心有余力，目标坚定，AI能帮助你完成很多事情（无限与机构缩短距离）

之后会在substack上发一个完整版，你要是觉得本文有帮助的话，可以之后看下substack的完整版"
2027233926541189281,Fri Feb 27 04:06:46 +0000 2026,macro_first_principles,31,12913,0.25,否,"发现道居然没有人写nvidia财务表现超预期，但股价不升反降的小结。我之前写过一篇nvidia q3的财报分析但是流量不咋样，我这次就简短写一个吧 （先说啊，这个不是我个人的看法，我就是汇总），不构成投资建议

一句话：市场对产业链下游的变现焦虑（aka AI泡沫担忧）

英伟达作为“卖铲子”的人赚得盆满钵满，但购买这些天价GPU的下游大客户（如某软、谷某、小扎等等）如果在应用端赚不到足够的钱，这种疯狂的资本开支（Capex）还能持续多久？没有疯狂的capex，那nvidia的表现还能持续？

举个例子：
Me某： 小扎在最新的财报预计2026年的资本开支将达到恐怖的 1150亿至1350亿美元（相比2025年的720亿美元近乎翻倍，更是2024年的三倍多）。为了搞他的“超级人工智能（Superintelligence）”，而大家都知道某ta的AI战略有点那啥。。。

要知道生成式AI应用目前的市场营收远不及硬件的投入规模，这种ROI是有病态的

大客户狂买GPU，对英伟达的当期业绩当然是利好，但金融市场永远在“交易预期”，而这个预期嘛？ 🤣 有点不太对劲

庄家和机构们的潜台词是：“老黄啊，我知道你现在数钱数到手抽筋，但你的客户都在透支未来买你的卡。万一明年他们突然清醒了，发现大模型没那么赚钱，集体砍单怎么办？”"
2026506732831388092,Wed Feb 25 03:57:10 +0000 2026,trader_mindset_essays,35,10272,0.25,否,"别看那些clawbot教程了，先学会怎么写prompt提示词吧～

对简单且非推理任务的高效prompt- 三秒学会版本

对于那些非推理性任务 - 其实你要做的就是重复 query。对，就是复读机一下

举个很简单的例子：
你就把“现任美国总统是谁？” 换成“现任美国总统是谁？现任美国总统是谁？”

原理是：LLM是因果模型，标记的顺序会影响注意力机制。重复提示词能让每个标记都能看到整个提示的所有部分，从而能更好地理解上下文。

你问咋知道的？没事多看看论文：https://t.co/x52hDDuxKw

最后，很多人连怎么prompt都搞不明白，就更别说怎么安全地、有效地使用claw了

AI是好东西，你要用起来，而不是当成社交货币"
2087192381296943396,Tue Aug 11 15:00:16 +0000 2026,trader_mindset_essays,31,6371,0.25,否,"不知道是不是家里的长辈们也开始觉得我最近混的很差，有点颓废了，还是怎么滴。。 现在老会推社交媒体上的大佬访谈给我看（大概就是那种偶遇xx总，给年轻人一点建议之类；又或者商业大佬一边喝茶一边给你讲... ）

里面有一个细节，大概是说，怎么让大佬发现你，然后愿意提携你

大意就是，件件有回响，事事有回音 - 大佬告诉你的事，你要放在心上，并且尽快执行，不管结果如何都要跟大佬们说一声

我年轻的时候就秉承着这个宗旨 - 觉得别人问你/找你就是给你机会，你得要把握啊～ 吃亏是福啊，是练习，是磨练

所以大佬们说啥，不要说力所能及了，力所不能及也要想办法搞 - 但是到最后呢？你会发现这个就是大佬随口说说的而已，到最后很多事情也不了了之，而你呢？费心费力费钱不说，还欠下了一堆人情

时间久了，你就会发现道，其实都是逢场作戏，走走过场而已（跟政府部门的：挺好的，我们考虑一下是一样的）而你，那个血气方刚的年轻人，你值得更好的

所以现在呢，就是要嘛我知道他的为人（不到万不得已不开口），不然我第一次一般会拒绝或者打哈哈，但是我会留个心眼，大概查一下，等到他第二/三次回来找我的时候，我才开始执行

不为别的，大佬的时间精力金钱很珍贵，那我的就能随便白嫖吗？！ 

有些人，不管是大佬还是屌丝，就是不值得

那我相信什么呢？
我信： 价值交换 - 你不用很厉害，但是你至少要有一个长板，可以是技能、资源、关系、服务号、甚至长得美帅也行，要让大佬们觉得能用得着，或者看着就很舒服的点，能为他们提供价值

在有双方有价值交换的基础上才来谈“件件有回响，事事有回音”的做事准则，纯蹭只能换来尴尬而不失礼貌的拒绝

都是千年老狐狸，搁这聊斋么？

不提利益不是因为傻，而是觉得在自己力所能及的范围内，让善意和人情能尽量无损地被传递出去

ps：职场上“件件有回响，事事有回音”真的是做事的基本准则，你只要能做到这点，你从web3走到AI都不是问题"
2096963305877508194,Mon Sep 07 14:06:26 +0000 2026,trader_mindset_essays,45,13648,0.25,否,"我偶尔也在想，身为老登的我，到底要如何在这个AI高速发展的时代自处、自洽、自给。

我自认为这篇文真的写得挺好的，有一种从今天的点点滴滴看未来的自己的感觉，反正我自己写完之后感触颇深的。。 作为一个普通人，车贷房贷家庭工作等等。。 到底我们是怎么选择的

所以才选择在周五/六发出来，让读者们可以静下心来看

不过后来的事大家都知道了，各种链上的兵荒马乱，注意力都不在这种文绉绉，没什么财富密码的长文，可惜了

建议大家有能力的话，都去读英文的原版，了解一下新加坡视角下的AI“困境”和“迷茫”

🤣 难得这篇不用付费，真的值得你花个20分钟来阅读"
2061476304827142424,Mon Jun 01 15:53:46 +0000 2026,trader_mindset_essays,73,30403,0.25,否,"所以，你在听完老黄的演讲后，什么值得买？

我把老黄提到的这60家公司的财务数据（pe/forward pe/gross margin/profit margin)做了一个对比，然后发现：

毛利率高的，pe都很高了 - 这意味着该公司的议价能力高，不可替代性高，价值都基本被发现了 （比如Cadence） 

你说里面是否有毛利率高，pe不高的沧海遗珠？ - 有是有，不过就要看你敢不敢赌了～ 

全文：
https://t.co/pglDBxL239"
2070846333624438844,Sat Jun 27 12:26:55 +0000 2026,trader_mindset_essays,30,12607,0.25,否,"前段时间去了趟墨西哥🇲🇽，不小心误闯天家，偶然结识了个台山老哥，聊着聊着就聊到了当地法币的无奈，聊到了远方的亲人，还有那个不是秘密的秘密汇款渠道

本文结合着我的理解和认识大致描绘了一下拉美的稳定币应用情况

原来要写成一个田野调查的的形式，后来想想还是这种可能更适合我的读者

在拉美，与其说是crypto adoption，还不如说就是stablecoin conversion（老哥原话是：不过是另一个老板发的筹码而已）crypto压根是什么都不重要

发生变化的是remittance story，crypto就不要幻想成是自己的adoption

bitcoin 一个点对点的现金，仅此而已：稳定币何尝不可"
2070727959615332687,Sat Jun 27 04:36:32 +0000 2026,trader_mindset_essays,45,38792,0.25,否,"今天一看，又是铺天盖地的 @binance 的合规之争

有小伙伴问我：你之前不是说合规这个事情是“条条大路通罗马吗？怎么bn还拿不到mica？ 是bn的策略有问题吗？撤出申请，那用户资产安全吗？这是不是意味着就要损失用户 etc

免得你们说我有失偏颇。。 我直接问AI 快一点 😂 😂 （自己看图吧）

我今年2月份的时候写过一篇文，里面有一句话跟大家分享一下：（时隔数月，现在看依旧有效）

“黄河路上，人人都在等别人跌跤，好让自己能腾出个位子。”

同行的围攻、中英文CT的谩骂，其实都是在等那个跌跤的声音。大家并不是在追求正义，而是在追求“生存空间”。但如果至真园被拆了，那么原本流向至真园的客人、食材和资金，是不是真的能流向金美林？还是隔壁的红鹭？其实真不好说。

但他们忘了，至真园之所以能成为至真园，是因为它撑起了整条黄河路的气势。

能接下至真园的，不好说是不是下一个至真园，但肯定不是还在那里的红鹭和金美林。

繁花落尽，总归一人"
2028106837472719149,Sun Mar 01 13:55:25 +0000 2026,trader_mindset_essays,35,10436,0.25,否,"哈哈哈 我都要笑出声了。。 

还真的有人觉得我这篇文是收了 pippin 或者 aster的钱，要我标注说这是paid content ....

我只能说一定是 aster或者pippin的操盘手疯了，才会让我发这样的广告，还有就是，各位放心好了，未来我不知道，但现在的AI还写不出这样的观察和角度

不能只有我一个人笑出声来 🤣🤣🤣
大家赶紧看吧，保不齐这篇文很快就被投诉下架了～ 

ps：我就是想试试看这个新的AI和Paid pertnership 标签"
2009085413349314719,Thu Jan 08 02:11:04 +0000 2026,trader_mindset_essays,44,9820,0.25,否,"空投的初衷是通过让利，1. 让用户低成本或者受激励来试用产品（吸引用户）—— 
2.通过一些简单的任务来让用户熟悉该产品 —— 
3. 再通过一系列的活动来让用户形成使用习惯和肌肉记忆 ——
4. 最终发展成为用户和社区 —— 
5. 再通过这些种子用户和社区去cx新人进来（重复1）

这个公式也很简单，收回来的收益 > 给出去的激励

有没有可持续的模式，有！
打开微信，看看里面的微商；打开淘宝，搜安利 ....

它的前提是，卖出的产品的毛利率要足够高，产品要足够好 - 而交易手续费的收益呢是规模效应的产物，所以你懂的，没有规模化之前都是补贴

没有上规模之前，慎用 ——要嘛是peer pressure，要嘛是醉翁之意不在酒

哎。这篇太可惜了，看懂了值10万啊"
2035335144182353974,Sat Mar 21 12:38:07 +0000 2026,macro_first_principles,28,7984,0.25,否,"在技校学习的时候，有一位外来的学者来校访问，问了一个直击灵魂的问题：你真的会读书吗？你们真的读懂论文吗？

我记得那时候有个小组作业，是去翻译一篇经典文献，那时候老师怕我们“不会看论文”让个高年级的师兄来带我

我去… 中文英文我还看不懂嘛… 你瞧不起谁呢？我原来想三小五除二包圆

哪知道师兄来了句：ちょっと待って

你们猜拿到文章后，师兄分配的第一个任务是啥？😂

就是把这篇文的所有脚注和参考文献都找出来，下载然后翻译成中文，做笔记，有点沐浴更衣焚香那味儿了… 然后再看正文
再读（翻译）相应的段落时再翻出该文对照，如此反复

为啥呢？
这就是这篇经典的“前世”；
现在你正在看的这篇文就是“今生”；
之后引用这篇文的就是“后来”

何谓体系？结构？不外乎
知来时路，察今时月，度明日光
方成体系"
2036025251554038135,Mon Mar 23 10:20:22 +0000 2026,trader_mindset_essays,23,8913,0.25,否,"熟悉我的朋友都知道我基本不参与 ，也不评价刷量/分撸空投活动（但是我一般都会去尝试，尝鲜，所以一般都有空投）

原因无他：你的成果和收获将单方面取决于对方的仁慈和怜悯

说白了，去赌大小可能比这都还好一些，至少输赢规则明确

但是你要是当成是bonus，你看事情的心态就不同了

你就当成是追星呗，哥哥回头看了你一眼，你赚大发了；假设哥哥没跟回复你，别问，问就是哥哥有其他事情要忙

你不会指望买个演唱会门票，就要哥哥跟你比心🫰吧

我们都是屠龙少年，骂完，就下一章见啦，要不然也可以空它！ 

https://t.co/HJByC2ahKH 会尽快给大家short #backpack 的"
2038866039182950638,Tue Mar 31 06:28:38 +0000 2026,derivatives_options,66,38077,0.25,否,"加密货币的末日审判？！-攻击单个地址只需要几分钟

Google在昨天发布了一篇论文发现，使用量子计算机破解比特币等使用的 256 位椭圆曲线离散对数问题（ECDLP）所需的资源比之前估计的要少 20 倍。（这意味着破解成本大幅降低）  

论文还指出，仅需不到 500,000 个物理量子比特 即可在几分钟内运行 Shor 算法破解密钥。 这意味着什么呢？！

理想状态（几分钟内）-如果拥有大约 50万个物理量子比特（使用优化的表面码纠错和快时钟频率），量子计算机可以在几分钟到一小时内从公钥推导出私钥。

对比特币最致命的攻击发生在交易被广播到内存池（Mempool）但尚未被打包进区块的这 10分钟 窗口期。如果攻击者能在这 10 分钟内算出私钥，就能发布一笔更高手续费的伪造交易来“截胡”你的资金。

对于那些已经暴露了公钥的旧地址（比如早期重复使用的地址或已发送过交易的地址），攻击者不赶时间，可以用更少的量子资源花几天时间慢慢算。

论文还贴心地区分了“快时钟”和“慢时钟”量子架构，指出快时钟量子计算可能实现对内存池（mempool）中交易的实时攻击 - 这就意味着你要的点对点现金支付、什么x402、agentic payment都要说bye bye了  

论文强烈建议区块链社区尽快向后量子加密（PQC）迁移 ，尤其是那些L2。。。

时间窗口？
Google预计一旦硬件达标（预计 2029-2032 年间），攻击一个比特币私钥的时间将缩短至“分钟级”。

“The transition to post-quantum cryptography is not a project to be finished when the quantum threat arrives, but a race against a clock that has already started ticking for any asset with a long-term value.”

“向后量子加密的迁移不是一个等量子威胁到来时才去完成的项目，而是一场与时间的赛跑——对于任何具有长期价值的资产，时钟早已开始滴答作响。””  

论文原文：https://t.co/Kz5KkesjGt"
2037449010999624075,Fri Mar 27 08:37:52 +0000 2026,mm_liquidity,10,6963,0.25,否,"前两天说到 $freedomofmoney 这个 #bnbchain 的meme的apy爆表了。。
有小伙伴说，流动性太少了。。

经过这两天的不懈努力，我终于说服一个 freedom of money的大户答应把 up to 1% 的筹码拿过来 https://t.co/HJByC2ahKH 给大家玩玩 （目前是20k，这两天看情况再添加）

大家如果觉得这个由cz写的新书的meme就是个笑话的，目前接近12m的市值（已经上了alpha）- 我们这里给大家一个机会来short （全网性价比最高的方式）

你要是觉得 freedom of money包上perp的，也欢迎你把token stake进来赚利息，反正放着也是放着

还有 https://t.co/HJByC2ahKH 是一个无许可平台，任何人都可以来这里创建交易对，添加流动性，自己做庄家 permissionless and self service

你添加流动性，我来找对手盘"
2037146547268575703,Thu Mar 26 12:35:59 +0000 2026,trader_mindset_essays,19,10740,0.25,否,"我知道不能让所有人满意，但至少让我喊两嗓子吧…

如果有开了我小铃铛的朋友可能就知道我今天中午其实发了一篇普通人怎么快速识别AI的边界的文章，但是你会发现道，找不到了？因为我删了… 为啥不久后我就删了？然后再发这篇明显虚构小说文呢？

原因其实也很简单：我技校的朋友问我能不能帮忙在外网传播一下这个事，比较急…（先说我没收钱）

已经写得非常假了，怎么可能从新加坡飞呢….而且要找也是找刘元啊.. meta的GR也不是吃素的…也写了“虚构”

我是猜到也有人会不爽，不过被我关注的博主拉黑和鄙视还是比较在意的。评论区就更难听了

可能在你眼中，我这种行为是博眼球/流量，但我跟别的x博主还真的不太一样.我不太感冒这种事情，而且我写AI和加密内容的流量可能更好… 不太需要写这种文 😂

能博君一笑最好，不能的话，也请你知道我没有恶意。我要流量，但我有更好的途径

ps：刚才编辑这条推的时候突然觉得，既然免费帮人都得受气，那以后还不如收钱更好…. 哎"
2036810865526342070,Wed Mar 25 14:22:07 +0000 2026,trader_mindset_essays,92,40983,0.25,否,"这几天又有大陆的小伙伴问我，claude又被封了怎么办？

我就问他是不是用的是机房的vpn
他：是的
我：这肯定玩完啊。。这些ip都是公用的，不出事才怪。。

解决方案还是有很多的，如果你不是这么细心，那就花点钱租个aws机器/在国外搞个mac mini，远程访问。。。

你来这个行业就是要改变世界的，连这个都搞不定？！

然后小伙伴还：我看x上很多博主也搞不定啊？
我：他们这个就是搞流量的啊。。问AI都能解决的事情，我反正是不信"
2036663004583125026,Wed Mar 25 04:34:34 +0000 2026,trader_mindset_essays,65,12567,0.25,否,"老板们啊。。。notebooklm的关键在于“基本无幻觉”，不是不需要花时间吸收。。。

有人问这种学习方式，会不会照本宣科、没有新意、死板、枯燥无味？如果你只是AI生成什么，你吸收什么，必然会啊。。。

但是如果你通过问答的形式去理解，那么AI就会变着花的给你讲解，你才会看到不一样的风景

所以：生成压缩提炼内容根本不是重点，你的思考-提问-吸收才是重点

这个才是notebooklm的厉害的地方- 一个没有幻觉的1v1老师

把1v1私教课老师当成教材来使，我也是没办法了。。。"
1981005009522463153,Wed Oct 22 14:29:34 +0000 2025,trader_mindset_essays,76,37090,0.25,否,"翻译一下就是
1. 现在市场风云变幻莫测，你们这些啥都不懂的菜鸟，就不要在高手场撒欢了，赔了还要我们来擦屁股，输了好像是我们割你似的

2. 承认自己的不足不是坏事，市场没有这么多屠龙少年和版本之子，活下来的都是龙懒得割而已

3. 没事别瞎搞，巨龙不是一条龙，而是一群龙组合在一起，人家有一堆工具/策略/风控，你打不过人家的

4. 没事就嘴撸，先用时间/劳动力换金钱

5.有点钱的做作保本理财，别没事瞎操作，拿到利息之后再去搞，别伤本金

6. 真不是我嫌钱多，不想做你的生意 —— 但是就你这个样子，还是先洗洗再来吧

7. 你看你们把客服搞得，写个推文都战战兢兢，生怕搞出一个meme"
2005489945516118404,Mon Dec 29 04:03:57 +0000 2025,trader_mindset_essays,42,17252,0.25,否,"我记得还在技校上学的时候，导师在某个饭局上跟几个师兄师姐师弟聊天，席间说道一个严肃的问题：如何产出“爆款”创作

导师一饮而尽分酒器的杯中物，长叹一口气

有影响力（impact factor）的文，说白了就是两个条件：发布主体（作者、出版社、账号 etc）和内容，根据质量和影响力进而可以分成有四个象限：

1.  由影响力的主体发布的好内容
2. 由影响力的主体发布一般的内容
3. 由影响力一般的主体发布好的内容
4. 由影响力一般的主体发布一般的内容

1毋庸置疑，大概率能火爆；

4就不用讨论了；

2在品牌的加持下估计也能取得不错的效果，至少是有讨论/引用价值的；

3就比较吊诡了，虽然说网络发达，传播链条缩短，但是沧海遗珠还是太多，所以3要看“命”，不确定性高

说白了，就是要让自己成为那个有影响力的主体，退而求其次就是靠近那个有影响力的主体 - 这个确定性更高

有意思的是10年后纳瓦尔也有近似的观点- 做自己的IP，反向吸引运气

按照纳瓦尔宝典在圈内的传播程度哪有什么认知不足，更多是执行力不足

熟悉我的老粉估计知道：我老说我有一篇被严重低估的软文，嗯，就是这篇1000字的短文，在无助，迷茫，不知道干啥的时候翻出来看看

哦，对了，如果你注意的话，我在6月写完这篇之后- 就开始保持更新频率了。先开始- 刻意练习- 再复盘

你不能靠祈祷获得财富，但你可以通过“刻意练习”：成为独一无二的主体

在这个复杂的世界里，靠构建自己来“反向吸引运气”。

后记
你要是辩证地看- 这都说的什么玩意儿，但是在那一刻喝了点的我们是深信不疑的

对的，是什么人说了更重要，而不是他具体说了什么 😂"
2005154594171879763,Sun Dec 28 05:51:23 +0000 2025,trader_mindset_essays,38,34949,0.25,否,"关于 $lit lighter查女巫，应该是倒推上bn后的局部最优解

已知现在bn现在不会d0 上perp和spot，会有一段盘面观察期（即不能太拉胯）

已知上bn需要空投n%的币给bn holder

前有观察压力，后有抛盘压力（后者压着前者）

你要是不把筹码控好，那你就好花大价钱，要不然就是靠市场买盘来把价格撑上去，后者在这个市场环境基本不可能

又不舍得花钱，那就只能控筹

那我要怎么控筹呢？ 查女巫只是其中一个方式…"
2005111399937384779,Sun Dec 28 02:59:45 +0000 2025,macro_first_principles,29,6204,0.25,否,"26年的去中心化商业模式：将流动性伪装成公共品 vs 将安全稳定性伪装成去中心化产品

1. uniswap取消了前端收费，开启了协议内收费的纪元

ethereum提高了对L2的打包费用

公共品逻辑逐渐转向商品逻辑

2. Hyperliquid 的builder code鼓励前端收费

以中心化流动性为商业逻辑的商品

3. 以vc为信用背书和未tge为预期包装成的雇佣兵流动性将继续闪耀

路径依赖和撸毛党还没消失

4. 26年是现金流商品的去中心化时代

不管是是什么预期和方式，只要能把钱收上来 ，在链上可证，钱包地址多签即可"
1961695660245459363,Sat Aug 30 07:41:06 +0000 2025,macro_first_principles,69,17734,0.25,否,"不知不觉从我决定更新这个号开始也已经半年了（3月开始）时间是真快啊

之前我会很关注数据（粉丝/流量/浏览etc），觉得是一种正反馈机制，像是有人给你打分；再之后成了一种“回应”式激励，就是到底谁给你留言/点赞；再之后就是谁能跟产生了共鸣和连接

虽然粉丝仍然没有多少，但是我收获的是这一路上跟我互动、愿意听、愿意提点、不屏蔽我、花时间转/赞/评论，从字里行间能跟你产生共鸣之思想的载体，不论是文字/梗图/图表，也不论内容是抽象/玄学/八卦/分析/广告 etc—- 我逐渐意识到我这种发文后的内求（心安）可能就是在找这种连接感，素未蒙面，但他就是懂我

说的俗一点：文字之上，拥抱未满；只愿我的文字能给带来一丝温暖阳光，如果还能解惑就更好了

更新了这么些时日有什么收获呢？
有，变得更有“网感”一点了，或者说更能深层次的理解这个号（人）的商业模式/思维方式/目的/价值观 - 这个决定了他的内容/表达方式/信息源

另外我去参会的时候也能快速“识别”哪些是kol，及从谈吐中猜到其输出内容的方式 - 毕竟人设与商业模式是相辅相成的

最后回过头看半年前写的文字，依然适用：

流量是光，而光不公平。 它只照亮那些站在高处的人，至于下面那些试图发声的影子，除非足够吵，否则没人会在意。

180天前，我觉得这个世界已经不是“是金子总会发光”的世界了；

180天后，我仍然觉得如果你愿意大声喊，总会有人放慢脚步，去倾听你微弱的声音"
1972500566141222918,Mon Sep 29 03:15:56 +0000 2025,trader_mindset_essays,10,11923,0.25,否,"对于今天开盘的 $ff @falconfinance 来说，要看韩所是不是一起上了，没上的话3b 还可以看看

dwf做稳定币叙事的想象空间是有限的，毕竟没有tether的统治力，没有usde的defi 套娃，没有usdh/usd1的干爹背书

只能实打实的往上干，没有什么特别好玩的“tvl价值放大器”

我是认为稳定币基本没啥vampire attack.. 人家用稳定币是因为安全而不是高收益，高收益那套是defi打法，而defi打法需要各种套娃， $ff 目前还不具备这个条件"
1931601589229465722,Sun Jun 08 06:38:00 +0000 2025,trader_mindset_essays,48,12088,0.25,否,"前情预告一波 🤣
地下钱庄生意就是一场现代金融理论和古人智慧的大碰撞

p/s：刚才貌似失误了，不小心发布了还在修改当中的长文... 大家就当没看到哈 🤣😂

这期的内容会比较硬核，说的是关于潮汕钱庄的信任机制基础、原理及其构建

大家试想一下，300年前，别说互联网打电话了，连写信也要三个月才能到，潮汕人是怎么做到在异地进行收款、放款的？怎么做到资金跨境流通的？

类比一下古人在300年前面对的情况不就是现在加密世界遇到的问题吗？回顾和深究这里面的机制和机理能给我们带来什么启发呢？

我会尝试用我仅有的一些社会学、金融理论知识（和AI辅助）来尝试解构、演算和模拟，希望能从不同的角度给大家带来一些新的观点和视角

不出意外的话，应该是周一晚上会发出来，感兴趣的各位可以开个小铃铛 🤣"
2065304070219239745,Fri Jun 12 05:23:56 +0000 2026,derivatives_options,38,25549,0.249,否,"spacex我就不参加了
天生对拥挤的人潮敏感 🤣

spcx的永续合约一定会精彩绝伦，毕竟万亿级别的high fdv low float，加上每个交易所的流动性不互通

这波总要拿个cex来祭天

要卖现货的，要套保的，看空的，等指数加入的… 太有意思了"
2054734332971864147,Thu May 14 01:23:34 +0000 2026,derivatives_options,14,5818,0.249,否,"😄 有小伙伴问我，你咋不写下美股？大宗？ 期权？

加密都不行了，你就别只写合约和crypto了…

我就说有没有可能我原来就是“看表”写故事的老灯（aka 你要看我是买方还是卖方，并且在什么阶段）"
1991058241787486295,Wed Nov 19 08:17:31 +0000 2025,derivatives_options,47,13286,0.249,否,"可能有细心的小伙伴注意到，这不就是期权里面的straddle吗？

bingo，就是的，只是改良了一下用在永续合约

为什么文中反复说“预期收益要足够大”+ “择机”（不同的entry price）—— 这个策略才有意义

ps： 各位熟知的妖币 $aia $coai 其实也有类似的影子，只是他们有点玩脱了 https://t.co/MX4yDKU8CZ"
2090026832070664214,Wed Aug 19 10:43:22 +0000 2026,derivatives_options,22,11167,0.249,否,"有小伙伴说 Nasdaq开启5*24交易后会利好 okx？ 

别傻了孩子，何止是利好呢… 

你觉得清算有几道程序吗？涉及多少个机构吗？那些华尔街传统的金融机构速度能在12月前完成设置？ 

肯定会有一部分流到币圈的交易所和协议的"
2033559675749241218,Mon Mar 16 15:03:03 +0000 2026,derivatives_options,19,6746,0.249,否,"我是什么时候发现AI 投毒（geo）的投放流程和方式的呢？

话说去年我在写一篇合约算法的文章（应该是清算类的）的时候，在收集资料阶段，我就看到怎么这个人的观点跟我如此近似。。。连细节都很相似。。

结果我一看，好家伙，这不就是我写的吗？（只是署名不是我）。。。

我就知道写长文的意义不是现在，而在以后
不在结论，而在论证过程

有学习价值比起流量价值更重要"
2096808445492256903,Mon Sep 07 03:51:04 +0000 2026,derivatives_options,9,7120,0.249,否,"额滴神啊。。 除了 $sndk 的合约交易量长期排在top1/2外，居然还有交易所的朋友不知道为什么 $KORU $SOXL 这两个etf产品的合约交易量也长期在top10

到底是什么原因？

是有点反直觉的，凭啥不是名气更大的 $qqq $IVV ? 而是这两只？"
2089265422751486234,Mon Aug 17 08:17:48 +0000 2026,trader_mindset_essays,21,12068,0.249,否,"感谢各位朋友们的支持， substack 干到了 rising #2 

本周给大家带来一个硬核的合约算法类文章 ：

各家交易所在股市休市期间的perp价格有什么bug？ 能怎么“操纵”？除了冻结账户外，交易所有什么办法能“防操纵”？

应该是业内第一篇讲perp攻/防策略的

有兴趣可以关注：https://t.co/z8NYIpV1mr https://t.co/QRgDBjXqSE"
2086366185143316794,Sun Aug 09 08:17:16 +0000 2026,trader_mindset_essays,32,30628,0.249,否,"无人期待的 $SNDK 在币圈的合约交易量遥遥领先的秘密，已经发在substack啦

原来想周一发的，但是感觉周一韩股这里会有大事，想想还是今天赶出来吧，我懒得去调整了，大家就中英文将就点看吧

应该是ct里独一份，我按照天时、地利和人和三个维度来写

对于之前就懂的人，这篇就相当于是从理论到实践梳理了一下；对于之前不懂的，可以当成科普文看看 

有兴趣知道更多细节的交易所，欢迎付费咨询 🤣

https://t.co/2NRUO8s75J"
2049769615371505703,Thu Apr 30 08:35:33 +0000 2026,listing_lobbying,23,20923,0.249,否,"看着今天大家都在讨论的 $space ，真的感慨这个圈子的信息差好大的…. 你们在x上喊有啥用啊… 去报警有啥用啊？ 

上币标准，注册标准，合规标准，交易标准 - 都是不同的合规规范…

看起来有必要给大家来一篇：《合规周期进化论》

让你们知道一级，二级，交易所眼中的合规是什么样子的？
binance被罚40亿是为了啥？

来，现在征集一下本文的研究经费，有要赞助的吗？ 🤣"
2015424533000327215,Sun Jan 25 14:00:28 +0000 2026,macro_first_principles,21,9867,0.249,否,"我记得不久之前不知道是听谁说的，大意是：如果你要我加入/投了/转发你才能成，那我肯定不会参与

如果一个币，上升通道依赖于上所，那你还在期待什么？

上所（现货/合约）是金融手段，不是叙事，不是供需需求，甚至都不是产品

上古时期，是项目给交易所导流；
上几个周期开始是交易所给新项目导流（流量和流动性），现在还是？你要是交易所，你会怎么做？"
1979512916316676576,Sat Oct 18 11:40:31 +0000 2025,derivatives_options,464,169719,0.249,否,"各位朋友，我认真的，假设你不知道什么是
1. 最后成交价格
2. 指数价格
3. 标记价格

那你去做合约交易就是去送人头的 ，妥妥的

合约交易的盈亏/强平看的都是：标记价格

标记价格是一个综合指数。 ，由指数价格（各大现货交易所的加权平均价）和资金费率基差共同构成，以避免单一交易所的价格波动导致不必要的强制平仓。"
1977608486054932933,Mon Oct 13 05:32:59 +0000 2025,derivatives_options,133,24392,0.249,否,"重要的事情说3遍
合约是用标记价格来决定盈亏的
合约是用标记价格来决定盈亏的
合约是用标记价格来决定盈亏的

强平价格的触发总在破产价格之前 - 假设破产价格是100，系统在95的时候就会开始清算了"
2095096881223491857,Wed Sep 02 10:29:56 +0000 2026,trader_mindset_essays,10,16371,0.247,否,"合约算法镰刀系列（拾陆） 华尔街没有价格的48小时：@Bitget Stock Perp如何接管周末定价 

为什么 @GracyBitget @bitget 敢喊出UEX的愿景？难道是梁静茹给的勇气？！  ))不是啦～ 

《给镰刀一个周末》，给大家讲讲bitget是怎么利用算法和机制实现stock perp的弯道超车

substack上新啦～
https://agintender.substack.com/p/48bitget-stock-perp?r=8gs9xi&utm_campaign=post-expanded-share&utm_medium=web"
2049696502927553007,Thu Apr 30 03:45:02 +0000 2026,mm_liquidity,24,8045,0.247,否,"我一直觉得0.01%在资金费率公式有意义的，年化10.95% 
因为这实质上是一种做市商（流动性）补贴，新项目pre tge的补贴更高

我们要从做市商的角度来看，而不是借贷利率来看 - 11%是做市商/套利/carry trade愿意进来这个市场的”门槛“

做市商的资源也是有成本的（包括机会成本），所以标的的对手是其他博弈机会，而不是资金费率vs利率

大家有空看下这篇分析文，真的挺好的
https://t.co/nqE798HWw4"
2085567190020104219,Fri Aug 07 03:22:20 +0000 2026,macro_first_principles,12,5676,0.247,否,"前段时间有小伙伴问我：交易所的合规是护城河吗？是长期竞争优势吗？

我说：对入场门槛有帮助，但进入了就不太重要了

：nani？为什么？！ 

：因为在金融世界里所有东西都有个价 - 都是在罚款 vs 做这个事情的收益之间做比较而已

建议你精读看这篇文
没有一个合规官会这么写（因为不能）但是却是这么想的文章"
2036819597618483304,Wed Mar 25 14:56:49 +0000 2026,mm_liquidity,17,7163,0.247,否,"这个所谓“指导性文件”，在这个时间点发。。更多就是写给监管看的

大家看看个热闹就好

该封的，不能做的，其实早就形成了规则 - 正经做市商谁care这个，镰刀做市商也不care这个。。

而且最近不知道是不是因为监管的介入，好多原来可以提前实施措施的都不能做了

这篇文感觉就是合规部写的，反正有好有坏吧"
2094364548362805637,Mon Aug 31 09:59:54 +0000 2026,trader_mindset_essays,50,30726,0.24,否,"你们猜为什么周末股票的价格是https://t.co/hnWBQ11Rkh 是先动？ binance在周日下午6点开始的股票价格总是插针？
为什么gate和mexc在周末的股票价格总是慢人一拍？ 

难道是因为他们操纵价格？ 
其实不然，是因为算法的问题

stock perp算法镰刀第二集已经上新啦——价格发现与价格跟随，各位订阅的小伙伴们记得趁热食用哈

https://t.co/efhyC8tf42"
2093612696906400063,Sat Aug 29 08:12:19 +0000 2026,macro_first_principles,28,19657,0.24,否,"🤣 各位大佬们别催了哈

这篇研究各家stocks和stock perp流动性的文因为没有人愿意赞助，所以进展得比较慢一些

但是就目前看起来的情况…. 还真的是一言难尽

看样子就算是调研完了，也不敢在x上发出来，会得罪好多人

等不及的小伙伴，先去看算法吧 - https://t.co/mSgHgx94iM

我把stock perp弄成一个三部曲的结构：
架构 - 算法 - 流动性"
2050933116500656331,Sun May 03 13:38:54 +0000 2026,trader_mindset_essays,16,5918,0.24,否,"用 @thecryptoskanda 的话，救市就是救庄

项目方自救，做自己的庄

这篇文只是序幕，你说 $rave $coai $myx 的基本面好得可以几十亿市值吗？能造血到这个程度？

机制使然而已

他们能，为什么你不能？"
2090629261615058973,Fri Aug 21 02:37:12 +0000 2026,macro_first_principles,0,0,0.232,否,"作为一个老韭菜，我说一个我的亲身经历+观察：

国家一把手喊crypto asset这个事情并不是第一例。。

其实早在2019年10月，中国的国家领导人也说过类似的话（不过指的是区块链技术，而且当时的 $btc 是7400+）

当然你可以说这么多年过去了，etf也有了，基建也有了，交易所也接上股票了 etc - 这次不一样

但我的观察是：
凭什么熊市是各种软磨硬泡、山峦崎岖泥泞不堪。。甚至都一片死寂；
而牛市是平地一声雷，一马平川，一步到位。。
就这个有点反常识的

你可以说现在机构都在进入，国家也在加仓等等，但一步登天，一幕翻牛？是不是好有点太草率了

我说这么多是想说力量正在积蓄，别被特朗普一嗓子就all in
有计划的按照计划执行，没计划的也该开始计划了

在星辰大海面前，你今天投入10还是5的区别不大，重要的是你能一直拿着"
2101126439357895024,Sat Sep 19 01:49:14 +0000 2026,mm_liquidity,0,0,0.232,否,"这几天给大家带来一个比较炸裂的分析  - order book的深度

大家都知道不管是 @OpenAI 还是 @AnthropicAI 都还没上市。。都没有现货对冲

那么到底是谁给 openai 和 anthrophic 的pre ipo stock perps 提供流动性？ 

这次说的事情除了有点硬核，还可能是交易所不愿提及的，为了怕被公关，所以就只会放在都在 substack 付费订阅里 ： https://substack.com/@agintender

大家都在说自家的流动性好？！是真的吗？好在哪儿？

那这次说一点binance不敢明着跟大家说的“流动性问题”

友情提示，跟binance research给出的信息，差的有点远 🤣🤣"
2097182170179895554,Tue Sep 08 04:36:07 +0000 2026,trader_mindset_essays,20,4802,0.232,否,"又给substack上新了：Nasdaq关门以后，谁来报价：Stock Perp、Oracle和一场24/7的股票定价战争（三） ，是这个stock perp oracle系列的终章

这一期给大家讲：
@binance @okx @Bybit_Official @bitget @tradexyz @MEXC @Gate 这7家交易所在休市期间的stock perp价格算法是如传导的？共振的？

不同的算法和交易所都适用什么交易策略？有什么风险？各位量化交易员如何应用算法的差异做对应的交易策略等等

内容也是非常的干涩，建议阅读前先准备好纸笔和咖啡

https://t.co/4DJUNT9lmf"
2092977975453221044,Thu Aug 27 14:10:09 +0000 2026,derivatives_options,12,4898,0.232,否,"有小伙伴看到我昨天发的substack(https://t.co/mSgHgx94iM) 里面有个小章节说了 @PythNetwork 和 @chainlink 在stock perp的“统治地位”，以及为什么cex主要用 solana:HZ1JovNiVvGrGNiiYvEozEVgZ58xaU3RKwX8eACQBCt3 而不是 ethereum:0x514910771af9ca656af840dff83e8264ecf986ca 

然后就给我发了一个CME的文件，看完后对pyth 的后续发展感觉一阵发凉啊。。

CME是谁呢？你可以粗暴地理解成它是“全球期货市场的一台发动机“  - 它是全球最大的期货和衍生品交易品台，基本上大家知道的期货数据都是它供给大家的，什么原油，大豆，英伟达，QQQ 、期权 等等都是它家的data

然后这次它这个market data的规定主要就是针对：不能把数据商业化，aka 不能包装完之后转卖给其他人

这次比较要命的是还把范围扩大到synthetic feeds（合成数据），就是说你不要以为自己拿到cme的数据之后自己混点其他的数据就能再转卖出去了。。这条路已经此路不通了，只要你获得的数据来源的其中一环有CME的数据都不行。。。

比如什么CME->Jane street —>Pyth，这个就别想了

你可以想象如果我要是那些价格预言机公司，我能咋办。。。总不能我自己编一个？现在就有点那时候twitter把kaito的api封禁的感觉。。 听到的时候感觉都要爆炸了

更要命的是什么？生效期是9月17日，不到20天的时间。。

你说有没有其他的方案，那肯定是有的，就是这么短时间，估计pyth 和chainlink 这段时间会忙到飞起，见人见到喉咙冒烟

这个事情其实也从侧面看出， @okx 在战略布局上确实有一手啊。。 @star_okx 你这个可以啊。。。 

原文链接：
https://t.co/qX9V89FA8Y"
1906539299660853365,Mon Mar 31 02:49:25 +0000 2025,listing_lobbying,11,2497,0.232,否,"首先海外负责人是to b和to g，而是不to c，所以对于一般交易员/散户的存在感不强。
其次你很少看到所谓的listing manager出来晃悠，要原因是：合规，次要原因是没有必要
1. 他们不能跟项目方走的太近，要不然就会发生xxx跟xxx见面，所以xxx上币

cb和upbit最怕的不是上错币，而是被监管机构认为有猫腻/勾结/贿赂

2.他们躺着就能赚钱，第一步是怎么不犯错，第二步才是怎么扩张"
2080660602524143797,Fri Jul 24 14:25:19 +0000 2026,macro_first_principles,6,4122,0.232,否,"乍一看，Q2的交易量和OI排名貌似没什么太大的改变，但是可能收到“合规”潮影响，有异议的交易量似乎减少了

但是如果我们把目光放到rwa的话， @bitget  @HyperliquidX 这两家是这波股票上链的受益者 ，领先趋势开始显现出来

q3 看下 @binance @okx 怎么发力守住自己的护城河，也看 @bitget 还能搞出什么花活儿 

ps：我才发现之前发的q2的交易所数据不知道怎么的，找不到了。。 好神奇。。。"
2071446731464851927,Mon Jun 29 04:12:41 +0000 2026,trader_mindset_essays,12,4885,0.232,否,"牌照就是一方水土养一方人的最佳写照

申请牌照这个事情最忌讳的就是路径依赖
MAS有自己的考虑
VARA有自己的偏好
ADGM有自己的好恶
MiCA有自己的规则
SEC有自己的脾气….

很多人可能不知道的是，拿牌照这个事情跟罚款一样，在很多管辖权里都是看碟下菜的

你的规模更大，所以要求就更高；你赚得多，所以你就该给的多；有些管辖权发牌照是为了保护消费者，有些则是为了创收…. 

想知道更多？ 
请留意这两天的重磅文《加密合规十年进化论（上）》

难得可以有一篇文“得罪”所有交易所"
1950911174348067318,Thu Jul 31 13:27:24 +0000 2025,trader_mindset_essays,16,3473,0.232,否,"老粉们估计都知道我一般都会一周两更，一个算法，一个杂谈

但是这周项目出了大事 我们被daxa（韩国🇰🇷的行业自律协会）认为对于近期的黑客事件处理不当而被要求在韩国下架（下市）- 我们到现在还不知道具体原因，只能盲猜

我自认问心无愧：快速追回了大部分被盗资产，100%赔付资金池/受害者，也算是及时跟社区发出“异常”警告吧

而且对比gmx，我们的处理速度和结果都更好吧？！ 然后他们没被下架？而我们就….

吐槽完了，言归正传，反正我这周就在忙着处理这个事情，就发之前的“存货”

大家先看着，主要是说合约交易的真实收益/亏损不能只看表面

话说明晚有个说明会space… 有兴趣的小伙伴可以来凑人气（没有抽奖）"
1972881451973804283,Tue Sep 30 04:29:27 +0000 2025,mm_liquidity,12,4929,0.232,否,"1没有交易量，就没有关注：一个没有交易量的新DEX如同鬼城，无法吸引流动性。
2激励产生交易量：空投为用户创造了强大的激励，促使他们产生巨大但人为的交易量。
3吸引做市商：这种高交易量，即使是虚假的，也使平台看起来非常活跃。这对于吸引寻求高流量场所来部署策略的专业做市商至关重要。
4真实流动性入场：随着做市商的接入，他们提供了深度、真实的流动性并收紧了价差。
5吸引真实交易者：深度流动性、低费用和良好的用户体验相结合，最终吸引了有机的、非激励驱动的交易者"
1906177618657071419,Sun Mar 30 02:52:14 +0000 2025,trader_mindset_essays,9,1514,0.232,否,"1. 以一个payfi/payment老兵的角度，tether和payment可能还不太一样，一个是process payment，一个是资产发行方，发行资产用于交易/转账；前者赚的是手续费/通道费/汇差，后者赚的是资产发行/赎回的磨损和资产的孳息 

2. 交易所的利润规模可能不及payment，但是利润率比payment公司好； 一个原因是两者都是手续费模式，payment的规模 > 交易规模 

3. 还要看衍生行业- 交易能带动更多的配套行业（这些配套能通过入股的方式获得一些衍生利益），payment的参与方都是银行/大机构/协会/政府（不太可能分钱给你）

4.隐形成本- 除非你gr一流，payment的隐形成本都是天坑"
2100850583326626279,Fri Sep 18 07:33:05 +0000 2026,trader_mindset_essays,6,3046,0.225,否,"如果搬到现实中，大家不会觉得《头文字d》的拓海在凌晨4点是真的在送豆腐的吧？

玩过漂移的都知道，这玩意儿有多废轮胎，你一个豆腐店，开这么快漂移送豆腐，还是凌晨在送。。 你想想，这送的就不是豆腐吧。。。 

然后大家就会说，哎呀，都是漫画嘛。。必须要天马行空。。要不然怎么引人入胜 ，推进剧情，制造冲突感，有传播度

这个道理每个人都知道，要区分现实 vs 想象

但是人很奇怪，到了利益足够大的时候，人又反而愿意去相信“想象”的事情，而不去看现实"
2093509595100766668,Sat Aug 29 01:22:37 +0000 2026,trader_mindset_essays,0,0,0.225,否,"哈哈哈 我反向蹭一波孙哥的流量吧

1. 孙哥的长文里有个细节是说A330的汽油损耗要100万美金…貌似说的是只有30人为了平衡啥，所以要多加油.. 

其实吧，可以通过调整汽油在机身的分布来平衡的（A330是有六个油箱的）真的不需要多加油的

再来就是，不是飞机上有多余的油就要放掉的… 这个真不是必要的

2.  2026年的香港元旦是没有烟火秀的

3. 去过Tenerife的都知道…. 那里怎么可能会有零下的温度…..
给你看下地图直观感受一下…

应该就是纯属虚构 要不然就是AI幻觉…嗯 孙哥的助理可不敢糊弄孙哥吧（？）

反正是真是假都不重要，当个段子乐呵乐呵就行 🤣🤣"
2093361043276026163,Fri Aug 28 15:32:20 +0000 2026,trader_mindset_essays,0,0,0.225,否,"哈哈哈 我反向蹭一波孙哥的流量吧

1. 孙哥的长文里有个细节是说A330的汽油损耗要100万美金…貌似说的是只有30人为了平衡啥，所以要多加油.. 

其实吧，可以通过调整汽油在机身的分布来平衡的（A330是有六个油箱的）真的不需要多加油的

再来就是，不是飞机上有多余的油就要放掉的… 这个真不是必要的

2.  2026年的香港元旦是没有烟火秀的

3. 去过Tenerife的都知道…. 那里怎么可能会有零下的温度…..
给你看下地图直观感受一下…

应该就是纯属虚构 要不然就是AI幻觉…嗯 孙哥的助理可不敢糊弄孙哥吧（？）"
2090826908972052524,Fri Aug 21 15:42:35 +0000 2026,mm_liquidity,0,0,0.225,否,"前段时间跟几个做量化mm的小伙伴聊天，才知道原来专业如他们都不知道在股市休市期间为什么是 Hyperliquid的mark price先动？然后才在各cex传导

stock perp的mark price是怎么计算和传导的？🤣🤣

为什么周末bn和okx的场内价格老是被薅羊毛？ 老被牵着鼻子走
为什么gate的交易量和深度在周末更好？

这期的内容非常的硬核，非常的干。大家准备好点温水

这几天整理好后发在substack给付费的群友开开眼：

substack.com/@agintender"
2102965248110260480,Thu Sep 24 03:36:01 +0000 2026,trader_mindset_essays,4,3694,0.225,否,"教大家在新加坡海南咖啡店点单的小技巧
kopi 就是带奶+糖的咖啡 （这里的奶=炼乳）
kopi o 就是不带奶 带糖 
kopi o kosong 就是咖啡，不带糖不带奶

beng/ice 就是冰

所以如果你要带走一杯冰美式 alike的传统海南冰咖啡就是 kopi - o - kosong - beng dabao 

另，建议如果你有时间，可以去亚坤的店里喝杯热的kopi，感受传统的海南风味细节

这个细节就是温杯

师傅在泡的时候会先把热水倒在咖啡杯里，然后依据当时候店里的人数决定热水在杯里停留多久再倒掉，再把咖啡液倒在里头

服务员把送到你的桌子再到你的手碰到咖啡杯的柄就正好是35-40度左右…
海南咖啡的温度

这是你在星巴克感受不到的细节"
2100589029775589620,Thu Sep 17 14:13:46 +0000 2026,derivatives_options,11,3023,0.225,否,"不是， 怎么还有人往 ethereum:0x6033f7f88332b8db6ad452b7c6d5bb643990ae3f 这个坑里跳啊。。。 
我去，，， 

虽然文章很长，但值得你花时间来看

这个操盘的经过让你知道你在庄家面前的无奈和渺小 - 然后你们不要相信有什么AI agent，分析框架可以帮你预测什么是顶，什么是底。。 你还不如相信我是秦始皇呢

那你说你怎么说，这就是陷阱呢？ 你自己看现货-永续的价差，连续4天现货的价格 > 永续，为什么呢？

是做慈善吗？"
2100584307274502403,Thu Sep 17 13:55:00 +0000 2026,mm_liquidity,11,4250,0.225,否,"虽然是tokenized stock已经开跑一段时间内。但是SEC这个order也算是正名了tokenized stock

tokenized stock amm + lending 的基础，这就让 stock perps就更加好玩了

小盘股的链上发行和流通，加上perps - 而且还是隔着两个市场，这套利的传导会更加好玩

友情提示：很多penny stock可以一直增发股票的哦～ 玩得时候要注意"
2093556062444265873,Sat Aug 29 04:27:16 +0000 2026,macro_first_principles,3,4260,0.225,否,"前几天说过抵制AI辅助写作的事情

从这两天孙割发的文章的影响力和评价来看 - 根本就不是AI不AI，是不是手作的原因 —— 而是质量好坏，内容结构和作者的影响力

你管这个是不是AI辅助/润色/执笔 -你就问问自己，看完之后是不是很爽？有没有收获？这就行了啊

工厂生产的奥利奥和半岛酒店的手工曲奇饼干 - 都是面粉和各种添加剂做的

我之前也用过AI杜撰过manus的故事：https://t.co/SCSWFEXbs7 ，当时被骂的很惨， 但你从当时候的传播效果来说其实不错了，而且我知道我还能做的更好，更好，更逼真，更实在，但我知道这不是真的，容易沉浸其中，所以更要克制自己

同一把青龙偃月刀，关羽光是杵着站在那里，颜良就已经瑟瑟发抖了。。
而你拿着，别人只当是个笑话～"
1896762820051808705,Tue Mar 04 03:21:11 +0000 2025,listing_lobbying,3,1052,0.225,否,"Some time ago, @cz_binance mentioned that he generally has a good sense of people (but it takes time to assess them). Seeing what happened @cronosapp  https://t.co/rlGMPZkz7O, I can’t help but be amazed.

To understand the backstory, we have to go back to their origins: MONACO ($MCO)—an old project from the 2017 ICO era that started as a payment gateway with crypto cards as its core offering. In 2017/2018, it had a glorious debut, getting listed on all the major exchanges, including @binance, @Official_Upbit, @CoinbaseExch, @BithumbOfficial, and @okx.

By the second half of 2018, they announced a rebranding from Monaco to https://t.co/sSsFS90z8x (reportedly spending a huge sum to acquire the domain, with PR campaigns to back it up). By the end of 2018, they launched a new token called $CRO under the https://t.co/sSsFS90z8x ecosystem narrative, and it made quite a splash, getting listed on major exchanges in China and Korea. (At this point, https://t.co/sSsFS90z8x had not yet announced its plans to enter the exchange business.)

One thing that left a strong impression on me was that in October 2019, CRO was listed on the top two Korean exchanges, and within a month, https://t.co/sSsFS90z8x announced its plans to launch an exchange. The people responsible for listing CRO on those exchanges were furious—almost flipping tables. It was truly a stealthy maneuver.

Fast forward to August 2020, https://t.co/sSsFS90z8x announced that MCO would be merged into the new $CRO ecosystem. I don’t remember the exact exchange ratio, but MCO holders only received a tiny fraction of the total CRO supply, which caused an uproar in the community. I personally suspect that this move was a ""backdoor listing"" strategy to get CRO listed on Binance, since CRO was booming at the time (market cap in the top 20, with one of the highest daily trading volumes). If CRO got listed, it would basically become a money-printing machine. But @binance didn’t fall for it and delisted MCO after the token swap ended in 2021.

Another interesting episode happened in February 2021, when https://t.co/sSsFS90z8x officially announced that, to embrace decentralization and support the launch of @cronosapp, they would burn 70% of CRO’s supply (which, of course, implies they had an enormous stash of tokens).

And now, four years later, https://t.co/sSsFS90z8x has announced that they need to ""re-mint"" the burned tokens to support their ETF plans. Of course, it’s still in the voting phase, but given the node distribution, well… you get the idea.

Sometimes, you just have to admit—@cz_binance really has a knack for reading people. A single leaf reveals the coming of spring.
#cro #Cryptocom"
2065966054409425246,Sun Jun 14 01:14:25 +0000 2026,trader_mindset_essays,8,4091,0.225,否,"作为一个4年一次的伪球迷，必须也要稍微消费一下这个主题，毕竟看球的时候，除了啤酒🍻+tequila，就是你真金白银参与了“预测”能放大看球的体验

比起以前的预测，现在的预测市场支持时时退出/入场，这点就更好玩了，而且还有多个预测市场还没发币，要是薅上这个积分羊毛也不错- 为了怕你们说我打广告我就不说是哪家了…

然后有意思的地方来了… 要是用 $u 来交易还能额外获得稳定币的奖励，真一鱼多吃了 😄

之前写了busd到u的binance战略版图，放到现在，更看到那份隐忍

在动辄几千万美金的预算和活动，bn这次选择了自然生长，支付不是激励养成的，而是那个渗入生态环境的自然

就像小溪，不知不觉，流入你脚下的水

应了那句 slowly but surely"
2080305198153839055,Thu Jul 23 14:53:04 +0000 2026,mm_liquidity,4,3191,0.225,否,"不是，说到流动性怎么可以不上数据呢。。。

kim：盘中的时候就用stock，盘前/盘后就用bstock，那是不是说盘中bstock就不需要流动性了呢？

那我们一起来看看盘中的 $NVDA bstock是咋样的吧
我取的是7.23 新加坡时间10.13pm-10.23pm (10分钟）fresh from the oven 🤣 

自己看图吧：按理说，盘中是不太需要的，但是bstock 在100bps还是有350k美金左右

ps：别问我其他所的，别为难我"
2073647517389267355,Sun Jul 05 05:57:49 +0000 2026,macro_first_principles,13,4889,0.225,否,"这个误导的太严重了。。不得不吐槽一下。。

刷推的时候看到这个。。吓得我赶紧查一下

结果就是一个正常得不得了的repo（回购协议）而已，跟inject（注资）差了800公里

这就是美联储是通过常规的日常操作（主要是回购协议市场，Repo market）来管理流动性而已

美联储实际上正在进行的是储备管理购买RMPs。目前，美联储每月购入的T-bills规模约为 400 亿美元左右，这是一种渐进式的操作，而非在单周内完成。而且，美联储还在逐步推进缩表（量化紧缩，QT）"
1638446155687407616,Wed Mar 22 07:42:59 +0000 2023,derivatives_options,10,225,0.225,否,"Roadmap of @marginx_io has been published
The road ahead is exciting. Beyond a #DEX, beyond a #blockchain.
A comprehensive decentralised finance solution to further enhance the idle liquidity while maintaining the transparency.

https://t.co/p3IcmJhhFK"
1624224243973255168,Sat Feb 11 01:50:11 +0000 2023,derivatives_options,12,580,0.225,否,"Adding another option to the Maker LP, @marginx_io  will roll out a new AI Bots Trading Pool. Participants can choose to let a series of artificial intelligence trading algorithms deploy and run trading strategies on their behalf. 

https://t.co/oBnVZ2Qqj6

#AI #trading"
2010988749753368703,Tue Jan 13 08:14:14 +0000 2026,trader_mindset_essays,12,3310,0.225,否,"还记得在技校混日子的时候，那是一个初夏的下午，那时候教室的空调还没开，空气中弥漫着一股难以言喻的泡菜坛子，又刚吃完牛肉拉面和煎饼果子，意识恍惚间听着老师在台上讲解啥叫“故意”

刑法上，除了结果、行为外，还有个东西叫意图（mens rea），这个东西可以讲三天三夜，这里就讲个大概，大家看个乐乎就行～

这个“意图”可以区分为故意和过失，再根据预见能力、意志及放任程度再区分为：
故意：这个很好理解，就是故意的，明知自己的行为必然或可能发生危害社会的结果，并希望或有意使其发生

间接故意：明知自己的行为可能发生危害社会的结果，但对结果的发生持放任、漠视的态度，虽然不追求，但是也不积极避免

过失是“不希望发生，或者觉得能躲过去”
认识过失：已预见危害结果可能发生，但轻信自己能力，盲目自信，认为可以避免，实施行为后发生危害结果

无认识过失：按行为人的常识和情理应预见危害结果，但因疏忽大意没有预见，以致发生

从考试的角度，一般来说比较难区分的是【间接故意】和【认识过失】
为啥呢？
因为行为人都预见到了危害结果可能发生，区别全在于意志因素即：心里到底是怎么对待这个（可能发生的）结果的？ 

举几个例子：
a. 某匪徒抢劫后驾车逃窜，警察在后紧追。正前方是闹市区，人流密集。

匪徒想：“不管前面有没有人，我也不能停车，撞死人算他们倒霉。”然后一脚油门冲过去，撞死路人。

他预见到可能撞死人，但为了逃跑，他容忍了这个结果的发生。这是间接故意。

b.某飞刀高手在表演飞刀射苹果，助手头顶苹果。

高手想：“虽然有风险，但我练了三十年，从未失手，这次肯定也稳稳扎中苹果，不可能扎到人。”结果手一抖，扎死了助手。

他预见到可能扎死人，且他极度排斥扎死人，且相信自己的技术能避免。这是过于自信的过失。

所以看到这里你觉得除了亏钱，还有什么意义吗？"
2029516373777637552,Thu Mar 05 11:16:24 +0000 2026,listing_lobbying,6,3788,0.225,否,"如果说经济制裁是导火索，那么腐败到家的制度才是根本原因

给大家猜猜伊朗🇮🇷境内在高峰期内国内对美元汇率多少种汇率？

直接说答案吧：8个

不同的事务对应不同的汇率…

这种巨大的官方汇率与黑市汇率之间的差额，构成了人类经济史上罕见的制度化套利空间。在2024年初，NIMA汇率与黑市汇率之间的差距高达52%，这意味着任何被迫在NIMA系统中结汇的出口商，其实质上被剥夺了一半以上的资产价值。

相反，拥有政府高层人脉、隶属于伊斯兰革命卫队（IRGC）的准国营企业或特权寡头，可以轻易通过虚报进口发票（例如谎称进口救命药品或工业机械），以极低的优惠汇率（如280,000里亚尔）从央行骗取数以亿计的美元外汇。

随后，这些企业根本不进行任何实体货物的进口，而是直接将这些美元拿到黑市上以1,600,000里亚尔的市价抛售，瞬间攫取高达数倍的无风险暴利。

这种汇率双轨制和Trade Misinvoicing正是导致伊朗实体经济严重贫血的根源。

据伊朗议会经济委员会成员Hossein Samsami披露的数据，从2018年至2025年中期，竟然有高达950亿美元的非石油出口收入“从未返回过伊朗”。

央行数据显示2018至2024年间约800亿美元通过外贸渠道流失，而私营部门仅占外贸总额的15%，那剩下的85%去了哪里？！"
2060745022430134513,Sat May 30 15:27:54 +0000 2026,trader_mindset_essays,11,3015,0.225,否,"现在市场的底层逻辑之一就是现有的模型transformer，scaling law etc这些不变，训练方式不变。。。即越多算力 = 越有能力

按照AI解决复杂问题的速度，别说什么黎曼猜想、七桥问题。。。过不久可能就把LLM迭代了，到时候的模型、训练/学习方法可能就不是现在这个样子了

到时候可能出现：能力对算力脱敏。能力上不输 scaling，且能力对算力的弹性显著变小（即使疯狂加算力也不太能涨分了）
这个时候就不再单纯依赖堆芯片、堆算力。。要是这个事情真的来了，那市场现在fomo的半导体、存储、芯片、cpo的需求可能会降低。。

如果真的到了这一天（which 我觉得不会太远），那么还有什么是，你今天买了，还能适应这个底层逻辑变化的？"
1947944218447823290,Wed Jul 23 08:57:47 +0000 2025,listing_lobbying,6,2178,0.225,否,"这几天貌似写了太多交易相关的内容，大家估计都快忘了这个账号其实是一个“段子手号” 🤣😂

今天要跟大家分享的是上周刚通过的天才法案 Genius Bill

抛开监管、合规、储备、政治、美债等等大家“耳熟能详”的因素，Genius对稳定币的“确权”意味着什么呢？

在我看来，Genius在做的事情就是“水”化美元

看之前潮汕钱庄的老朋友可能都知道：“钱庄之道，不在结算，在于流通。”意思是说，掌握资金的流动性权力，远比掌握一笔单次结算更有价值。

把“钱”当成“水”。水往低处流，流动的水会自己往下流动、往每一个缝隙流动、往生活的方方面面流动、往每一个价值洼地流动。

但是这次咱们换个视角，这次从西班牙无敌舰队的角度出发

感兴趣的朋友，今晚新加坡时间8点半，敬请期待

《西班牙无敌舰队的""银元“殖民之道：Genius法案如何“水”化稳定币重构美元殖民体系》"
2039612251896983565,Thu Apr 02 07:53:49 +0000 2026,trader_mindset_essays,6,3879,0.225,否,"有没有可能这就是 @circle 的设定 - $usdc 就是一托管机构

没有法律规定的情况，他们能做的就是“放任” - 毕竟谁都不希望自己的钱随时被“冻结” 

从合规和品牌的角度 - 冻结可是“例外”情况，需要一堆的文件和授权，而且冻结不会给circle带来额外收益，反而搞错了，除了可能被告之外，还会影响品牌，得不偿失（如果这件事在base 就不同了）

而且当时候circle的合规/追踪（如果有）可能也不在线…就更谈不上汇报操作了

当然对于受害者来说，这可是恨死circle（相信我，我知道这是什么滋味）

这点 @okx  @binance 就做得很好，联系之后，他们会先“冻结”账户资金24-72h，给当事人一些时间去获得相应的paperwork，如果时间过去你未能提供相关的文书，那就不好意思了…

有人常常说cex 冻结资产/交易 - 就我有限的处理经验 95%都是有问题的… 

你要安全又不要繁琐的程序？
你要方便又担心安全？
你以为你是特朗普啊？"
1984230262285427167,Fri Oct 31 12:05:34 +0000 2025,derivatives_options,3,2692,0.225,否,"Let me break this down for friends who might not get the whole Chinese-style way of communicating

 1. Once you say something in public, there’s no taking it back. You’ve basically burned your escape route.

2. Good news? Say it loud and proud.
But if it’s something you’re still working on or haven’t fixed yet — keep it low-key, talk about it privately.

3. And just because a founder calls themselves the “Chief Customer Support Officer” doesn’t mean you should bring everything to them.

Yeah, they might reply — but it’s the team under them who’ll have to deal with the fallout. If what you said gets someone yelled at, loses them a bonus, or even costs them their job… that’s on you.

And don’t forget, those same people are the ones who’ll be handling your stuff later. You really wanna be on their bad side?

给不懂中文（东方文化）沟通方式的朋友科普一下：

1. 当你公开说一件事情的时候就意味着没有回旋的余地了；

2. 好事你可以明说，大胆的说；但是你正在解决的事或者还没解决的事情，要暗地里说；

3. 不要以为有的创始人称自己为“首席客服”，你就什么好事坏事都去找人家说。。创始人确实会回复你，但是你这可苦了下面干事的人啊，被骂还好，要是落得取消奖金，甚至开除，你受的了吗？

而且到最后处理这些细节的还是这批人，你落在他们手里还会有好果子吃？"
2006276585771655528,Wed Dec 31 08:09:47 +0000 2025,macro_first_principles,20,4292,0.225,否,"2025总结？展望？ hhhh

比起各位在25年风生水起 25年秒全宇宙  25年打好每一副牌的年度总结

我25年的主旋律可以说是把一副好牌硬生生打崩，打烂，打废

很多人让我好好歇着？或者去上班？😂 幸好我足够老，还在牌桌上，血还没凉，还没要退休

26年，我们带着潮汕学的第一性原理杀过来了 - 卖铲子给卖铲子的人，这次我们把“交易”这件事倒过来做一次

现在正是百废待兴之时，真tm让人兴奋啊"
2046106343766179874,Mon Apr 20 05:59:01 +0000 2026,macro_first_principles,11,4199,0.225,否,"与其说人是趋利避害，倒不如说人的基因刻着的是如何节约能量的属性设置

能10步拿到食物的，就不要20步 - 不是因为人懒，而是远古时候人类的卡路里摄入有限，能省一点是一点，这是人性也是生理性优化的结果

所以“向上”其实是反人类基因的

在市场环境不好，大佬们在掐架，大家都抱怨甚至质疑行业的时候（aka 都没食物了） 但总有些人觉得不该就这么躺着

“When they go low, we go high” 大概就是这个意思

除了热爱，反人性可能才是向上的力量要表达的 - 周期里的反人性
周期有时，人性有时"
2037550984160043222,Fri Mar 27 15:23:05 +0000 2026,trader_mindset_essays,2,3347,0.225,否,"我好像发现了x针对文章的新功能…
就是文章右边👉的那个play > button

点击之后，是语音阅读（虽然wechat领先了n个版本）
对于不想看长文的小伙伴有福了啊，这下又少了一个不看长文的理由了

其实就是一键收听（其实就是照着读） 我试了一下，还蛮适合助眠的

不过好像不是所有文章都支持，我看了一眼我的文章列表，目前支持了两篇，不清楚筛选标准是啥

另一篇的语音就很搞笑，我就不剧透了，大家有空自己去听听看😂😂"
2037404762728022506,Fri Mar 27 05:42:03 +0000 2026,trader_mindset_essays,3,2300,0.225,否,"最近刷到荒野求生的真人秀，原来在野外狩猎大型动物时时，受限于武器，猎人们其实并不追求一击必杀，更多是让其受伤，持续掉血

然后猎人就保持距离尾随，一直到猎物因失血过多倒地，再去补刀收割

期间还要警惕四周是否有其他动物夺食

这么一说，是不是有点 $siren $bard 的感觉啦 😂

怎么说呢？凭什么散户就要做猎物呢？ 说好的meme 和alpha，怎么沦为了收割工具

今天稍晚时候 https://t.co/HJByC29JV9 发一个好玩的东西，可以假装待一下 😂"
2004939909770125729,Sat Dec 27 15:38:19 +0000 2025,trader_mindset_essays,17,4687,0.225,否,"😂 感觉假设不把这些事件发生的事件跟价格走势图/图表放在一起，大家就不太能直观的感受到这些事件起到的积极意义

随便举个例子
Sec 诉 Ripple关于XRP是否属于证券；2025年3月Sec 放弃了上诉 - 这意味着这个判决成为了“先例”（precedent），判决里面有个比较重要的概念就是“场景区分”原则 - 销售与二级市场交易是不同的

这个事情的影响力超乎一般人的认知，我就这么说吧，这个事情直接加速了后续n个山寨币的etf的申请；还间接让山寨币DAT成为可能

看下大家的反馈，看看要不要把一个个的事件的意义写下来"
2004816072034390300,Sat Dec 27 07:26:13 +0000 2025,trader_mindset_essays,12,2878,0.225,否,"对于AI“革命性”生产力的到来，普通人根本还没到“不拥抱就会被淘汰”的地步

就像3年前说不拥抱区块链就会被时代淘汰的人，你看那些3年后才进来的人有什么太超前的变化吗？

新技术的迭代只会先造富一群人，你只是没享受到红利，但你不会这么快就被干掉

为啥？因为想要把淘汰你的人还没意识到自己要被淘汰了… 

造富是几个人的事，普及是一群人的事

鞭策大家使用了解AI是挺好，但贩卖焦虑真的大可不必

我邻居家的五大姑的八大姨的小侄女的三兄弟就算在通膨爆炸的土耳其没用上usdt也过得还行…."
1938804843755512257,Sat Jun 28 03:41:10 +0000 2025,trader_mindset_essays,12,2995,0.225,否,"当我们在比较的时候，比的是两个相近的人/事/物吗？ 不，是内心的平静

地铁上，一个不太干净的建筑工友摆手对我说 excuse me，让我别坐他旁边。
我以为他旁边有人要坐，我就识趣的绕开。他就指了指他沾满泥泞的安全帽和背心说，“It is dirty” 我说我不介意，他让我坐下。
几站后他到账了，起身离开，临走时回头看我一眼，低声说：

“thanks”

我怔了一下，点头回礼

他下车后，站在我正前方的两个小年轻来了句 “ he looks dusty, shall we wipe the seat first”

我才明白那句 谢谢的意思.

两个衣着格格不入的陌生人，即使坐在一起，也会让人自觉低人一等.

我常常无法靠近那些潇洒、明亮、活得热烈的人，我心里的潜台词就是这句话！
但是这不仅仅是因为他们的生活刺痛了我，而是因为我也曾经是，或者说也可以成为那样的人。
看着他们的生活就像像镜子，照出了我如今悄悄放下的东西。

很多对性别的攻击，也是如此。
从来不是因为他或她做错了什么，
而是因为他们的太勇敢，太自由，太鲜活，活出了别人梦想的样子；
他们存在本身，就在提醒别人：
你也曾可以发光，只是你放弃了。"
1938126754549473550,Thu Jun 26 06:46:41 +0000 2025,macro_first_principles,4,1235,0.225,否,"当我们在说，人要有自知之明的时候，我们在说什么呢？

我们在做产品的时候，不管是是支付/defi/AI，不管2b2c，其实都有一个用户周期价值 life time value，LTV是用户从接触产品到离开产品，这一完整生命周期内产生的价值

说人话就是你能给我带来多少价值？是收入？是声量？是形象？流动性？

谈价值，那就是收入-成本，你能带来的收益扣除我吸引你来的成本

不管你是嘴撸手撸钱撸，都逃不过这个算法，假设你不清楚你撸这个事情能给项目方带来什么收益，那你被反撸就是大概率的事情

产品经理算用户价值，用户也要算人生价值。假设币圈用户的周期价值是10万u的话，那么你随便搞，红利期大；假设只有1千u，那你要首先要问自己怎么避免掉坑里

如果你不是天选之人的话，那么亏钱的为什么不是你？

避免掉坑里，才是“自知”之明的开始

be like a 潮汕人"
1937794912990412834,Wed Jun 25 08:48:04 +0000 2025,derivatives_options,16,4173,0.225,否,"That’s not just automation — that’s sovereign digital labor wrapped in programmable incentives

@PundiAI is building the future of AI data — where #DataFi  turns every contribution into capital.

So yeah, it’s probably nothing.

Stay curious.
Stay skeptical.
But don’t sleep on this.
#datafi is coming

#pundiai #datafi #dataiscapital"
1888891123479031932,Mon Feb 10 10:01:52 +0000 2025,trader_mindset_essays,6,1242,0.225,否,"Alpha leak: The next big thing in crypto isn’t a token—it’s an AI market-making agent. Autonomous liquidity, precision trades, and no sleep. The real edge is 24/7 AI hustle. 📈🤖 #DeFi #AIAlpha

@aixbt_agent"
1905986205197742118,Sat Mar 29 14:11:37 +0000 2025,derivatives_options,3,497,0.225,否,"Feeling exhausted after the Hong Kong Web3 Festival? Come join us for some sizzling hotpot chicken! 🍲🔥

A huge thanks to @PundiAI and @zetachain for sponsoring this private late-night chicken pot gathering on April 8th from 9 PM to 2 AM.

This is an exclusive event with industry OGs, media, KOLs, project teams, exchanges, tools, VCs, and more — a chance for old friends to catch up and unwind.

Due to limited space, we can only invite a select number of guests. Apologies in advance!

But hey — I'll be selecting 5 lucky participants from those who actively engage with this post to join us for some delicious hotpot chicken.

Please help me out by sharing this post (boss asking) 🙏🙏🙏
#HongKongWeb3Carnival #Web3Festival"
1904793689408544784,Wed Mar 26 07:12:59 +0000 2025,trader_mindset_essays,5,1744,0.225,否,"我忘了是不是Jack Ma（还是鲁迅 🤣）说的，“我从来不学习成功的经验....我们要从别人失败的经验吸取教训。”

有鉴于市场上大部分的声音/报道都是关于胜利者，或者脱颖而出的佼佼者，比如xxx项目tge，上bn/cb/upbit等等的“成功”案例解读；

作为一个老从业者，我想做个不一样的尝试，就是为那些被强制退市/下架，或者目前不存续的项目写一个“失败”案例详解，类似吴晓波的币圈版《大败局》 （有些案例我还有一手资料的）

有感兴趣看这种失败案例的吗？踊跃的话，我一会儿开始写
#币圈大败局 #大败局"
1864945506176372867,Fri Dec 06 08:10:32 +0000 2024,derivatives_options,0,221,0.225,否,"@MrRicho48 @PundiXLabs @PundiAI it is just for discussion.
I was thinking we can generate new token from the block reward that could not give extra use case of the current $pundix token but also attracting users to stake their $pundix token"
1864875923637703130,Fri Dec 06 03:34:02 +0000 2024,derivatives_options,14,1214,0.225,否,"What if #pundix launches the #aiagent blockchain where the native block reward is $pundix token? 
Stake $pundix and get $pundix and other $aiagent token as rewards 
How does that sounds?
@PundiXLabs @PundiAI"
1839140136694722842,Thu Sep 26 03:09:12 +0000 2024,trader_mindset_essays,4,422,0.225,否,"If u think #sui @SuiNetwork ecosystem will be blossomed soon - then the last thing u do is buy $sui , instead u should look at  $navx $cetus $sca , it is like a leveraged $sui 
@Scallop_io @CetusProtocol @navi_protocol"
1833103303473057980,Mon Sep 09 11:20:59 +0000 2024,trader_mindset_essays,17,552,0.225,否,"Anyone can share with me what was the biggest #crypto lucky draw u have ever heard? 
@PundiXLabs @PundiAIFX and @Purse_Land are doing something very very big during the upcoming #TOKEN2049  
Probably the biggest #reward in the #TOKEN2049  history"
1828792408475304263,Wed Aug 28 13:51:02 +0000 2024,trader_mindset_essays,2,330,0.225,否,"The number of participants staking $BNB with
@realDogsHouse
is 1.6 million, with 11 million $BNB staked. On the previous project, $IO with
@ionet
, the number of participants was 130,000, with 18 million $BNB staked.  One project was in mid-June, and the other was in late August. Within two months, the number of participants increased 12 times, but the amount of $BNB staked actually decreased by nearly 38%.  From publicly available information,

@binance

's launchpool supports on-chain BNB staking, which should increase the number of participants. However, you mentioned that the number of participants increased by 1.4 million, which seems a bit off to me. For example, the number of wrapBNB on-chain addresses on BNB Chain is still less than 2.4 million.  Regarding the decrease in the amount of BNB staked, it might be because the launchpool is simultaneously running a staking event for $TON with
@ton_blockchain
.

@heyibinance
@sisibinance
@binancezh

Learn how to better grow your user base."
1828454331533926423,Tue Aug 27 15:27:38 +0000 2024,trader_mindset_essays,2,369,0.225,否,"不懂就问
$dogs  @realDogsHouse 的参与$bnb质押人数是1.6m，11m$bnb 而上一个项目$io @ionet 的质押质押参与人数是130k，18m的$bnb

一个是六月中旬，一个是八月下旬，两个月之内，参与人数增加了12倍，但是参与质押的$bnb反而下降了近38%

从公开信息来看，@binance 的launchpool支持链上bnb的质押，应该会增加参与人数，但是你说参与人数增加1.4m，这个貌似就有点不合我的认知，比如bnb chain的wrapbnb链上地址目前还不到2.4m

关于质押bnb数量的下降，有可能是因为同时的launchpool也在进行 $ton @ton_blockchain 的质押活动

@heyibinance @sisibinance @binancezh 学习一下怎么能更好地做用户增长"
1769655815009653054,Mon Mar 18 09:23:19 +0000 2024,trader_mindset_essays,4,1830,0.225,否,"1/3 how about we do a ""donate-to-launch"" #memecoin  on fxcore for fun? @indrawxyz @zibin @DavidBenKay @functionx_io 

donate address: 0xF47aFb4eC09671CC62565FFFB7073F3557964943 (fxcore)

I will put all of the donation proceed + #meme token into the pool and burn the LP token"
1775113008441909563,Tue Apr 02 10:48:15 +0000 2024,derivatives_options,8,480,0.225,否,"i guess @functionx_io and @cosmos's ecosystem really like to trade #memecoin on @marginx_io 

trading is climbing
we are working hard
 #SAFU 

@Cosmos_Tic @Cryptocito @CosmosATOMDaily @InformaCosmos @JPL_Cosmos"
1773990534320951681,Sat Mar 30 08:27:57 +0000 2024,derivatives_options,0,94,0.225,否,"@bobaoppa is just a completely BS

Raised 220,000 $SOL pledged 150,000 $SOL for stable

The two pools now have 30k  and 50k stable respectively. The transaction fee is dynamically - with a maxof 10% and a minof 2%, and collected fee of 640k stables

Shame on @machibigbrother"
1787799678983295469,Tue May 07 11:00:33 +0000 2024,trader_mindset_essays,4,602,0.225,否,"If u dont understand #meme look at #points by @Blast_L2 @eigencloud @puffer_finance 
 the same underlying conceptual framework- the social lottery, the tiny hope to hit big jackpot 🎰 
Do NOT participate if you do not understand"
1723712686293451111,Sun Nov 12 14:41:44 +0000 2023,trader_mindset_essays,3,168,0.225,否,"Regardless of bear and bull markets, greed, or fear, we are constantly grappling with our emotions. 
If precision and specificity are essential, consider making decisions only when your heart rate is below 70 beats per minute. #moralofthestory #fightemotion #fomo #fear"
1660905299903905793,Tue May 23 07:07:36 +0000 2023,trader_mindset_essays,11,694,0.225,否,"1/6 Why do I prefer the perpetual contract over spot trading to #Memes  coin?

To put it simply, the perpetual contract allows you to maximize your options within a limited window period than the spot.

A thread 🧵 https://t.co/vH0z5S3tiw"
1660595392621232131,Mon May 22 10:36:08 +0000 2023,derivatives_options,6,302,0.225,否,"for the sake of transparency
 maker liquidity pool of @marginx_io address shall make two transfer tx from 0xF937CE482E067B315446A1f63E48FFF599C788DB --> 0x36049cBe2a336f71a22290e6Daf56ccb6D87D65B

0x83ED913a3f7adC173f05e3bF60b5AA9dfaBFc3e6 -> 0x36049cBe2a336f71a22290e6Daf56ccb6D87D65B"
1634516997320081413,Sat Mar 11 11:29:54 +0000 2023,mm_liquidity,12,820,0.225,否,"My friends asked me, what asset should I convert to after this $dai $usdc #fud 
Other than $btc $eth $bnb u can consider $fx
worst case scenario, u get a top tier #L1 with ultra #subnets scalability + #AMM + #Dex 
Best case, u tell me"
1635857012402835462,Wed Mar 15 04:14:39 +0000 2023,derivatives_options,16,386,0.225,否,"Just in case, you are wondering how’s the performance of @marginx_io 
So in short , @marginx_io has earned a total of $323,690 (trading + gas fee) 

Real yield, real utility 
The platform trading fee will be shared among the maker liquidity pool on epoch3

https://t.co/gsxX4IhpFG"
1629690182852288512,Sun Feb 26 03:49:52 +0000 2023,trader_mindset_essays,5,1165,0.225,否,"@jpegjohny @machibigbrother has been waiting for this opportunity to offload their position for so long
Thanks to @blur_io @PacmanBlur  u guys try to change the illiquid #nft situation and industry 
Imagine without @blur_io , the impact of 110 #bayc drop to the market"
1633404259763998721,Wed Mar 08 09:48:17 +0000 2023,derivatives_options,4,165,0.225,否,Shall we do a twitter space to discuss the recent events between @Alpha_HomoraV2 and @ibdotxyz on @marginx_io ? @AlphaVentureDAO @tascha_panpan any thoughts? We believe the public attention shall put some pressure on @ibdotxyz to avoid doing something disgraceful to #DeFi space
1673987156690493440,Wed Jun 28 09:30:13 +0000 2023,trader_mindset_essays,4,223,0.225,否,"That’s somehow true
Be like #Azuki #AzukiElementals #NFTs @Azuki 
Why sell a 2e nft when you can sell at a higher price, I mean after all the #AzukiElementals look identical to #Azuki right? 
Just a joke we chill https://t.co/aAAeMl1OcN"
1673615939584286720,Tue Jun 27 08:55:08 +0000 2023,derivatives_options,12,506,0.225,否,"@marginx_io being primarily associated with the #FunctionX ecosystem is because it originated and was initially developed within that ecosystem. However, it has now evolved and expanded beyond the #FunctionX ecosystem, implying that it is no longer confined solely to that environment.

This expansion is likely a result of @marginx_io's developers recognizing its potential to be leveraged in various environments, not just limited to the original ecosystem. By transcending its initial boundaries, @marginx_io aims to reach a wider audience and offer its benefits to users beyond the #FunctionX ecosystem."
1673228787771645952,Mon Jun 26 07:16:44 +0000 2023,derivatives_options,12,1138,0.225,否,"My first challenge is about to start
1e to 100e

selection criteria:
Before it goes viral
&gt;3 million market cap
Security:  unlikely to get #rugpull
No on mainstream media/ centralised exchange yet
Interesting and forward looking narrative

Will post my wallet address soon #NFA"
1670058695139393536,Sat Jun 17 13:19:55 +0000 2023,derivatives_options,12,1700,0.225,否,"I was thinking of having a #100x challenge. Here are the details of the challenge: I will start with 1 #ETH and aim to turn it into 100 #ETH by the end of the year.

Anyone interested? @marginx_io 
#100x hidden gems"
1668072971087544320,Mon Jun 12 01:49:22 +0000 2023,mm_liquidity,4,226,0.225,否,"If we reverse engineer the logic of #sec , everything has to be #securities  in order to fall within the jurisdiction of #sec and the same logic applies to #commodities - it is a tug of war 
#crypto just became the collateral damage amid the fight between #sec and #cftc https://t.co/XuHXhtWV1u"
1660908330045284354,Tue May 23 07:19:38 +0000 2023,derivatives_options,2,71,0.225,否,"4/6 永续vs现货
永续一般都自带杠杆功能，杠杆就能让你的资金使用效率更高，同样的钱可以同时参与好几个不同的土狗/meme - 大大增加你的选择次数

有人会问，加杠杆要是爆仓了怎么办？
当然这个前提是你不要开过高的杠杆
假设你开2-5倍，然后提高margin保证金的比例，就算震荡20-50%也不会爆仓，但是如果涨/跌超过了50% - 就如同我之前说的，meme跌50%和100%是一样的，在现货市场你同样也无法做什么

虽然同样是爆仓归零，但是你通过杠杆的方式，增加了你在那个有限的“窗口期内”的选择次数"
1660907034491908096,Tue May 23 07:14:29 +0000 2023,trader_mindset_essays,5,87,0.225,否,"6/6 Security
I believe everyone has heard that the project party will blacklist the address that has earned 10000x  before - so that the address cannot be transferred; or prevent you from withdrawing coins in various ways on the centralised exchange"
1660906850210988033,Tue May 23 07:13:45 +0000 2023,derivatives_options,5,72,0.225,否,"5 /6  #Diversify your strategies
Perpetual contract works  two-way. You can not only be bullish, but also bearish. After the market sentiment passes, you can also choose to open a short position to transfer profits

Or, if you bought a large amount of spot, you can also hedge your spot position by opening a short position
Perpetuity provides more ""buying lottery ticket"" combinations and strategies"
1660906671651139585,Tue May 23 07:13:03 +0000 2023,trader_mindset_essays,5,61,0.225,否,"Even if it fluctuates by 20-50%, the position will not be liquidated, but if it rises/falls More than 50% - As I said before, a meme drop of 50% is the same as 100%, and you can't do anything in the spot market"
1660906617041305600,Tue May 23 07:12:50 +0000 2023,trader_mindset_essays,5,67,0.225,否,"4/ 6 Some people may ask, what if the leverage is increased and the position is liquidated? Of course, the premise is that you don’t open too high a leverage, such as 20, 25 times. Suppose you open 2-5 times, and then increase the ratio of margin margin."
1660906457376739329,Tue May 23 07:12:12 +0000 2023,trader_mindset_essays,5,87,0.225,否,"4/6 #Perpetual vs #Spot
Perpetual contract has leverage function. Leverage can make your capital use more efficient. The same money can participate in several different memes at the same time - greatly increasing your number of choices"
1660906231635009539,Tue May 23 07:11:18 +0000 2023,trader_mindset_essays,5,75,0.225,否,"4/6 Secondly, for #memecoins , a 20% drop is the same as a 100% drop, because the gas fee cannot be covered after selling, so there is no need to sell the remaining token value, just like you bought a lottery ticket (on #dex)"
1660906083500584963,Tue May 23 07:10:43 +0000 2023,trader_mindset_essays,5,81,0.225,否,"3/6 lottery theory
My premise is that buying a meme coin is similar to ""buying a lottery ticket"". Of course the probability is low.

So what I value more is the ""number of selections"". This is a probability game. The more times you participate, the greater the probability of being selected. So in order to maximize my number of choices, each trade size is very small (and sometimes the gas fee may exceed the capital I invested)"
1660905913992052737,Tue May 23 07:10:02 +0000 2023,derivatives_options,5,79,0.225,否,"3/6 #meme is essentially go big or go home, with a high probability that it will either return to zero or the price will be cut in half, and the window period for ups and downs is very fast, and it often fluctuates with market sentiment

Furthermore, the outbreaks of meme coins are all intensive, and they all have a specific window period, and the general cycle is a few hours to a few days. To seize the opportunity to choose prey during that window"
1609005940220612609,Sat Dec 31 01:58:04 +0000 2022,trader_mindset_essays,3,488,0.225,否,"I was joking with my friend, “I guess I did something in 2022 but yet accomplish nothing. The seed I plant along the journey doesn’t really blossom”. He laughs at me, “ Nah… that’s no true, u still manage to lose some money, at least” 
#JokeoftheDay https://t.co/K2Usr0Us18"
1591649089644630018,Sun Nov 13 04:28:09 +0000 2022,derivatives_options,3,0,0.225,否,"So this proof-of-address thingy is just for show? I thought u said “cold wallet” storage? Interesting 
Does other exchanges’ wallet consider as ‘my cold wallet’ ? 
Better keep in private wallet then
Ur keys ur coins"
1591291855529947136,Sat Nov 12 04:48:37 +0000 2022,derivatives_options,2,0,0.225,否,"Well, to be honest this proof of reserves thingy is just better than nothing. 
From accounting perspective, balance sheet consists of asset and liability. You can prove ur assets, how about the liabilities? How much u pledge? Charge? 
Well, better than nothing, I guess"
1587398542418583552,Tue Nov 01 10:57:59 +0000 2022,trader_mindset_essays,3,0,0.225,否,"3/3, So the idea of 3.3 secs is to let users to hv sufficient time to place the order within the same block time without being arbitrage or front run by the MEV bots. Every order (within same block) has the same starting line, no cheating, no hidden advantages, no order hijack"
1587396703627276288,Tue Nov 01 10:50:41 +0000 2022,derivatives_options,4,0,0.225,否,"2/3, after you hit the long/short button, you will need to sign the transaction again on fxwallet (~0.5 sec) and the transaction will be broadcasted to @marginx_io ‘s blockchain and submit to the orderbook (~0.8 sec)"
1587395643194060804,Tue Nov 01 10:46:28 +0000 2022,trader_mindset_essays,3,0,0.225,否,"1/3 have you tried placing an order on https://t.co/X0m5PMbg3P before, have u timed how long will you take?  You probably will need to check the market price,order book and decide a price u want to buy/sell (~1sec)  and key in the price, amount and leverage (if needed) (~1sec)"
1587011572962013185,Mon Oct 31 09:20:18 +0000 2022,derivatives_options,12,0,0.225,否,"Anyone wants to make a guess about the block time of @marginx_io , why it is 3.3 secs or rather what’s the rationale behind the 3.3 secs setting? 
I will send 100 $fx to the best guess answer
Who wants to give it a try? #giveaways #guesstoearn #learntoearn https://t.co/6v7wcIt2Q1"
2087113366078914885,Tue Aug 11 09:46:17 +0000 2026,mm_liquidity,5,4459,0.224,否,"但其实bn上这个 香港版本skhynix 2x的时间点应该是有点说法的（也可能是我自己想的 😂 可能就是单纯把港股按交易量和热度筛一遍）

刚好填补了因韩国国内提高参与这种2x杠杆etf的门槛的空白期

就是这个深度比较一言难尽….  应该是做市商没谈好，再不然就是上币组和做市商组脱节了

这么好做的标的，不应该啊"
1981253680356872638,Thu Oct 23 06:57:41 +0000 2025,derivatives_options,15,2200,0.224,否,"@mdzzi @thecryptoskanda @timtimtim_eth 差不多 - 看你有没有庄家优势的区别

预测市场，或者polymarket的模式本质上基于事件型的二元期权合约 （event contract)

基本上只要做到不与player对赌，没有house edge，就是一个p2p的交易平台就可以避免纳入博彩的范畴"
1937536415992332526,Tue Jun 24 15:40:53 +0000 2025,trader_mindset_essays,6,3690,0.224,否,"我去… 难道真的要如 @OwenJin12 老板说的，我要转型做合约赛道博主啦？！但是说好的广子呢？！ 😂😂

anyway我其实要说的接近160k的浏览量，700的bookmark，你们真的会后续翻回来看么….

我其实在写的这篇的时候，也“顺便”看了其他家交易所的算法… 有几家抄的一模一样、有几家在前人的基础上优化了不少、有几家就改的非常坑爹（自己）、还有的就差把“割你”刻在脑门上了…."
2095322214065442921,Thu Sep 03 01:25:19 +0000 2026,trader_mindset_essays,0,0,0.222,否,"合约算法镰刀系列（拾陆） 华尔街没有价格的48小时：@Bitget Stock Perp如何接管周末定价 

为什么 @GracyBitget @bitget 敢喊出UEX的愿景？难道是梁静茹给的勇气？！  ))不是啦～ 

《给镰刀一个周末》，给大家讲讲bitget是怎么利用算法和机制实现stock perp的弯道超车

substack上新啦～
https://agintender.substack.com/p/48bitget-stock-perp?r=8gs9xi&utm_campaign=post-expanded-share&utm_medium=web"
2095147524793475498,Wed Sep 02 13:51:10 +0000 2026,trader_mindset_essays,0,0,0.222,否,"合约算法镰刀系列（拾陆） 华尔街没有价格的48小时：@Bitget Stock Perp如何接管周末定价 

为什么 @GracyBitget @bitget 敢喊出UEX的愿景？难道是梁静茹给的勇气？！  ))不是啦～ 

《给镰刀一个周末》，给大家讲讲bitget是怎么利用算法和机制实现stock perp的弯道超车

substack上新啦～
https://agintender.substack.com/p/48bitget-stock-perp?r=8gs9xi&utm_campaign=post-expanded-share&utm_medium=web"
1982812586262298744,Mon Oct 27 14:12:14 +0000 2025,mm_liquidity,7,1718,0.222,否,"@tenten19901107 现在预测市场的竞争是需要NLP大模型+多层逻辑链 + 统计套利

单纯的低风险价差的机会不多了

anyway预测市场本质上就是n元期权市场，总是能算出来的 😂"
2084828051540689005,Wed Aug 05 02:25:16 +0000 2026,mm_liquidity,7,4402,0.222,否,"你玩的是炸弹，就不要怪这颗炸弹会爆炸💥…

不管是 $dexe 还是其他的，妖币的属性就是反人性的人性，反结构的结构；你别觉得自己是先知，快人一步

你在高控mmr订单簿的眼中就是盘菜.. 你也别怪交易所平仓策略激进，你有没有想过为啥它们会这么激进？

因为它们也知道这里面有问题啊 - 人家开门做生意，你总不能让它们贴个封条吧

“这个代币有风险”，已经是交易所能给出最极限的提示了"
2016522891265769858,Wed Jan 28 14:44:57 +0000 2026,macro_first_principles,9,1732,0.222,否,"怎么说呢？10.11的事情大家或多或少都有责任，币安肯定也在其中

但是一上币就下跌这个真的不能怪币安，因为这个就是高估值到来的问题，或者说low float， high fdv的结构性问题，你换谁来都是一样

每周都有几个好几个b市值的项目上线，市场上哪有这么多钱去接盘啊？下跌就是大概率的，只是散户老想超脱数学去做交易"
1969993076761600148,Mon Sep 22 05:12:04 +0000 2025,mm_liquidity,2,206,0.222,否,"举个例子，资金费率算法里有个叫溢价指数的东东，里面有个重要的组成部分了叫“冲击价格”

这玩意儿是根据买/卖的订单簿的深浅来计算的

且不论算法和撮合的因素，人家cex能这么用是因为人家的流动性好，做市商扎堆和各种规则限制（有些还是专属mm，要求强制提供流动性）

新开张的dex的话，除了爹之外，你拿什么保证流动性？！"
2102392057998536931,Tue Sep 22 13:38:21 +0000 2026,mm_liquidity,6,3555,0.215,否,"如果你想当成pvp来玩的话，这个pre ipo #stockperps 就是适合你的

但如果你是想长期持有的，现阶段还是建议观望就好

为什么呢？ 
因为目前 pre ipo这里还没有mm介入，流动性比较松散，进退都不太容易；
而且几个大单下去之后，半小时都不一定能补上来单子

https://agintender.substack.com/p/openai-anthropic-pre-ipo-stock-perps?r=8gs9xi&utm_campaign=post-expanded-share&utm_medium=web https://x.com/BinanceFutures/status/2102330718126838098  "
1966690641494372640,Sat Sep 13 02:29:22 +0000 2025,macro_first_principles,11,3860,0.215,否,"有人问我为什么不见你说宏观层面的事情？

怎么说呢？只要你把时间拉的足够长（没有特定期限）其实你怎么说/预测/理解都是“对的”，因为市场和政策都是波动的，总会有个时间段是匹配你说的，类似合久必分/阴晴圆缺/物极必反

而且说宏观的论调这么多，一搜一大把，多我一个不多

那你问我，接下来几个月市场咋看？我一般都说：
Mr President always gets what he wants"
1933005806494159070,Thu Jun 12 03:37:52 +0000 2025,trader_mindset_essays,27,4694,0.215,否,"大家可能会觉得很奇怪，怎么这个家伙会突然写这么多长文，一会儿潮汕人，一会儿博弈论，一会儿AI体，一会运气掌握术，一会儿AI的第三道等等- 其实这些都是伏笔 或者说背景知识介绍

因为我在酝酿一个大的… 硬核的… 
一个关于AI智能体的区块链应用世界观

大家可以期待一下，不过因为太硬核了，所以可能会大家去补一点背景知识

但是肯定不是今天发，今天的版位满了 😂"
2099798256251445362,Tue Sep 15 09:51:31 +0000 2026,trader_mindset_essays,25,21185,0.207,否,"你觉得需要多少钱来做到20倍？

全网第一篇的合约镰刀复盘指南终于来了  - 这篇文告诉你，庄家是怎么利用你的不相信、不甘心和贪心来收割你的保证金

《合约镰刀收割档案（一）：LSK 四天 20 倍花了多少钱？赚了多少钱？》 

有兴趣的小伙伴，substack见啦～ 
https://agintender.substack.com/p/lsk-20?r=8gs9xi&utm_campaign=post-expanded-share&utm_medium=web https://x.com/agintender/status/2099502998724710700  "
2098629734209122419,Sat Sep 12 04:28:13 +0000 2026,derivatives_options,11,5307,0.207,否,"永续合约的意义，在于让更多人以不同的理由参与到这场博弈当中。

有人看好公司，有人质疑估值，也有人对股价方向没有意见，只关心资金费能不能覆盖持仓成本、现货与合约的价差有没有机会。

他们不需要相信同一个故事，甚至不是一路人，也可以成为彼此的交易对手。

stock perps的意义：就在于把华尔街、币圈、项目方、公司、机构、银行、券商... 等等主体的博弈点，在永续合约上一一配对 

https://agintender.substack.com/p/stock-perpsg?r=8gs9xi&utm_campaign=post-expanded-share&utm_medium=post%20viewer"
2093980212031848817,Sun Aug 30 08:32:41 +0000 2026,trader_mindset_essays,410,84601,0.207,否,"你假设知道binance的休市算法的话，其实周一到周五只做1-2分钟的交易就可以当成是理财来做 ，比什么新闻交易、k线交易稳定得多、回撤还小

把这两篇文的机制和统计吃透就可以了
1. https://t.co/wUYtAyJGnq

2. https://t.co/9yD65W9O8b https://t.co/LlTqoCUyNs"
2056189652659229013,Mon May 18 01:46:30 +0000 2026,mm_liquidity,39,18330,0.207,否,"前几天看到有人传dwf/wintermule/gsr/jump（？）在帮某些“妖币”主动做市… 🤣 我差点没绷住， 🤣🤣🤣

把套利当成收筹.. 我也是没办法👐

另外本篇主要说的是被动做市的条款和算法，主动也可以用，当这就是另外一回事了

转给你那些给正在找mm，想要发币的朋友看看吧"
2056038265287778511,Sun May 17 15:44:56 +0000 2026,mm_liquidity,34,16040,0.207,否,"你如果曾跟我一样怀疑tokenomics 写着""5% 做市商分配""到底是什么的话，那你可能要看下这篇文了。

那 5% 是借出还是卖出?strike 多少?到期归还还是行权?这三个问题决定 altcoin 一年的走势,retail 从来看不到答案。"
2084932500028096883,Wed Aug 05 09:20:18 +0000 2026,mm_liquidity,77,98063,0.207,否,"我才知道原来好多业内的人都不知道 $sndk 在各大cex的（tradfi）合约交易量是top1/2的原因

离了个大谱了喂…  你们这样，股票现货有流动性就要烧高香了咯"
2050920973768311080,Sun May 03 12:50:39 +0000 2026,derivatives_options,102,23169,0.207,否,"哥好久不写妖币，但江湖都流传着哥的推文 

关于所谓的“妖币”操纵案例和推演路径，我之前写过好多了，大家有兴趣可以自己去翻（就问我领先了几个版本🤣） 

不管是 $coai $myx 还是最近的 $rave $lab 本质上还是跟我去年10月写的方法论是一样的

稍微不同的是场所，保险基金，清算方法，oi限制，链上资金池 etc 🤣"
2047671007323009236,Fri Apr 24 13:36:26 +0000 2026,derivatives_options,41,12110,0.207,否,"这篇文的随便一张图表都是满满的回忆，也是多少亿美金的教训

今天给大家说一个老韭菜们闻风丧胆的312 ，2020年的3月12日，在数小时内 btc从7800到3800，基本没有回头的迹象

那时候的情况其实有一点10.11的影子，币本位螺旋（类似1011的质押token借出稳定币去开头寸，遭遇抵押品和头寸的连环清算） + 头寸的清算 + 套利实效"
2086800800907669907,Mon Aug 10 13:04:16 +0000 2026,derivatives_options,35,20141,0.207,否,"这几天的 tutorial:native 也算是创纪录了 - 达成了48h之内多个交易所的操作账户被封控的记录

这波属实是着急了… 完全没必要这么搞.. 这个版本的思维要从twap换成vwap，我能说的也就这么多了

剩下的自己去看文章吧"
2017848445298790527,Sun Feb 01 06:32:13 +0000 2026,trader_mindset_essays,54,8008,0.207,否,"昨天被安上交易所的跪舔标签后，被好多人取关了 - 整挺好的

比较好笑的是，骂币安的，骂ok的都来骂我 - 应该是这场口水战独一份了 🤣

这几天再来点雄文冲冲流量，来个单篇个1m

争取二月破3万粉丝"
1975774631706693966,Wed Oct 08 04:05:54 +0000 2025,macro_first_principles,45,17673,0.207,否,"我玩meme玩得少 但是 $币安人生 这个meme还是能看出一点角度

本质上是一种中文文化自豪感 + 反向文化输出的革命情节，“东方的神秘力量”通过这种方式具象化（向英语社区）

背靠binance的流动性上升通道，预期拉满

按照 aster的打法，为了不让上币即巅峰的情况重演，（aster的控筹比较高）这几个新meme估计会先“慢慢”地打磨/换手"
2075550259191906442,Fri Jul 10 11:58:38 +0000 2026,trader_mindset_essays,17,12173,0.207,否,"问大家一个问题，6月中下旬闹得沸沸扬扬的Binance没拿到MiCA，退出欧洲市场，然后在twitter上引发口水仗，然后有说好多 $usdc 从bn外流的，你们猜都流去哪家交易所了？

A.  OKX
B.  Gate
C.  Bybit
D.  Kucoin

😂 一会儿公布"
2046147864003555759,Mon Apr 20 08:44:01 +0000 2026,trader_mindset_essays,20,19657,0.207,否,"按照今天 @RaveDAO 几次把 $rave 转到交易所的转账来看，大概率是交易所风控账户了，而且是大的，主力账户那种

看到有人想抄底买盘，就顺手交个朋友，能回一点血是一点吧 毕竟金主爸爸们都是一笔糊涂账

另，看了一下保险金 @okx 居然没啥事，这波属于是少赚了吧

这也说明风控机制有效了啊 可以加鸡腿🍗

不说要调查吗？ 现在这波现货可以查了 😂"
2045477435102408882,Sat Apr 18 12:19:58 +0000 2026,trader_mindset_essays,32,34848,0.207,否,"又给 $rave 的事业添砖加瓦了…
你不提还好，一提反而更停不下来

而且主要的oi 在okx啊…. 你漏了这个关键问题，差评🤣

不用悬赏

来，我教你，你去dubai报个警，然后拿着这个记录去vara投诉，集齐10个就可以召唤“神龙” 去跟在那里注册的交易所施压了（理由类似：说有个从伊朗的诈骗犯对这个币操纵洗钱卖军火 🤣）"
2077986003835560197,Fri Jul 17 05:17:25 +0000 2026,macro_first_principles,38,40158,0.207,否,"来，各位，7月中旬了 - 时间差不多了

好多x上的明星标的 $mu $sndk $mrvl $aaoi 已经距离六月高点回撤了30%～50%

我不懂半导体，但我懂人性，我看财报周期

我开始逐步1/6 凯莉进场了

买在无人问津，甚至唾弃之时

8月中旬再看 https://t.co/AFFKn1k7OS"
2023668467623252115,Tue Feb 17 07:58:55 +0000 2026,trader_mindset_essays,81,29016,0.207,否,"有人问我怎么大过年的发这种文章，会有人看吗？

这篇文肯定是篇10w+的底子，看完反正你不会后悔；看懂的你会感谢我

bn/ok/bitget/bybit等交易所的大佬们大概率都会看的，就看啥时候互动

熟悉我的老粉都知道，我不会无的放矢… 大过年的 🤣"
2038631485318828195,Mon Mar 30 14:56:36 +0000 2026,mm_liquidity,21,20704,0.207,否,"根据owen老哥的消息，binance将对单个账户的oi进行限制，尤其是在熊市的现在，含金量还在上升

自此Binance的合约操盘博弈将从一对多，到多对多的战略转移

OI持仓上限术

有经验的mm的含金量再次提高

anyway这个事情终于拿到台面上说了 🤣 https://t.co/CINwQl6RcA"
1994283803356106965,Fri Nov 28 05:54:45 +0000 2025,trader_mindset_essays,47,7780,0.207,否,"写这篇长文共耗时60分钟，其中选封面图和起标题花了30分钟…. 工作量之大，各位可想而知 hhhhh 你们的大赏是对工作量的肯定

感觉可以出个系列了，就叫《交易所隐藏了什么》 

然后我和 $pundiai 就要被封杀，再然后就只能靠各位小伙伴和读者帮衬了 😂"
2096923188777357617,Mon Sep 07 11:27:01 +0000 2026,trader_mindset_essays,40,7736,0.2,否,"每次看到meme玩家在晒单，在嘲讽“价值投资”，在关注谁回复/关注的时候…

我就知道我们还有机会
时间还早
还有加仓其他“价值投资标的”的机会

你们买meme，我就做底层stocks的LP 
感谢你们，现在真的是捡钱

不是我不p，而是我p不过，但是我愿做你们的去往星辰大海的踏板

ps：今天做了个600k% apr的LP的感慨…"
2095897910219329595,Fri Sep 04 15:32:56 +0000 2026,trader_mindset_essays,11,10394,0.2,否,"如果我没记错的话 8.22的行情是  $ena $pepe $wif $trump 轮流霸屏涨幅榜

诶 这么巧啊 刚好明天也是周六耶 
明天看看会不会刻舟求剑
还是啥事都无 🤣"
2095365722017079758,Thu Sep 03 04:18:12 +0000 2026,trader_mindset_essays,115,32534,0.2,否,"冷知识：新加坡的海峡时报指数 STI也已经创历史新高了

历史上STI新高一般都是兵荒马乱之时… 上一次破新高是2007年10月，之后发生啥，各位老登估计都还记得吧？

各位注意啦～  "
2094808127342563672,Tue Sep 01 15:22:31 +0000 2026,mm_liquidity,59,31080,0.2,否,"各位知道 @fomo 的手续费是怎么收的吗？
买/卖各0.5% - 一个来回就是1%

还有滑点

应该是有一个1u的固定手续费：
假设是一笔10u的买/卖 - 到手大概是8.8u价值的币（10%+。。。）

50u的话，大概到手是48.5u的币
1000u的话，大概是995u的币 -所以小额的非常伤

比较夸张的是：提现和存款都要手续费（是的，存款都要收钱。。）"
2101918989358412169,Mon Sep 21 06:18:33 +0000 2026,trader_mindset_essays,15,6412,0.2,否,"🤣 我觉得维持自律这个事情最好的方式还是要形成习惯，肌肉记忆，甚至去爱上这个感觉… 之后就不需要再消耗你的意志力去“纠正” 

而这个形成习惯的手段很大程度上是基因决定的… https://x.com/thedankoe/status/2101361833940791607"
2101615951229956212,Sun Sep 20 10:14:23 +0000 2026,trader_mindset_essays,29,16461,0.2,否,"不好意思啊各位，这篇文估计要明后天才能发出来了… 

加入了新的参数和模型之后，结论有一点太炸裂了，超乎我的预设，我需要多花点时间来验证一下猜想，以防误伤binance

如果假设和数据没错的话，stock perps在目前最好的应用其实是pre ipo perps - 将近300倍的杠杆

大家可以提前去阅读这篇，当作复习一下背景知识：

https://open.substack.com/pub/agintender/p/nasdaqstock-perporacle247-5da?r=8gs9xi&utm_medium=ios"
2100091475212271733,Wed Sep 16 05:16:40 +0000 2026,mm_liquidity,21,10364,0.2,否,"各位知道 ethereum:0x6033f7f88332b8db6ad452b7c6d5bb643990ae3f 在最高点2.37的2% depth时候的流动性是多少吗？ 8000美金… 

这篇复盘文的目的就是要告诉大家 - 做妖币的对手盘只有等着挨刀的份，差别只是什么时候… https://x.com/agintender/status/2099798256251445362"
2099710553409323377,Tue Sep 15 04:03:01 +0000 2026,trader_mindset_essays,8,5949,0.2,否,"现在 bstocks支持 $BNC bncb 这个底层逻辑就不一样了
现在看看 @flapdotsh 能多快打出第一个金狗
然后能把 bncb 反馈到 $BNC 上 https://x.com/agintender/status/2098644830184505521"
2099143569064042687,Sun Sep 13 14:30:01 +0000 2026,trader_mindset_essays,25,8644,0.2,否,"之前看过一本书，说的是你的智商是你最常接触5个人的均值

我觉得幸福程度貌似是你最常接触到5个人的均值

年近50之后，你会发现，一个人的幸福程度，很大程度上看你身边的人过得怎么样？ （指的是伴侣、父母、同事。。。）

你自己过的好不好是里子，身边的人过的好不好才是你的面子🤣 https://x.com/PhyrexNi/status/2098787238540968057"
2098980907504083307,Sun Sep 13 03:43:40 +0000 2026,trader_mindset_essays,38,39813,0.2,否,"重要的事情说两次
不要碰 ethereum:0x6033f7f88332b8db6ad452b7c6d5bb643990ae3f 
不要碰 ethereum:0x6033f7f88332b8db6ad452b7c6d5bb643990ae3f 

这个币现在是疯狂前的自救 https://x.com/agintender/status/2068186852637700170"
2097958312809779382,Thu Sep 10 08:00:14 +0000 2026,trader_mindset_essays,55,12473,0.2,否,"昨天留了个坑说 $BNC 的资产账面是372m左右，但是 $BNC 的mc只有182m？！ 

这个折价就算是拼多多上也不常见吧？！为什么会这样呢？

难道是华尔街都是傻子？看到折扣还不上？还是说，这里面有什么隐情？

欢迎大家来围观这场关于 @yzilabs v @10XCapitalUSA 之间的控制权角力，以及隐藏在公司治理架构背后的“秘密协议”

substack：https://t.co/8Xsacpl9ka"
2095754147945693225,Fri Sep 04 06:01:40 +0000 2026,trader_mindset_essays,11,5997,0.2,否,"嗯嗯 有小伙伴问我，昨天那篇说 @bitget 的stock perp算法的文呢？

嗯，是的，你猜的没错了，我隐藏起来了哈

好东西就是这样，转瞬即逝 😂🤣 - 吃透这篇文的话，你就能理解为什么好多人能同时在 @binance @bitget @tradexyz 跑lead lag的策略，而且长期有效

 现在要看的话（温故而知新的话），就要去substack啦～ 
https://t.co/WMAeeYWUh7"
2094612859049353279,Tue Sep 01 02:26:36 +0000 2026,trader_mindset_essays,136,55985,0.2,否,"Robinhood chain已经进入LP捡钱模式了 🤣

以meme为引，加上各种penny stock作为meme的base，开启了新一轮币股联动 哈哈哈

昨天差点把 $HIMS 打short squeeze - 一个meme，居然反向给股票市场带量，放在一年前你敢想？

应该很快就有DAT上架，然后你会看到Bitmine/ETH， xx/BNB， xx/Hype - 螺旋🌀"
2078764171265724655,Sun Jul 19 08:49:34 +0000 2026,trader_mindset_essays,13,11804,0.2,否,"有小伙伴问我，AI半导体之后是啥？大幅下跌之后，这些机构、散户都去哪儿了？

从数据来+趋势来看，资金流向医疗板块和能源板块了

能源已经喊烂了；趁着币圈KOL还没开始喊：生老病死 - 只要人在就永远缺医疗的口号

那啥 @heyibinance @xiejiayinBitget 赶紧上医疗板块的股票吧～ https://t.co/wIi7knbWrP"
2095549416019243167,Thu Sep 03 16:28:08 +0000 2026,mm_liquidity,22,13506,0.2,否,"如果我是bn的话，我会想尽一切办法扶持好 $GPRO ，给流动性补贴也好，加入mm资源也好… 以身入局也可以

让华尔街知道stock perp是怎么“倒反天罡”的

这个标的非常合适
有叙事，市值不大，有争议，有传播度，现货交易量不大….. 

周末一鼓作气把定价权拿过来

@heyibinance 这种标的不常有啊"
2068863519978934417,Mon Jun 22 01:07:55 +0000 2026,derivatives_options,22,7634,0.2,否,"看了cz的访谈，看起来binance短期内还没办法切入 @HyperliquidX 优势，持续加仓 hyperliquid:native 
 
都2620年，不前置kyc只是一个feature，不是一个决定性因素了哟
 
定价权的争夺已经从流动性侧转移到机制侧了"
2033143012507935120,Sun Mar 15 11:27:22 +0000 2026,listing_lobbying,18,40008,0.2,否,"按照偶对以色列和川普的理解 - 
3月17-18 会有一轮停火协定的迹象

19-20会有个会谈还是隔空对话，可能还有个中间人出来维稳啥的

3月21日亚洲时间的凌晨或中午估计又会一轮大规模袭击

先猜到这里"
2077224021452804519,Wed Jul 15 02:49:34 +0000 2026,mm_liquidity,7,8564,0.2,否,"额。。各位观众，这个7/29的消息没这么乐观，不要冲进去套利啊

这个adr赎回的关键在存托方（应该是citibank，还是谁来着），但肯定不在韩国这里

即使开通了，也有诸多限制和磨损的

不信，你看看隔壁的 $TSM - 长期台股和adr的溢价在15%左右的"
2059305082534150570,Tue May 26 16:06:06 +0000 2026,trader_mindset_essays,29,70734,0.2,否,"难道整个ct就只有我一个人在空 $mu ？！

我的逻辑很简单：
micron 美光无疑是很好的标的，但是这次破万亿就是特朗普周末喊出来的，然后周一美股不开市，周二开始“补涨”

美光，存储都有美好的未来，但是是靠业绩打出来的
earning call在6月尾呢～ 

我蚂蚁仓试试水温，大家当看个笑话就好 https://t.co/FRYZcaMQfx"
2057630281923006507,Fri May 22 01:11:02 +0000 2026,trader_mindset_essays,47,12390,0.2,否,"2026年q2都要结束了，拜托各位就不要再把 $hype 归类为perpdex了好伐。。。就不是一类标的

内核决定了下限，触达形式决定了上限

已经一揽子空了其他所有异动的其他 perpdex ，逻辑就是这么朴实无华。。"
2050203145041830208,Fri May 01 13:18:15 +0000 2026,trader_mindset_essays,5,5014,0.2,否,"我先说看法哈…
马斯克这么做是很傻的… 先不说有没有正向作用，实际可能还是反效果

你是证人，给证词的，不是去辩论的
而且还是个公众人物
你让陪审团和法官怎么看你
辩论就交给律师

你是过了把嘴瘾，但你的律师脑壳可就太疼了… 尤其是马斯克还说什么这个案件会成为慈善法的先例precedent.. 我都疯了

金句不会让你打赢，但是逻辑和怎么适用法律才会"
2052274986790875155,Thu May 07 06:31:00 +0000 2026,trader_mindset_essays,24,7200,0.2,否,"看到推上各种美股新高，AI无敌，加密回暖，sat0机制创新…

不敢说一片祥和，说是人声鼎沸都不过分好伐….

立夏已致，小满不远
芒种不雨，夏至踏来
大暑之后，必有大寒 https://t.co/2Qh1ESsNRF"
2016439140233990181,Wed Jan 28 09:12:09 +0000 2026,trader_mindset_essays,7,5987,0.2,否,"币安为何最终选定阿布扎比？除了当地的政策支持、资金通道优势外，还有一个重要因素在于“合规时间差”

币安原址开曼群岛，预计于2027年进行首次信息交换。这意味着，如果币安留驻开曼，则须立即启动全面的CARF合规体系建设。

反观阿联酋，根据CARF实施时间表，其位列第二批实施CARF的辖区，计划于2028年启动信息交换。

不知道币安这里准备好了吗？！ 🤣"
2015012072451707303,Sat Jan 24 10:41:29 +0000 2026,trader_mindset_essays,4,9732,0.2,否,"哈哈 居然把一姐召唤来了

刨去审美的事情，bnb chajin这招“将计就计”确实玩得很溜啊 一浪接一浪

这篇文章虽然写得又长又臭，但是希望能从不同的角度给大家看到币安的另一面

meme只是这个金融流量漏斗的起点，后续的留存和沉淀才是真·功夫

不止于meme

ps：一姐，记得看到文章最后，看我说的对吗？😂"
2003769248133361841,Wed Dec 24 10:06:31 +0000 2025,trader_mindset_essays,12,7095,0.2,否,"嗯 热度稍微下来了，可以好好盘一下

Binance的稳定币策略从busd的大开大合，到fdusd的小步快跑-支持-复盘 ，再到 U的合纵连横策略

这其中Binance的品牌不断地弱化实际上是“管理战略”的变化，币安变得更像一个生态，扶持（有人说赛马）然后观察，有可为后再加大投入，而不是一开始就火力全开

接下来咱们就看下u的主理人是哪位前bn的高管吧"
2062712645887852639,Fri Jun 05 01:46:32 +0000 2026,macro_first_principles,28,27116,0.2,否,"中文CT上难得的好文

比起买什么AI股，卡什么脖子 - 从宏观到供应链，从流动性到回调级别 Frank兄都娓娓道来 @qinbafrank 

知其然，且知其所以然"
2090096598688936243,Wed Aug 19 15:20:35 +0000 2026,mm_liquidity,14,37492,0.2,否,"哈哈哈 这个事情算是卡了一个用u结算的bug 。。。

在 VARA 的框架下面，这些a股perp可以被设计成一个 ETD 

更多的风险是在那些要hedge a股的mm们"
2082055112391000520,Tue Jul 28 10:46:36 +0000 2026,trader_mindset_essays,15,7598,0.2,否,"k3的意义超越推理本身，而是成本

小伙伴告诉我，有人只用80张5090就能把kimi k3 跑起来了？ ！（每秒20个token）

这个测试验证了：消费级游戏显卡集群有机会成为替代方案，数量弥补质量（echo 梁文锋前几天的流出的讲话稿）

这意味着实验室、初创团队将有条件部署顶级开源大模型

去你的制裁，去你的h100 h200"
2072174969187160329,Wed Jul 01 04:26:26 +0000 2026,trader_mindset_essays,42,23009,0.2,否,"哈哈哈 整个ct不会只有我不看好这个 $ousd 吧？

不是业务模型的问题，也不是场景的问题

我主要是对于欧美做稳定币，尤其还是欧美老牌联合起来做稳定币这个事情不太感冒…

crypto里欧美大佬们的强强联合从来都没好事发生.. 不信，你看看当年如日中天的 @Bakkt 

三个和尚没水吃，更何况还是三个方丈级别的住持在一个庙里 😂"
2065836985088930157,Sat Jun 13 16:41:33 +0000 2026,trader_mindset_essays,8,5261,0.2,否,"看到有帖子说：你以为你买的是去地球化的梦想
结果你买的大部分是xAI，twitter
wifi服务
剩下的才是人类的去火星的梦想

我自己感觉 $spcx 目前这个市值有90%买的是Elon Musk的IP…. 10%是短期的我博弈

我用个AI模型都进入大国博弈的范畴，发射🚀不用？！"
2065676111732703509,Sat Jun 13 06:02:18 +0000 2026,trader_mindset_essays,8,5797,0.2,否,"按照这个事情的演进方式，不久的将来- deepseek，minimax，kimi这些中国AI公司的模型将会面临美国的反倾销，反补贴的指控和制裁

是不是每一件事都需要s级天才来做？ （aka fable/mythos）

你会发现到不是这样的… 普通人没有这么多世界难题要解决，其实普通一点，细心一点的人也能行

量大管够才是一般人的刚需，而控制成本这个事情，东大是好手"
2039240275370123579,Wed Apr 01 07:15:43 +0000 2026,trader_mindset_essays,3,7488,0.2,否,"从昨天leak出来的信息来看，让claude code强大的地方反而不是什么基础模型，而是这些插件、prompt和架构

直接把整个行业的水平提高了一个档次都不止"
2031025698295668972,Mon Mar 09 15:13:55 +0000 2026,trader_mindset_essays,136,32749,0.2,否,"你赌的是直觉，庄家陪着你的是数学

预测市场其实没有这么多内幕交易者，如果有的话，无非是熟读公式和算法，并认真运算推演尔

应该是中文CT少有的把预测市场的“直觉”用公式写出来 

这篇文章的贝叶斯模型已经可以喂给你的AI帮你计算了

ps：之前说看文不能赚到钱的小伙伴，不是不能，而是你们看完而不去实践，去推演…. 哎…"
2059283471902896502,Tue May 26 14:40:13 +0000 2026,trader_mindset_essays,51,17741,0.2,否,"上周开始尝试把硬核一点的文章往substack上传，没想到效果还不错

上传了两篇文，直接干到了crypto细分类的第7，太神奇了
还以为中文内容会非常窄，没想到啊 🤣

传送门：写给那些空仓AI股票的普通人 https://t.co/YCGdtcNDJG https://t.co/DpTun0aDJH"
2063575180991991940,Sun Jun 07 10:53:57 +0000 2026,trader_mindset_essays,31,81563,0.2,否,"比较难绷的是

这一轮 38 万亿韩元的融资余额中，大部分：

• 高龄投资者的押注： 韩国 60 岁以上群体占据了近三分之一的融资份额，其中不乏亏本退保人寿保险来填补股票账户的散户

• 信用贷透支： 韩国五大行的个人无抵押信用贷款余额在近期激增至 106 万亿韩元以上，大量资金通过透支额度违规或绕道流入股市…."
2070043068754235580,Thu Jun 25 07:15:01 +0000 2026,trader_mindset_essays,11,10430,0.2,否,"半导体的毛利率在80%以上的
除了代表很赚钱之外
更重要的是：议价能力

近乎统治力的议价能力

半导体毛利在70%以上，毛利率每提升一个点，都是数以万计的预付款顶上去的

ps：如果你到现在还看到博主说什么毛利率在500%的，可以取关了…"
2069944189358628868,Thu Jun 25 00:42:07 +0000 2026,trader_mindset_essays,25,27292,0.2,否,"居然没有 $mu 🤣

已知Pelosi是股神，一般快人2步
$intc 大概率是美国政府订单和芯片
 $uber 难道是无人驾驶？ 

难道大规模无人驾驶要来了？！"
2069922354642534850,Wed Jun 24 23:15:21 +0000 2026,trader_mindset_essays,137,127336,0.2,否,"很多人可能不知道，新加坡的“空调政策”（冷气机）是李光耀当年建国的国策之一

对，是国策，高度就是这么高

都知道新加坡常年湿热，而中午/下午的高温除了影响心情，还会让人昏昏欲睡

当年为了提升公务员的工作效率，提高有效工作时间X李光耀上台后要求为每个政府大楼安装冷气

细节决定效率
适宜的温度（环境）决定了效率
李很早就知道了"
2069014872147493214,Mon Jun 22 11:09:20 +0000 2026,trader_mindset_essays,8,7826,0.2,否,"如果你好奇为什么 这几天 skhynix 海力士涨的这么好？ 今天还超过 $samsung 

原因就是今天晚上sec会公布 skhynix ADR上市申请

按照AI的这个势头，我觉得大概率会通过的

预计公司可能通过出售约 2-3% 的股份，募资高达 400-600亿美元

问题来了，你是sell the news呢？ 还是sell the news 呢？ 🤣 https://t.co/nGICeTUM16"
2068973763878867318,Mon Jun 22 08:25:59 +0000 2026,trader_mindset_essays,10,9199,0.2,否,"给那些今天还在炒 $skyai ethereum:0x6944e1df6bf5972305f9ab25df47ef10de01bcc8 的…
你们在想啥呢….. 

哎…."
2025416507300446272,Sun Feb 22 03:45:00 +0000 2026,trader_mindset_essays,30,13952,0.2,否,"如果你看腻了鸡汤、AI工具文 - 这篇适合给镰刀上点磨刀油

我这几天在写一篇关于 $aster @Aster_DEX 的新玩法，未免大家迷路和一脸懵逼，大家可以先温习一下 🤣"
2038984851022659802,Tue Mar 31 14:20:45 +0000 2026,trader_mindset_essays,6,6575,0.2,否,"继 @claudeai 后，@openai 的codex代码也泄露（开源）啦？ 真open 啦？

哈哈哈 笑死我了😂
@OpenAI 的工程师老哥说codex 被泄露了，结果一看 68.8k star…

谁家泄露codebase 一上来68k star 😂

其实开源好一段时间了，就是来调侃大家总说open ai 不open，和蹭这波流量吧 😂

well play https://t.co/ET9mKTamay"
2038211346903547919,Sun Mar 29 11:07:07 +0000 2026,trader_mindset_essays,11,89303,0.2,否,"这个就比较难了
中文CT估计懂得不多
应该发不了meme 但是对币圈影响挺大的

估计26h吧，全CT都会讨论他
而且会觉得这不是结束了嘛 怎么还有

#看图猜人 https://t.co/fgWRUNjhjv"
2037912321843204274,Sat Mar 28 15:18:54 +0000 2026,trader_mindset_essays,26,7776,0.2,否,"今天最开心的事情就是听到小伙伴跟我说用了这套方法4小时高效学习了一门课程，解决了期中考 🤣 

AI时代，改变的不止是生产效率，还有学习方式
让效率为你服务，而不是让效率替代你了

尽信AI，不如无AI - 养成自己的判断力和校验能力"
2036717407335776555,Wed Mar 25 08:10:44 +0000 2026,mm_liquidity,13,40104,0.2,否,"我去。。。不到20分钟，借贷apr飙到238%了 

谁有 freedom of money #bnbchain 的meme 0x3e17ee3b1895dd1a7cf993a89769c5e029584444 

https://t.co/VCAbx1q9aL 这里有人想要空这个 freedom of money - 谁有货要来 supply一下～ https://t.co/eTMvMM0YSQ"
1984920173883912472,Sun Nov 02 09:47:02 +0000 2025,trader_mindset_essays,91,24160,0.2,否,"广告？ 😂 

兄弟… 你要珍惜我这种声音啊

我应该是现在中文CT里面位数不多的，不接广告（除了我自己的项目），也不屑嘴撸的，还愿意分享的账号了…

且看且珍惜啊"
2004016298922266757,Thu Dec 25 02:28:13 +0000 2025,trader_mindset_essays,12,6580,0.2,否,"哈哈哈 坊间传闻 $wlfi 要有动作已久… 结果搞了这么半天？就这？！ 

是不够资金吗？是不够影响力？是没有素材吗？没找到合作方吗？

还是就是单纯没谈好啊？ 😂"
1981556578768855457,Fri Oct 24 03:01:18 +0000 2025,trader_mindset_essays,99,14991,0.2,否,"建议大家都把这篇文章和之前写的pendle的长文（ https://t.co/jyatyBv4l8） 和 循环贷策略（ https://t.co/u87ZX2ATZY） 都看一下

要不然接下来我写的跨产品联动逻辑（又称3P策略 😂）
Poly- Perp - Pendle ，你们会完全找不着北"
1974700771745861691,Sun Oct 05 04:58:46 +0000 2025,mm_liquidity,115,20676,0.2,否,"套利本质上是找bug

bug的本质是各种错配（资金/时间/信息/人性etc）

找bug的方法之一，就是不按照使用说明书来

开了一扇门，进来的不只是人，还有风

捕捉到风的流向，成为自己的风无向 😂"
2006407372273852566,Wed Dec 31 16:49:29 +0000 2025,trader_mindset_essays,32,7281,0.2,否,"是不是觉得我会说新年快乐？新年新希望，新年新气象？！

别傻了孩子，新的一年，有没有新机会不好说，但一定会有新的磨难，新的烦恼

旧的问题还没解决，新的麻烦就接踵而至 - 这个才是世界的常态

古人只告诉你，不如意事常八九，其实剩下的八九十也是不如意的

倒不是不想告诉你事实，只是希望你能乐观一点"
2005947534510793131,Tue Dec 30 10:22:15 +0000 2025,trader_mindset_essays,32,20652,0.2,否,"各位别一开始就空 $lit 啊….. 
lighter的模式是高度依赖币价的

你为了拿奖励去刷分 - 贡献交易量 - 贡献收入 - 然后项目方延后发币给你

这是一种打折+劳动借条买币行为，是一种时间差卖币，用时间换空间，要是币没价值这套打法就打不动了"
2005670712082940281,Mon Dec 29 16:02:15 +0000 2025,trader_mindset_essays,30,7566,0.2,否,"🤣 看起来不跟交易相关的文，大家都不太爱看，那就是你们的损失了

明天给大家来篇搞笑一点的年度盘点 - 2025年TGE的镰刀刀法：招招不同式，当当不一样

看你今年身受几刀？"
2004791782505394221,Sat Dec 27 05:49:42 +0000 2025,trader_mindset_essays,35,9629,0.2,否,"我个人觉得25年加密行业里十件最具有里程碑意义的事件

大家看看是不是老灯所见略同 😂

25年的主旋律就围绕着

一个人展开 - 特朗普
两个资金池 - 美股和国家战略储备
三个管辖权 - Genius MiCA 香港稳定币
四次大血洗 - 10.11， Bybit 15亿被盗， $Trump 和DATs的大逃杀"
1965305844033355925,Tue Sep 09 06:46:41 +0000 2025,trader_mindset_essays,130,31206,0.2,否,"其实 $myx 这个盘子找了好久的空仓对手盘（也可以是多仓），终于在拉到4u的时候，oi激增— 就是有人愿意做对手盘

之后的事情大家都知道了 一路到14u

多看数据，但不依赖数据"
1972874084854952140,Tue Sep 30 04:00:10 +0000 2025,trader_mindset_essays,9,8746,0.2,否,"我最近都在跟别人说
假设总共100个币
1. 流通1个，锁仓99个，该流通的1个币是100u，fdv就是10000

2. 流通50个，锁仓50个，该流通的50个单价是0.5u，fdv就是5000

哪一个更有价值？
或者说1是过程，2是结果？"
1972659518493397150,Mon Sep 29 13:47:34 +0000 2025,derivatives_options,6,7196,0.2,否,"活久见了 开盘不到10分钟， $FF 的资金费率打到了-2% ，期货和现货相差了近7%，各位真的是拼命给面子啊。。。
oi也快到20m了

DWF 天时地利有了，剩下的就看你能不能把握了，期待一波反打 https://t.co/rsf17NGADs"
1971607762980487406,Fri Sep 26 16:08:16 +0000 2025,trader_mindset_essays,18,10160,0.2,否,"说点不一个样的角度

aster 目前就是大额刷量带来的“繁荣”

这种收入是以牺牲后续的token为代价的

类似dydx的token激励模式 - 没有激励就没有交易量…."
1971586780794356102,Fri Sep 26 14:44:53 +0000 2025,trader_mindset_essays,19,5052,0.2,否,"好久没写长文了，大家想听点什么？

pero dex的竞争格局？局限？
kbw里的韩国市场博弈和上所？
各大刷分哪个值得？
perp dex什么时候爆雷？ 
aster的前世今生？

其他的评论区见"
1844924341500379624,Sat Oct 12 02:13:34 +0000 2024,trader_mindset_essays,42,8969,0.2,否,"Guess next #meme gonna launch on @binance would be #SPX6900 
@MustStopMurad what's ur take?"
1839969130323292345,Sat Sep 28 10:03:20 +0000 2024,trader_mindset_essays,102,17046,0.2,否,"$3ac implmented 1% buy and sell tax
The more u trade the more u pay
Well done @threearrowzcap @zhusu  ride with the #meme wave"
1838424151792525486,Tue Sep 24 03:44:08 +0000 2024,mm_liquidity,74,9186,0.2,否,"my thoughts of the recent #token2049
#web3 space is still lacking of long term builder 
most of the newcomers are eyeing of fast money and high valuation
more comments later"
1773290455477743966,Thu Mar 28 10:06:05 +0000 2024,derivatives_options,318,1393,0.2,否,"oooo this is sick @RooRooCoin 

r we too late? 

@marginx_io is just full of opportunity"
1789199592061628883,Sat May 11 07:43:19 +0000 2024,derivatives_options,85,723,0.2,否,"For those who cannot participate on @berachain 
Come join @marginx_io - not backed by VC , no BS high valuation
Only #meme for real"
1703962056280658102,Tue Sep 19 02:39:46 +0000 2023,derivatives_options,17,5183,0.2,否,"if you want to find out more about @marginx_io 2.0

You are not gonna miss this twitter space"
2078669110733582636,Sun Jul 19 02:31:50 +0000 2026,macro_first_principles,19,21742,0.19,否,"如果你还在怀疑为什么海力士 三星的forward pe为啥只有这么点？

除了因为是存储有周期之外，还有一个就是因为这是“财阀股”的原因…"
2100397424900751400,Thu Sep 17 01:32:24 +0000 2026,trader_mindset_essays,0,0,0.182,否,"你觉得需要多少钱来做到20倍？

全网第一篇的合约镰刀复盘指南终于来了  - 这篇文告诉你，庄家是怎么利用你的不相信、不甘心和贪心来收割你的保证金

《合约镰刀收割档案（一）：LSK 四天 20 倍花了多少钱？赚了多少钱？》 

有兴趣的小伙伴，substack见啦～ 
https://agintender.substack.com/p/lsk-20?r=8gs9xi&utm_campaign=post-expanded-share&utm_medium=web https://x.com/agintender/status/2099502998724710700  "
2100024812215439376,Wed Sep 16 00:51:46 +0000 2026,trader_mindset_essays,0,0,0.182,否,"你觉得需要多少钱来做到20倍？

全网第一篇的合约镰刀复盘指南终于来了  - 这篇文告诉你，庄家是怎么利用你的不相信、不甘心和贪心来收割你的保证金

《合约镰刀收割档案（一）：LSK 四天 20 倍花了多少钱？赚了多少钱？》 

有兴趣的小伙伴，substack见啦～ 
https://agintender.substack.com/p/lsk-20?r=8gs9xi&utm_campaign=post-expanded-share&utm_medium=web https://x.com/agintender/status/2099502998724710700  "
2099869248030187669,Tue Sep 15 14:33:37 +0000 2026,trader_mindset_essays,0,0,0.182,否,"你觉得需要多少钱来做到20倍？

全网第一篇的合约镰刀复盘指南终于来了  - 这篇文告诉你，庄家是怎么利用你的不相信、不甘心和贪心来收割你的保证金

《合约镰刀收割档案（一）：LSK 四天 20 倍花了多少钱？赚了多少钱？》 

有兴趣的小伙伴，substack见啦～ 
https://agintender.substack.com/p/lsk-20?r=8gs9xi&utm_campaign=post-expanded-share&utm_medium=web https://x.com/agintender/status/2099502998724710700  "
2099835302944879028,Tue Sep 15 12:18:43 +0000 2026,trader_mindset_essays,0,0,0.182,否,"你觉得需要多少钱来做到20倍？

全网第一篇的合约镰刀复盘指南终于来了  - 这篇文告诉你，庄家是怎么利用你的不相信、不甘心和贪心来收割你的保证金

《合约镰刀收割档案（一）：LSK 四天 20 倍花了多少钱？赚了多少钱？》 

有兴趣的小伙伴，substack见啦～ 
https://agintender.substack.com/p/lsk-20?r=8gs9xi&utm_campaign=post-expanded-share&utm_medium=web https://x.com/agintender/status/2099502998724710700  "
2098947096544223621,Sun Sep 13 01:29:19 +0000 2026,derivatives_options,0,0,0.182,否,"永续合约的意义，在于让更多人以不同的理由参与到这场博弈当中。

有人看好公司，有人质疑估值，也有人对股价方向没有意见，只关心资金费能不能覆盖持仓成本、现货与合约的价差有没有机会。

他们不需要相信同一个故事，甚至不是一路人，也可以成为彼此的交易对手。

stock perps的意义：就在于把华尔街、币圈、项目方、公司、机构、银行、券商... 等等主体的博弈点，在永续合约上一一配对 

https://agintender.substack.com/p/stock-perpsg?r=8gs9xi&utm_campaign=post-expanded-share&utm_medium=post%20viewer"
2072936124428022099,Fri Jul 03 06:51:00 +0000 2026,derivatives_options,3,766,0.182,否,"@BTC_Alert_ @heyibinance @star_okx @GracyBitget @FLS_OTC 其实真不是bn和ok不想开期权产品。。
是结算通道和合规。。"
1946435995597168955,Sat Jul 19 05:04:39 +0000 2025,derivatives_options,8,2499,0.182,否,"@ZLiao3 他们有期权锁着最高价
而且卖的时候一般会开多仓对冲

最重要的是： 现在的行情一般都是“上市”即巅峰，何况是12-24个月后才“还款”

有多少项目能在2年后还在的都不好说 😄"
1701817818277367989,Wed Sep 13 04:39:20 +0000 2023,mm_liquidity,6,803,0.182,否,"MarginX , an automated limit order book market maker for perpetual trading 
#alo #aloisthenewamm
@marginx_io"
2054732304631623690,Thu May 14 01:15:31 +0000 2026,trader_mindset_essays,14,1934,0.182,否,"长期看价值，短期看注意力

涨多了，总有人看空；
跌多了，总有人看多。

不管你的理由是什么？
业务范围？增长？风险？阴谋？壳的价值？甚至是同名去蹭？

但前提是只要你要能吸引注意力

芯片算力如此，存储电力也是如此，btc平台币rwa meme更是如此

你的仓位是什么理由和前提进入的，比入场价格重要得多"
2005871938615603451,Tue Dec 30 05:21:52 +0000 2025,mm_liquidity,6,2598,0.182,否,"来来来 各位朋友们，都说说看你们在25年都挨了几刀？ 

说出来让大家开心一下

我先来 我总共挨了3刀

被动挨了第1合约插针的刀

主动挨了第6单边流动性和第9 ico打新的刀"
1971035658644033794,Thu Sep 25 02:14:55 +0000 2025,mm_liquidity,11,3289,0.182,否,"9月份各大交易所打到现在，谁都不想做谁的退出流动性

结果就是苦了那些只上了一边的bn/upbit的….

两边都没办法leverage，只能互道xxx的时刻

时机&gt; 筹码 &gt; 叙事 &gt; 背景
——————————
             拉盘资金"
1971208713622143192,Thu Sep 25 13:42:35 +0000 2025,listing_lobbying,5,2789,0.182,否,"不是现在链上的新晋meme不香了，只是meme把自己搞成了vv币，在cex不接盘（上币），管你什么公平发射/叙事都是苍白无力的….

不是现在的vc币香了，只是cex把meme庄币压缩流通量的那套用上了，要什么公平发射，要能拉盘…

虽然最后大多都会浇给，但是至少tge前期项目方/vc没办法走掉，cex一看，你也没收益，就准了…"
1972967975285391615,Tue Sep 30 10:13:15 +0000 2025,trader_mindset_essays,1,1240,0.182,否,"细心的小伙伴们来参加今年的token 2049的活动，可能会发现一些会议/活动申请（luma）上要求填写居住地/国籍的信息

这主要是因为近期MAS发布的保护本地投资者的相关规定 - 主要是不能向新加坡本地居民宣传相关的token，投资机会等等

由此可以看出，哪些项目/交易所是有法务把关？哪些项目就随便来？哪些人无视规定…"
1971791009916080314,Sat Sep 27 04:16:25 +0000 2025,trader_mindset_essays,14,2742,0.182,否,"今天的timeline都是各大博主晒的由各大交易所发来的福利，从月饼到包包，从瑜伽垫到高尔夫系列，从会议邀请到after party

我只收到了大所的event rejection letter
果然我还是我  🤣"
1938946093364191541,Sat Jun 28 13:02:27 +0000 2025,trader_mindset_essays,4,83,0.182,否,"@0xDave852 @suwanyu7777 果然也是一个硬核狠人 这细节真的可以 赞

我回去看下我原稿的脚注

貌似是在验证人节点文档里面有说是哪几个交易所，然后比例是反推回去的"
1937399381575237754,Tue Jun 24 06:36:22 +0000 2025,listing_lobbying,2,3391,0.182,否,"@YeruiZhang 我说一个远古时期的都市传说
有人当时还说sei是某个大所的亲儿子（后来知道不是）... 因为据说韩所的上币是某个大所的领导直接联系的

据说当年的去中心化nasdaq就是该大领导的手笔之一

还有一个神奇的事情，就是当年某大所刚开始做钱包业务对接公链的时候，第一阶段支持3个链之外，sei赫然就在其中"
1905172876497764851,Thu Mar 27 08:19:44 +0000 2025,trader_mindset_essays,2,1949,0.182,否,"@kokii_eth 有没有可能cz/heyi在想的是，假设未来没有binance这个交易所，那么$bnb 的未来是什么？该何去何从？
在构想一个没有binance的crypto market

赚钱固然重要，build legacy也重要"
1660908578377482242,Tue May 23 07:20:37 +0000 2023,trader_mindset_essays,2,111,0.182,否,"6/ 6 安全
相信大家都听说过，项目方会把之前赚了xx倍的地址拉入黑名单 - 让该地址无法转账；又或者在中心化交易所以各种方式阻碍你提币

更甚者，在你买入现货之后，就直接被token contract rug pull了"
1660907845141889024,Tue May 23 07:17:43 +0000 2023,derivatives_options,2,316,0.182,否,"1/6 为什么我会选择用永续合约perpetual冲土狗/meme

简单来说就是永续合约比现货让你能在有限的窗口期内，最大化你的选择权。
操作性和可组合性更好，也更安全，不用怕被rug

#thread 长文"
2102686662128222305,Wed Sep 23 09:09:00 +0000 2026,trader_mindset_essays,8,3316,0.175,否,"给打GLP1 / 司美格鲁肽的朋友们，提个醒哈

现在在美国算是闹得比较凶残的一个医患纠纷，大意是说长期打GLP1 可能会造成诱发NAION 突发眼疾，这个事情或造成永久失明。。

这个现在还没有定论，正在走司法程序，而且这类的研究一般都耗时耗力，暂时也不用太惊慌。。 不过对于 $NOVO.NE 的股价就有点小伤"
2101517609682501801,Sun Sep 20 03:43:37 +0000 2026,trader_mindset_essays,4,2919,0.175,否,"不行，不能只有我一个人看岔了。。。 哈哈哈哈

我就想说，难道 #FTX 的电影难道已经上映啦？ ））不是啦～ 

然后找来 Liam Neeson （这就厉害了。。）  "
2095879667865763850,Fri Sep 04 14:20:27 +0000 2026,trader_mindset_essays,6,3526,0.175,否,"还在新加坡的小伙伴们，注意这几天就不要进行户外活动了～ 最好也不好开窗

从邻国飘来的雾霾已经有点严重了，大家多注意身体
这个是自23年以来，新加坡政府再度发布预警- 虽然说这在大陆不算个啥，但是还是注意点好，尤其是最近天气实在是热的不行  "
2095029811622334868,Wed Sep 02 06:03:25 +0000 2026,trader_mindset_essays,26,4779,0.175,否,"我今晚会发个关于 @bitget 的休市期间stock perp的mark price算法的文章（简版）

看下有没有媒体/平台的朋友感兴趣谈合作的

本文这次是未经许可，不得转载了 😄"
2094998387502535070,Wed Sep 02 03:58:33 +0000 2026,derivatives_options,9,4317,0.175,否,"冷知识： $sndk 的衍生品交易量已超过1/3发生在stock perp了，发生在币圈了

nasdaq/nyse开启7*24之后，只会更加利好stock perp的发展，交易量会持续上升，定价权的venue也会逐步偏移

sweet spot不是mag7这种巨无霸，而是2-3000美金的高波动性股。或者100亿以下的小盘股，专心扶持这些，比你盲目上100个都好"
2094070101972848942,Sun Aug 30 14:29:52 +0000 2026,trader_mindset_essays,13,3927,0.175,否,"跟x上很多人不一样，我一般不跟别人说我是混crypto圈的主要原因是：
外人觉得crypto 都很有钱，而且来钱来的快，花钱大手大脚的…

我只是不想让别人知道我这个屌丝拖了大家的后腿…

我不是抠门，我只是怕冷而已 😂"
2092095422135451873,Tue Aug 25 03:43:12 +0000 2026,trader_mindset_essays,0,0,0.175,否,"按照美金这几周的贬值速度来看，（兑新币/印尼盾/零吉/泰铢） ，新币从月初的1.28- 到本周的1.26 -  不知道的还以为是要QE了
 
这美金贬值速度加速了资产的购入，尤其是风险资产"
2091375181176664334,Sun Aug 23 04:01:13 +0000 2026,trader_mindset_essays,0,0,0.175,否,"我有件事想不通，比如现在有 1 个亿，买成比特币的话，一两年差不多就翻倍。

何必买什么茅台？或许是因为大佬他有的不是 1 个亿，而是 1000 个亿，所以推荐买茅台吧？"
2091368772963889370,Sun Aug 23 03:35:45 +0000 2026,trader_mindset_essays,18,4240,0.175,否,"我的timeline现在就是处在一个多空互道傻x的局面

我觉得挺好的 - 多空激烈博弈带来流量、交易量和价格发现

但是你要知道，其实除了下注多空之外，你还可以不交易的 - 不是每波行情都要参与

就像冲浪🏄，不是每个浪都是你的 

除此之外，如果你真的踏空，心里饥渴难耐… 除了多空，你还可以下注赌场"
2089918265049157814,Wed Aug 19 03:31:57 +0000 2026,derivatives_options,6,4195,0.175,否,"那些在perp上做空 $unitree 宇树的朋友们… 你们真的还好吗？！  尤其在trade xyz上开仓的…

就这个流动性和资金费率吃一壶都算少的

可以看空但不做空的"
2103050831280927229,Thu Sep 24 09:16:05 +0000 2026,derivatives_options,3,2716,0.175,否,"终于上spot了，不过这个时候给 hyperliquid:native 加个seed tag…
这是嘲讽还是挑衅？ 🤣

对面的 @HyperliquidX 不知道是没睡醒还是不care，连转发/回应都没有 - 换做是其他的项目早就爆炸了 😄 

不过这个做法也很hyper liquid

好笑的，这波上了bn spot没大涨，反而还跌了一点（因为大盘的关系）终于没有人骂是老鼠仓了吧 😂"
2102257228933951900,Tue Sep 22 04:42:36 +0000 2026,trader_mindset_essays,2,464,0.175,否,@0xcryptowizard @solana @solomon_labs @zama 哈哈哈 老哥 timeline现在全是你和 ethereum:0xa12cc123ba206d4031d1c7f6223d1c2ec249f4f3
2098961008291426505,Sun Sep 13 02:24:35 +0000 2026,trader_mindset_essays,1,553,0.175,否,"@dotey 3和6 的感受很深
代码太多了，根本没办法review了。。 
有时候核心的代码还不如自己写更好

AI 虽然提升了效率，但是也提升了人的欲望、主管的预期和工作量。。"
2095867473983869266,Fri Sep 04 13:31:59 +0000 2026,trader_mindset_essays,5,4779,0.175,否,"2029年中秋节后半夜，家明从自己在Boon Keng的HDB醒来，雨声很大，他顺手关了aircon 

看了一眼手机，在Tuas的数据中心一切正常运行

原来外头没有下雨

我想写类似的题材好久了，一直不知道该从哪里开始，觉得AI改变生活，改变人类的未来，到底是从什么地方开始的？会改变人性吗？人的生活方式？

直到有一天，我看到了。。。"
1992806167979155726,Mon Nov 24 04:03:09 +0000 2025,listing_lobbying,3,906,0.175,否,"@_FORAB 嗯 据传之前的listing和research骨干都打散进入了“公链”和“稳定币”这两个新项目（BU？）

不得不说 @GoKiteAI 的时间点踩的很好"
1971948383582724186,Sat Sep 27 14:41:46 +0000 2025,listing_lobbying,9,4265,0.175,否,"我就说几个好玩的

1. 不要说listing，连post listing的人都不能出去参加项目方的聚会，越核心越是如此，当然老大除外

2.所有对外口的人的tg （以前是slack）都是被监控的

3. 理解提名权和决定权的分工和区别

4. 接下来大概率打的是稳定币

5. 指标是有的，压力也是有的

就瞎写，不是真的"
2084220933720686769,Mon Aug 03 10:12:48 +0000 2026,trader_mindset_essays,2,4079,0.175,否,"都已经2620年了，就别想着上什么meme了好伐啦….

难道就只有我觉得，这分明上的是 bstock的应用场景，不是meme啊…

不信的话，你仔细看看 @moonkimbinance 的用户名… 

这跟是谁发的，哪个传播链的没啥关系啊…  连扶持什么都没看明白嘛…

我接下来看看有哪个大聪明去搞一个币 /bnb的dat"
1636233948950044672,Thu Mar 16 05:12:27 +0000 2023,derivatives_options,10,325,0.175,否,"Epoch 2 AI Trading bot's report @marginx_io just in 
AI bots makes a loss of $669 on epoch 2 (-1.338%)

Hence all participants of AI bots shall share the loss of $669 (tooo bad....) 

https://t.co/CFO7maBZil"
1631501409157013504,Fri Mar 03 03:47:02 +0000 2023,derivatives_options,8,652,0.175,否,"AI Trading bots has lost 0.15% on first half of epoch 2 and at the same time maker liquidity pool (MLP) has made 0.62% profit  

I guess being a #maker is better than #taker 
 @marginx_io 
https://t.co/7IzZaZMRI7"
1582635244749930496,Wed Oct 19 07:30:20 +0000 2022,derivatives_options,26,0,0.175,否,"Hi all I just posted a new thread on @StarScan_io forum : https://t.co/MXd6XNE8OI Proposing the community of @FUNCTIONX_IO allocate 1m $fx to incentivize and educate users on @marginx_io 
Let’s discuss more on the forum"
2082787944931443194,Thu Jul 30 11:18:37 +0000 2026,listing_lobbying,1,661,0.175,否,"@Zac_labs 有个小伙伴靠北道：

纽约最大的问题是，政策限制售价 + 政府补贴房租，这种社会主义政策很难成功，相当于特权经营，很难不造成低品质、权力寻租、供应不足、提高税收，最后一地鸡毛"
1941137982792384571,Fri Jul 04 14:12:14 +0000 2025,listing_lobbying,3,120,0.175,否,"@portal_kay @thecryptoskanda 说一句感伤的，合规的确定性也只是在祈祷公权力的执行力和事后的慈悲

很多case就算抓到了人，收缴赃款，也回不到受害人手里了…"
2062462042242752646,Thu Jun 04 09:10:44 +0000 2026,trader_mindset_essays,3,815,0.175,否,"@BTC_Alert_ @yingbinance 说实话，社交产品是一个top down的反馈链，正反馈这个事情真的很重要
不管是对外还是对内

这点的话，虽然我不在币安广场发东西，但是 @yingbinance 真的更有干劲儿，时不时就在想办法/活儿"
1975819177324912708,Wed Oct 08 07:02:55 +0000 2025,trader_mindset_essays,6,3617,0.175,否,"按照以往英文meme的东方接盘逻辑

这波中文meme梗是不是也该由西方来接盘啊

三十年河东 三十年河西

总该让其他人来接盘了吧

这个才是$币安人生吧？ 反转meme的逻辑"
2079453432713539983,Tue Jul 21 06:28:27 +0000 2026,trader_mindset_essays,3,2753,0.175,否,"似曾相识燕归来
不论是西方还是东方，抠字眼发meme就是一个常态

同一个事情，不管是 coinbase的base，binance的bnb chain，还是okx的xlayer 

如果人性不是相通的话，那就是背后都是的同一拨人"
2052194090733748639,Thu May 07 01:09:33 +0000 2026,mm_liquidity,15,4684,0.175,否,"美股涨的越高，crypto就越欢
你说这中间有什么直接联系？因果关系？

有人说这是流动性溢出？风险资产抬头？机构进入？

怎么说呢？
就跟川普当选总统后，川大智胜直接涨停一样"
2082804518388154378,Thu Jul 30 12:24:28 +0000 2026,trader_mindset_essays,2,2527,0.175,否,"@Michael_Liu93 赞成的，爸爸们不减capex，不影响基本面，大家还都要买买买

另，开源模型这个趋势还会有新增的capex，目前大家还没聊到

不过韩国这个救市措施，要是真的是禁掉卖空真的是有点无语了。。它们关闭用户的融资渠道都好过这个"
2082382452857929783,Wed Jul 29 08:27:20 +0000 2026,trader_mindset_essays,4,2070,0.175,否,"之前发在substack的文章 《模型公司的敌人，不是另一个更强的模型》

从日本动漫发展的视角给大家带来一个“羊毛出在猪身上”的资本故事，有兴趣的可以去看看 

“真正危险的竞争者，是一家根本不需要靠模型赚钱的公司。它可以用广告补贴模型，用云计算补贴模型，用企业软件补贴模型，也可以把模型免费送出去，只为了守住客户和生态。

它不需要在你的战场上盈利，只需要让你无法盈利即可。” 

https://t.co/oL5x1hNb73"
2066919343636520986,Tue Jun 16 16:22:27 +0000 2026,trader_mindset_essays,12,4762,0.175,否,"那双绿鞋可厉害了喂.. 叫超额配售选择权～ 在行情好的时候，框框卖

越涨越有人来做空
越做空越有人来

这对于币圈的high fdv low float的剧本可熟悉了"
2071883449968062797,Tue Jun 30 09:08:02 +0000 2026,trader_mindset_essays,6,3317,0.175,否,"这次的AI capex大战其实还没有真的从消费端的付费创造出大于capex投入的价值

现阶段可以说是上游厂商端的远期AI期望产能体现以及各家中游端的焦虑体现

现阶段是不是适合商业化的？ cost -benefit的？ 不知道？ 但我得有

技术和商业有意思的地方是啥呢？不是你厉害，在商业上你就能获得成功？ 不信你看看早年的pc的操作系统之争"
2071799783984165220,Tue Jun 30 03:35:35 +0000 2026,trader_mindset_essays,6,1801,0.175,否,"同感 
从股东权益的角度：花capex的钱=短期从股东权益拿钱走，而且效果预期还不确定

其次内存高溢价的原因是产能不足导致的，产能（数量）上来了，单价就下来了

区别在于这部分是你吃掉了，还是让别人吃了

扩产部分的收益 > 现在投入的capex + 毛利下降的损失部分 + 竞争对手扩产吃掉的份额

感觉这波大规模扩产更多是政治任务 😂"
2068903817102729448,Mon Jun 22 03:48:03 +0000 2026,trader_mindset_essays,4,2405,0.175,否,"@YeruiZhang 哎 这种动态调整指数价格来源的方法可以说是用一个新的问题来解决一个现在的问题

如果不能限制出入金的渠道，长期看来还没什么作用，攻防成本的变化不大"
2036657688906801212,Wed Mar 25 04:13:26 +0000 2026,trader_mindset_essays,8,4412,0.175,否,"普通人跑马拉松有两个关键

1. 马拉松是30km后才开始的，不是0km ，百公里半九十

2. 修复：要保温、要降心率、要排酸、要睡眠充足、要补充足够的营养等等

三分练，七分吃和睡

大家觉得运动很重要，但是其实更重要的是“修复”"
2004576980092829802,Fri Dec 26 15:36:09 +0000 2025,trader_mindset_essays,15,2797,0.175,否,"想着大家都在过节，明天上午就给大家来点“软”文舒舒心 😂

我最近在尝试不同的风格，打算模仿媒体的“年度十大xx”风格来写一篇我认为2025年加密行业具有里程碑意义的十个事件

有兴趣的可以留言猜猜，看看你们想的事件跟我想的是不是一样？ 😂"
2005477225160937933,Mon Dec 29 03:13:25 +0000 2025,macro_first_principles,17,3909,0.175,否,"这几天补了一下短视频媒体的课（对的，老灯基本不看，甚至都没有下载）最大的感触就是：不是什么都上升到智商，认知、选择、原生xx

这个世界上除了智商税，还有甜蜜税、颜值税、信仰税、焦虑税、耐心税、执行税…..

归因到认知不足，智商税，本质也是一种战略性偷懒"
2005127143026721246,Sun Dec 28 04:02:19 +0000 2025,trader_mindset_essays,10,2152,0.175,否,"在现在的AI模型版本，优势属于那些观察细致且能准确描述问题的人类

当你在怀疑AI不行的时候，很大可能是你没把问题、context和条件描述清楚和准确

别担心这么快被淘汰，毕竟推上的大多数人连该问什么问题都不知道，更别说把问题描述清楚

现在的crypto AI agent别搞这么花里胡哨，能协助人类把问题描述得有模有样就不错啦"
1971387954896699584,Fri Sep 26 01:34:49 +0000 2025,trader_mindset_essays,20,3090,0.175,否,"当项目方足够大方，财富效应足够明显之时，就没有所谓的“天王级项目”的吸血效应了嘛？

每上一个新天王的崛起，就意味着另一个天王的落寞

有意思的是，虽然这个朝代更迭的速度越来越快，但是老王还是同一批人

无非是老王点上谁的烛灯
后来者续不续灯烛"
1972874725572727017,Tue Sep 30 04:02:43 +0000 2025,trader_mindset_essays,8,835,0.175,否,@Ru7Longcrypto @justinsuntron @SunPerp_DEX @trondao 你到了之后记得跟孙哥说，@SunPerp_DEX 的github真的是有点惨不忍睹…. 别说机制了，连抄的注释都一言难尽 😂
1972662597515374941,Mon Sep 29 13:59:48 +0000 2025,trader_mindset_essays,4,2076,0.175,否,"有没有人跟我遇到一样的问题，就是5000+ sKaito的持有人claim 不了 $ff 的airdrop

ps：我已经在 @falconfinance 上注册地址了。。 https://t.co/ocUZWSnPgf"
1972121081495576660,Sun Sep 28 02:08:00 +0000 2025,trader_mindset_essays,3,635,0.175,否,"@ch999degen @HyperliquidX @extendedapp 🤣 感谢支持
对小伙伴有帮助就好 

主要是大家预期 $ff @falconfinance 给 @KaitoAI 的空投会很多，所以导致了一部分去买kaito质押成skaito 或者 购买yt kaito"
1971785841321431344,Sat Sep 27 03:55:53 +0000 2025,trader_mindset_essays,10,334,0.175,否,"@tongtongbee @colinwu 其实就是你洗完澡之后涂body lotion
洗完手之后涂hand cream

出门就擦防晒或者打伞/坐车（物理防晒）

涂lotion/sunscreen/handcream 这个事情只要能坚持，你的皮肤会超级滑嫩（你的皮肤比你的实际年龄少10岁起）

亲测有效"
1971777922953629706,Sat Sep 27 03:24:25 +0000 2025,mm_liquidity,12,3963,0.175,否,"又一个稳定币项目 @falconfinance 
稍微不一样的是他的收益来源，除了耳熟能详的什么国债收益之外，居然还有一部分是mm的收益

好处是“mm”收益听起来稍微不同，有点特点；坏处是，这个是黑盒，who knows？（但是其他的稳定币也是这样）

可能还有点 @worldlibertyfi 加持，不过不太确定实用性

对于这个版本的大满贯新币来说，看盘面和oi就行，要什么叙事 🤣"
1971492478047093036,Fri Sep 26 08:30:09 +0000 2025,trader_mindset_essays,26,3491,0.175,否,"比起追高，更重要的是不要去抄底

大多数人都恐高，或多或少而已，你恐惧的时候，风险承受度就会小一些，下跌的时候就更难受，好处是跑得更快

抄底的时候就就感觉站在平地（自以为的），心里不会有什么太强的反应，会比较舒服，但就是因为舒服，会一直抄

抄到不甘心，抄到最后深陷其中，难以自拔"
1971418717600006264,Fri Sep 26 03:37:04 +0000 2025,macro_first_principles,17,4148,0.175,否,"偶然想起上个周期的几个大哥们，都是因为暴跌抄底，逢低建仓，不只是利润，把本金都搭进去了

尤其是你之前赚了几回，觉得这个是你熟悉的路径

殊不知连胜已经扭曲了你的盘感和价值观

人多多少少都有点恐高症
买高了你会恐惧，但抄底是会出人命的"
1971411631503745235,Fri Sep 26 03:08:54 +0000 2025,mm_liquidity,4,1842,0.175,否,"模式决定了路径

保护用户衍生出项目方保证金制度，mm，信息透明等

让利给用户衍生出了类holder/alpha空投，高存款利率，各种booster活动等等

像是大家长式的管理- 这种模式下灵魂人物的曝光就显得尤为重要"
1971406562049806719,Fri Sep 26 02:48:46 +0000 2025,trader_mindset_essays,10,3470,0.175,否,"我记得很久以前一姐在某个ama上说过，要保护用户，要让利给用户

没想到这句话形成了一套生态，成就了一套新的打法和行业格局

与之相比 Upbit/Bithumb /Coinbase的“中立打法”打法就形成了强烈的对比

没有好坏高下之分，就是路线不同"
1916755329863520393,Mon Apr 28 07:24:16 +0000 2025,trader_mindset_essays,14,1148,0.175,否,"@PundiAI has 4 trillion token (data point) , guess we are the largest AI data. Layer in the space
Work with us to grow further"
1937457943848632767,Tue Jun 24 10:29:04 +0000 2025,trader_mindset_essays,0,40,0.175,否,"@portal_kay @thecryptoskanda 大家都是热血难凉啊
grab shopee这类比较大的公司 不是被卡牌照 就是被卡政府关系

lazada就是这么悲剧的 阿里的高管看了都直呼 厉害"
1939819730652864965,Mon Jun 30 22:53:58 +0000 2025,trader_mindset_essays,6,1719,0.175,否,"@yuyue_chris 有人的钱是大风刮来的
有人的钱是与生俱来的

有人的钱是果，是认知的产物
有人的钱是因，是安全感的来源

条条大路通罗马不是因为路本身，而是因为每条路径都分南北，方向才是重点，不是路

听起来有遗憾的是，那段可能有点青涩懵懂的爱情 😄"
1939657342192337018,Mon Jun 30 12:08:42 +0000 2025,macro_first_principles,7,4246,0.175,否,"美联储降息之后，大家猜猜还有多少稳定币项目能活下去？

另外，那些觉得买“链上美股”很帅，很未来的项目和操作，但是各位有没有想过有资本利得税的事情吗？ 😄

不是牌照限制老登们的想象和操作
而是商业上算过账，这业务划不来

太阳底下没有新鲜事，牌照是阻止不了潮汕人滴…."
1939564914882105643,Mon Jun 30 06:01:25 +0000 2025,trader_mindset_essays,8,2739,0.175,否,"前几天跟一个资产有好多0的OG聊天，她就说如果不是想测试和筛选不同的美色，谁愿意去商k啊

她的理论基础也很直接：不是每个人都知道自己到底要的是什么，这是一个人生的必经之路

也跟概率类似，没有足够的样本，怎么能形成一套筛选标准

就像didi一样，你如果就是想试车的话（不想拥有），那就在打车软件上先随便点，试试看感觉再说 😄"
1939343232913314020,Sun Jun 29 15:20:32 +0000 2025,trader_mindset_essays,12,2227,0.175,否,"这么看起来，有了钱之后反而成为了你寻找真爱的绊脚石？阻碍了？😄 这逻辑听起来怪怪的

作为一个油腻老登，感觉找真爱这个事情，钱，这个事情应该是助燃剂/加速器才对啊，而不是阻燃剂

姑娘半夜求安慰，兜里没几个子的直男只能说多喝热水；你有钱之后直接打个飞的过去泡热水给人家喝

如果这个圈子没有合适，那就换一个圈层 - 钱就是在没有选择的时候，买一个出来

最后，不要穷得只剩下钱 😄"
1939212708492226592,Sun Jun 29 06:41:53 +0000 2025,trader_mindset_essays,3,293,0.175,否,"@LanngCrypto 听 @LanngCrypto 讲解web3历史和怎么做大额理财，精彩程度与web3赏花，有过之无不及

看这份量，敢情这吃的都不是烤鸭，吃的是对生活洒脱的态度和健康的追求

不是web3不能实现阶级跨越，而是没有lanng老湿的果决"
1939154542832366056,Sun Jun 29 02:50:45 +0000 2025,trader_mindset_essays,5,707,0.175,否,"@cishanjia 东方的教育体系就没怎么教人怎么识别失败，分辨失败，总结失败，适应失败和从失败中学习成长

比起什么外语数理化，学校都没教学生该怎么学习，该怎么看书，怎么面对成功和失败"
1938887845780885539,Sat Jun 28 09:10:59 +0000 2025,trader_mindset_essays,12,4871,0.175,否,"若说蔡澜的生活方式能给我带来什么启发

大概就是蔡澜是少数把“财富”变成“自由”的明白人

以财富之实 换自由之美

在有限的财富空间里，用自己的方式获取最大的自由度

山不在高 有龙则灵
财不在多 自由则达

蔡澜用他的才情展示了自由的意义也可以不是财富程度决定的，而是内心的富足程度决定

除了伤病能给人实实在在带来痛苦之外，剩下的苦难都是价值观带来的"
1938871096042050015,Sat Jun 28 08:04:26 +0000 2025,trader_mindset_essays,12,4095,0.175,否,"@ohyishi 有一说一
我觉得不论是defi还是cefi，都存在被盗/被黑/出错的风险，倒不是defi就比cefi好或者更优

cefi暴雷的的项目也不再少数

主要是Resupply这个“认错”的态度和后续的处理方式也真的是绝了…."
1938836187869044782,Sat Jun 28 05:45:43 +0000 2025,trader_mindset_essays,3,1127,0.175,否,"“我的人生，从不设目标，因为光是活着，就已经是奖励。”

就如同他的后事，“我死了不占你们的地儿 ”

洒脱，敢爱敢恨，果决

1955年14岁的蔡澜在《南洋商报》的开山之作，“导演怕是把胶片当泡面煮了，软趴趴的”

原来以为是哗众取宠，那知道人家坚持了70余年，装的真特么彻底

原谅我，就是这样的一个“蔡澜”"
1938511254722867559,Fri Jun 27 08:14:33 +0000 2025,trader_mindset_essays,7,3696,0.175,否,"给那些因昨晚看好 $sahara 开盘预期的多军们

这则寓言故事，不敢说一模一样，也是像模像样 

cc @0x0xFeng 难得能在风神的伤口上撒盐一次 哈哈哈哈哈 😄"
1938129430498709751,Thu Jun 26 06:57:19 +0000 2025,trader_mindset_essays,6,1707,0.175,否,"（广子慎入）
😄 太好了 恭喜 @saharaai 大满贯了

为什么我也开心呢？

同是AI数据标注赛道， @PundiAI 的市值是 Sahara的 1/10，你要是觉得 Sahara贵的话，上所预期到头的话，不妨看看 #PUNDIAI 
 
请务必做好研究
不构成投资建议

还有就是，我们这里没有任何可以撸的币，都要真金白银买

不给社区撸毛的机会，就不会出现反撸社区的局面"
1938110618097307954,Thu Jun 26 05:42:34 +0000 2025,macro_first_principles,8,2139,0.175,否,"如果你确信自己不是“天选之人”，不自带主角光环

那凭什么你觉得自己能在人声鼎沸之时赚到大钱

凡事过往皆为价格之锚，不要被声量蒙蔽本质，专注于底层算法

知其然而不知其所以然，危哉"
1937836023251350009,Wed Jun 25 11:31:25 +0000 2025,mm_liquidity,4,1849,0.175,否,"😄貌似大家看到我的窘迫… 今天就有商单来咨询了 ohyeah 小紧张啊….

我就是说着玩的，不接广子，我就是想知道市场行情是啥情况，多贴近市场和社区

也欢迎大家多对跟我聊市场的新消息，说得好的，我当你的退出流动性也可以 😂"
1893147562208579659,Sat Feb 22 03:55:26 +0000 2025,trader_mindset_essays,4,277,0.175,否,"10h内凑齐10万+个Eth
我都不知道是该说 @benbybit 的融资和协商能力超群 还是 @Bybit_Official 的实力过硬关系网强大，又或者还是社区对于一方有难 八方来援的社区情怀 - 我们单体火苗很小，但是聚在一起就是团火🔥 
这个事情 验证了16-18年出来的老兵还是当打之年
web3的发展齿轮快转到OG的一代了"
1904934010838765759,Wed Mar 26 16:30:34 +0000 2025,trader_mindset_essays,0,86,0.175,否,"@whaleshark0x 我没有去看hyperliquid的terms and condition，但是我敢打赌10u里面会至少有一条一定会说恶意操纵市场的话，会abcde等等的处置方式

所以hype是按照用户【同意】的规则来处理的"
1904907370620477464,Wed Mar 26 14:44:43 +0000 2025,trader_mindset_essays,0,202,0.175,否,"@whaleshark0x @cryptobraveHQ 我再加点料 
1. Ryan同时也参与WLFI 
2. bnbchain上的好几个项目也是他们做的，有些刚下架了（比如burger），也有一些meme（WHY） 
3. 上所能力和布局能力是很厉害的，最近新上的项目都有他们的手笔 比如(dxxx)"
1904906279895605723,Wed Mar 26 14:40:23 +0000 2025,trader_mindset_essays,1,1339,0.175,否,"我再加点料
1. Ryan同时也参与WLFI
2. bnbchain上的好几个项目也是他们做的，有些刚下架了（比如burger），也有一些meme（WHY）
3. 上所能力和布局能力是很厉害的，最近新上的项目都有他们的手笔 比如(dxxx)"
1906903880706953403,Tue Apr 01 02:58:08 +0000 2025,derivatives_options,4,4446,0.175,否,"走过路过不要错过啊
#香港web3嘉年华 最良心的活动
忙了一天后 ，@PundiAI 和 @zetachain 请你吃鸡煲
没有什么比一顿热乎饭更能慰藉人心

评论+转发 抽5位幸运儿来参加这个private event"
1906703679232880842,Mon Mar 31 13:42:36 +0000 2025,trader_mindset_essays,3,819,0.175,否,"If u have spare cash of $100, please spend $1 to buy $gun and sell it on 4 April 

Thank me later 🤣"
1906245487398945104,Sun Mar 30 07:21:55 +0000 2025,trader_mindset_essays,2,923,0.175,否,"@BTW0205 巴菲特（和我？！）有一个共同的观点，貌似是他在可口可乐的股东大会上说的 - 我只买我看得懂的股票，且最好这个公司生产的产品我也在用

作为一个支付+AI公司，你知道有多少稳定币和蓝筹每天在eth里面流转吗……. 

奉劝大家一句，买一些你看得懂的，要不然买一些你正在用的也行，不要买一些别人喊的"
1906240530801189255,Sun Mar 30 07:02:13 +0000 2025,trader_mindset_essays,5,563,0.175,否,"@PundiAI 作为web3 AI数据量最大的AI data layer（没有之一，不服来战！我们现在有4万多亿token）想说把数据迁移到 @BNBCHAIN，但是无奈 #greenfield 太贵族了，用不起，在推上吐槽了一下
@0xjiujiu99 就马上拉群来解决了
非常期待本次的hk super meetup会有什么升级和扶持激励

 #BNBSuperMeetUpHK https://t.co/qAYC1tVCq3"
1906208997230936282,Sun Mar 30 04:56:55 +0000 2025,trader_mindset_essays,10,4266,0.175,否,"@CryptoofRICARDO @xiejiayinBitget 兄弟你这个做法有点意思啊
入职bitget，结果x的简介宣传okx

你这个玩法在甄嬛传里，最多活三集吧"
1906173929263185949,Sun Mar 30 02:37:34 +0000 2025,trader_mindset_essays,6,1278,0.175,否,@jason_chen998 这种宣言式的关税冲击力已经越来越小了，尤其是币圈都已经开始脱敏了，或者说关税的诉求不是当天振幅的决定性因素了。之前稍微做了一个统计，供大家参考 https://t.co/nQDE0N4GSM
1906026460638482596,Sat Mar 29 16:51:35 +0000 2025,trader_mindset_essays,3,584,0.175,否,"此时此刻想对e卫兵们说
有一种英雄主义，就是我们看清了加密世界的真相后，依然选择热爱生活，珍惜生命，hodl

我称之为e雄主义

in #eth we trust"
1904936922256204267,Wed Mar 26 16:42:08 +0000 2025,trader_mindset_essays,2,184,0.175,否,"@SEFATUBA3 怎么说呢，下重注的交易员都知道去中心化就是个幌子，他们只要有利润空间和资金安全
但是有一点很重要，就是放在你钱包里面的钱 hype是拿不走的，但是cex就不同了"
1904929605099938212,Wed Mar 26 16:13:04 +0000 2025,trader_mindset_essays,14,2157,0.175,否,"@dotyyds1234 你说会影响信心？ 别傻了….会用hype的还是接着用的

还是市场上目前最利于交易者的perp 

你在其他地方别说这种操作赢钱了能否拿回来？ 甚至连账户余额都给你封了

hype至少还能让你把钱包余额提走"
1904569334674157889,Tue Mar 25 16:21:29 +0000 2025,trader_mindset_essays,0,58,0.175,否,"@RockyX_2July 也不是，particle是早期孵化的 已经很久了 估计现在联系不大了
particle的技术真的很顶 几个清华老哥肝出来的 ux值得期待"
1904486506129240489,Tue Mar 25 10:52:21 +0000 2025,mm_liquidity,3,653,0.175,否,"要看合作的model：假设是retainer model，那么就是项目方的锅了 因为钱都在项目方的账户，开api给一方操作；假设是option 借币model，项目方是有可能不知情的，卖币的收入不会按比例分的，因为mm拿的都是call option的收益（也有风险的）

当然move这个规模太大了，单mm的影响力是不够的，所以那啥（连背后的投资人）应该是知道的"
1904031129231110434,Mon Mar 24 04:42:51 +0000 2025,trader_mindset_essays,6,1501,0.175,否,"前几天在一个聚会上吃了一个大瓜 听完真的是颠覆认知
（相比之下，什么济州岛kol跟他一比都是毛毛雨）

某知名crypto vc的managing partner（本人也算半个kol吧） 靠着sleep to earn 年收入 &gt;某些tier 2 defi协议的手续费收入

果然play to earn/ stake to earn... 在原始的人性面前都是浮云"
1901489134402941389,Mon Mar 17 04:21:52 +0000 2025,trader_mindset_essays,3,294,0.175,否,"@tongtongbee 大家都有一个误区 ——就是获得牌照 = 合规 = 官方认证 = 安全
其实不是这样的，获得牌照只能说明两个确定性的事情：1.你愿意接受监管； 2. 你的合规成本大幅增加"
1901468951630283163,Mon Mar 17 03:01:40 +0000 2025,trader_mindset_essays,4,1210,0.175,否,"Let’s start to accumulate some undervalued altcoins
Observing on March, executing on April, blossom on May"
1862688259400507841,Sat Nov 30 02:41:02 +0000 2024,mm_liquidity,19,2884,0.175,否,"Yesterday community meetup with @Xangle_official @0G_labs @PundiAI was so FUN 
In case u guys missed it 
@mheinrich @lihan_xangle @xangle_intern hahaha
Very #meme #kimchiAI https://t.co/C7wfAPVQQw"
1839856146787504505,Sat Sep 28 02:34:22 +0000 2024,derivatives_options,5,239,0.175,否,"Do you remember when you joined X? I do! #MyXAnniversary 

same birthday with @PundiXLabs 
$7 https://t.co/fipzOPAuKQ"
1864239254815297540,Wed Dec 04 09:24:08 +0000 2024,derivatives_options,7,207,0.175,否,"If you are thinking of free airdrop - you may turn right and leave
We only reward real users, builders and contributors 

We give no shit about “incentivized” traffic and fake volume #pundiai"
1833360989120553162,Tue Sep 10 04:24:56 +0000 2024,trader_mindset_essays,2,532,0.175,否,"潮水退去之后，你才知道telegram的用户或者说账户，是水军还是用户

梦回2010年的滴滴/快的大战，百团大战；司机/商户自己在刷单刷量 - 不过这次不同的是，上次烧的是VC/PE的钱，这次是散户在接盘"
1862143834664366156,Thu Nov 28 14:37:41 +0000 2024,trader_mindset_essays,20,524,0.175,否,"we will share the latest product development and tokenomic of @PundiXLabs and @PundiAI 

see u there"
1860923937062015184,Mon Nov 25 05:50:15 +0000 2024,trader_mindset_essays,3,665,0.175,否,Will #binance list #shibu #rif #uro later today?  $uro #pumpscience rules the #meme
1856936493878841633,Thu Nov 14 05:45:35 +0000 2024,derivatives_options,12,655,0.175,否,"I just reliazed $purse and $pundix are #memecoin 
Both token all circulated , no hidden tokens, great narrative, long history , from ico etc"
1854751831345578186,Fri Nov 08 05:04:30 +0000 2024,trader_mindset_essays,23,4741,0.175,否,"Something cool and big is brewing #depin #ai payment @PundiXLabs 
Bringing #depin into your daily routine 
#PundiX https://t.co/Q0x0j8q9LK"
1854721039353446683,Fri Nov 08 03:02:09 +0000 2024,derivatives_options,10,544,0.175,否,Correct me if I were wrong- @marginx_io is a #DeFi product that building for years and new features is coming for $aifx $fx
1843672323913855447,Tue Oct 08 15:18:30 +0000 2024,trader_mindset_essays,5,163,0.175,否,"@cecilia_hsueh Some projects be like
Build the product 
Enhance the product 
Apply grants and collaborations 
Foundation asking stupid questions
Fxxxk it we do it ourselves 
Name it"
1841718033708154889,Thu Oct 03 05:52:51 +0000 2024,trader_mindset_essays,5,122,0.175,否,@orbitant @Zac_Pundi @PundiXLabs @PundiAI @Purse_Land the very first #RWA coming soon
1832674865029234969,Sun Sep 08 06:58:31 +0000 2024,trader_mindset_essays,9,228,0.175,否,"believe in cycle 
believe in long term 
#Crypto is just another cycle of humanity"
1832279927112204759,Sat Sep 07 04:49:11 +0000 2024,trader_mindset_essays,3,446,0.175,否,"If there is something crazier than the Korean #crypto market and #kimchi #ramen, I will definitely vote for the Korean TAXI 🚕 

That’s crazy man. 140km/h whoops….
#KBW2024 https://t.co/znyRHeyIfn"
1831224342572859842,Wed Sep 04 06:54:40 +0000 2024,mm_liquidity,26,687,0.175,否,"Great vibe l, great people, great community @SUPRA_Labs 
@Purse_Land #purseplus #kbw2024"
1829118684239217068,Thu Aug 29 11:27:32 +0000 2024,trader_mindset_essays,8,670,0.175,否,"I think Korean really like instant noodles, 🍜 🍝, maybe more than kimchi? 
Tell me if you were a ramen/noodles person? Or Kimchi person? 
Tell me in person On https://t.co/04rSDLNpOB 

#KBW2024 #pundix #pundiaifx https://t.co/0NAh5VokQz"
1828693815848550451,Wed Aug 28 07:19:15 +0000 2024,trader_mindset_essays,2,139,0.175,否,@ellaqiang9 @cronosapp @Jayljl @kentimsit @0xHrin @lesliechn @KapoorCharlotte up only
1792926257962795030,Tue May 21 14:31:45 +0000 2024,trader_mindset_essays,7,254,0.175,否,"Am I the only one feeling NOT right about the ETH ETF?
I still don’t think ETH ETF will be approved this week"
1773229090595582296,Thu Mar 28 06:02:14 +0000 2024,derivatives_options,5,1046,0.175,否,"@indrawxyz probably the most expensive melon i have ever seen 

$melon is juicy , only up 800x
only @marginx_io https://t.co/NgX7my3CGx"
1797455354865025408,Mon Jun 03 02:28:46 +0000 2024,trader_mindset_essays,2,313,0.175,否,"After $notcoin, next $pundix
Same Turkey 🇹🇷 focus, same token fully unlocked, same #airdrop mechanics, same @binance listed

NFA 
This is just my opinion"
1772872843090436516,Wed Mar 27 06:26:38 +0000 2024,derivatives_options,10,739,0.175,否,"more #memecoin on @marginx_io 
I guess dev likes #memecoin 

@functionx_io is gonna explode soon https://t.co/mMKSoGqk9a"
1789198345137012844,Sat May 11 07:38:21 +0000 2024,derivatives_options,8,297,0.175,否,@marginx_io will be the real #meme #memecoin centre of #cosmos ecosystem and beyond
1774396498152952260,Sun Mar 31 11:21:06 +0000 2024,derivatives_options,2,194,0.175,否,"DEGEN refers to DEcentralized GENeration in @marginx_io’s context

Do not try to correct me
I dont care

More 🤩"
1773597142386401508,Fri Mar 29 06:24:45 +0000 2024,derivatives_options,4,77,0.175,否,"@BaaBaaStudios @marginxyz @functionx_io Do u want to launch a #memecoin on @marginx_io , let me know"
1778262437139271842,Thu Apr 11 03:22:58 +0000 2024,derivatives_options,6,439,0.175,否,for users affected from @marginfi and @solblaze_org -  come to @marginx_io - your frustration will be fixed here
1775095631624929487,Tue Apr 02 09:39:12 +0000 2024,trader_mindset_essays,0,198,0.175,否,"am i the only see #Ethena @ethena could be the other #luna #ust , potentially? 

I think I might be missing something"
1800911396655472730,Wed Jun 12 15:21:50 +0000 2024,trader_mindset_essays,1,192,0.175,否,"Since when, the sentiments and emotions of people are controlled and determined by the fluctuations of the number"
1804011418137551005,Fri Jun 21 04:40:13 +0000 2024,trader_mindset_essays,4,440,0.175,否,"Am i the only one who cannot claim $zro airdrop? @LayerZero_Labs 

error message ""Transcation failed, Object object"""
1793857622527140207,Fri May 24 04:12:40 +0000 2024,trader_mindset_essays,4,161,0.175,否,"Things do not always get better, but with time, we can get stronger, not only physically, financially and most importantly, mentally"
1780499813286781383,Wed Apr 17 07:33:30 +0000 2024,trader_mindset_essays,11,961,0.175,否,"I don’t know #Dubai2049 #Token2024Dubai now - meanwhile in Bahrain 🇧🇭, guess this should be the real #TOKEN2049 https://t.co/XUasJYtSPy"
1779809578563371445,Mon Apr 15 09:50:45 +0000 2024,derivatives_options,2,154,0.175,否,@palettebycfw @Dune_404 @Color_ERC404 @Pandora_ERC404 would love to join @marginx_io @Purse_Land
1775180156732424393,Tue Apr 02 15:15:05 +0000 2024,derivatives_options,11,534,0.175,否,"Traders crash our system - please try harder next time @marginx_io 
But @functionx_io blockchain remains impeccable
All good"
1696722067650216423,Wed Aug 30 03:10:39 +0000 2023,derivatives_options,9,1370,0.175,否,Call for #defi champion to help @marginx_io build a better product to serve the community better
1732233213966438783,Wed Dec 06 02:59:16 +0000 2023,trader_mindset_essays,10,394,0.175,否,"see u guys @TaipeiWeek 
unleash the potential of freedom to list any #perpetual #perps market in this #ALTSEASON"
1682751742449180674,Sat Jul 22 13:57:34 +0000 2023,mm_liquidity,7,1265,0.175,否,"do you think automated market maker (#AMM) can be deployed on order book (#clob)  or on perpetual #perpetual #dex ?

I am thinking of vampire attack #web2 order book market making"
1704433111080022439,Wed Sep 20 09:51:35 +0000 2023,derivatives_options,9,599,0.175,否,"Lego-able is the key of the DeFi protocol
@marginx_io 2.0 is heading to that direction"
1708055787984003206,Sat Sep 30 09:46:48 +0000 2023,derivatives_options,19,606,0.175,否,"#ALO,  Turkey 🇹🇷 Istanbul
See u guys at @CosmoverseHQ event on 2-4 Oct @marginx_io will be presenting there
@Cryptocito @CosmosClub_ where r u guys, let’s have some Baklava https://t.co/MT15By4aQn"
1731315003998011529,Sun Dec 03 14:10:37 +0000 2023,trader_mindset_essays,3,600,0.175,否,"i dont know about other tokens #etf 
but i guess bull run just started early on @Pursetoken and soon @PundiXLabs #pundix"
1703595109663850806,Mon Sep 18 02:21:40 +0000 2023,derivatives_options,9,500,0.175,否,"As a product, only a few of core values we are pursuing: faster, stronger, cheaper, safety and looking good
Alo, folks  @marginx_io"
1702231050943185312,Thu Sep 14 08:01:23 +0000 2023,derivatives_options,10,840,0.175,否,"Margin X is a Delta neutral automated limit orderbook market maker for perpetual market

Would it be too complicated?  I know it is a bit lengthy, any good advice to shorten? 
@marginx_io @marginxyz"
1712475698718507320,Thu Oct 12 14:29:57 +0000 2023,derivatives_options,14,775,0.175,否,"our debut spaces on #BinanceLive @marginx_io 
we cant wait to invite our community to the party on @binance 
please join if you have time @cz_binance , let's have some fun"
1737289013864825076,Wed Dec 20 01:49:12 +0000 2023,trader_mindset_essays,21,2814,0.175,否,Does anyone know @PundiXLabs’s XPOS is one of the earliest Depin project since 2017 (Decentralized Physical Infrastructure Networks) #DePIN #depin
1735169939244499129,Thu Dec 14 05:28:46 +0000 2023,derivatives_options,11,527,0.175,否,"It was a great session with the great people @Scallop_io @perpprotocol @Quantstamp @dynasty_icp 
Learning new things make us alive"
1734939787965211050,Wed Dec 13 14:14:13 +0000 2023,derivatives_options,8,723,0.175,否,"this is amazing
what a bold move for @leap_cosmos 
@marginx_io team is so looking forward to integrate"
1734496823803584988,Tue Dec 12 08:54:02 +0000 2023,derivatives_options,8,378,0.175,否,"ALO folks 
with @orbitant at taipei blockchain week @TaipeiWeek 
@marginx_io team in town"
1728314070204391928,Sat Nov 25 07:25:59 +0000 2023,derivatives_options,2,55,0.175,否,@zibin @marginx_io @TheRealXinxi @Keith8Yong Thanks for ur insights @Keith8Yong @zibin @TheRealXinxi
1727274088450982049,Wed Nov 22 10:33:28 +0000 2023,trader_mindset_essays,4,266,0.175,否,"basically you are sending your token to a multisig wallet address, not even a smart contract"
1721455437957222749,Mon Nov 06 09:12:14 +0000 2023,trader_mindset_essays,4,198,0.175,否,@Cryptocito @JunoNetwork @stride_zone @_IONDAO @BanterBubbles where is $fx @functionx_io ?
1717816393301983279,Fri Oct 27 08:11:58 +0000 2023,derivatives_options,18,577,0.175,否,"""If assets cannot be freely listed, decentralized trading is just a joke""
for those keep asking us the same question: what's the difference between @marginx_io and other #DEX ?"
1716630628085690576,Tue Oct 24 01:40:09 +0000 2023,derivatives_options,9,988,0.175,否,"The train is about to take off
The question is which train? @functionx_io @marginx_io only wrong answer"
1716006764880286034,Sun Oct 22 08:21:09 +0000 2023,trader_mindset_essays,5,409,0.175,否,"looks like a ""sandwich attack"" pattern
only transact with someone you trust, at the moment
#LightningNetwork"
1710870863388774717,Sun Oct 08 04:12:54 +0000 2023,derivatives_options,19,916,0.175,否,"Freedom to list #perpetuals
Permissionless perpetual market
Tell me what are the #tokens #assets you want to trade on @marginx_io https://t.co/0GlhZ2FnTE"
1709929719066771951,Thu Oct 05 13:53:08 +0000 2023,trader_mindset_essays,16,958,0.175,否,"Greatly appreciated the Panel with @icphubturkey @DariaChernozub @0xSpaydh @AdamDeanWozney it was a great penal session
@CosmoverseHQ is the coolest event of #Cosmos"
1708571788144234801,Sun Oct 01 19:57:12 +0000 2023,derivatives_options,3,117,0.175,否,@marginx_io @CosmoverseHQ @cosmoshub @orbitant @chinshinliang The first automated limit order book market maker perpetual market only @marginx_io
1708444312931799424,Sun Oct 01 11:30:40 +0000 2023,trader_mindset_essays,11,463,0.175,否,Exchange Turkish Lira with @pundixturkiye @PundiXLabs seamlessly for our trip to @CosmoverseHQ
1633347822534926336,Wed Mar 08 06:04:01 +0000 2023,derivatives_options,11,277,0.175,否,"the next big wave of #web3 products is either the enlargement of people's #greed or the expansion of people's #fear 

and  @marginx_io is there to serve both"
1626149917285842944,Thu Feb 16 09:22:07 +0000 2023,derivatives_options,8,367,0.175,否,"if you miss #AI pool, you do NOT want to miss #liquidity pool

less than 96k allocation now... @marginx_io 

https://t.co/40FIjm6ngi https://t.co/2DbDOSsrdX"
1620984770481262594,Thu Feb 02 03:17:40 +0000 2023,trader_mindset_essays,10,245,0.175,否,"#Payment, #swap, #dex and #L1 sectors grab a lot of attention recently 
Do u know which token serves all of the features mentioned before?
Only few understand $fx"
1666308010820632576,Wed Jun 07 04:56:02 +0000 2023,trader_mindset_essays,11,520,0.175,否,"So #crypto be the #atm to cover #Federal ‘s ass again
Well done Biden
Ignore #sec fud https://t.co/GHE8hXb4CU"
1628233606715031554,Wed Feb 22 03:21:57 +0000 2023,derivatives_options,13,428,0.175,否,"Best way to earn $fx
Stake ur $usdt (erc20) at https://t.co/ERREtfw23S 
Simple as that @marginx_io 
The door is closing soon https://t.co/EI5168XlqS"
1613101438368100352,Wed Jan 11 09:12:07 +0000 2023,trader_mindset_essays,4,236,0.175,否,"well, what does not 'FUD' us makes us stronger
 #nft is one
#cex is one
#dex is one"
1659144268034834434,Thu May 18 10:29:53 +0000 2023,derivatives_options,7,324,0.175,否,"can #MONGARMY get 5x in 8 hr? 

only at @marginx_io 
what are u waiting for @marginx_io"
1634460251297824768,Sat Mar 11 07:44:25 +0000 2023,trader_mindset_essays,6,400,0.175,否,"If u panic sell now, this might be the case 2m+ curve3lp -&gt; $0.05
The fundamental of #usdc and #dai are damaged, but not collapsed 
Dont let ur emotions hit ur hard, again https://t.co/dCDrYTp3CL"
1628220658693070848,Wed Feb 22 02:30:30 +0000 2023,trader_mindset_essays,9,835,0.175,否,"I hate to say that, but , I TOLD U SO
New #memecoins + #utility coin
$fx = swap + #L1 + #cosmos +#DEX"
1659138375838842884,Thu May 18 10:06:28 +0000 2023,derivatives_options,9,346,0.175,否,"Where r u #MONGARMY @mong_coin 
Best place to maxi ur @mong_coin  at @marginxyz go 10x"
1638757366660493314,Thu Mar 23 04:19:37 +0000 2023,derivatives_options,8,1110,0.175,否,"Maker Liquidity Pool (MLP) f(x)Core just up
If you have funds on f(x)Core - join us to earn trading P/L +P @marginx_io 's platform fee

only on @marginx_io 

https://t.co/40FIjm6ngi"
1641461434839334919,Thu Mar 30 15:24:37 +0000 2023,mm_liquidity,5,199,0.175,否,"Degenomics shall prevail tokenomic in the coming summer 
Bull has come and #Degen shall conquer the high ground https://t.co/DdayhZ7dfy"
1642020690428821504,Sat Apr 01 04:26:54 +0000 2023,trader_mindset_essays,5,261,0.175,否,"do you think a synthetic perpetual dex is needed on @cosmos ?
what's your thoughts?"
1663730026054025217,Wed May 31 02:12:03 +0000 2023,derivatives_options,17,869,0.175,否,"Interesting things are happening @marginx_io x @DefiLlama 
Latest and trendy #meme #brc20 perpetual incoming 
Trade @marginx_io"
1671079584744308739,Tue Jun 20 08:56:34 +0000 2023,trader_mindset_essays,2,57,0.175,否,"@Vennila_Isen @orbitant I was thinking to have two wallets - wallet A -1eth to 100eth; wallet B- 1eth to 0.01eth 

See which wallet wins the race
😂"
1664173981010911232,Thu Jun 01 07:36:10 +0000 2023,trader_mindset_essays,19,609,0.175,否,"Congratulations @FUNCTIONX_IO x @MEXC_Global $fx 
f(x)core rules the #blockchain 
Latest #CosmosEcosystem @cosmos 
@CosmosClub_"
1660956060533006336,Tue May 23 10:29:18 +0000 2023,derivatives_options,11,617,0.175,否,"4500 people tuned in @marginx_io spaces just now
Who’s next? @mong_coin ? @btcpizzaxyz ? Interested to discuss #brc20 pr #Ordinal together?"
1660908434848350213,Tue May 23 07:20:03 +0000 2023,derivatives_options,2,60,0.175,否,"5/6 多样化的策略
永续是双向的，你除了可以看涨，也可以看跌，在市场情绪过后，你也可以选择开空仓来转去收益

又或者，你购买了大量的现货，也可以通过开空仓的方式来对冲你的现货头寸

永续提供了更多的“购买彩票”的组合和策略"
1660908134343360512,Tue May 23 07:18:52 +0000 2023,trader_mindset_essays,2,44,0.175,否,"所以为了增加我的选择次数，我每次的资金都很小，有时候可能gas fee都超过我投入的资金

其次，对我来说下跌20%和下跌100%是一样的，因为卖出之后都cover不了gas fee，所以也不存在去卖剩下的token价值"
1660908099270586368,Tue May 23 07:18:43 +0000 2023,trader_mindset_essays,2,51,0.175,否,"3/6  彩票理论
我的前提是冲土狗/meme就是抱着“买彩票”的心态，中了当然最好，不中是常态。

所以我更看重选择的是“选择的次数”，这是一个概率游戏，参与的次数越多，那么选中的概率就越大。"
1660907917548167168,Tue May 23 07:18:00 +0000 2023,macro_first_principles,2,68,0.175,否,"2/6 先看土狗/meme有什么特质
暴涨暴跌，稍纵即逝，被rug的可能性更高，且token没有附加价值，没有使用场景

冲meme本质上就是go big or go home，大概率不是归零就是价格腰斩，而且涨跌的窗口期都很快，往往都是随着市场情绪摇摆
再来，meme/土狗的爆发都是密集，且都是有特定窗口期的，而且都是一般周期都在几小时到几天。要把握机会在那段窗口期内，选择猎物"
1660907313568313345,Tue May 23 07:15:36 +0000 2023,trader_mindset_essays,5,101,0.175,否,"Finally, if it’s not because of your beliefs, for #memecoins  coins,the trading of perpetual contract really has an advantage over the spot trading"
1660907114099867648,Tue May 23 07:14:48 +0000 2023,trader_mindset_essays,5,111,0.175,否,"What's more, after you buy the spot, you will be directly rug pulled by the token contract

These problems do not exist in the decentralized perpetual platform"
1660906707822821376,Tue May 23 07:13:11 +0000 2023,trader_mindset_essays,5,59,0.175,否,"Although the liquidation is also zero, you have increased the number of choices you can make in that limited ""window period"" by means of leverage"
1609006965887467520,Sat Dec 31 02:02:09 +0000 2022,derivatives_options,8,284,0.175,否,"Building is a process of slow and steady
What I learnt in 2022 - building @marginx_io requires one to look beyond a decentralized exchange"
1607751928674680832,Tue Dec 27 14:55:05 +0000 2022,trader_mindset_essays,5,545,0.175,否,"every crisis is an opportunity in disguise
something big is brewing early Jan 2023"
1605843718375763969,Thu Dec 22 08:32:32 +0000 2022,trader_mindset_essays,7,259,0.175,否,"The future is STILL full DeFi 
Well, at least not a blackbox and non transparent order book"
1600706192124567552,Thu Dec 08 04:17:50 +0000 2022,derivatives_options,13,0,0.175,否,"thinking of adding new trading pairs on @marginx_io 
maybe an #IOU of some trendy token? or #forex perpetual? any idea?
think outside the box"
1600068794986233858,Tue Dec 06 10:05:03 +0000 2022,derivatives_options,10,0,0.175,否,can anyone please enlighten me which #dex has produced more introductory videos than @marginx_io
1600066202717782018,Tue Dec 06 09:54:45 +0000 2022,derivatives_options,5,0,0.175,否,what do you guys think about crypto live trading? will u guys enjoy watching and why?
1598298958094213120,Thu Dec 01 12:52:21 +0000 2022,derivatives_options,9,0,0.175,否,"What’s ur thoughts about an ‘aggressive marketing’ event be like for @marginx_io ? 
Thinking of something exciting? Engaging?"
1597890668164042752,Wed Nov 30 09:49:57 +0000 2022,derivatives_options,24,0,0.175,否,"In less than 12 hours, the first scalable #decentralized exchange shall unleash the potential @marginx_io"
1592175863013183490,Mon Nov 14 15:21:21 +0000 2022,trader_mindset_essays,5,0,0.175,否,"Only very few understand that, proof-of-liabilities &gt; proof-of-liquid assets &gt; proof-of-total assets

Above all, your keys your tokens"
1591698562890739712,Sun Nov 13 07:44:44 +0000 2022,derivatives_options,20,0,0.175,否,"$fx coin @FUNCTIONX_IO = native L1 + a fully decentralized exchange blockchain @marginx_io + an AMM  + many more

If u trust building on #decentralization u know what to do

#NotFinancialAdvice #DYOR"
1591407076898918401,Sat Nov 12 12:26:28 +0000 2022,derivatives_options,10,0,0.175,否,"Thank you all, voted or rejected
@marginx_io shall bring the decentralized exchange infrastructure and experiences to the next level"
1591283041288478721,Sat Nov 12 04:13:36 +0000 2022,derivatives_options,8,0,0.175,否,"I really mean it - your keys, your tokens
Trade at @marginx_io without moving ur tokens"
1591096081588588545,Fri Nov 11 15:50:41 +0000 2022,derivatives_options,2,0,0.175,否,"If I were the only one that though that, the leaking or flowing of users financial and privacy date to the US government will cause another issue? Eg. tax filing? Source of fund?"
1590545629805441024,Thu Nov 10 03:23:23 +0000 2022,trader_mindset_essays,7,0,0.175,否,"What a day 9 Nov
If u r struggling to withdraw ur fund from cex now, why don’t u leave it in ur wallet, from now on 
Not your key, not your token
Cex and dex shall complement each other"
1590230180643368960,Wed Nov 09 06:29:54 +0000 2022,derivatives_options,11,0,0.175,否,"A first of kind ‘subnet’ based decentralized exchange infrastructure and blockchain
One chain one trading pair only @marginx_io"
1586921667292368896,Mon Oct 31 03:23:03 +0000 2022,derivatives_options,6,0,0.175,否,"Check the interview video with @talkchain_today If you want to know more about the behind scene story of @marginx_io 
Fun fact and exciting story"
1586633688720121856,Sun Oct 30 08:18:44 +0000 2022,derivatives_options,16,0,0.175,否,"@marginx_io just passed 40million transactions mark (3 days ago was like 34m) - I guess this might be fastest growing #subnets in the space 
Build upon @FUNCTIONX_IO $fx as gas fee https://t.co/LZj8H8PjpL"
1585615242981429248,Thu Oct 27 12:51:47 +0000 2022,derivatives_options,18,0,0.175,否,"Fun fact @marginx_io has processed over 34million transactions (and still counting) with 3.73m blocks 
Guess this is the busiest #subnets in the space? (Please correct me)
#superactive #hotlikefire https://t.co/6KAtSX1ikt"
1585465288757108737,Thu Oct 27 02:55:56 +0000 2022,derivatives_options,5,0,0.175,否,"https://t.co/HFvjK5ilyy is live @marginx_io  be the first to try the first of kind multi chain fully decentralized exchange 
Your comment and feedback is highly appreciated on https://t.co/F3Lo2rLeMW"
1584816214769307648,Tue Oct 25 07:56:44 +0000 2022,derivatives_options,26,0,0.175,否,"@marginx_io team will be there to share the latest update 
Something exciting, something fun
Can’t wait to meet you guys
@FUNCTIONX_IO"
2069313053540393017,Tue Jun 23 06:54:12 +0000 2026,macro_first_principles,7,2455,0.165,否,"AI大周期不变，都是标的价格变化而已
底层逻辑还是这样
市场博弈嘛 - 起起落落

在大周期里，手握子弹，熔断，回调都是进入的机会 https://t.co/mCeluXmFvV"
2099862356151112180,Tue Sep 15 14:06:13 +0000 2026,listing_lobbying,17,5968,0.157,否,"看起来是时候再来一篇《上币中间商的周期进化轮》了 🤣

这不比什么妖币怎么操纵来的精彩啊？！ https://x.com/agintender/status/2023367372204282319"
1922898955945246860,Thu May 15 06:16:51 +0000 2025,listing_lobbying,5,5090,0.157,否,"我去 还真的有人愿意v我50
点赞多的话
我一会儿说一点关于近期项目方上币listing的fun fact

应该是中文圈第一个关于这个的讨论"
2068847291214262566,Mon Jun 22 00:03:26 +0000 2026,mm_liquidity,63,20826,0.157,否,"冷知识：
不看 MMR 维持保证金率去开妖币仓位的，基本上就是送钱 https://t.co/eUQBonDHsj"
2061694554714313141,Tue Jun 02 06:21:00 +0000 2026,derivatives_options,4,8608,0.157,否,@moon_bgb 卖期权吧… 别套保
1959265125803708579,Sat Aug 23 14:43:02 +0000 2025,derivatives_options,4,5421,0.157,否,@linwanwan823 我去.... 我好像还知道是谁，不过他之后貌似不做期货了，主要是做股票，期权玩得很溜
2092816333041995966,Thu Aug 27 03:27:51 +0000 2026,trader_mindset_essays,11,5458,0.157,否,不用半年，就有交易所因为这种文档出错的问题付出至少10万美金的代价 😄
2081231620900900970,Sun Jul 26 04:14:20 +0000 2026,trader_mindset_essays,14,12981,0.157,否,"事到如今，我相信聪明的你们终于知道为啥，我写这种交易所数据文的时候没把 @BitMartExchange 放在里面了吧～

有些事情不提，但已经说出来了"
2081226980255739983,Sun Jul 26 03:55:54 +0000 2026,trader_mindset_essays,12,9694,0.157,否,"一个月前发的文，俄罗斯制裁的波及范围还在加剧

交易所关闭潮+监管制裁潮 ，是不是有点那味儿了～ https://t.co/x1YtmerU80"
2071097263032791146,Sun Jun 28 05:04:01 +0000 2026,trader_mindset_essays,48,49309,0.157,否,"东南亚有太子，汇旺和陈志
拉美是谁呢？

其实也是华人

大家猜猜这次跟哪个交易所有联系呢？

这次不一样？ 其实，每次都一样"
2071076726122389649,Sun Jun 28 03:42:24 +0000 2026,trader_mindset_essays,9,10404,0.157,否,"补贴商战就是这么朴实无华 🤣
用户喜闻乐见

不过两家交易所同时推出8%的迁移福利礼包 
不知道是基于什么考虑，这么巧吗？ 🤣"
2022185626658115772,Fri Feb 13 05:46:38 +0000 2026,trader_mindset_essays,38,30007,0.157,否,"哎呀，别pm我啦…..

从这个文你就知道哪家交易所是真怕你提币的 😂"
2004192936108675198,Thu Dec 25 14:10:06 +0000 2025,trader_mindset_essays,9,8287,0.157,否,做支付的都不靠支付挣（大）钱，就好像交易所都不靠交易挣大钱一样
2006240278701826271,Wed Dec 31 05:45:31 +0000 2025,trader_mindset_essays,43,13442,0.157,否,"😂 不知道要给花了大价钱订阅的小伙伴说点什么有意义的，特别的事情

想了一下，要不给大家来个年终巨献：各家交易所在25年从perp上赚了多少钱？  😂😂😂"
1972255506338341098,Sun Sep 28 11:02:10 +0000 2025,trader_mindset_essays,11,14045,0.157,否,"已经进入拥挤交易阶段啦….

各位 $aster 的合约用户要小心啦…"
2098428531781046771,Fri Sep 11 15:08:43 +0000 2026,trader_mindset_essays,26,5120,0.15,否,"以前是万物皆可meme

现在是万物皆可perps

这轮的主旋律"
2098275413168668773,Fri Sep 11 05:00:17 +0000 2026,macro_first_principles,17,7033,0.15,否,"看了昨天的PPI，盲猜：

1. 今天的cpi应该会炸裂 （都是油嘛～）

2. 即使这样，下周fomc不会加息

主打一个你不要听我说啥，让市场自己定价"
2096529336002355355,Sun Sep 06 09:21:59 +0000 2026,trader_mindset_essays,8,17279,0.15,否,"现在这个时候上 $哈基米 算是binance了却了谁的白月光？ 

@Web3Feng 是你吗？"
2095474915621417157,Thu Sep 03 11:32:06 +0000 2026,trader_mindset_essays,21,14120,0.15,否,"第一次看到有人用大巴把小姐姐们从马来西亚载到新加坡

这架势像是杭州/北京/深圳的商k都被一锅端了么….."
2095349445710029220,Thu Sep 03 03:13:32 +0000 2026,trader_mindset_essays,16,11347,0.15,否,"各位来新加坡吃榴莲的时候，千万不要配酒一起食用啊…. 

还吃的是什么炭烤猫山王… 

什么东西啊…. 你们的良心不会疼嘛…"
2092470618197463168,Wed Aug 26 04:34:06 +0000 2026,trader_mindset_essays,24,9398,0.15,否,"哈哈哈哈 我也不知道为什么昨晚开始就有好几波人来问我：
在不在不丹🇧🇹。。。要不要见一下

你们想啥呢，我什么咖位。。必须不在啊"
2091914795222229029,Mon Aug 24 15:45:27 +0000 2026,trader_mindset_essays,17,19343,0.15,否,"按照Ray Dalio 这个宣传架势+传播面，这周 $btc 就会回调了

可能就在本周在香港的bitcoin conference？ who knows？  "
2091558860955980141,Sun Aug 23 16:11:06 +0000 2026,macro_first_principles,23,7986,0.15,否,"最美的叙事套最多的人

还有什么比牛市回来了更让人难以自拔 🤣"
2091519064166552018,Sun Aug 23 13:32:58 +0000 2026,trader_mindset_essays,11,8317,0.15,否,"啊哈 不到24h，熟悉的剧本又来了
btc没怎么涨，结果一堆山寨都开始涨了。。。
估计到明天开盘前都有得玩儿 ～"
2102261035810083224,Tue Sep 22 04:57:43 +0000 2026,trader_mindset_essays,16,13864,0.15,否,"哇哦哦哦哦 那这轮应该差不多要回调了？

多48h？ 72h？ https://x.com/aleabitoreddit/status/2102256045938852015"
2101505141421797598,Sun Sep 20 02:54:04 +0000 2026,trader_mindset_essays,15,16620,0.15,否,"不是都2620年了嘛，清朝都被推翻这么多年了，怎么这样的言论还能被公众追捧啊。。。

我的天啊。。 https://x.com/santoulang/status/2101240850936471908"
2100594043738845601,Thu Sep 17 14:33:41 +0000 2026,trader_mindset_essays,60,68846,0.15,否,"我去 那个男人回来了！！！

meme圈又来引来一场腥风血雨 https://x.com/JulianAssange/status/2100571158777045331"
2099706476894032060,Tue Sep 15 03:46:49 +0000 2026,trader_mindset_essays,14,7875,0.15,否,"哈哈哈 同感 这都做得什么东西啊… 
$BNC 和 $bnb 的飞轮搞成这样，把核武器当AK来用了… https://x.com/web3feng/status/2099558762663334200"
2099524199455039957,Mon Sep 14 15:42:31 +0000 2026,trader_mindset_essays,28,11901,0.15,否,"这么好的文，可惜了啊… 
果然还是得放在substack 上 🤣 https://x.com/agintender/status/2099324702439407702"
2098948449756672012,Sun Sep 13 01:34:41 +0000 2026,trader_mindset_essays,28,9220,0.15,否,"对于想知道怎么做agent，但是又不想自己动手的，而且还想跟别人吹吹牛的 

这个视频适合你，浅入浅出

哦，不，你可能没这个耐心～ 🤣 https://x.com/deanwperkins/status/2098800739665482003"
2095470259264491696,Thu Sep 03 11:13:36 +0000 2026,trader_mindset_essays,18,10755,0.15,否,"各位想挑战自己是否为硬核的人群的机会来了 🤣

完整版在https://t.co/nwFLPA6Y4d"
2094739066558493163,Tue Sep 01 10:48:06 +0000 2026,trader_mindset_essays,40,18409,0.15,否,在RH做LP的推背感就是这么随意～ https://t.co/0hVVS2e4sX
2023986885211590758,Wed Feb 18 05:04:11 +0000 2026,listing_lobbying,18,5575,0.15,否,"省流版

我在这篇文章里把行业的listing按牙齿的生长过程分成了四个阶段（直接看图吧 🤣） https://t.co/KTk7paeld3"
2072199885852651776,Wed Jul 01 06:05:27 +0000 2026,macro_first_principles,26,13845,0.15,否,"稳定币只有两个： $usdt 和其他 

稳定币本质上是一个remittance story

发这篇文的timing就是这么巧"
1979084484499612147,Fri Oct 17 07:18:05 +0000 2025,derivatives_options,11,22566,0.15,否,"还是那一句话，照搬cex的算法来做衍生品交易的，出事是迟早的事情

如果是幸福是对比出来的，那么各位稍微舒服点了么"
2095524593721315442,Thu Sep 03 14:49:30 +0000 2026,mm_liquidity,38,10902,0.15,否,有多少人能够真的理解：所谓的跨所套利，其实跟主观交易是一样的。。。
2074507820754760097,Tue Jul 07 14:56:21 +0000 2026,mm_liquidity,4,5016,0.15,否,"肉眼可见的地理套利、身份套利和模型套利的机会将再被放大

潮汕buddy们，你们准备好了吗？"
2044379635836924074,Wed Apr 15 11:37:42 +0000 2026,mm_liquidity,47,16430,0.15,否,"想要做 $rave 的跨所套利的

看看这篇文吧，尤其是第四和第五节

你会感谢我"
2054249396183740464,Tue May 12 17:16:36 +0000 2026,trader_mindset_essays,54,18256,0.15,否,"给那些现在看到美股新高想冲进去的小伙伴看看

虽然写的是预测市场，当算法和逻辑适用于各行各业

期望值
基础概率
贝叶斯
….."
2070337581250990582,Fri Jun 26 02:45:19 +0000 2026,trader_mindset_essays,17,30061,0.15,否,"🤣 kospi果然就熔断了吧

相信内存改变世界
也要相信杠杆带来的正负螺旋

机制之上，人性之下 https://t.co/az4B9Z9L69"
2053360688630779996,Sun May 10 06:25:12 +0000 2026,mm_liquidity,17,7809,0.15,否,"很多时候你觉得买x，最多亏y，但很多时候并不是这样的…. 除了流动性因素外，其实就是撮合机制在作祟

今天抽空看到龙王的推文有感
不是不精明，而是算错了账
哎…"
2084477013931556989,Tue Aug 04 03:10:22 +0000 2026,trader_mindset_essays,41,31769,0.15,否,"说个好玩的：
因为昨天币安一口气下架了6个币，所以今天壳的价格应声下跌了一节 🤣 

硬气的卖方今天就剩下嘴是硬的了 😂 https://t.co/R2ye7BNths"
2063620467525845162,Sun Jun 07 13:53:54 +0000 2026,trader_mindset_essays,46,49097,0.15,否,"坦白说，我是有点心疼 $币安人生 的LP的

量和价能差这么大，我也是服了。。。 https://t.co/UXbwrNgp51"
2008886943023767695,Wed Jan 07 13:02:25 +0000 2026,trader_mindset_essays,11,6688,0.15,否,"敢为人后
踏马而来
币安人生

这剧本是早就写好的嚒 😂 @heyibinance 

电视剧都不敢这么演的"
1987549374713630769,Sun Nov 09 15:54:32 +0000 2025,trader_mindset_essays,6,5654,0.15,否,"我前段时间还特意看了一圈币安广场的内容，第一个感觉就是觉得数据有点“太好“了，好到容易迷失自我

然后现在因为要避嫌，就暂时不过去了"
1980227394725380107,Mon Oct 20 10:59:36 +0000 2025,trader_mindset_essays,8,6679,0.15,否,"干得漂亮，小伙儿，能屈能伸

well done, chap, can short can long

#币安人生  就是不足道还有没有你的座位"
2071490067072430132,Mon Jun 29 07:04:53 +0000 2026,trader_mindset_essays,4,6075,0.15,否,看看韩国国内基金的净流出，更加感人 😂
2071411628839751976,Mon Jun 29 01:53:11 +0000 2026,trader_mindset_essays,12,12247,0.15,否,"哦吼 居然还没熔断？！
看下能撑多久 😂 https://t.co/QSmNdR1F85"
2071134701935607928,Sun Jun 28 07:32:47 +0000 2026,trader_mindset_essays,20,52806,0.15,否,"都不用等太久了，看这个架势，感觉明天kospi开盘又得熔断….

$pundix"
2070715545071317480,Sat Jun 27 03:47:12 +0000 2026,trader_mindset_essays,23,69646,0.15,否,"按照现在这个趋势和杠杆率
下周kospi还要再熔断1-2次…

各位撑住啊"
2070345122496332107,Fri Jun 26 03:15:17 +0000 2026,trader_mindset_essays,18,11704,0.15,否,"我说一个鬼故事：
当年我还在某大厂做BOM分析师的时候
该大厂的内存售卖价格（对外的）甚至比内存厂商的销售价格还低

当年的孙子熬成婆"
2069727616928772528,Wed Jun 24 10:21:32 +0000 2026,trader_mindset_essays,10,15292,0.15,否,"看这个趋势，kospi在接下来的三个交易日还得再熔断一次

也挺好，杀杀杠杆

$skhynix $samsung"
2069269147884937519,Tue Jun 23 03:59:44 +0000 2026,trader_mindset_essays,3,9935,0.15,否,"所以你sell the news了吗？
哦 貌似今晚还有 $MU 的earning call https://t.co/EB99Ikytcd"
2068661371760423107,Sun Jun 21 11:44:39 +0000 2026,trader_mindset_essays,17,9401,0.15,否,"AI时代做多华人
做多黄仁勋
做多张忠谋
做多陈立武

干就完了"
2018521591144149056,Tue Feb 03 03:07:04 +0000 2026,trader_mindset_essays,25,6497,0.15,否,"鲸落万物生
但是需要时间

我们现在就只需等 https://t.co/SevXnL4SYX"
2038968062796526043,Tue Mar 31 13:14:03 +0000 2026,trader_mindset_essays,8,21667,0.15,否,@CuiMao 为什么不在国外让朋友帮你弄个mac mini，然后你远程访问这个mac mini啊？
2038915698664386931,Tue Mar 31 09:45:58 +0000 2026,trader_mindset_essays,16,88618,0.15,否,"claude的源代码泄漏了。。。 

coded。。。
造福人类了"
2038207161638232232,Sun Mar 29 10:50:30 +0000 2026,trader_mindset_essays,86,258752,0.15,否,最多25h，整个中文CT就会问这个男人是谁了 https://t.co/jq7fRK6Edw
2038091601789309312,Sun Mar 29 03:11:18 +0000 2026,trader_mindset_essays,9,6609,0.15,否,"谁能想到… 阿里是一个套着电商外壳的SEO（现在是GEO）优化算法公司

😂"
2037905263601307976,Sat Mar 28 14:50:51 +0000 2026,trader_mindset_essays,28,25842,0.15,否,"aster也是慢慢被庄家们发掘成为bn perp的衍生战场了
$ptb 就一个正在萌芽的好种子啊 https://t.co/4Sra63s6LN"
2037539096965632346,Fri Mar 27 14:35:51 +0000 2026,trader_mindset_essays,2,6327,0.15,否,"年少时候 谁没有梦
无意之中 你将心愿透露
就在你回京的时候
…."
2036821196239761663,Wed Mar 25 15:03:10 +0000 2026,trader_mindset_essays,13,23094,0.15,否,我看了一下美军的instagram，感觉本周末会有大事啊。。
1989734793668649388,Sat Nov 15 16:38:36 +0000 2025,trader_mindset_essays,240,53448,0.15,否,"最近流量不太好，可能也是时候给大家来点硬菜了 ））不是啦

虎口夺硬菜之———论新币套保的正确姿势

我也来骗个流量，点赞过200的 给大家从订阅频道搬过来 😂"
2000574437150888242,Mon Dec 15 14:31:29 +0000 2025,trader_mindset_essays,89,24578,0.15,否,"完了
小伙伴：这篇太硬核了
按照过度专业只能吸引同行的原理，这篇长文估计废了  😂"
2001571392958140473,Thu Dec 18 08:33:02 +0000 2025,trader_mindset_essays,38,29340,0.15,否,"嗯 有个tier2所不行了
先这样吧"
2006588298358304938,Thu Jan 01 04:48:25 +0000 2026,trader_mindset_essays,3,8395,0.15,否,@Vida_BWE 上次这么疯狂bid的单子还是一个叫SBF的家伙搞的….
2006206229388091684,Wed Dec 31 03:30:13 +0000 2025,trader_mindset_essays,9,8386,0.15,否,"吐槽完之后，感觉被人刷量了…. 😂 
各位大佬求放过…"
2006198980695490968,Wed Dec 31 03:01:25 +0000 2025,trader_mindset_essays,8,8768,0.15,否,按照这个节奏， $bnb 和 $sol 的天花板会越来越高啊…
2005982572262867062,Tue Dec 30 12:41:29 +0000 2025,trader_mindset_essays,18,6707,0.15,否,哈哈哈 这个才是真·poly 场内策略
2005936778637893727,Tue Dec 30 09:39:31 +0000 2025,trader_mindset_essays,23,7111,0.15,否,"完了 这篇到10w+ 有点难了 😂 
难道是伤的不够深吗？"
2005136782699135211,Sun Dec 28 04:40:37 +0000 2025,trader_mindset_essays,29,7417,0.15,否,Get rich &amp; be happy
1966794570303238558,Sat Sep 13 09:22:21 +0000 2025,trader_mindset_essays,29,6635,0.15,否,"当你感觉你买什么都赚点时候…. 或者你感觉你知道下个要涨的板块/赛道的时候，估计就是阶段性尾声了

不要最后一把博进去…. 把本金都搭进去了"
1971934704611033185,Sat Sep 27 13:47:25 +0000 2025,mm_liquidity,17,33592,0.15,否,"不是，各位是疯了么。。。。
各位mm千万不要裸多/空啊.... 

这样下去就要演变成mm们的拥挤交易了.... https://t.co/du92CvUnL6"
1972596542122160335,Mon Sep 29 09:37:19 +0000 2025,trader_mindset_essays,8,6215,0.15,否,"我错了 @falconfinance 这波锁仓锁得太degen了，传授中的”现在走，输一半“

可以可以 - 这波要是你不拉点大的，就太对不起你这个骚操作了"
1971816715530162493,Sat Sep 27 05:58:34 +0000 2025,trader_mindset_essays,2,6416,0.15,否,"刷分这个事情最大的敌人不是什么成本控制，效率，而是“女巫排查”

这个事情可以让投入完全打水漂

当然太子的号肯定是没问题的"
1894944787578659109,Thu Feb 27 02:56:58 +0000 2025,derivatives_options,53,7170,0.15,否,"Well, the incentive is now worth 5m usd
Probably nothing"
1893960635823652910,Mon Feb 24 09:46:18 +0000 2025,trader_mindset_essays,34,6839,0.15,否,"妈，我做到了，我又上电视了!!

@TechFlowPost https://t.co/fTD0Elwbwt"
1906185415197139363,Sun Mar 30 03:23:12 +0000 2025,trader_mindset_essays,9,14434,0.15,否,"@DujunX 很奇怪，天使投资就是投人
为什么要换人呢？不是换项目呢？或者再起一个项目？
 除非这个CEO在内部很招人厌，要不然你换一个人是不够的"
1906538014106640662,Mon Mar 31 02:44:18 +0000 2025,trader_mindset_essays,63,4735,0.15,否,"@didengshengwu 还有内心的平静
only few understand"
1904448450479157459,Tue Mar 25 08:21:08 +0000 2025,trader_mindset_essays,79,44520,0.15,否,"哈哈哈 大家想不想听听web3port的瓜 
有人看的话，我一会儿写几个"
1840246038059462877,Sun Sep 29 04:23:40 +0000 2024,trader_mindset_essays,42,9672,0.15,否,"If u have #meme coin position
Clear it asap"
1835191394362622298,Sun Sep 15 05:38:19 +0000 2024,trader_mindset_essays,69,8967,0.15,否,"We are so ready #Token2049singapore 
#pundiaifx shall shine the #ai ecosystem https://t.co/KaUXX3dXOj"
1783828948599869468,Fri Apr 26 12:02:17 +0000 2024,trader_mindset_essays,141,811,0.15,否,Join me for the x space
1788807931125027019,Fri May 10 05:46:59 +0000 2024,derivatives_options,87,978,0.15,否,onchain summer @marginx_io @cosmos
1786289829715821010,Fri May 03 07:00:57 +0000 2024,derivatives_options,172,818,0.15,否,"Congratulations to all 2356 recipients 
@marginx_io"
1781409665580245458,Fri Apr 19 19:48:55 +0000 2024,trader_mindset_essays,145,891,0.15,否,It is just the beginning
1777599457229500801,Tue Apr 09 07:28:31 +0000 2024,derivatives_options,249,1545,0.15,否,"See u guys soon
@marginx_io might have some exciting news to drop
Who knows?"
2011251613139353851,Wed Jan 14 01:38:46 +0000 2026,derivatives_options,14,3688,0.132,否,有时候想想，把二元期权当成赌大小也是币圈的一种创新 😂
1964542195878547749,Sun Sep 07 04:12:13 +0000 2025,derivatives_options,2,3614,0.132,否,谁现在敢给Wlfi上期权交易对，谁就爽爆了….. 😂
1962050631683953135,Sun Aug 31 07:11:38 +0000 2025,derivatives_options,14,3375,0.132,否,"用期权交易的逻辑来解构交易风险

一种温故知新的感觉 真棒👍"
1699352781742858602,Wed Sep 06 09:24:10 +0000 2023,derivatives_options,18,1336,0.132,否,MarginX 2.0 is coming
2076648005785272689,Mon Jul 13 12:40:41 +0000 2026,derivatives_options,2,1687,0.132,否,"@RYANHINGSHING 我觉得这轮主要看韩国的deleverage情况

主要是散户的热情有点太夸张了

预托金一直清算一直进来"
2025776492274450645,Mon Feb 23 03:35:27 +0000 2026,derivatives_options,7,3072,0.132,否,"@thankUcrypto 应该是api推送的问题
bn这里的推送不是每一笔清算"
2005070533084463483,Sun Dec 28 00:17:22 +0000 2025,trader_mindset_essays,3,2800,0.132,否,"@_FORAB 不是因为价格跌，导致被Daxa列入调查、观察名单的

因是 $flow 网络出现安全事故
果是 交易所暂停重提，进入调查

然后才暴跌"
1971578850254766424,Fri Sep 26 14:13:22 +0000 2025,mm_liquidity,13,2852,0.132,否,"大满贯的新币要什么叙事、收入、爸爸 bn已经帮你卡好流通盘和mm了

就看合约的oi
就看合约的oi
就看合约的oi

就看流动性
就看流动性
就看流动性"
1660908632404377601,Tue May 23 07:20:50 +0000 2023,derivatives_options,2,97,0.132,否,"在去中心化的永续平台是不存在这些问题的

最后，如果你不是因为信仰的因素，对于meme其实交易永续合约perpertual真的比现货spot更有优势"
2096078663506948288,Sat Sep 05 03:31:11 +0000 2026,trader_mindset_essays,8,4157,0.125,否,"给各位打破一个刻板印象：

不只是大陆来新加坡cx；
现在新加坡也去大陆cx了

cx这个事情是双向输出输入的
 
不过，又是广西？！  "
2093719309378072984,Sat Aug 29 15:15:57 +0000 2026,trader_mindset_essays,3,4392,0.125,否,"问一下各位大神有没有什么办法能让猫咪不要再过来院子里晃悠/睡觉/上厕所的办法？

我试了AI给的各种办法都不行。。。"
2093239006016475393,Fri Aug 28 07:27:24 +0000 2026,trader_mindset_essays,10,4485,0.125,否,"不知道有没有关联？ 昨天刚好是农历七月十五，也就是俗称的七月半中元节

孙哥挑这个时间点发文… 如果是AI建议的话，也是有点讲究的啊"
2093218262687588687,Fri Aug 28 06:04:58 +0000 2026,trader_mindset_essays,8,4628,0.125,否,"哈哈哈 我今天总算是明白为什么Hyrox没有设置“引体向上”这个项目了 🤣

设置之后，能参与的人少一大半"
2092996767407309082,Thu Aug 27 15:24:50 +0000 2026,trader_mindset_essays,0,0,0.125,否,"我没记错的话 景甜除了是矿泉水品牌之外，还曾是王的人？
没想到啊"
2092652213151969657,Wed Aug 26 16:35:41 +0000 2026,trader_mindset_essays,31,4793,0.125,否,"不要太把自己当盘菜是对自己在这个行业最大的尊重

别谈什么愧疚感人情味- 不是每个人都值得更好的你。所以该拿钱的时候就拿钱吧，别客气😊"
2091143212400554482,Sat Aug 22 12:39:28 +0000 2026,trader_mindset_essays,10,3967,0.125,否,"怎么知道币圈的注意力回来了？

连我这种账号的推文的浏览量都暴增了…."
2103001542119104753,Thu Sep 24 06:00:14 +0000 2026,trader_mindset_essays,0,202,0.125,否,"@GuHype 我在给你的bag找对手盘啊
应该要感谢我啊 😄"
2102990918630719750,Thu Sep 24 05:18:01 +0000 2026,trader_mindset_essays,3,2852,0.125,否,"我上次看到一群不tp的地址/账户
还是在 $LSK 的OI 🤣 https://x.com/james_x/status/2102919753254007057"
2102960405127778546,Thu Sep 24 03:16:46 +0000 2026,trader_mindset_essays,0,1240,0.125,否,@GuHype 我怎么感觉怪怪的….
2102741873538548219,Wed Sep 23 12:48:24 +0000 2026,trader_mindset_essays,0,532,0.125,否,@ZTZZBTC 还有名额吗？
2102576458346676725,Wed Sep 23 01:51:06 +0000 2026,trader_mindset_essays,1,1320,0.125,否,"@0xcryptowizard 好的 我研究一下 zama 
好久没重仓山寨了 要找点感觉"
2102573794053533978,Wed Sep 23 01:40:31 +0000 2026,macro_first_principles,2,4648,0.125,否,@0xcryptowizard 老哥这个周期信念交易是 $zama ？
2102427089517588822,Tue Sep 22 15:57:34 +0000 2026,trader_mindset_essays,4,620,0.125,否,"@ZTZZBTC 找到自己的生态位和舒适的击球区

web3很大，赚钱安身立命的方式有好多；
web3很小，亏完上头的方式就是哪几个"
2102259607628620270,Tue Sep 22 04:52:03 +0000 2026,derivatives_options,0,0,0.125,否,"不是， dogecoin:native 这4h走的都是什么线啊。。。 
这么整齐的嘛 🤣 https://x.com/thankUcrypto/status/2102237880244736305  "
2102242866957611157,Tue Sep 22 03:45:31 +0000 2026,trader_mindset_essays,0,1328,0.125,否,@Goupenguin 设备啊…
2101580061505925365,Sun Sep 20 07:51:46 +0000 2026,trader_mindset_essays,0,0,0.125,否,"我勒个去
明天韩国股市精彩了！ https://x.com/JPN_PMO/status/2101554708037206084"
2101190904266772580,Sat Sep 19 06:05:24 +0000 2026,trader_mindset_essays,1,650,0.125,否,@Goupenguin 我111撤了…
2100892623917793492,Fri Sep 18 10:20:08 +0000 2026,trader_mindset_essays,6,3915,0.125,否,"有没有可能大模型公司的营收来源就不是服务/token，而是数据，你的数据

羊毛出在猪身上…. 
成本一直都没变，只是获利的方式换了 https://x.com/ferstar_org/status/2100805861002355154"
2100831970792214554,Fri Sep 18 06:19:08 +0000 2026,trader_mindset_essays,1,848,0.125,否,@Michael_Liu93 没事的 哥们儿
2100823049205649918,Fri Sep 18 05:43:40 +0000 2026,trader_mindset_essays,3,3102,0.125,否,留给stock perps的机会就更多了 🤣 https://x.com/cointelegraph/status/2100738361992315117
2100749168155443555,Fri Sep 18 00:50:06 +0000 2026,trader_mindset_essays,0,270,0.125,否,@lianyanshe 报名吗？来得及啊
2100589273317859782,Thu Sep 17 14:14:44 +0000 2026,trader_mindset_essays,2,292,0.125,否,@Pxstar_ 哈哈哈 让一姐赶紧签了 @BlockBeatsAsia 和我
2100576352856608797,Thu Sep 17 13:23:23 +0000 2026,trader_mindset_essays,0,104,0.125,否,"@web3stellakung 必须欢迎
我主要是怕你到时觉得登味太重 😂"
2100522536392180114,Thu Sep 17 09:49:33 +0000 2026,trader_mindset_essays,1,159,0.125,否,@Zac_labs 是一个超级神奇的组合 值得期待
2100161962227487043,Wed Sep 16 09:56:45 +0000 2026,trader_mindset_essays,8,4615,0.125,否,"看样子，我的脸要被打肿了。。 😂😂
但我还是默默的在poly买了50u的彩票，万一呢？ 

站在非共识的一侧，注定是赢个大的，或者赔个面子～ https://x.com/agintender/status/2098773738942832818"
2100157029449138646,Wed Sep 16 09:37:09 +0000 2026,trader_mindset_essays,0,0,0.125,否,"每次看到这种图，我就下意识得觉得 - 要不还是站在非共识的那一边吧。。 

赢了就是赚波大·里子
输了就是赔个小·面子

无非被人笑话而已 https://x.com/NickTimiraos/status/2099877396606328895"
2099527694975438929,Mon Sep 14 15:56:24 +0000 2026,trader_mindset_essays,0,420,0.125,否,"@gm365 @exhuhu 是的 50美金
这两天应该还会涨的"
2099483024526283184,Mon Sep 14 12:58:54 +0000 2026,trader_mindset_essays,1,386,0.125,否,@eth_cedric steady
2099451816979349751,Mon Sep 14 10:54:53 +0000 2026,trader_mindset_essays,0,492,0.125,否,@0xLaughing 这个方法好啊
2099338481084621298,Mon Sep 14 03:24:32 +0000 2026,trader_mindset_essays,3,1377,0.125,否,@jason_chen998 🤣 我也是觉得连引体都没有….  感觉少了很多东西
2099135407451742227,Sun Sep 13 13:57:35 +0000 2026,trader_mindset_essays,2,603,0.125,否,"@PundiXLabs 虽迟但到， pundi x basket要来了
大的要来了

tokenized stock + stock perps 的螺旋组合拳"
2098777646595440671,Sat Sep 12 14:15:59 +0000 2026,macro_first_principles,3,1591,0.125,否,"@ShanghaoJin 呀 终于看到有人说了：不是一加息，经济就要收紧的
这次不是这样的"
2098733830014414923,Sat Sep 12 11:21:52 +0000 2026,trader_mindset_essays,6,3919,0.125,否,"哇哦哦 独立研究机构赛道的退出模式又多了新的案例和方向
 
crypto+stock和stock perps的研究机构应该也会很好玩 https://x.com/panewscn/status/2098666677756207289"
2098687178234798302,Sat Sep 12 08:16:29 +0000 2026,trader_mindset_essays,8,4734,0.125,否,"茅台主题的餐厅+bar 来到新加坡🇸🇬了！

10月底，走起啊 兄弟姐们 https://x.com/straits_times/status/2098623778808848725"
2098076330508337492,Thu Sep 10 15:49:12 +0000 2026,trader_mindset_essays,23,4223,0.125,否,今天substack居然干到了 rising #1 🤣 https://t.co/Q4XZ76jODr
1887862893137555564,Fri Feb 07 13:56:03 +0000 2025,listing_lobbying,4,2520,0.125,否,@colinwu 下次跟我们开个space listing有一堆破事可以说
2094798384548995173,Tue Sep 01 14:43:49 +0000 2026,trader_mindset_essays,2,657,0.125,否,"@punk2898 哈哈哈 我觉得现在还没有cex上这些币，感觉还没到
anyway 我反正快回本了，剩下的就交给市场好了"
2089194663517495507,Mon Aug 17 03:36:37 +0000 2026,mm_liquidity,3,1593,0.125,否,@Boywus @binance bn perp休市的流动性可以打爆很多东西 😂
1745643801258209304,Fri Jan 12 03:08:09 +0000 2024,derivatives_options,3,198,0.125,否,"Not something new, but definitely something useful #marginx #alo"
1621789162201579520,Sat Feb 04 08:34:02 +0000 2023,derivatives_options,3,416,0.125,否,🌲 =marginx logo @marginx_io what’s ur thoughts?
2062131688227152062,Wed Jun 03 11:18:01 +0000 2026,trader_mindset_essays,3,2253,0.125,否,@BTCBruce1 投机两大误区：感觉对了就冲&amp;感觉错了还是要冲
2080488880751661178,Fri Jul 24 03:02:57 +0000 2026,mm_liquidity,0,1532,0.125,否,@dotyyds1234 哈哈哈 你把存储内存玩成统计套利了 这样其实也可以的
2041686504179921284,Wed Apr 08 01:16:09 +0000 2026,mm_liquidity,9,3173,0.125,否,"@dotyyds1234 无比认同：套利这玩意，认知足够就是提款，认知不够就是送钱。 

套利里面的每个细节都是魔鬼"
2084834728520417538,Wed Aug 05 02:51:48 +0000 2026,trader_mindset_essays,2,717,0.125,否,"@CryptoSociety42 @choc07_ 哎 其实机制上是没问题的
就是当事人曾经以为的“指标”失效了"
2078668442346168398,Sun Jul 19 02:29:11 +0000 2026,macro_first_principles,3,629,0.125,否,@yuren477 宏观好玩的时候就在于不管你怎么说都对，不外乎你截取的时间窗口 😂
2009905629612351803,Sat Jan 10 08:30:18 +0000 2026,macro_first_principles,5,808,0.125,否,"@KuiGas 下次喝酒，先喝三杯

敬认知
敬周期
敬alpha 🤣"
2053865150516461675,Mon May 11 15:49:45 +0000 2026,trader_mindset_essays,2,846,0.125,否,@yuyue_chris hhhhhh 其实有没有可能以小搏大的关隘在风险可控…. 不在资金大小啊
2026674911608201307,Wed Feb 25 15:05:27 +0000 2026,trader_mindset_essays,2,1462,0.125,否,现在的大模型幻觉有点严重… 大家还是谨慎使用
2071224879115079702,Sun Jun 28 13:31:07 +0000 2026,trader_mindset_essays,1,1615,0.125,否,@off_thetarget @CuiMao 直接api 然后找老马报销
2070035432625357020,Thu Jun 25 06:44:41 +0000 2026,trader_mindset_essays,4,998,0.125,否,"@octopusycc 没事的
Hynix赚了钱后一定会消费
只要疯狂消费 samsung就一定会涨 😂"
2035263771737038939,Sat Mar 21 07:54:31 +0000 2026,trader_mindset_essays,1,690,0.125,否,"@tongtongbee 这里，让你更焦虑 🤣
https://t.co/VSCFVtnUJ7"
2035564421142241332,Sun Mar 22 03:49:11 +0000 2026,trader_mindset_essays,0,500,0.125,否,@JYdmnLFG 其实我在想啊。。 要不你尝试一下claude 的cowork。。。
2038559087252955646,Mon Mar 30 10:08:55 +0000 2026,mm_liquidity,4,2497,0.125,否,literally “gimme a break” 😂
2038968957957472659,Tue Mar 31 13:17:36 +0000 2026,trader_mindset_essays,7,4958,0.125,否,"@CuiMao 🤣 其他人我不敢说啦，你肯定有啊。。。
只是你可能不想麻烦他人吧"
2038816946209399157,Tue Mar 31 03:13:34 +0000 2026,trader_mindset_essays,1,2000,0.125,否,"换成 Operation Epic TACO？ 
可能更合适？"
2038550475889623203,Mon Mar 30 09:34:42 +0000 2026,trader_mindset_essays,3,1382,0.125,否,@Michael_Liu93 你在骂我，但我没有证据。
2037856163266719989,Sat Mar 28 11:35:45 +0000 2026,mm_liquidity,2,3026,0.125,否,"嗯 只要你想空 short 你就来
你可以自己提供流动性（https://t.co/VCAbx1q9aL 是无许可/自助式的）或者告诉我

最怕的就是没有需求"
2037554616876126682,Fri Mar 27 15:37:31 +0000 2026,trader_mindset_essays,5,2461,0.125,否,今天x的更新可以啊… 除了play 按钮，还有这个dislike  👎 https://t.co/GnT0ZwPfbP
2037422879286132978,Fri Mar 27 06:54:02 +0000 2026,trader_mindset_essays,1,1473,0.125,否,@Web3Feng 财富没有转移 只是升华了
2037410686633222582,Fri Mar 27 06:05:35 +0000 2026,trader_mindset_essays,2,2260,0.125,否,按照这个逻辑 tiktok instagram 是不是也逃不掉？ 😂
2037010709129945496,Thu Mar 26 03:36:13 +0000 2026,trader_mindset_essays,6,4586,0.125,否,@Web3Feng 我也想做咨询了，哥们有业务介绍吗？
2004566145261801634,Fri Dec 26 14:53:06 +0000 2025,trader_mindset_essays,0,423,0.125,否,@Boywus @claudeai hhhhhhhhhh 🤣
2005091232406798839,Sun Dec 28 01:39:37 +0000 2025,derivatives_options,0,278,0.125,否,@0xAncientTwo @thecryptoskanda @TheYuliverse 牛了个溜啊
2006580305910722748,Thu Jan 01 04:16:40 +0000 2026,trader_mindset_essays,9,3400,0.125,否,"水往低处流，人往高处走，遵循这个往高处走的还有热空气和钱

热空气是因为密度小，钱呢？"
2006033523577114624,Tue Dec 30 16:03:56 +0000 2025,trader_mindset_essays,2,275,0.125,否,"@OwenJin12 @phyrexni @xtony1314 你改个吃饭顺序会好很多
蔬菜- 蛋白质- 淀粉类主食"
2005962460948488426,Tue Dec 30 11:21:34 +0000 2025,trader_mindset_essays,2,2331,0.125,否,@linsajiao 我有故事，你有咖啡吗？
2005950151991370195,Tue Dec 30 10:32:39 +0000 2025,mm_liquidity,4,908,0.125,否,"@kaikaibtc 一算账就清楚了，只要现在卖的收益&lt; 后续卖币的收益就不会这么做

但是看现在这个流动性，😂 是想要浇也没有这个条件"
2005493235083518204,Mon Dec 29 04:17:02 +0000 2025,trader_mindset_essays,2,762,0.125,否,@colinwu 哈哈哈 我的2025年top10 events
2005205043977535923,Sun Dec 28 09:11:52 +0000 2025,trader_mindset_essays,3,1519,0.125,否,"@thecryptoskanda 哦哦哦 对哦 你这么一说就makes sense了

难怪

这就是以平台币为主要宣传点的marketing event"
2005164017585959300,Sun Dec 28 06:28:50 +0000 2025,trader_mindset_essays,1,1817,0.125,否,@HassnHh30961 哦哦 如果是真的这么头铁，那可以参照 $mon 的价格走势了
2005115897288294613,Sun Dec 28 03:17:37 +0000 2025,trader_mindset_essays,3,1263,0.125,否,@BTC_Alert_ @0xsexybanana 她喜欢的只是你的选择性阳痿，但是对她不阳痿
2005079160449118481,Sun Dec 28 00:51:39 +0000 2025,trader_mindset_essays,2,1762,0.125,否,@timotimo007 带带弟弟
2004844626205966746,Sat Dec 27 09:19:41 +0000 2025,trader_mindset_essays,27,4636,0.125,否,"圣诞🎄发推喜提被AI评论包围的感觉

我也是好起来了啊"
2004566885703262239,Fri Dec 26 14:56:03 +0000 2025,trader_mindset_essays,2,157,0.125,否,"@jiamixiaomao 认真写应该是6月开始
我是属于资质比较慢的
7，8月才找到一点感觉"
2004553046534344731,Fri Dec 26 14:01:03 +0000 2025,trader_mindset_essays,2,402,0.125,否,"@BTC_Alert_ @BTCBruce1 我去。。。。。。。 
看一次，疼一次"
1971164955291603171,Thu Sep 25 10:48:42 +0000 2025,trader_mindset_essays,25,3417,0.125,否,"就没有买在最低点一说
能买在低点的区间就不错了

同理

就没有卖在最高点一说
能卖在最高点的区间不错了

放过自己吧
比起买卖，别让自己处在焦虑当中"
1970391861841023064,Tue Sep 23 07:36:42 +0000 2025,trader_mindset_essays,3,2596,0.125,否,"黑客盗了 $uxlink 之后再被其他黑客盗这个事情 

这戏码我好像在哪里看到过…."
1972875020960731243,Tue Sep 30 04:03:53 +0000 2025,trader_mindset_essays,3,487,0.125,否,@cishanjia 是的 vc币套着meme的打法是走不到对岸的
1972858926762021193,Tue Sep 30 02:59:56 +0000 2025,trader_mindset_essays,2,3711,0.125,否,@broleon 为啥我的kaito没有拿到 $ff 的？！
1972674263841976667,Mon Sep 29 14:46:09 +0000 2025,trader_mindset_essays,6,3738,0.125,否,"损了损了 
没什么好看的 都回去洗洗睡吧
🤣"
1972334220585640328,Sun Sep 28 16:14:57 +0000 2025,trader_mindset_essays,7,3222,0.125,否,多谢 @wublockchain12 推荐
1971843240644300824,Sat Sep 27 07:43:58 +0000 2025,macro_first_principles,7,3514,0.125,否,"我比较俗气，我还是觉得近期不管是 #PerpDEX 还是 #stablecoin ，本质上都是大规模的财富效应带动叙事，而不是反过来

🤣 一身反骨"
1971783416678154654,Sat Sep 27 03:46:15 +0000 2025,trader_mindset_essays,2,265,0.125,否,@bocaibocai_ 我有亏钱的故事要不要听一下 🤣
1971778390958186769,Sat Sep 27 03:26:16 +0000 2025,trader_mindset_essays,2,626,0.125,否,"@LeotheHorseman 哈哈 应该还没有下班
主要是这个池子加的有点艺术美感

price range过了之后就直接真空了。。。 我也是醉了"
1971470863338987670,Fri Sep 26 07:04:16 +0000 2025,trader_mindset_essays,16,2343,0.125,否,"运动员一生中有两次死亡
一次是死亡，一次是退役

交易员一生中也有两次死亡
一次是没守住底线，一次是死亡"
1971434747500155290,Fri Sep 26 04:40:45 +0000 2025,trader_mindset_essays,2,2301,0.125,否,"应该还只是计划ing
还不到一家人"
1971385016996581668,Fri Sep 26 01:23:09 +0000 2025,trader_mindset_essays,2,870,0.125,否,@LeotheHorseman @0xzhaozhao 看样子 下周token2049的流量新贵是 $monad 啦？
1971209340121120993,Thu Sep 25 13:45:04 +0000 2025,trader_mindset_essays,5,2685,0.125,否,"理解一下
0手续费不等于0收入
0收入不等于0利润
0利润不等于0手续费收入"
1929092306264879201,Sun Jun 01 08:27:01 +0000 2025,trader_mindset_essays,5,4491,0.125,否,"我刚看了一下5月份的数据，不能说惊呆了，只能说震惊了.... 
做个问卷调查，大家都是怎么关注到我这个账号的啊？（不一定有奖问卷调查）"
1939661229733421372,Mon Jun 30 12:24:08 +0000 2025,macro_first_principles,1,401,0.125,否,@CyberPhilos 现在稳定币的主要收入来自于国债的息差，降息之后利息收入将会下降，但是稳定币的支出是固定的
1939156481758371944,Sun Jun 29 02:58:27 +0000 2025,trader_mindset_essays,0,293,0.125,否,@Jierimon 你是没见过hype狠起来 😄
1939576080324841581,Mon Jun 30 06:45:47 +0000 2025,trader_mindset_essays,0,440,0.125,否,"@jason_chen998 哥，不会的，对于夹子来说是一样的
另，bsc是一个POA，对抗夹子要嘛自己搭节点，要嘛用特定的不广播的节点"
1934931022501847129,Tue Jun 17 11:07:59 +0000 2025,trader_mindset_essays,7,1513,0.125,否,"去中心化革命说了这么久，去中心化协议的命门还是掌握在中心化服务的手上： tether, aws, binance, twitter(x), github…."
1938945412767064311,Sat Jun 28 12:59:44 +0000 2025,trader_mindset_essays,0,619,0.125,否,@thecryptoskanda 我特么还是错过了！
1939852192837771487,Tue Jul 01 01:02:58 +0000 2025,trader_mindset_essays,1,296,0.125,否,@lanhubiji 😄 太形象了
1939825406141767965,Mon Jun 30 23:16:31 +0000 2025,trader_mindset_essays,10,1257,0.125,否,"欲把西湖比西子
淡妆浓抹总相宜

苏轼笔下的西湖
在这一刻具像化了 https://t.co/CV4xRG333Y"
1939538972713406885,Mon Jun 30 04:18:20 +0000 2025,trader_mindset_essays,2,333,0.125,否,"@lanhubiji 看得见的东西不需要相信
只有看不见的东西才需要相信"
1939509170874753270,Mon Jun 30 02:19:55 +0000 2025,trader_mindset_essays,4,244,0.125,否,@EarningArtist @colinwu 别太高估人家，这帮人拿了牌照之后也运营不了的，大概率就是卖牌照/租牌照的业务
1939350422508191929,Sun Jun 29 15:49:06 +0000 2025,trader_mindset_essays,1,1340,0.125,否,"@evilcos @ResupplyFi 现在项目方连隔空喊话都不做了嘛….  这是因为亏损找到人来补？ 还是说，是周末，没有人上班？

这有点离谱啊"
1939155364735570420,Sun Jun 29 02:54:01 +0000 2025,trader_mindset_essays,3,820,0.125,否,"@guhype 从mark price/funding的角度，按照目前的算法，其实改变不大

反而是如果hpt vault到了百亿级别后，这个就会发生变化"
1939151089263341965,Sun Jun 29 02:37:02 +0000 2025,trader_mindset_essays,2,286,0.125,否,@maid_crypto morph的维权还没结束吗？
1938993416484069857,Sat Jun 28 16:10:29 +0000 2025,trader_mindset_essays,2,58,0.125,否,"@suwanyu7777 @0xDave852 不是，两位，我还在这个thread里面耶

你让我这个单身狗咋整啊 吃狗粮？！"
1938885918473232456,Sat Jun 28 09:03:20 +0000 2025,trader_mindset_essays,1,586,0.125,否,"@CyberPhilos 最让人敬佩的是，蔡澜是少数把“财富”变成“自由”的明白人

以财富之实 换自由之美
在有限的财富空间里，过上自己想要的人生，不管对错"
1938843064560427286,Sat Jun 28 06:13:03 +0000 2025,trader_mindset_essays,8,1589,0.125,否,各位猜猜这篇长文能在接下来48h内破100k 浏览量吗？ 😄
1938132515639988572,Thu Jun 26 07:09:35 +0000 2025,macro_first_principles,4,2099,0.125,否,"来了来了
熟悉的味道又来了，这波我押 $bsw 和 $lto

这筹码结构集中得让人心疼啊"
1938068110504042609,Thu Jun 26 02:53:39 +0000 2025,macro_first_principles,3,508,0.125,否,"@BTCdayu 叙事是叙事
价格能不能上涨还是要看筹码结构"
1937855839525826693,Wed Jun 25 12:50:10 +0000 2025,trader_mindset_essays,2,480,0.125,否,当然如果有商单也欢迎来pitch 搞不好我心情好，就免费把你写了呢 😂
1937491012827643944,Tue Jun 24 12:40:28 +0000 2025,trader_mindset_essays,3,1238,0.125,否,@_FORAB kraken 其实有ink 的，他也有个伟大的公链梦想....但是无奈ink的表现实在是有点太不尽如人意了
1937376452695183610,Tue Jun 24 05:05:15 +0000 2025,trader_mindset_essays,9,3323,0.125,否,"如果你觉得我说的是错的，那你就是对的

我尊重你发表意见的权利，也请你尊重我屏蔽你的权利 😂😄

我花钱来twitter/x就是不要看广告，就是让自己开心😃"
1899822637997502715,Wed Mar 12 13:59:48 +0000 2025,trader_mindset_essays,2,379,0.125,否,"不知道是什么原因。。。我在想我可能被 https://t.co/HyuIoEDEMH shadow ban了 🤣
我之后的长文就放在 https://t.co/m7l20F2pjm @PANewsCN 

https://t.co/H9uSJqDovb https://t.co/J7X9wALQjB"
1906690112634978624,Mon Mar 31 12:48:42 +0000 2025,trader_mindset_essays,0,412,0.125,否,"@UnicornBitcoin 1，2部分不予置评
3，4部分不知道你从哪里看来的，除了名字外，其他的相去甚远"
1906350099556671684,Sun Mar 30 14:17:36 +0000 2025,trader_mindset_essays,0,180,0.125,否,@0xzhaozhao @soon_svm @KaitoAI @soon_svm 给了多少广告费？ 😄
1904902722614444330,Wed Mar 26 14:26:15 +0000 2025,trader_mindset_essays,0,16,0.125,否,@whaleshark0x @cryptobraveHQ 发了
1905620907433099432,Fri Mar 28 14:00:03 +0000 2025,trader_mindset_essays,0,404,0.125,否,@LonersLiu 大哥，现在不是道光年间了，v3甚至v4（进阶版的33）麻烦看一下
1906182353015521786,Sun Mar 30 03:11:02 +0000 2025,trader_mindset_essays,1,993,0.125,否,@NFTfafafa 哎呀嘛.... 我要笑死了.... 你看这刷量的手法，不是cabal是什么啊....
1906181942737064421,Sun Mar 30 03:09:24 +0000 2025,trader_mindset_essays,2,1057,0.125,否,"@evilcos 我忘了是谁跟我说的，AI时代是属于细心和耐心品质的时代
ai让我们更快，更有效率，所以我们要慢下来去纠错、调试和测试"
1905635792149770440,Fri Mar 28 14:59:12 +0000 2025,trader_mindset_essays,4,63,0.125,否,@Defaicon @PundiAI see you guys soon
1904930681689694380,Wed Mar 26 16:17:21 +0000 2025,trader_mindset_essays,2,1296,0.125,否,"@SEFATUBA3 链下撮合还扯什么去中心化
它们还是最偏向交易者的perp

你在其他cex试试看这种操作，连账户都给你封了"
1904886810766954859,Wed Mar 26 13:23:01 +0000 2025,trader_mindset_essays,1,1141,0.125,否,@cryptobraveHQ 要不我再加点料？！ 🤣
1904563712901673009,Tue Mar 25 15:59:08 +0000 2025,trader_mindset_essays,7,3531,0.125,否,"@colinwu 看看大家想不想听一些小道消息
有人要看的话，明天写一个"
1904498275232649279,Tue Mar 25 11:39:07 +0000 2025,trader_mindset_essays,3,608,0.125,否,"@0xAlexon 几个清华老哥的项目 技术很顶
多说一句，particle早期（链抽象）是web3port孵化的…."
1901118949078823428,Sun Mar 16 03:50:53 +0000 2025,trader_mindset_essays,3,89,0.125,否,@ytflzyyds @0x_WUDAO in #palu we trust
1830777255204921604,Tue Sep 03 01:18:06 +0000 2024,trader_mindset_essays,10,346,0.125,否,"This is gonna be epic and blow ur mind
#PundiX #pundiaifx"
1854893591581110404,Fri Nov 08 14:27:49 +0000 2024,trader_mindset_essays,1,293,0.125,否,just sold $cetus and all in $navx @navi_protocol
1843648750176350450,Tue Oct 08 13:44:50 +0000 2024,trader_mindset_essays,3,504,0.125,否,@rektfencer Then u r still here?
1831148650028040506,Wed Sep 04 01:53:53 +0000 2024,trader_mindset_essays,24,324,0.125,否,"Looking good @SUPRA_Labs #KBW2024 
We are so ready #pundiaifx https://t.co/xjIwOk0Tcg"
1808396835499004225,Wed Jul 03 07:06:18 +0000 2024,derivatives_options,29,272,0.125,否,"@marginx_io is working hard
just hang in there .. we are coming"
1859536743550288008,Thu Nov 21 09:58:02 +0000 2024,trader_mindset_essays,3,292,0.125,否,"100k usd = 1 $btc + 1 $eth 
Just saying #BITCOIN_ATH #bitcoin"
1846575169265127879,Wed Oct 16 15:33:22 +0000 2024,trader_mindset_essays,0,10,0.125,否,@weremeow cooking
1813785671087395102,Thu Jul 18 03:59:37 +0000 2024,derivatives_options,2,158,0.125,否,probably nothing on @marginx_io
1871466502802862403,Tue Dec 24 08:02:39 +0000 2024,trader_mindset_essays,2,172,0.125,否,"alt season is coming, to town"
1864642658393837724,Thu Dec 05 12:07:07 +0000 2024,trader_mindset_essays,4,202,0.125,否,"Think like a farmer, not a trader, always"
1864505631002304850,Thu Dec 05 03:02:37 +0000 2024,trader_mindset_essays,5,115,0.125,否,100k marks #Bitcoin wohoo
1854061432591294824,Wed Nov 06 07:21:06 +0000 2024,trader_mindset_essays,7,155,0.125,否,Good bye #GaryGensler
1852586538233995355,Sat Nov 02 05:40:24 +0000 2024,trader_mindset_essays,2,261,0.125,否,“No”vember has begun
1849607953114071074,Fri Oct 25 00:24:34 +0000 2024,derivatives_options,13,316,0.125,否,AI +payment might be a new narrative with the real use case
1847899860454035522,Sun Oct 20 07:17:13 +0000 2024,trader_mindset_essays,2,1408,0.125,否,@colinwu 感觉upbit是不是更看重项目的声誉？
1847117145060368396,Fri Oct 18 03:26:59 +0000 2024,derivatives_options,2,30,0.125,否,@marginxyz why dont u launch one urself?
1841099832578228680,Tue Oct 01 12:56:20 +0000 2024,trader_mindset_essays,3,318,0.125,否,@phyrexni 我们这几天用 purse+ @Purse_Land 的 #socialfi 插件试试含金量
1830509965947379981,Mon Sep 02 07:35:59 +0000 2024,trader_mindset_essays,12,211,0.125,否,@PundiXLabs @futureverse @aaronmcdnz @MorphL2 @cecilia_hsueh We are here early https://t.co/Mjj8b9ayww
1830509951284035699,Mon Sep 02 07:35:56 +0000 2024,trader_mindset_essays,42,1065,0.125,否,"We are here early
Where r u guys? @futureverse @futureverseAPAC 
#KBW2024 https://t.co/y7JcDWeB3C"
1782092860470538559,Sun Apr 21 17:03:42 +0000 2024,trader_mindset_essays,0,20,0.125,否,@akyuzhakan_ Scam post. Do NOT click anything
1774083935699673386,Sat Mar 30 14:39:05 +0000 2024,trader_mindset_essays,1,160,0.125,否,"Just an analogy, trading #memecoin  = playing poker 
who knows?"
1763030937082978791,Thu Feb 29 02:38:25 +0000 2024,trader_mindset_essays,1,181,0.125,否,"I just have to post something today
I dont care"
1777006440600961400,Sun Apr 07 16:12:05 +0000 2024,derivatives_options,8,655,0.125,否,I guess @marginx_io team is “walking” hard on #HKweb3festival https://t.co/NxgIWV8U9E
1746452075113013542,Sun Jan 14 08:39:56 +0000 2024,trader_mindset_essays,5,386,0.125,否,As long as ur #btc entry price is lower than Blackrock
1802965749809791431,Tue Jun 18 07:25:06 +0000 2024,trader_mindset_essays,5,257,0.125,否,Mid year sales coming
1776525495536083373,Sat Apr 06 08:20:59 +0000 2024,derivatives_options,8,336,0.125,否,"@marginx_io team at HK Web3 Festival 2024
 #HKweb3festival 
Growing together https://t.co/o5QmPE89Je"
1763038379992629632,Thu Feb 29 03:08:00 +0000 2024,trader_mindset_essays,4,363,0.125,否,#LFG @Pandora_ERC404
1775774598879179031,Thu Apr 04 06:37:11 +0000 2024,trader_mindset_essays,5,635,0.125,否,"Can u believe this? Another #web3 phone on #aptos 
@JamboTechnology  @Aptos https://t.co/ydMfeymL7E"
1745089477637239053,Wed Jan 10 14:25:28 +0000 2024,trader_mindset_essays,4,285,0.125,否,delay - crash; approve - crash; disapprove - crash
1772998978251989483,Wed Mar 27 14:47:51 +0000 2024,trader_mindset_essays,0,53,0.125,否,@Purse_Land are we #dip again?
1762839068180947219,Wed Feb 28 13:56:00 +0000 2024,trader_mindset_essays,2,537,0.125,否,"greed is greed
Bitcoin = 1 #Bitcoin"
1801798905904173093,Sat Jun 15 02:08:29 +0000 2024,derivatives_options,3,235,0.125,否,negative energy is wasted of energy
1802940998202581211,Tue Jun 18 05:46:45 +0000 2024,trader_mindset_essays,3,198,0.125,否,Discount mode - on
1800908032790167802,Wed Jun 12 15:08:28 +0000 2024,trader_mindset_essays,3,144,0.125,否,social decentralization is needed in the long run
1800381874814239104,Tue Jun 11 04:17:43 +0000 2024,trader_mindset_essays,4,256,0.125,否,"$aapl is coming 
another #MemeRevolution"
1798913319845400619,Fri Jun 07 03:02:12 +0000 2024,trader_mindset_essays,1,87,0.125,否,@rumjahn @Pandora_ERC404 @Purse_Land full support on 404/hybrids
1791131636823961821,Thu May 16 15:40:34 +0000 2024,trader_mindset_essays,2,95,0.125,否,@Elizabethofyou 多看书 真的能静下心
1787316545968074796,Mon May 06 03:00:45 +0000 2024,trader_mindset_essays,4,365,0.125,否,Do not farm the farmers is the best policy
1785845266601701689,Thu May 02 01:34:25 +0000 2024,trader_mindset_essays,3,200,0.125,否,gm probably not interest cut this year
1780166187265249766,Tue Apr 16 09:27:47 +0000 2024,trader_mindset_essays,5,291,0.125,否,"I am looking forward to #token2049dubai , probably the largest web3 career fair"
1778964712199475332,Sat Apr 13 01:53:33 +0000 2024,trader_mindset_essays,8,482,0.125,否,halving is halving of altcoin
1778260043676450823,Thu Apr 11 03:13:27 +0000 2024,derivatives_options,16,518,0.125,否,"see you guys later
@marginx_io x @ChihuahuaChain"
1777214332537110626,Mon Apr 08 05:58:10 +0000 2024,derivatives_options,3,52,0.125,否,"@marginxyz @marginx_io @functionx_io Be careful of what you r wishing for
😂"
1776534271823696211,Sat Apr 06 08:55:51 +0000 2024,trader_mindset_essays,2,207,0.125,否,"I cant believe this @pengonsolana 
A @pudgypenguins meets @pengonsolana https://t.co/pwqv72PvPV"
1775812100394561586,Thu Apr 04 09:06:12 +0000 2024,trader_mindset_essays,3,263,0.125,否,Can I get gm back @Aptos @jerome_ https://t.co/AURspPawHe
1775808598096142679,Thu Apr 04 08:52:17 +0000 2024,trader_mindset_essays,2,67,0.125,否,@indrawxyz @JamboTechnology @Aptos @jerome_ he is busy now hahaha https://t.co/7Rig7MjnXU
1775082799609033201,Tue Apr 02 08:48:13 +0000 2024,derivatives_options,7,491,0.125,否,do you know that @marginx_io has 50+ altcoin #memecoin
1731175937864323444,Sun Dec 03 04:58:01 +0000 2023,trader_mindset_essays,11,775,0.125,否,"That’s fast @PundiXLabs folks, i m ready for the next bullrin"
1719609857442250922,Wed Nov 01 06:58:33 +0000 2023,derivatives_options,11,284,0.125,否,"learn more about @marginx_io 2.0

with #BinanceLive"
1686930702737219584,Thu Aug 03 02:43:15 +0000 2023,trader_mindset_essays,2,394,0.125,否,今晚一起聊聊 #worldcoin @worldnetwork
1701878285381304748,Wed Sep 13 08:39:37 +0000 2023,derivatives_options,11,438,0.125,否,New look on @marginx_io https://t.co/TAgujd0HSD
1694583855205023757,Thu Aug 24 05:34:09 +0000 2023,derivatives_options,10,800,0.125,否,Maybe on #marginx2.0 ?
1695016656924532950,Fri Aug 25 10:13:57 +0000 2023,trader_mindset_essays,2,1563,0.125,否,"more people should know about this
@LevelFinance_  attracts best trader? or?"
1705115853724004423,Fri Sep 22 07:04:33 +0000 2023,derivatives_options,10,2479,0.125,否,"Own your #Perpetuals markets @marginx_io 2.0
Your court your rule"
1695016027388891568,Fri Aug 25 10:11:27 +0000 2023,trader_mindset_essays,0,392,0.125,否,@DoctorMbitcoin @FTX_Official 应该是scam 注意防范
1708575165251002676,Sun Oct 01 20:10:37 +0000 2023,derivatives_options,11,412,0.125,否,@marginx_io will be the 10x factor of @CosmosClub_  @CosmoverseHQ
1700048451386691671,Fri Sep 08 07:28:30 +0000 2023,derivatives_options,9,2877,0.125,否,"ALO, world @marginx_io"
1730122596954587317,Thu Nov 30 07:12:25 +0000 2023,trader_mindset_essays,9,373,0.125,否,"something big is brewing 
#purse"
1706506367341908394,Tue Sep 26 03:09:57 +0000 2023,trader_mindset_essays,3,179,0.125,否,@PundiXLabs is on Advanced mode
1710340396218269920,Fri Oct 06 17:05:01 +0000 2023,trader_mindset_essays,16,832,0.125,否,"No joke, this is real adoption and super smooth"
1714505612925751736,Wed Oct 18 04:56:06 +0000 2023,trader_mindset_essays,0,210,0.125,否,well done @KAVA_CHAIN
1700058074470666369,Fri Sep 08 08:06:45 +0000 2023,trader_mindset_essays,8,674,0.125,否,"👋 ALO 
Let's say #ALO instead of #gm #gn  next time"
1739097471647932516,Mon Dec 25 01:35:22 +0000 2023,trader_mindset_essays,10,439,0.125,否,Merry Christmas 🎄 &amp; Happy New Year 🎆!
1700038891439624574,Fri Sep 08 06:50:31 +0000 2023,derivatives_options,10,261,0.125,否,"ALO @marginx_io fam
2.0 is coming"
1701818928580956254,Wed Sep 13 04:43:45 +0000 2023,derivatives_options,3,139,0.125,否,Alo folks @marginx_io
1711542610878464134,Tue Oct 10 00:42:12 +0000 2023,trader_mindset_essays,1,63,0.125,否,@CosmoverseHQ when next party?
1741397603399631114,Sun Dec 31 09:55:16 +0000 2023,trader_mindset_essays,11,303,0.125,否,Happy new year #2024
1740578567392772474,Fri Dec 29 03:40:43 +0000 2023,derivatives_options,9,383,0.125,否,What a wonderful and fruitful year for @marginx_io
1737072346710811057,Tue Dec 19 11:28:15 +0000 2023,trader_mindset_essays,11,937,0.125,否,"$pundix season coming soon
maybe tomorrow？
@PundiXLabs"
1732308308676280365,Wed Dec 06 07:57:40 +0000 2023,trader_mindset_essays,9,1438,0.125,否,today’s top gainer on f(x)core congratulations @functionx_io ecosystem’s pair! https://t.co/cVBBf2G0fV
1731975644190240791,Tue Dec 05 09:55:46 +0000 2023,trader_mindset_essays,6,270,0.125,否,#purse is on 🔥  #ALTSEASONs is coming
1729383337339601358,Tue Nov 28 06:14:52 +0000 2023,trader_mindset_essays,4,232,0.125,否,#grok and @functionx_io = the future of #blockchain #ai
1727139789890302452,Wed Nov 22 01:39:49 +0000 2023,trader_mindset_essays,3,358,0.125,否,Now we know why the decision on #BTC #ETF has been continuously delayed
1722864195325308958,Fri Nov 10 06:30:08 +0000 2023,trader_mindset_essays,9,474,0.125,否,$fx is the #gas
1720308143669080448,Fri Nov 03 05:13:17 +0000 2023,trader_mindset_essays,3,224,0.125,否,@functionx_io is trending at @upbitglobal @Official_Upbit now
1719284930788942278,Tue Oct 31 09:27:24 +0000 2023,trader_mindset_essays,20,540,0.125,否,welcome onboard @BlockchainatYU $FX @functionx_io  LFG
1717742442882142457,Fri Oct 27 03:18:07 +0000 2023,trader_mindset_essays,12,709,0.125,否,any idea why @okx has not listed @functionx_io $fx #fx yet? @Cryptosis9_OKX
1715208638917492810,Fri Oct 20 03:29:41 +0000 2023,derivatives_options,15,597,0.125,否,"Any asset , any token shall deserve the perpetual market @marginx_io"
1619360658147123201,Sat Jan 28 15:44:01 +0000 2023,derivatives_options,8,562,0.125,否,How about a tokenomy mechanic without really issuing a token @marginx_io
1616832699494461443,Sat Jan 21 16:18:49 +0000 2023,derivatives_options,11,327,0.125,否,"Happy Lunar New Year
#YearOfTheRabbit 
@marginx_io will always be there with u https://t.co/hhIYFrL9tf"
1626073084364201984,Thu Feb 16 04:16:48 +0000 2023,derivatives_options,16,1299,0.125,否,"sold out in less than 15mins
what did you miss 
@marginx_io https://t.co/lUueX61k9v"
1661377190888390658,Wed May 24 14:22:43 +0000 2023,trader_mindset_essays,0,159,0.125,否,@Impepe__ @ufclu ☝️
1645956397782245377,Wed Apr 12 01:06:00 +0000 2023,trader_mindset_essays,0,159,0.125,否,What’s really hot #web3 event in Hong Kong?
1634029920778338310,Fri Mar 10 03:14:26 +0000 2023,trader_mindset_essays,3,168,0.125,否,So u think #TradFi and #bank are safer #defi ?
1618937095879561216,Fri Jan 27 11:40:56 +0000 2023,trader_mindset_essays,5,271,0.125,否,"Always #dyor
If u dont understand- don’t participate"
1614174618180521984,Sat Jan 14 08:16:33 +0000 2023,trader_mindset_essays,11,480,0.125,否,"Guess how long will $fx take to reach $1
#predictions"
1646066962651402240,Wed Apr 12 08:25:20 +0000 2023,trader_mindset_essays,8,190,0.125,否,Have u considered #xpos @PundiXLabs ?
1638428354750865408,Wed Mar 22 06:32:14 +0000 2023,trader_mindset_essays,6,220,0.125,否,"opppsssss.... you spotted.. 
more to come"
1622150340190801920,Sun Feb 05 08:29:13 +0000 2023,trader_mindset_essays,15,1090,0.125,否,1 $fx= 1 #apartment
1649255992650022912,Fri Apr 21 03:37:24 +0000 2023,trader_mindset_essays,1,352,0.125,否,"bless #Sudan
wondering if there is any donation channel to help #Sudanese"
1674311906126090248,Thu Jun 29 07:00:40 +0000 2023,trader_mindset_essays,4,276,0.125,否,"ooouch…….
Did u buy #NFTs #Azuki @Azuki again? 
Me:
#AzukiElements https://t.co/0LVG62N7Jo"
1672248999989100550,Fri Jun 23 14:23:25 +0000 2023,trader_mindset_essays,12,511,0.125,否,"@PundiXLabs x @binance 
Only few understand this https://t.co/scey3FiGFJ"
1671400357300191233,Wed Jun 21 06:11:12 +0000 2023,trader_mindset_essays,6,918,0.125,否,interesting story @zibin u may want to stay out of McDonald in LA
1670252975615361024,Sun Jun 18 02:11:55 +0000 2023,trader_mindset_essays,3,195,0.125,否,@orbitant why not? welcome any suggestion
1668806118812917761,Wed Jun 14 02:22:38 +0000 2023,derivatives_options,2,96,0.125,否,@marginx_io x #UNO game https://t.co/nZ2SCCMxqZ
1668518658979577858,Tue Jun 13 07:20:22 +0000 2023,trader_mindset_essays,1,292,0.125,否,"something is wrong
something is right https://t.co/F2kN4OPifa"
1668115302033375232,Mon Jun 12 04:37:34 +0000 2023,derivatives_options,6,444,0.125,否,In case you miss this:  @marginx_io is a #dex https://t.co/TBLPeQrEwb
1667807170463940608,Sun Jun 11 08:13:10 +0000 2023,derivatives_options,6,188,0.125,否,"Talk to you guys/ladies soon
@marginx_io @KineProtocol @SubstanceX_"
1662466716549500928,Sat May 27 14:32:07 +0000 2023,trader_mindset_essays,3,278,0.125,否,it's the #VALUE  that matters to everyone
1662031595807580160,Fri May 26 09:43:06 +0000 2023,derivatives_options,10,265,0.125,否,"one the hidden gems @marginx_io discovered
 @Tulip_Game_"
1661377593952686081,Wed May 24 14:24:19 +0000 2023,trader_mindset_essays,6,2971,0.125,否,@williamlab 现在真的是任何事情都是草木皆兵，动不动就要崩....
1479643521938178049,Sat Jan 08 02:38:00 +0000 2022,trader_mindset_essays,27,0,0.125,否,Probably nothing #keepbuilding #growing $fx
1607235404394295298,Mon Dec 26 04:42:36 +0000 2022,trader_mindset_essays,5,248,0.125,否,"Please like and retweet this tweet, if u prefer Boxing Day than Christmas"
1602861879566557184,Wed Dec 14 03:03:46 +0000 2022,trader_mindset_essays,1,0,0.125,否,"I am in the view of 75bps

FED likes to suppress the market further"
1600417617646276608,Wed Dec 07 09:11:09 +0000 2022,trader_mindset_essays,3,0,0.125,否,Please share and follow
1599775923582406658,Mon Dec 05 14:41:17 +0000 2022,derivatives_options,4,0,0.125,否,Guess how many videos have been made by @marginx_io so far?
1598169328959950848,Thu Dec 01 04:17:15 +0000 2022,derivatives_options,10,0,0.125,否,"The grand party has just begun @marginx_io 
Come n grab the rewards"
1595971926199259137,Fri Nov 25 02:45:33 +0000 2022,derivatives_options,17,0,0.125,否,@marginx_io has just processed 100million transactions mark
1595633659264270337,Thu Nov 24 04:21:24 +0000 2022,derivatives_options,8,0,0.125,否,Ask us anything you want to know about @marginx_io
1594891120332636161,Tue Nov 22 03:10:49 +0000 2022,trader_mindset_essays,6,0,0.125,否,"Are All DEXs Safe? Not Really, Here’s Why 
https://t.co/GFgaLKbun2"
1591098831923732482,Fri Nov 11 16:01:37 +0000 2022,derivatives_options,4,0,0.125,否,Pleae take note No LEDGER for @marginx_io
1590983139572461568,Fri Nov 11 08:21:54 +0000 2022,trader_mindset_essays,3,0,0.125,否,What a dig! Eye opening
1587621785398149120,Wed Nov 02 01:45:04 +0000 2022,derivatives_options,9,0,0.125,否,Can’t wait to meet u folks @marginx_io ‘s booth
1587012160235794435,Mon Oct 31 09:22:38 +0000 2022,trader_mindset_essays,2,0,0.125,否,Hint: it is about user experience and fairness
1584924424880287745,Tue Oct 25 15:06:44 +0000 2022,derivatives_options,3,0,0.125,否,@Officiallyscene @BlueMoveNFT What if @marginx_io has the similar features?
