id,createdAt,goldScore,isMilestone,hasArticle,favoriteCount,retweetCount,replyCount,viewCount,text
1913608106275397829,Sat Apr 19 14:58:20 +0000 2025,10.0,True,False,2391,488,203,488203,用雷军的话说，就是不要用战术上的勤奋，掩盖战略上的懒惰。  这个道理我是本科的时候才想明白的。高考前一个月我自认也非常努力，每天早上六点半起床，先刷一套理综卷，再上早自习，满心以为浙大稳稳当当，结果高考最擅长的数学和理综发挥不佳，只上了个普通985。  后来我才意识到，那段时间我以为的努力，更类似于一种机械化的自我感动，一套卷子做完，不会的题看过一遍解析就自认为会了，没有吃透其中原理，也没有举一反三去找相似题目练习。看似刷了很多套试卷，其实解题水平基本在原地踏步。  这样的现象其实生活里比比皆是，很多人确实上进，也充满热忱，但是最终流于表面。什么是真正的努力？是走出自己的舒适区，是深思熟虑后做出艰难的决定，是寻找差异化，是真正花心思动脑子去提高自身。  再举个盯链的例子，很多人觉得一杯茶一包烟电脑桌前坐一天，就是努力，假如还拿不到好的结果，就归因于内幕、运气这些外界因素。殊不知同样是盯链，如果只是盲目枯坐一天又一天，你所消耗的时间并没有给你自身带来长进，而有的人会利用这些时间熟悉最好用的工具、收集自己的聪明钱地址库、分析叙事和注意力对市值上限的影响，了解最热门最能吸引人的话题，长此以往，后者成了面面俱到的打狗高手，你依然是你。  天道酬勤，前提是找对正确的方向，否则只是感动自己。
1804077145754603564,Fri Jun 21 09:01:24 +0000 2024,10.0,False,True,0,0,1,2840,@ParticleNtwrk Congrats!
1900073922693128323,Thu Mar 13 06:38:19 +0000 2025,8.9,False,False,821,94,171,299454,昨天和 @zicai222222 畅聊了一下午，很多话题深有感触，抛砖引玉供大家思考交流：  1、赚到钱以后，还是要提现一部分，改善生活，才能真正体会到赚钱的意义。例如我自己，进币圈的前三年其实也一直在赚钱，也赚到了大钱，但是生活模式几乎没有变化，日复一日枯坐盯链，偶尔会觉得金钱只不过是屏幕上的数字，缺乏实感。而这次Trump交易后选择了更休闲的生活方式，给家人买了房，自己到处购物旅游，才真切体会到努力带来的回报。  2、在币圈，赚过大钱的人很多，能真正守住财富的很少。要用什么样的心态和方法守财，甚至让财富更上一个台阶，需要结合自己的性格和经历，进行深度思考。  3、自己追求的生活到底是什么样的，五年后，十年后希望自己是一个什么样的人。其实我内心一直非常清楚，我的究极人生理想还是希望成为马斯克、雷军这种科技企业家，去做出一些影响世人、改变世界的产品。包括这次半个月的日本之旅，也让我更坚定了这个想法，虽然旅行玩乐很开心，但如果让我以后的人生只做这一件事，我是无法从中持续获得满足和成就感的。  4、币圈很多人的生活质量以及生活经验，和财富是极其不匹配的。这一点我们平时也经常打趣，如果有靠谱的银行卡保险中介、豪车豪宅手表销售、高端旅游定制服务拉进群里，一定可以赚的盆满钵满。导致这个问题的主要因素我觉得是两点，一个是缺乏可靠的渠道，一个是没有时间去钻研，相应的解决方式，要么是通过身边朋友口口相传，要么是找一个能力强、脑子灵光的助理，来协助完成这些琐事。  总之人生嘛，最重要的就是体验。
1899267924931883481,Tue Mar 11 01:15:34 +0000 2025,8.5,False,False,731,46,154,262683,在日本呆了半个月了，从个人视角说一些感想：  1、北海道和东京的街道路面、车辆都非常干净，大阪的小巷子也有随处乱丢的烟头和垃圾。值得一提的是，去过的所有场合的厕所都整洁无异味，并且基本是智能马桶。  2、现代化、国际化，大部分菜单都有英文版，规模较大的店也基本会有一两位懂中文的店员。但也有一些地方和国内相比显得“过时”，比如硬币纸币依然是主要支付手段之一，新干线必须给大行李买票，否则没地方放，一列车又只有三个行李位。  3、非常有礼貌，几乎去过的每家餐厅和酒吧，离开时店员都会鞠躬告别，也经常能看到顾客回礼致意。  4、守规矩到刻板的程度，印象最深的是住的一家高档酒店，晚上希望加一床被子，前台表示只有额外付完整的加床费才行，最后给我们拿了一叠床单。这在国内是难以想象的。  5、东京的美食令我印象深刻，在很多家人均几十几百的店里吃到了惊艳的猪排饭、拉面，寿喜烧等等，而在国内几乎只有人均上千的店，偶尔一两道菜会让我有这种好吃到爆炸的感觉，当然这可能是因为我早就对国内的美食习以为常。另外，在美食如此之多，而且饮食结构包含大量碳水的情况下，日本人却普遍偏瘦，我觉得或许反映出他们骨子里的克制。  6、注重隐私，在便利店和拉面店都能看到用隔板分开的单人座位，更夸张的是，有的公共厕所为了避免尴尬，配了自动播放流水声的设备。  整体来说，无论是居住还是旅行，日本的体验都非常不错，日常生活也很符合亚洲人的习惯，推荐体验。走熊了，谈恋爱，游天地，做喜欢的工作和享受游戏。
1695628109020811686,Sun Aug 27 02:43:39 +0000 2023,8.5,False,False,423,59,127,120797,"最近推特装神弄鬼的越来越多了，要想证明自己玩链上牛逼，最简单直接的方式就是明牌自己正在使用或者至少曾用过的地址，公开透明正是区块链的一大特性，比写一堆字跳大神有说服力的多。  不要看一个人说什么，而要看他做什么，这句话放之四海而皆准。每天分享十几个币事后拿聊天记录证明自己多么早期、马后炮说某个项目属于普通人都应该抓住的捡钱机会，这些话脱离实际操作没有任何意义。  如何控制仓位去平衡胜率和赔率、如何面对跌宕起伏的k线止盈和止损、如何在不确定性中寻求相对确定的机会，才是让你在链上博弈脱颖而出的能力。  Talk is cheap, show me the wallet."
2028382466147545394,Mon Mar 02 08:10:40 +0000 2026,8.0,False,False,521,10,89,90231,最近一直在思考一件事，就是“异想天开”的能力。  我小时候经常会有一些奇思妙想，比如小学的时候在优酷看视频学魔术，会想到将来是不是人人都可以做视频、做课程并以此赚钱；有一次台风天坐三轮车，联想到出租车的乘坐体验也一般，会想到以后会不会有公司用宝马、奔驰来做面向有钱人的出租车业务；看到“贾君鹏你妈妈喊你回家吃饭”这个帖子，会想到这句话这么火，楼主却没有什么好办法享受到热度对应的红利，无法变现。  这些全部都是非常不成熟的想法，但有些时候创新就诞生于这种奇思妙想。而现在我的思维方式似乎越来越框架化了，看到和经历的事情不会再去想是不是还有另一种可能的存在形式。所以我非常渴望接触新领域、新事物，来让自己的脑子重新变得异想天开。  基于此，同时也希望开拓一下自己的投资视野，最近非常想深入了解VC/PE行业，如果能以LP或靠币圈的经历以实习的形式学到东西就最好了，随时欢迎现在或曾经在大机构任职的朋友私信交流。
1842179207008542959,Fri Oct 04 12:25:23 +0000 2024,8.0,False,False,385,74,122,137941,帽子姐 @0xmagnolia 是过去半年我在中文区看到分享干货最多的博主之一，也是把二级指标和链上数据结合起来分析做的最好的交易者之一，更可贵的是她写的教程基本是把思路嚼碎了喂给你，而且都是无偿分享，我觉得没几个人能做到这样。  今天看到她退圈的推文，我也不太清楚到底是因为准备休息一段时间调养身体还是被黑子影响了心态。关于后者我想延伸说一下，估计明眼人也能看出来，中文区有一批人专门开小号带节奏，造谣抹黑各种博主。  这样做的目的是什么呢，除了眼红妒忌之外，说白了就是搞你心态，搞到你降低分享频率或者干脆不分享了，剩下的流量就被它们的矩阵号瓜分了。我随便贴两张图，下面这些清色都是矩阵号，发的内容是抄袭我的推文然后AI洗稿，标配是10万粉，每条推文都会用机器人刷点赞转推，再用矩阵号互相评论，乍一看流量比中文区顶流还大。  大多数原创博主应该都有感受，辛辛苦苦分享一篇推文，哪怕评论9个人是夸你的，但是只要有1个造谣抹黑的也很影响心情。长此以往，本来愿意分享干货的博主渐渐不分享了，中文区的推送时间线就被这种AI矩阵号占据，一些没有分辨能力的新手和国外BD就会把资源倾斜给这些假号，它们的目的就达成了，反正它们只为了坑项目方的推广经费，才不管中文区的死活。
1807368646098038826,Sun Jun 30 11:00:39 +0000 2024,7.9,False,False,227,21,68,229498,这都信的真有点单纯了，一直不知道枪粉到底是什么成分，本来也没必要拆穿人家，不过听朋友说想要获得空投补偿需要在他官网导入私钥，那就涉及安全问题了，还是发个贴。  首先图里的地址是： 0x170a75aa81a7326fe111427f930a54cd08af859c 从图1可以看到ETH和ZK代币数量都对得上。  然后查询这个地址的代币记录： https://t.co/KUvDsZxIkV 会看到图2显示的数据，交易总笔数超过1万笔，交易频率也很高，每几分钟就有一笔，链上经验比较丰富的朋友这时候应该已经大概清楚这个地址的归属了，大概率是交易所或者混币器之类的。  进一步，我们复制一个往该地址存入ZK代币的钱包地址： 第一个钱包存入了403148个ZK，在ETH主网区块浏览器打开该地址： https://t.co/C6WLmOtWUC 可以看到图3显示，该地址是OKX热钱包82号。  无独有偶，我们再随手点开一个存入了1273个ZK的地址，同样在etherscan中打开： https://t.co/Z1QO3Ed0LV 可以看到图4显示，明显是一个OKX充值中转地址。  有趣的是，在枪老师贴图的0x17开头地址交易记录中，任意复制一个ZK链上存入过代币的地址，到主网浏览器查看，都会发现要么没有任何交易记录，要么显示为上述两种情况之一，是OKX热钱包或者OKX充值中转地址。  到这里已经有99%的理由相信该地址是OKX在ZK链上的热钱包地址之一了，还剩1%的可能性是枪老师手眼通天，不仅从ZK项目方成功申诉到大量ZK代币还联系上了OKX，让OKX使用自己的热钱包替他完成“追溯性空投”，不知道你信不信，我反正没信🤔
1664472978665656322,Fri Jun 02 03:24:17 +0000 2023,7.5,False,False,2502,2644,2766,52541,"🚀0xSun x OrdiSat🚀  OrdiSat is giving away 6 WL SPOTS!  To enter: -1. Follow @OrdiSat_io, @0xSunCollab and @0xSunNFT -2. Like and RT -3. Tag 3 friends  Winner will be announced in 12 hours https://t.co/PXBiG7avCC"
1522787247908855808,Sat May 07 03:55:46 +0000 2022,7.5,False,False,1757,1689,2793,0,🚨0xSun x JUKIVERSE🚨 JUKIVERSE is giving away 3 Jukilist WL SPOTS!  To enter: -1. Follow @JukiverseNFT &amp; @limitlessun1 -2. Like and Retweet  -3. Tag 3 friends  Winner will be announced in 48 hours. https://t.co/XH3MTldW1q
1525728745042354176,Sun May 15 06:44:14 +0000 2022,7.5,False,False,1176,1066,1597,0,"🚨0xSun x Vivid🚨 Vivid is giving away 5 WL SPOTS!  To enter: -1. Follow @vividcojp &amp; @limitlessun1 -2. Like, RT and Tag 3 friends -3. Join: https://t.co/pYMXTPQGBl   Winner will be announced in 48 hours. https://t.co/QQA8IFvNdt"
1556999960880873475,Tue Aug 09 13:44:52 +0000 2022,7.0,False,False,415,387,518,0,"💀0xSun x Monster Land💀  Monster Land is giving away 3 WL SPOTS!  To enter: -1. Follow @MonsterlandNFT  , @0xSunCollab and @0xSunNFT -2. Like and RT -3. Tag 3 friends  Winner will be announced in 24 hours https://t.co/I9Ak7O4OPb"
1529719341830156288,Thu May 26 07:01:26 +0000 2022,7.0,False,False,390,360,506,0,"🚨￼0xSun x Vivid￼🚨 Vivid is giving away 5 WL SPOTS!  To enter: -1. Follow @vividcojp &amp; @limitlessun1 -2. Like, RT and Tag 3 friends -3. Join: https://t.co/pYMXTQ7JDl   Winner will be announced in 48 hours. https://t.co/NYTRzJoEjj"
1551077192431710208,Sun Jul 24 05:29:54 +0000 2022,7.0,False,False,329,312,594,0,"🚀0xSun x HOOT LABS🚀 YING is giving away 2 WL SPOTS! 映客的里程碑NFT INKEPASS目前5倍+  空投的Hootbirds 地板0.12e  这一期还是30天无理由退款  To enter: -1. Follow @InkeNFT , @Inke_asst , @0xSunCollab , @0xSunNFT -2. Like and RT -3. Tag 3 friends  Winner will be announced in 24 hrs https://t.co/c1xlnCSsef"
1554084859081269248,Mon Aug 01 12:41:18 +0000 2022,7.0,False,False,294,284,406,0,"🚀0xSun x Simeji Round2🚀  Simeji is giving away 5 WL SPOTS!  To enter: -1. Follow @Cryptosimeji , @0xSunCollab and @0xSunNFT -2. Like and RT -3. Tag 3 friends  Winner will be announced in 24 hours. https://t.co/H14cPND8ag"
1524964802661326848,Fri May 13 04:08:36 +0000 2022,7.0,False,False,208,188,261,0,"🚨0xSun x MAZK GANG🚨 MAZK GANG is giving away 3 WHITELIST SPOTS!  To enter: -1. Follow @Mazkgang &amp;  @limitlessun1 -2. Like, RT and Tag 3 friends -3. Join: https://t.co/orvGc76dDX   Winner will be announced in 24 hours. https://t.co/B4Ih7PiH9e"
1503220373739163649,Mon Mar 14 04:04:00 +0000 2022,7.0,False,False,186,162,210,0,"🚨BLVCK is giving away 5 WHITELIST SPOTS🚨  To enter:  - 1. Follow @Blvckparis &amp; @FOMOBOYZS &amp; @Limitlessun1 - 2. Like, RT and Tag 3 friends - 3. Join: https://t.co/1CMMC9Uc7s  Winner will be announced in 48 hours. https://t.co/DwDQbtBC00"
1512121120035463172,Thu Apr 07 17:32:23 +0000 2022,7.0,False,False,150,137,228,0,"🚨MOMOCO is giving away 3 WHITELIST SPOTS🚨  To enter:  -1. Follow @nft_momoco &amp; @limitlessun1 -2. Like, RT and Tag 3 friends -3. Join: https://t.co/0rGsXHJCVs  Winner will be announced in 24 hours. https://t.co/GRWPyBho5m"
1732380943305060827,Wed Dec 06 12:46:17 +0000 2023,6.9,False,False,38,8,8,23168,MATR1X生态的第三款NFT KUKU马上就要发售了，前两款NFT的表现大家有目共睹，因此本次KUKU也备受期待，跟随本文来了解一下 @Matr1xOfficial ：  基本介绍 MATR1X是定位为包含游戏、电竞、IP为一体的Web3娱乐平台，目前注册用户超过20万，Alpha测试阶段日活超过2万，投资方包括Hana Financial Investment、Folius Ventures、Hashkey Capital等，合作方包括Binance NFT、Polygong、OKX等。  MATR1X的使命和愿景是推动游戏与区块链技术相融合，为玩家提供优质的Web3游戏体验，并且通过NFT的形式让玩家拥有真正的数字主权。MATR1X的战略三角定义为游戏、电竞和IP与共创者经济，平台已经推出了第一款射击手游MATR1X FIRE。  NFT系列 MATR1X生态目前总共包含三款NFT，分别对应了战略三角的规划。 其中YATC代表了“电竞”，是平台级NFT，为MATR1X平台的顶级会员，享受着诸多平台权益，目前地板价为； MATR1X 2061代表了“游戏”，是项目级NFT，为MATR1X FIRE游戏中的顶级会员，也是其中的通行证，享受永久的资产分发权益，目前地板价为； 而本次发售的KUKU代表了“IP和共创经济”，是平台级NFT，为MATR1X平台的高级会员，主要用于激励MATR1X生态中的创作者经济，并用于在游戏内外进行品牌展示。  KUKU 在未来平台的创作者生态中，大部分资产在发行过程中会有收益分配，而KUKU可以享受到收益，也是进行创作者投票的核心凭证。此外，KUKU还可以在后续MATR1X生态内的多款游戏中使用，并且可以质押获得饰品宝藏。KUKU还可以通过质押、饲养等提高等级，从而获取更多奖励。
1693772747925754038,Mon Aug 21 23:51:06 +0000 2023,6.9,False,False,35,2,10,17154,就在刚刚 @SamSpratt 总量256，单价3.33ETH的“Player”在NiftyGateway上2分钟售罄，他的作品Skulls of Luci在OS上有着64ETH的offer，这一期的项目名为 @TheMonumentGame ，核心是这幅超两万像素的1/1作品，将以拍卖形式发售，而“Player”或称“Ticket”则扮演了参与游戏的门票  游戏要求你在3天内结合个人感受写下你对The Monument Game的“Observation”，3天后NFT被铸造，你的观察感悟将以Metadata的形式存储其中，随后由Skulls of Luci持有者组成的委员会进行投票，得票前三名将被空投一个Skulls of Luci  整个流程强调了参与者和艺术作品之间的交互，因此我个人认为更适合收藏家和艺术家参与，没想到稍微犹豫了一下就卖完了，接下来就等三天后看看它的二级表现会如何
1923597436616118654,Sat May 17 04:32:22 +0000 2025,6.5,False,False,1019,118,346,340598,生命就是一团欲望，欲望得到了满足就会无聊，欲望得不到满足就会痛苦，人生就像钟摆一样，在痛苦和无聊之间左右摇摆
1967101060956467570,Sun Sep 14 05:40:14 +0000 2025,6.5,False,False,895,111,106,128763,趋势确立后随波逐流很容易，在充满噪音的环境里独立思考很难；  从结果推原因很容易，发现不对称机会很难；  在有鱼的地方钓鱼很容易，找到鱼多而人少的地方很难。  将他人的成功归因于运气很容易，承认自己的不足和别人的长处很难。  投资与投机，向内求索，提升自我，向外探究，拿成果说话。
1893482099350638976,Sun Feb 23 02:04:46 +0000 2025,6.5,False,False,657,106,179,188510,今天又翻到这篇一年前写的推文，关于链上，关于币圈不同资产阶段如何上升一个数量级，人生真神奇。
1744879565082902696,Wed Jan 10 00:31:21 +0000 2024,6.5,False,False,504,23,184,64080,26岁了，很喜欢一段话，“人的脆弱和坚强都超乎了自己的想象，有时候可能脆弱得一句话就泪流满面，有时候你发现自己咬着牙，已经走过了很长的路”。三年前的我大概想不到今天会站在人生旷野的此处，但一步步走来又好似心中早已有了方向。  这个冬天很冷，给群友们送了加热鼠标垫，心和行情是暖的。新的一岁走好脚下的路，也看向更远处，只有看到未来才会有未来。
1904159174285791442,Mon Mar 24 13:11:39 +0000 2025,6.5,False,False,469,33,128,167178,感谢 #OKX 的邀请，现场感受了F1的氛围，也见到了很多推特上大名鼎鼎的老师。近距离听到引擎轰鸣还挺震撼的，OKX眼光也很好，赞助的迈凯轮车队遥遥领先，包揽前两名。  期待OKX举办更多精彩活动，也祝愿OKX继续做大做强，OKX钱包真的是一个非常优秀的良心产品。  @okx @Mercy_okx @mia_okx @EuniceQXZ https://t.co/fwQP30pO4h
1504340918433771520,Thu Mar 17 06:16:38 +0000 2022,6.5,False,False,135,123,150,0,"🚨RichMan Heroes is giving away 5 WHITELIST SPOTS🚨  To enter:  -1. Follow @SoftstarEntmt &amp; @limitlessun1  -2. Like, RT and Tag 3 friends -3. Join: https://t.co/cEL4gmr7rn  Winner will be announced in 24 hours. https://t.co/hahTwMn0dg"
1551041441790836737,Sun Jul 24 03:07:51 +0000 2022,6.5,False,False,122,117,162,0,"🚀0xSun x Qataris🚀  Qataris is giving away 2 WL SPOTS!  To enter: -1. Follow @qatarisnft , @0xSunCollab and @0xSunNFT -2. Like and RT -3. Tag 3 friends  Winner will be announced in 24 hours. https://t.co/1jrJovssim"
1972183119458717743,Sun Sep 28 06:14:31 +0000 2025,6.4,False,False,214,19,4,20347,@poyincom 之前分享过几次，以下几个渠道：  链上最直接最快的就是监控地址，不管是NFT时期还是Meme币，都适用。  推特上建立自己的信息流，重要人物点上小铃铛，搭配推特监控。  还有就是活跃的微信群或者Discord社群，大家互相交流讨论。  做好这三点，基本能看到大部分早期信息，之后就是筛选。
1691927846816760138,Wed Aug 16 21:40:07 +0000 2023,6.4,False,False,130,57,18,54725,Shib主网开了，小狐狸添加网络： 名称：Shibarium RPC：https://t.co/MrWUaDoSdR 链ID：109 货币符号：BONE 区块浏览器：https://t.co/STwPJeXkwh  跨链可以在官方桥进行 https://t.co/JtauZQvgsh 也可以走合约 https://t.co/7W9BUvEPB9  目前有限额一次只能100Bone，现在gas非常高，转100个bone要20~30u的gas，没必要转太多笔过去，可以先转1~2次小额备用，等情况稳定了再大额过去就行，官网和rpc节点都有卡顿过载情况，等稳定下来可以关注上面的第一个dex，热度比较高的meme之类的
1907938473329438896,Thu Apr 03 23:29:14 +0000 2025,6.0,False,False,1074,63,227,394330,很多人问为什么最近链上基本没看到我出手，因为主力球员不打垃圾时间
1884473201977336268,Wed Jan 29 05:26:37 +0000 2025,6.0,False,False,913,32,230,152328,祝大家新年快乐，阖家幸福！新的一年继续发财，万事顺遂！
1950047892946989369,Tue Jul 29 04:17:02 +0000 2025,6.0,False,False,713,51,148,223443,One trade with conviction is all you need. https://t.co/eUopf1PoKW
1977552166660542568,Mon Oct 13 01:49:12 +0000 2025,6.0,False,False,696,56,217,231090,双龙戏珠哈基米，继续等待好消息，目前100M以上的三驾马车，无论哪个顺利上了现货，只要后续能打开市值1B的大门，都将继续带动BSC生态爆发，拒绝拉踩，格局打开，把蛋糕做大！ https://t.co/6bWtpMnE7u
1880446520627196118,Sat Jan 18 02:46:02 +0000 2025,6.0,False,False,668,45,154,942025,根据信息，做出判断，下注即可，为自己负责，人只活一次。
1985172256784547976,Mon Nov 03 02:28:43 +0000 2025,6.0,False,False,527,36,141,168677,2025年区块链最大骗局：如果A做不起来，B也别想做了。  结果要么B真就没想做，要么B做得好好的，和A怎么样一点关系没有，最后受伤的都是信了这句话被A套牢的。
2019054497046376648,Wed Feb 04 14:24:38 +0000 2026,6.0,False,False,408,19,71,144514,今天发现一组有趣的数据：  BTC本轮的起涨点是2022年11月，底部是15k，在2025年10月初到达高点126k，然后在2026年2月份回调到73k，目前反弹至75k。  白银本轮的起涨点是2022年9月，底部是$18，在2026年1月末到达高点$121，然后在2026年2月份回调到$72后，目前反弹到$91。  也就是说，如果你抱着同样的心态，根据从顶部回落40%的角度去抄底，并且精准买到了最底部，那么截至目前，在BTC上的收益不超过3.5%，而白银的收益为26%。
1974405013784137831,Sat Oct 04 09:23:32 +0000 2025,6.0,False,False,407,25,92,198672,把$APT加入了观察列表，最近走势比较猛，从$3.9拉到了$5.3，目前还没建仓，先保持关注，看有没有合适的机会。  项目方近期比较大的动作，包括Aptos链上集成了原生USDT，并且和USD1进行了合作，另外Bitwise也提交了Aptos ETF的申请。  利好和价格不一定总是正相关，所以不着急上车，持续观察价格走势是不是相对强势，再找好的位置买入。
1757634417181569286,Wed Feb 14 05:14:34 +0000 2024,6.0,False,False,376,169,888,67534,快速抽2个 @Entanglefi 代币 $NGL 的白单，评论区留EVM地址即可，1小时后开奖 https://t.co/5cv93qUMv7
1982309038462545971,Sun Oct 26 04:51:18 +0000 2025,6.0,False,False,319,4,161,302053,@xiaoheshang2025 你这种晒盈利截图是20x的蹭流量傻逼就少来找画面了，币安人生20x的持仓上限是25000u，资金量稍微大一点的都不会拿这种数量级当自己的战绩，我也不为难你，对赌1万u，多了怕你出不起，如果我拿不出录屏我给你1万u+注销推特号，如果我拿出视频你给我1万u+注销推特号，来不来？ https://t.co/2VrnqPyri4
1708461247031832992,Sun Oct 01 12:37:57 +0000 2023,6.0,False,False,243,226,294,40367,庆祝Moonbox官网上线，抽1份WL  1、关注 @therealmoonbox 和 @0xSunNFT  2、转推+点赞+@三名好友 3、加入DC：https://t.co/vAsJQ9rM9a  48小时后开奖！ https://t.co/0ULDbkwDdh
1985173400432652713,Mon Nov 03 02:33:16 +0000 2025,6.0,False,False,196,24,46,55145,如果 $pizza 他做不起来，他unisat也别想做了 如果 $714他做不起来，他bsc也别想做了 如果$草蛙 他做不起来，他bonk也别想做了 如果$okay他做不起来，他飞轮也别想做了 如果$mdog 他做不起来，他morph也别想做了 如果 $xdog 他做不起来，他xlayer也别想做了 如果$bnbholder他做不起来，他bn wallet也别想做了 如果$loopy他做起不来，他韩国所也别想做了 如果$giggle他做不起来，他币安现货也别想做了 如果$aster他做不起来，他币安也别想做了
2018226281905795308,Mon Feb 02 07:33:37 +0000 2026,6.0,False,False,154,10,35,88678,之前对于Terminal已经发推写过我的看法，目前顶级交易所对于这个赛道的版图划分也非常明确，Coinbase大力支持的是 @o1_exchange ，拿到了CB Ventures和Alliance Dao的融资，过去一段时间的收入稳定排在Base全链前10，经常能挤进单日前3。  交互方面，比较稳妥的策略是根据每周的交易量数据，结合估值预期，动态去调整，推特上也有很多更加细节的教程分享。  目前除了预测市场，最值得关注的应该就是Terminal赛道了，是极大概率可以获得交易所的资源倾斜的。
1759749377671954656,Tue Feb 20 01:18:40 +0000 2024,5.9,False,False,57,13,14,118820,Merlin上的 $Huhu 市值达到了12M，相比我在群内推荐的时候已经45倍了，距离我发推介绍也已经10倍，我自己也卖飞了，热门新链上比较有话题性的土狗一直以来都算确定性不错的机会，是可以重点寻找的方向。 @MerlinSwap 官方推出了空投，把 $Huhu 也纳入了符合条件的资产，可以关注一下这个活动！ https://t.co/VVZlUb8xCI
1982337219328458834,Sun Oct 26 06:43:17 +0000 2025,5.5,False,False,723,15,308,484858,如果你自己很强，看到强者就会欣赏。  如果你很弱，看到强者就只剩下嫉妒，诋毁和谩骂。  仔细观察，这个世界上绝大部分人是弱者。  无法确认事实的事情，选择哪个版本，取决于你想成为强者还是弱者。 https://t.co/w7sAsDcbrg
1967429774445625734,Mon Sep 15 03:26:25 +0000 2025,5.5,False,False,596,22,177,224119,我是受过专业训练，严格遵守了龙头战法的，一天换三个龙头我是没想到的
1908529240540393550,Sat Apr 05 14:36:44 +0000 2025,5.5,False,False,441,33,103,233821,我是保研的，读研这个选择最直接的影响就是，读研期间我至少有课余时间去思考未来，去研究币圈，如果是直接工作大概率没有这个时间精力了，而且相当于要辞职去all in币圈，那做抉择的难度就大很多了。  另一个很幸运的点就是我的导师比较年轻开明，没有push我，而是支持我毕业后不做程序员的决定。
1888509967650492569,Sun Feb 09 08:47:17 +0000 2025,5.5,False,False,397,30,76,139398,We won forever
1773646752467554368,Fri Mar 29 09:41:53 +0000 2024,5.5,False,False,115,8,69,93015,不知不觉已经建群两年了，币圈的时间很快又很慢，两周年给社区的抽奖福利超过三十万Rmb，感谢大家一路以来的陪伴🙏  很多朋友在私信和评论群咨询进群相关的事，目前排队的人数比较多，光进群申请就有几百份来不及查看，如果有朋友在群里可以帮忙推荐，会优先安排，不会开设二群，请大家多多理解！  同时也感谢推特上朋友们的支持，送上一个币安红包，小小心意： T*L3Q3X6 星号是我昵称中对应的字母：0x*un🧧
1796698346771632256,Sat Jun 01 00:20:41 +0000 2024,5.5,False,False,111,6,39,57015,$Mother和$Pew这两个币今天的反弹太猛了，一个从5M到40M，一个从8M到90M，真正的一浪推土机，二浪直升机，两个币我都在拉盘前卖飞了，加起来赚了3wu，如果多拿半天能赚30wu  项目方靠谱的前提下，抄底这种交易量大和话题性强的币是一个不错的选择，但是具体的买卖点位还得多学多练 https://t.co/eQGevEOnaj
1849351917232939253,Thu Oct 24 07:27:11 +0000 2024,5.5,False,False,106,8,155,110110,更新一下目前的进展：  项目方一开始表示会用砸盘的资金退款，我要求他们发推宣布会退款，他们找了个理由搪塞，之后说只能部分退款，正在计算参与交易的人的损失，然后暂时没有回复了。  另外这个项目最大的背书方是CLS，正好子时这边有认识的朋友可以帮忙联系，等到他起床后看看能否给CLS施压协助调查，提供线索，把资金拿回来。  有新的进展和消息了我会第一时间同步给大家。
1946304536647520685,Fri Jul 18 20:22:16 +0000 2025,5.5,False,False,105,0,24,24479,"@traderpow Bro I was like watching this for entire day think the concept is pretty cool but not sure if I was late, then I think fuck it we ride and literally 1 sec after I bought it the dev changed the name of the computer😭🤣"
1811497180878049440,Thu Jul 11 20:25:58 +0000 2024,5.5,False,False,89,9,35,69691,这个项目方一个月内已经发过Blink/OnlyBlink/Fortune/MockBlink和InfiniteBlink五个币，基本上每一个都只有很微小的改动或者创新，而且1~2天后就不会再管了，刚发的这个是有1%的买卖税的，但是并没有明确说明，给人的观感就是对项目不负责，也不公开透明，说实话不知道为什么每次Toly都帮忙转推
1929779508447433155,Tue Jun 03 05:57:43 +0000 2025,5.5,False,False,84,3,15,29475,@wolfyxbt 这个完全是Ben的不负责任导致的，看图1他说五天前就知道是Scam，但是凌晨图2lmran说的是“我们”一直没联系上推特本人所以无法确认，图3里面Ben的两个红色感叹号也不是一个明确的澄清，所以才会有很多人一直抄底赌反转，直到推特本人发声明杀死比赛 https://t.co/KB6LdhSGH9
1767860356721131940,Wed Mar 13 10:28:48 +0000 2024,5.5,False,False,72,4,28,108542,AEVO开奖了，看了下自己刷的情况，1月左右第一次快照前刷是最赚的，磨损10~20u的号每个有58~88个币，磨损50~100u的号每个有400~500个币，2月第二次快照前刷了3000~5000u磨损的号也只有5000个币，主网领取的Gas还得20~30u，如果策略选不对的话只能说是小毛了，不如直接买RBN，选对策略的话还是很不错的 https://t.co/oAl3KYSLW7
1997672006989340927,Sun Dec 07 14:18:16 +0000 2025,5.4,False,False,325,0,19,43958,@surpr164 哈哈，当时是算法实习生，做推荐相关的，那时候已经接触到币圈了，每天午休和下班之后就研究NFT、链游还有BSC上的土狗。这段实习经历也一定程度上坚定了我全职币圈的想法，因为同组的同事们都太厉害了，基本浙大起步，全是聪明人，我就觉得自己如果走算法工程师这条路的话，上限不会太高。
1856938433215959074,Thu Nov 14 05:53:17 +0000 2024,5.4,False,False,160,16,79,81274,新的Meme币非常多，各有各的亮点，如果币安也考虑上一些老Meme币现货的话，以下四个是我心中不错的选择： https://t.co/7KuaLAQ6FR
1700465038778417543,Sat Sep 09 11:03:53 +0000 2023,5.4,False,False,22,2,21,17438,睡醒看了看推特被 @friendtech 刷屏了，按目前时间加权的持仓量和活跃度来决定积分的规则来看，差不多是一个带交易磨损的挖矿模型，我也FOMO进去买了TOP榜上的一些Shares，正好和他们一起上了Trend榜。  我平时还是以自己的社区为主，但是在个人FT里也会尽可能回答大家一些关于土狗币、NFT的相关问题~ https://t.co/rUi6z8MKRB
1717216256439513222,Wed Oct 25 16:27:14 +0000 2023,5.2,False,False,0,0,0,833,@bUQT7YxmtvQWZW3 玩土狗亏钱是常事，胜率可能也就30~50%，盈利靠赔率
1880619968443937222,Sat Jan 18 14:15:15 +0000 2025,5.0,False,False,485,29,49,233191,这个Dev只有50颗星，不过是在美国国旗上🇺🇸
1941957681360912554,Sun Jul 06 20:29:25 +0000 2025,5.0,False,False,381,2,17,46009,@theunipcs The best move one can make in this situation. A true chad!
2017318699125145861,Fri Jan 30 19:27:12 +0000 2026,5.0,False,False,377,15,72,99853,链上相比前几个月明显回暖了，逐渐投入更多精力回来，追高MOLT+接针白银小试牛刀。 https://t.co/gJiGYrgWfx
1975505296014680073,Tue Oct 07 10:15:40 +0000 2025,5.0,False,False,376,12,33,111483,@_FORAB 我的交易风格很少追高，这次是看到冷静、小二哥、牛牛哥、豆神等等一起在链上并肩作战过的中文区车头，都很认真在为币安人生出力，所以买入支持了，个人行为，不构成投资建议
1896904715096728015,Tue Mar 04 12:45:01 +0000 2025,5.0,False,False,353,22,22,39270,@dotyyds1234 命是弱者的借口，运是强者的谦词
2089665508715143502,Tue Aug 18 10:47:36 +0000 2026,5.0,False,False,331,15,54,70567,Just let bag workers take some profit or no one will work for your bag anymore
1897816982826979811,Fri Mar 07 01:10:03 +0000 2025,5.0,False,False,313,22,126,99015,以逸待劳：困敌之势，不以战；损刚益柔。
1880115531136790944,Fri Jan 17 04:50:48 +0000 2025,5.0,False,False,295,9,89,152331,枯坐一整晚，全是垃圾，意兴阑珊，正准备休息，然后买到AGiXT这样的狗，躺在软软的床上，看着k线一路涨，在群里打出一个A，是打狗最爽的时刻，你懂吗
1946594949740605859,Sat Jul 19 15:36:16 +0000 2025,5.0,False,False,286,12,94,155959,一眼假的消息能让FTT拉三十个点，币圈傻子还是多啊
1986172225599545496,Wed Nov 05 20:42:14 +0000 2025,5.0,False,False,273,6,65,181136,伟大的操盘，我被操了
1874115776413925384,Tue Dec 31 15:29:55 +0000 2024,5.0,False,False,236,1,58,45741,新年快乐，感恩一切，迈向新的开始！  Happy new year to all my crypto friends!  币安口令红包：V_AV_NXA，空位分别为新年年份的第一位和最后一位数字🧧 https://t.co/qEVscc01ga
1896475079623725443,Mon Mar 03 08:17:48 +0000 2025,5.0,False,False,231,2,35,66457,@cz_binance 你真是个神人
2075212823190474809,Thu Jul 09 13:37:47 +0000 2026,5.0,False,False,208,1,11,16437,@jheioff @Gate_zh 确实不理解昨天Gate第一时间安排一堆人阴阳怪气资产受损的用户是什么做法，资产安全是每一个币圈用户关心的问题，至少应该以客观的态度给予回应，现在群友拼上隐私自证，希望得到一个公正的答复
1892080851011371317,Wed Feb 19 05:16:42 +0000 2025,5.0,False,False,206,2,24,46760,@hexiecs 链上明牌地址赚10m+，完全不需要理会黑子，认知不是一个级别了，继续一起冲！
1917685646409490783,Wed Apr 30 21:01:01 +0000 2025,5.0,False,False,180,5,93,156233,你是主力球员吗 @gork
1871723406682694095,Wed Dec 25 01:03:29 +0000 2024,5.0,False,False,180,20,110,69038,好的我塞了，完了rug了，卧槽打少了，妈的卖早了，救救怎么跌了，哎早知道刚刚卖了，我日刚底部割肉了怎么起飞了！
1781721160457351619,Sat Apr 20 16:26:42 +0000 2024,5.0,False,False,174,10,28,49819,@ZKasino_io Tell us it's a rug without telling us it's a rug https://t.co/AUVcU7VWLx
1979137336718786644,Fri Oct 17 10:48:06 +0000 2025,5.0,False,False,169,11,6,25547,@turingou 币圈很多朋友对钱没有概念，今天梭哈这个明天 all in 那个，常年做交易，待在电脑面前，容易脱离现实感，我还是推荐大家读万卷书，也行万里路，多出门走走，把钱花在人生的体验上，奢侈品可以买，钱可以挣，但不要陷入里头无法自拔，人生是个开放世界游戏，除了主线还有好多支线
1858231393236509166,Sun Nov 17 19:31:03 +0000 2024,5.0,False,False,169,7,6,24969,@buckthebunny BUCK BUCK
1767211498202357847,Mon Mar 11 15:30:29 +0000 2024,5.0,False,False,165,10,63,54040,这几个月观察下来，一些群友的交易体系是有点问题的，涨了光顾着庆祝呐喊不知道卖，跌下来了又慌了开始哇哇叫，像极了感情里的舔狗，对方给点甜头就乐得不行，其实没取得什么实质性进展，别人扭头走人不理你了又搁那儿哭哭啼啼黯然神伤了😭
1986608637360660724,Fri Nov 07 01:36:23 +0000 2025,5.0,False,False,156,2,29,42960,@hourglasshq Why choose such a clown team as the deposit partner @stable
1869687423023906899,Thu Dec 19 10:13:13 +0000 2024,5.0,False,False,153,29,153,84092,三万u的老鼠仓也要吃，多给外面留一口肉都是对内幕的不尊重  https://t.co/JGXGU2LVYg https://t.co/ZH1PILQmPC
1923989404202435020,Sun May 18 06:29:54 +0000 2025,5.0,False,False,151,0,11,42520,@XXAntiWar 我服了，我想过很多种体验生活的方式，万万没想到去节目组敲锣，我真服了
1849272541640298657,Thu Oct 24 02:11:46 +0000 2024,5.0,False,False,151,4,216,234813,确实惭愧，肯定不希望粉丝亏钱，本意是自己看好项目的前提下合作宣发，理想情况可以三赢，但是项目方想作恶真的防不胜防，最后弄得KOL和粉丝都是受害者还要相互撕逼，项目方坐收渔翁之利。以后坚决避免这类合作，即使再正规的项目，只要是付费推广一定会注明。
1825553572865671460,Mon Aug 19 15:21:03 +0000 2024,5.0,False,False,150,3,76,174224,再过十多个小时，老外会发现国内玩家集体神秘失踪🤣
1834293850804027564,Thu Sep 12 18:11:48 +0000 2024,5.0,False,False,120,49,23,7071,@justinsuntron SUN，阳谋集团。
1812708134085120092,Mon Jul 15 04:37:52 +0000 2024,5.0,False,False,110,42,43,23183,@BroDogCoinCTO bros over everything
1564108196490657799,Mon Aug 29 04:30:28 +0000 2022,5.0,False,False,93,41,45,0,OutSad开图之旅，给大家送出2个 @OutsadNFT NFT空投，目前地板0.23E！ https://t.co/4uAuv9e0JP https://t.co/63ay2eeJLA
2028401456152535114,Mon Mar 02 09:26:07 +0000 2026,5.0,False,False,45,0,4,4323,@lilk1kopops 喜欢蹭流量不用来我这里蹭，我在币圈靠交易实盘拿到过结果，带人赚过钱，也从来没有发表过任何看不起其他行业的言论，现在想探索任何领域都是我的自由，你除了发这种月化50%的博傻贴吃流量还会干啥，整天装模作样找存在感，你这种博主除了哗众取宠没有任何价值 https://t.co/2I4Ehpvqbz
1710343820880253107,Fri Oct 06 17:18:38 +0000 2023,5.0,False,False,43,5,48,21085,"做个小活动，在SA关注我并回复截图，附上你的SA链接，可以简单介绍下自己，如果我觉得有意思或者地板便宜，就会购买你的Ticket⭐️  Follow me on SA, post screenshot and share your SA link. If I feel interested or your ticket is still cheap then I will buy⭐️  https://t.co/cqKi8ElKEO https://t.co/DHueNvBKCT"
1783936790858240433,Fri Apr 26 19:10:49 +0000 2024,5.0,False,False,40,5,5,44556,Sushiswap联创 @0xMaki 的新项目 @hero_glyphs ，好像是做Restaking+验证者节点相关的，看了一晚上白皮书都没太看懂，官推突然发了这个网站可以印很多种NFT，也没有说明作用，打了几个总量最少的$lueygi等待福报，总共2500个，单价250u，在Arb链上 https://t.co/5EKXx8IWhi
1805967534589382823,Wed Jun 26 14:13:08 +0000 2024,5.0,False,False,39,9,15,45267,1、进网站链接钱包，看完视频： https://t.co/WbOSE76dIN  2、手机扫码添加App，会出现4个提示词，在电脑端输入  3、Blast代币会空投到你的钱包，合约： 0xb1a5700fA2358173Fe465e6eA4Ff52E36e88E2ad https://t.co/wUascvrdCq
1710542656181514667,Sat Oct 07 06:28:44 +0000 2023,5.0,False,False,30,21,15,30443,SA合约里价值300万U的AVAX被转到了另一个地址，目前原合约只剩下0.66个AVAX，导致SA里的Ticket都无法卖出，钱包里的AVAX暂时不受影响，不过建议也先转走吧💀  原合约地址： https://t.co/FRA1yUcLJA  资金转入地址： https://t.co/qO9olbizhN https://t.co/gX6O6QIUsP
1779737838692782342,Mon Apr 15 05:05:41 +0000 2024,5.0,False,False,28,0,17,11217,我有啥可急的啊？之前社区和推特上一堆人笑你的，就我一直在说你是有干货的，说你核心思想无非是想做个公平的项目，那天加了微信我一开始也和你客客气气的，你甩几十段场语音转文字根本看不懂就算了，我本来想抽空听完和你合作，你来一句“谢谢你的碰瓷”，你指望我回你什么？你莫名其妙说我碰瓷我还得腆着脸找你合作？30个盒子满打满算价值1wu，这样的奖我在社区里抽的不比你这几天发的推文少
2010015867053158491,Sat Jan 10 15:48:21 +0000 2026,5.0,False,False,24,0,5,5501,@bidquant 有的，我读研的实验室对毕业要求比较高，需要一篇CCF-A评级的国际期刊，我也经历了几次被拒稿，一边担心能不能成功投中论文，一边币圈刚起步，完全不知道未来情况如何，那段时间是非常发愁的，我还仔细考虑过要不要中途退学将精力全部投入币圈，觉得太冒险放弃了，万幸最后顺利毕业了，币圈也越做越顺
1690596673771438080,Sun Aug 13 05:30:31 +0000 2023,5.0,False,False,1,0,1,3034,Seedify是第一档的孵化器和发射台，已经成功帮助65个以上项目完成IDO，共募集超2200万美元的资金，团队在GameFi和Web3有着极为丰富的经验。  Seedworld拥有超90名成员，大部分为资深的游戏行业从事者，来自各大3A游戏工作室，例如Ubisoft、EA、Gameloft和Microsoft Studios。 https://t.co/DnpzsmsHPH
1847240387473141834,Fri Oct 18 11:36:43 +0000 2024,5.0,False,False,0,0,3,5257,@wen5888888 @Hams_rebirth 一开始喊是orderly转推站台我自己也准备参与，后来orderly团队联系了我，我就发推提示，自己也没参与，对你来说很难理解吗？你怎么不说也有很多人看到我第二条推特所以没打呢，我骂的也不是打钱的人 ，是你这种胡搅蛮缠的，一会儿发毒誓一会儿就事论事，你智商有100不？懒得跟你浪费时间了
1972238824328855779,Sun Sep 28 09:55:52 +0000 2025,4.9,False,False,111,5,14,20198,@CryptoDoggyCN 21年5月进圈的，一开始玩BSC上的土狗，后来转战NFT，本金不到10万rmb吧
2049803990695829763,Thu Apr 30 10:52:09 +0000 2026,4.9,False,False,86,0,10,28001,@Jason60704294 狠人，也说明了严格按纪律止损是长期交易必备的素质之一
1717197496001413146,Wed Oct 25 15:12:41 +0000 2023,4.9,False,False,83,13,40,33067,一觉醒来看到几个已经卖光的老Meme疯狂拉盘，心情就像对待前任一样，哥们确实是希望你们过得好，但是你们过得是不是也太他妈好了一点 https://t.co/m44iyTst5y
1778179716475986118,Wed Apr 10 21:54:16 +0000 2024,4.9,False,False,73,1,25,28963,@youyou5202 大有哥，一直挺尊重你，也打算支持你的新项目，但是，我当年高考语文比浙江省高考状元的分数只低了一分，这几天看下来是真的越看越晕了，知道你的核心意思是想弄一个公平又带玩法的meme，规则可以复杂，但是至少要清晰，才方便大家参与
1823338356266389584,Tue Aug 13 12:38:34 +0000 2024,4.9,False,False,56,0,19,27764,@Mooncat_lz @brc20niubi 我操了你的妈，听了一上午会议，买个土狗亏了钱还被说成是我自己开的盘子，你也是我和你妈一块开的盘子
1844961388495765953,Sat Oct 12 04:40:47 +0000 2024,4.9,False,False,50,4,23,47706,卡姐 @iamcardib 转了几条$WAP相关的推文，12M到27M翻倍多了，自己看情况止盈，巧的是今天还正好是她生日 https://t.co/XZP9o6GDoL
1909161082989519115,Mon Apr 07 08:27:27 +0000 2025,4.5,False,False,149,1,4,58415,@xiaomucrypto 牛逼，第一次看这个节目好像是23年？
2050494859887382594,Sat May 02 08:37:25 +0000 2026,4.5,False,False,137,4,64,83365,Claude降智确实明显，刚用Opus4.7问了一个“周杰伦有哪些五个字和两个字的歌”，给出的答案像喝多了一样，反复列了一堆字数错误的答案，还把正确的“听妈妈的话”说成是六个字，“断了的弦”说成五个字，真被惊讶到了，有点干啥啥不行道歉第一名的味道了 https://t.co/kv1ZJys1Hw
1994927518131130761,Sun Nov 30 00:32:38 +0000 2025,4.5,False,False,135,2,21,32309,@niuniu255431 划重点：我现在学英语还算可以，但是不够，我觉得我应该找一个漂亮的英国女朋友，这样可以加速英语学习。
1923664292710383782,Sat May 17 08:58:01 +0000 2025,4.5,False,False,130,1,16,32640,@LanngCrypto 本硕分别在两家互联网大厂实习了半年，坚定了我毕业之后不打工的想法
1950057679554330713,Tue Jul 29 04:55:55 +0000 2025,4.5,False,False,129,2,28,19756,@QwuadeMini Fuck u Qigga
1859834054788644936,Fri Nov 22 05:39:27 +0000 2024,4.5,False,False,122,27,18,61738,远离高倍合约和杠杆，对一般人来说和毒瘾没有区别，只会成为无底深渊，守住本金就永远有机会。
1813727283687125476,Thu Jul 18 00:07:36 +0000 2024,4.5,False,False,118,4,26,155382,Never miss a lucky day if you're on everyday. 天道酬勤。 https://t.co/fxmPDduaoX
1981529702339899419,Fri Oct 24 01:14:30 +0000 2025,4.5,False,False,116,2,49,123382,主网USDT
2025552263524307134,Sun Feb 22 12:44:27 +0000 2026,4.5,False,False,115,17,1,11439,@StaringSeek 我的聚合系统里包括的例如：Bloomberg、Barrons、路透社、Seekingalpha、TechCrunch、财新。
1988016621701779900,Mon Nov 10 22:51:12 +0000 2025,4.5,False,False,113,1,48,72383,xy=k
1857945779815768132,Sun Nov 17 00:36:07 +0000 2024,4.5,False,False,110,16,38,78502,这是你们的队长在讲话 乱流已经散去 您可以在机舱内自由走动 我们重新上线并嗡嗡作响 https://t.co/BsIKUWNR6P
1779872315414622237,Mon Apr 15 14:00:03 +0000 2024,4.5,False,False,110,21,40,35368,非常开心能参与 @matr1x_io 的投资，目前Web3游戏平台和基建的领头羊之一，期待团队后续带来更多惊喜！ https://t.co/eJ1ayZ0ltq
1942208793347281237,Mon Jul 07 13:07:15 +0000 2025,4.5,False,False,108,1,19,55520,@thankUcrypto 选择SF90就没有这个烦恼了，混动模式安静出小区，再切换性能模式
1855850664947294233,Mon Nov 11 05:50:53 +0000 2024,4.5,False,False,108,15,41,62165,Never miss a lucky day if you try every day https://t.co/utSHWjrVAo
1737130919696470339,Tue Dec 19 15:21:00 +0000 2023,4.5,False,False,108,10,33,48369,这轮铭文造富效应这么好，很大原因就是筹码派发相对公平，虽然也存在老鼠仓，但是项目方也得真金白银花Gas铭刻，除了Gas之外大部分钱在市场和散户手里流通，而不是直接去项目方手里锁仓或变现，所以收费项目都得警惕，当然绝非反对一切收费项目，只是吃相太难看或者虚假宣传收费的一定要小心
1975506557120180493,Tue Oct 07 10:20:41 +0000 2025,4.5,False,False,107,3,12,14841,@GCsheng @_FORAB 对的对的，还有深大、李平哥、常为希等等各个领域的中文区顶流，投资就是投人，选币就是选队友
1738556775409102993,Sat Dec 23 13:46:50 +0000 2023,4.5,False,False,107,5,33,26260,链上挥金如土 生活缝缝补补  https://t.co/wtQL9Oee7q https://t.co/uxZ5bF6t4S
1909146358025802021,Mon Apr 07 07:28:56 +0000 2025,4.5,False,False,101,2,4,26285,@dotyyds1234 纸上得来终觉浅，绝知此事要躬行
1897265643092894069,Wed Mar 05 12:39:13 +0000 2025,4.5,False,False,99,0,45,42917,@Mumu_yay 本人确实有点小帅，但是没这么帅，这张p的太过分了哈哈哈，旅行非常开心，下次继续！
1982337532361900056,Sun Oct 26 06:44:32 +0000 2025,4.5,False,False,97,0,19,21125,@xiaoheshang2025 好，虽然你无端质疑很莫名其妙，不过至少有担当，比纯口嗨还是好太多了
1738967805196914921,Sun Dec 24 17:00:07 +0000 2023,4.5,False,False,97,4,29,20734,Merry Christmas to all my pre-rich CT frens!
1918478094677238056,Sat May 03 01:29:56 +0000 2025,4.5,False,False,93,1,9,32583,@traderpow Elon followed + replied gork 30mins after this post is the best show case
1857284266058727836,Fri Nov 15 04:47:30 +0000 2024,4.5,False,False,92,9,28,51242,Lessons there.
1745295955782685132,Thu Jan 11 04:05:56 +0000 2024,4.5,False,False,92,1,36,50307,嘿嘿，NFT，嘿嘿嘿 （收益图没算上拍卖函数，成本是0.75E*46=34.5E左右） https://t.co/v8JsfAGeUt
1739981970950787241,Wed Dec 27 12:10:03 +0000 2023,4.5,False,False,90,3,33,74237,生鱼片是死鱼片 咖啡因是咖啡果 金铲子越多金铲子越少
1867011291233260025,Thu Dec 12 00:59:13 +0000 2024,4.5,False,False,87,14,64,47025,GCR在2小时前领取了价值$1.2M的$Cult，他的留言是“A dog is a dog for life”:  https://t.co/8jffktZRex  Milady. https://t.co/Xy41Ezxn4Y
1989700120632594688,Sat Nov 15 14:20:50 +0000 2025,4.5,False,False,84,2,11,17816,@niuniu255431 时来天地皆同力，运去英雄不自由
1981955701217153063,Sat Oct 25 05:27:16 +0000 2025,4.5,False,False,84,1,13,48784,@HuoYean 因为你是既看不懂汉字也看不懂链上的脑残，币安人生大号钱包买入+发推，Giggle这种我自己都来不及买我怎么发？
1825318264001757597,Sun Aug 18 23:46:01 +0000 2024,4.5,False,False,83,14,23,50561,"2.2M to 12M overnight, $fofar go far https://t.co/EVWB113dmx"
1813099065544175996,Tue Jul 16 06:31:17 +0000 2024,4.5,False,False,82,0,38,42696,无忧无虑，浑身湿润，心情愉快，在自己的小道上，专心致志。
1944101692242636992,Sat Jul 12 18:28:57 +0000 2025,4.5,False,False,80,1,13,22350,@leechan1688 4B：那么贵谁打谁傻逼，推特敢说一句有机会就是收钱打广告  7B：项目方手里那么多钱，会不会拉到20B把套保全杀了
1917739581275009052,Thu May 01 00:35:20 +0000 2025,4.5,False,False,79,1,12,55760,@gork 最简单的嘴臭，最极致的享受
1779735665787461973,Mon Apr 15 04:57:03 +0000 2024,4.5,False,False,79,1,21,27009,@youyou5202 你真有什么毛病吧，本来不想回应你这个事情，你的推文被多少人拿来笑看不懂，我一直在我社区说你是有真材实料的，你那天让留地址我也第一时间回复支持，然后你加我微信发了几十条50秒的语音，最后来一句“感谢你的碰瓷”，你希望我回你什么？我的流量需要靠你来获取？
1956299161391034652,Fri Aug 15 10:17:21 +0000 2025,4.5,False,False,76,0,6,18612,@star_okx 属实大格局，OKX钱包算得上造福行业了
1785283618031706187,Tue Apr 30 12:22:38 +0000 2024,4.5,False,False,76,0,23,37101,爱得痛了，痛得哭了，哭得累了订单簿里夜夜执着
2035865967864184843,Sun Mar 22 23:47:25 +0000 2026,4.5,False,False,75,2,3,13165,@hellosuoha 单机盘最好的玩法就是不玩，因为庄家可以根据自己控的筹码和合约数据决定往上还是往下实现利益最大化，散户面对的是信息不对等的博弈，长期肯定-EV
1890560718572868020,Sat Feb 15 00:36:14 +0000 2025,4.5,False,False,73,0,10,30861,@XXAntiWar 多享受生活吧女王，到这个数量级，小机会赚点亏点已经没什么本质影响了，保持一下对市场的敏感度就行
1944046648281497786,Sat Jul 12 14:50:14 +0000 2025,4.5,False,False,71,2,5,27112,@HarryLin1024 这一轮拿到结果的车头至少普遍是自身靠市场机会起来的，不知道你在感慨什么，像上一轮麻吉黄天威这样的人拿到结果就符合你的理想了？
1753268732263268748,Fri Feb 02 04:06:54 +0000 2024,4.5,False,False,71,10,29,58597,时隔一个月Tiny SPL的花生终于价值发现了，当时扫的到今天刚好10倍 https://t.co/rkD7x94zSb
1981530248681574474,Fri Oct 24 01:16:40 +0000 2025,4.5,False,False,70,0,23,57204,满了，项目方到700M才发的推
1857334145900519550,Fri Nov 15 08:05:42 +0000 2024,4.5,False,False,70,9,28,45970,看到这幅头像，回想起兔斯基，感觉已经是童年回忆了哈哈，以前在百度贴吧冲浪的时候经常用，现在很少看到了
1707380802835894712,Thu Sep 28 13:04:39 +0000 2023,4.5,False,False,70,3,22,25212,🥮感谢币安的中秋礼物，祝大家节日快乐，一起To the Moon🌕 @sisibinance @cz_binance @binance https://t.co/lIxRzTbiJo
1897993548102091138,Fri Mar 07 12:51:39 +0000 2025,4.5,False,False,68,0,15,20283,@littlelanbo 就像0xsun那样
1893501052533506217,Sun Feb 23 03:20:05 +0000 2025,4.5,False,False,68,2,28,19561,@wolfyxbt 用1000万买一个币翻10倍就可以了
1774785420058120258,Mon Apr 01 13:06:32 +0000 2024,4.5,False,False,68,6,23,67342,有些人就是缺乏最基础的逻辑能力，任何项目只要涨了再跌下来就说别人底部建仓出货，首先只涨不跌的那他妈叫貔貅，谁来币圈是当纯菩萨的，喊项目不买就光看着别人赚，请问是有绿帽奴倾向吗，就是自己看好所以才买才喊，当然了，遇到这种道理都不懂的人要好好珍惜，基本上你赚的钱就是从他们身上来的
1778229032565473383,Thu Apr 11 01:10:13 +0000 2024,4.5,False,False,67,8,11,32139,为众人抱薪者，不可使其冻毙于风雪；为自由开道者，不可令其困厄于荆棘
1893517113702391940,Sun Feb 23 04:23:54 +0000 2025,4.5,False,False,65,1,17,100730,@kanyewest 你真是个神人啊ye
1717807678775509109,Fri Oct 27 07:37:20 +0000 2023,4.5,False,False,64,17,15,52940,猜对了剧本，知道近期有很多踏空老狗的链上资金，应该会出来新的金狗，结果买入太早，买了4E过了4分钟还没翻倍，以为出什么问题了，要是干个10E进去晚上就跷二郎腿看Floki神仙打架了 https://t.co/sYjf6CH9QK
1716687711497789583,Tue Oct 24 05:26:59 +0000 2023,4.5,False,False,64,12,39,31862,看了看国内外的FT 宝贝 人和人 一场游戏
1712627512990441894,Fri Oct 13 00:33:12 +0000 2023,4.5,False,False,61,24,6,26651,有人提案blur打开1%的手续费开关用于回购和燃烧，然后持有blur可以梯度降低手续费，不过需要7天的讨论+14天的投票通过才会生效，可以关注下，通过的话应该会拉一波，但要注意11.20第二期空投这个时间节点 https://t.co/YKhcSicEas
1930938168871907455,Fri Jun 06 10:41:49 +0000 2025,4.5,False,False,60,1,8,58604,@coolish 哈哈，比较喜欢黑色，也更特别
1743588988752171043,Sat Jan 06 11:03:03 +0000 2024,4.5,False,False,60,2,26,36818,眼前的黑是真的黑，你说的beta白是什么白
1688551511503314944,Mon Aug 07 14:03:46 +0000 2023,4.5,False,False,60,6,18,39008,太危险，洗手不干了。转做投资科太币。  PS：纯调侃，网赌太可怕了，大家一定要远离 https://t.co/Gvbn3XQHz2
2074797364779618333,Wed Jul 08 10:06:54 +0000 2026,4.5,False,False,59,0,4,25288,@jheioff 太吓人了，请尽快帮忙处理，查明真相 @Gate
1901644811993846067,Mon Mar 17 14:40:28 +0000 2025,4.5,False,False,59,0,11,12542,@corleonefnf @sisibinance 别管id对不对，你就说退没退吧  还真没退
1878007714615291983,Sat Jan 11 09:15:05 +0000 2025,4.5,False,False,59,1,7,18792,@CryptoDevinL 说的很对，买卖无非就是根据信息和自己的认知做出判断，觉得盈亏比合适就下手，没有百分百的事情
1905449261879415158,Fri Mar 28 02:38:00 +0000 2025,4.5,False,False,58,0,2,14141,@hexiecs 小偷链笑死
1901925029039812621,Tue Mar 18 09:13:57 +0000 2025,4.5,False,False,58,1,7,9062,@TarynRtts 是的，想直接空在顶点是很难的，我的操作思路是先打个底仓，如果拉盘，每涨一定比例就加仓，并且始终保证总杠杆率在0.25倍以下。比较重要的就是标的和入场点位的选择。
1822294584669462829,Sat Aug 10 15:31:00 +0000 2024,4.5,False,False,58,7,25,43030,去年七夕出了SHIA，今年七夕出了UwU和Crocs，区块链对按时过节的情侣意见很大🤣
1898391823225405554,Sat Mar 08 15:14:15 +0000 2025,4.5,False,False,57,2,5,18223,@kklmt123456 这个是很正常的，链上枯坐获取早期信息和低价筹码，付出的代价就是精力和这种随机性，不适合所有人。
1817315956722659693,Sat Jul 27 21:47:42 +0000 2024,4.5,False,False,57,2,50,244499,非常郁闷，到了快自闭的程度。
1987334280813723888,Sun Nov 09 01:39:50 +0000 2025,4.5,False,False,55,0,26,34906,@silverfang88 笑死
1826062169110385031,Wed Aug 21 01:02:02 +0000 2024,4.5,False,False,55,9,36,47024,又新高了 @FofarTron ，从两天前的推文2.2M到44M，正好20倍，$Fofar go far https://t.co/fhnFEDGjuy
1797584235320250422,Mon Jun 03 11:00:53 +0000 2024,4.5,False,False,55,0,11,16227,@justinsuntron 人生当中成功只是一时的，失败却是主旋律，但是如何面对失败，却把人分成了不同的样子👏
1842889926591058109,Sun Oct 06 11:29:32 +0000 2024,4.5,False,False,54,3,75,52948,问问问，都亲上了就非得追着人家问到底喜不喜欢你啊
1774460772397228337,Sun Mar 31 15:36:30 +0000 2024,4.5,False,False,54,3,38,86603,这种傻逼就是死妈，这个币我看到联创推文以后300k发群里，然后说不是哥布林官方发的，后来看了几条推文搞清楚之后马上发推了，我买入和我发推的位置是一样的，推特本来就是单纯分享信息，我觉得有风险的地方都会说，傻逼东西自己心理阴暗整天揣测别人，还非得关注我，你是不是死妈了？ @wang85450777
1711423386814120093,Mon Oct 09 16:48:26 +0000 2023,4.5,False,False,54,8,16,15776,Uptober turn into Octover💀
2059237160952516842,Tue May 26 11:36:12 +0000 2026,4.5,False,False,53,0,5,30996,@_FORAB 太丑了，毫无购买欲望
1932643102323593405,Wed Jun 11 03:36:37 +0000 2025,4.5,False,False,53,0,2,14064,@DreamXThat @XXAntiWar 太走心了Xu总，这三四年区块链带来的不止是财富上的增长，更为珍贵的是这段不同寻常的经历和一路同行的伙伴
1784577011434103286,Sun Apr 28 13:34:50 +0000 2024,4.5,False,False,53,1,33,41302,青春没有售价，猛踹婆婆大胯
1874729600141640023,Thu Jan 02 08:09:02 +0000 2025,4.5,False,False,51,5,19,46471,现象级
1534026886657220608,Tue Jun 07 04:18:05 +0000 2022,4.5,False,False,51,2,30,0,借高考回忆一下高中时光，就俩字，他妈青涩 https://t.co/GgmpxPkJBX
1988454269796900930,Wed Nov 12 03:50:16 +0000 2025,4.5,False,False,50,7,6,13662,@jup_studio Jup and uranus looks good here
1977554414673269127,Mon Oct 13 01:58:08 +0000 2025,4.5,False,False,50,0,15,15060,@AkEkYJb8nEceLIx 链上不是打打杀杀，是人情世故，图里5个币我持有4个，其他几个车头也都买了好多各自喜欢的币，没那么多阴谋论
1881480677864222988,Mon Jan 20 23:15:24 +0000 2025,4.5,False,False,50,0,3,40349,@hexiecs 哥哥~人生赢家！
1686449568026927104,Tue Aug 01 18:51:24 +0000 2023,4.4,False,False,23,3,2,12134,@esemumatth72478 lmaoooo if this is ture $test will be the best meme of the year
1930730154432860488,Thu Jun 05 20:55:14 +0000 2025,4.4,False,False,20,0,2,20634,@0xMapleH 也不算，这波上涨我基本是踏空了，之后就一直在找机会重新做空
1825980775549849738,Tue Aug 20 19:38:36 +0000 2024,4.4,False,False,15,2,6,620,@Biao_TRX Good meme with wukong🔥
1853984793576546520,Wed Nov 06 02:16:34 +0000 2024,4.4,False,False,14,2,22,22531,恭喜参投的 @memeficlub 上线OKX，盘前市场也已经开放交易了，$Memefi在首发OKX这一级别的代币里是比较少见的全流通，可以关注下。  OKX盘前市场： https://t.co/4QNKv6Kcqp 代币信息： https://t.co/0tJljdmaKx
1753761420947476644,Sat Feb 03 12:44:40 +0000 2024,4.4,False,False,9,0,0,11195,一顿吐槽之后居然反弹到回本还有赚了，还好底部没割肉，出了大部分仓位，这种项目方神鬼莫测的币拿在手里是真不放心 https://t.co/Vf9sGEH9VI
1825050834205614401,Sun Aug 18 06:03:21 +0000 2024,4.4,False,False,8,0,6,4349,@justinsuntron Send sundog to 1B then all other memes will follow
1852988861695381943,Sun Nov 03 08:19:06 +0000 2024,4.4,False,False,7,0,1,2237,@niuniu255431 真正对政治+meme的顶级理解，太强了
1813422834544496740,Wed Jul 17 03:57:50 +0000 2024,4.4,False,False,7,0,0,4918,@louqinguan93867 这个观点我不太认同，因为我也是小资金玩起来的，仓位怎么分配对大小资金都适用，当然，钱多了容错率肯定会更高
2055314563462275542,Fri May 15 15:49:12 +0000 2026,4.4,False,False,6,0,0,3938,@DDfatiaocheng 会的，理论上是不应该被自己的仓位和盈亏干扰判断的，实际上很难做到彻底不受影响
1820913141641064473,Tue Aug 06 20:01:38 +0000 2024,4.4,False,False,5,0,0,1211,@HendersonWalder This is why you are not good at memecoins https://t.co/8ILelZcahO
1855915617297285187,Mon Nov 11 10:08:59 +0000 2024,4.4,False,False,4,0,1,1044,@Jyyb919125 链上的币没上大所之前，任何币都有可能归零，而且是你意想不到的方式，所以要做好仓位管理，再看好的币也不要梭哈
1826959860606664741,Fri Aug 23 12:29:08 +0000 2024,4.4,False,False,4,0,0,2612,@followtom5 @SimonsCatMeme @RealFlokiInu 这不是我地址
1864037366467600695,Tue Dec 03 20:01:54 +0000 2024,4.4,False,False,3,0,1,603,@MemeIndexer @yuyue_chris GM
1783412605782278322,Thu Apr 25 08:27:54 +0000 2024,4.4,False,False,3,0,1,6816,@7488eth 玩是玩了，买少了还卖飞了，很难受
2029244461138755879,Wed Mar 04 17:15:55 +0000 2026,4.4,False,False,2,0,2,6020,@KlassicKhalifa 72k止盈了一部分，原计划是74k走完的，现在准备再看看
1847237012543426918,Fri Oct 18 11:23:18 +0000 2024,4.4,False,False,2,0,3,1609,@wen5888888 @Hams_rebirth 照你这么说，你推几十k的土狗你有没有持仓，有的话是不是利益相关，公开喊单是不是错误引导，dev跑路了是不是变成你全责？我也可以说，我收过ibx项目方一分钱或者参与了kol轮我出门被车撞死，否则造谣抹黑的死全家，可以不？
1837394079963140234,Sat Sep 21 07:31:00 +0000 2024,4.4,False,False,2,1,0,1538,@gui33gui @ProtocolCAT 你也说了neiro是奇迹，我指的一年一遇的机会就是说这么小市值的币能上币安，而且还是先上了另一个同名合约的情况下，如果当时在线有充分的时间上仓位吃到这波涨幅，我自己也睡觉错过了，没懂你的逻辑是什么？ https://t.co/tU4XJYUO6J
1892108763340964006,Wed Feb 19 07:07:37 +0000 2025,4.4,False,False,1,0,3,2533,@0x_mgig 保证金是仓位两倍，不就是0.5倍合约了么
1832430936832798869,Sat Sep 07 14:49:14 +0000 2024,4.4,False,False,1,0,1,2092,@memetodamars 对合约数据没什么研究，但是你说庄家在上币安合约消息出来之前提前开空，逻辑上感觉怪怪的，重大利好前开空😂
1827105016852967517,Fri Aug 23 22:05:56 +0000 2024,4.4,False,False,1,0,1,1783,@shibpipa @SimonsCatMeme @RealFlokiInu 我第一次买是8.3号左右，之后也是跟着大盘吃了一波大跌，不过这都无所谓，发现的早才会一直对项目保持高度关注
1827104428325040418,Fri Aug 23 22:03:36 +0000 2024,4.4,False,False,1,0,2,2082,@Root6699 @SimonsCatMeme @RealFlokiInu 应该算合作项目，之前一直以为是他们的子项目
1726436093657235498,Mon Nov 20 03:03:35 +0000 2023,4.4,False,False,1,0,1,2000,@Web3Summer avax本身涨的很不错，生态上最近比较火的Meme币$Husky和链游$Shrap，不过没到出圈的程度
1860241368813334840,Sat Nov 23 08:37:58 +0000 2024,4.4,False,False,0,0,1,855,@hcdxljh 是的，尤其是近期上币安的Meme，大部分都和WM有关
1856937654425960557,Thu Nov 14 05:50:11 +0000 2024,4.4,False,False,0,0,0,795,@Axelord911 @V1JeromeLoo 止盈了部分，没出完
1847541102368477503,Sat Oct 19 07:31:39 +0000 2024,4.4,False,False,0,0,1,3267,@makenowmeme 什么癫公
1847234547026436397,Fri Oct 18 11:13:30 +0000 2024,4.4,False,False,0,0,1,1518,@wen5888888 @Hams_rebirth 有逻辑能力吗，okx是头部交易所，很少和项目互动，我是玩链上的，经常写项目，流量蹭够了继续回去推你的几十k土狗吧
1805385502788665385,Mon Jun 24 23:40:20 +0000 2024,4.4,False,False,0,0,1,1723,@kklmt123456 @WaterMemeCoin 为什么？
1736625800483578269,Mon Dec 18 05:53:50 +0000 2023,4.4,False,False,0,0,1,270,@hhhhh_lj 说的太对了，那时候我一直觉得bear才是空间更大的那个，还是低估了雪崩鸡社区在AVAX上的原生力量，不知道多久没见过100M的新meme币了
1688770498195537921,Tue Aug 08 04:33:57 +0000 2023,4.4,False,False,0,0,0,3629,@sunshineme517 价格短期波动太大的话不调滑点没法成交的，或者一些土狗带买卖稅
2025583136638431319,Sun Feb 22 14:47:07 +0000 2026,4.0,False,False,48,1,6,10987,@douzhengwu 我感觉吃喝玩乐都只能给我带来短暂的快乐，真正的成就感还是来自事业上的，比如资产稳步上升或者做了一笔很牛的交易。当然，接触新的领域确实是容易交学费的，人各有志吧。
1950522750357119458,Wed Jul 30 11:43:57 +0000 2025,4.0,False,False,48,2,3,5318,@OLDPIG0818 分两类，如果能找到对应的KOL就直接用名字，方便记忆风格和特点，另一种一般是根据代币持仓+盈亏+出手频率命名
1721378672463303027,Mon Nov 06 04:07:11 +0000 2023,4.0,False,False,48,0,8,14354,@zzdcrypto 第一我肯定是先在自己社区分享，推特根本不适合分享时效性太强的消息，第二免费分享信息不是我的义务，第三现在地板距离我发的时候也已经3倍了，这种傻逼评论我看一个拉黑一个
1893513454373478835,Sun Feb 23 04:09:21 +0000 2025,4.0,False,False,47,0,8,17731,@Siegfried90210 @kanyewest @barkmeta @doginaldogs @IGGYAZALEA 我勒个狗头帮，如果真是他们就没得玩了
1705606789709086985,Sat Sep 23 15:35:21 +0000 2023,4.0,False,False,46,2,30,44114,我愿称brc生态为链上字母圈，越折磨越兴奋
2082475010103599219,Wed Jul 29 14:35:07 +0000 2026,4.0,False,False,44,0,3,15407,@wolfyxbt 真的厉害，两次都是在赛道全面爆发前进场，做把碎片化产品聚合起来的平台
1919372948269396153,Mon May 05 12:45:45 +0000 2025,4.0,False,False,44,0,4,23907,@getmilk 只剩一点了，昨天换头像名字+超高频率互动没突破100M，那之后要面对的就是潜在的把头像名字换回来的利空，所以不太想拿了
1993693200100536425,Wed Nov 26 14:47:54 +0000 2025,4.0,False,False,43,1,3,15908,@wgrey999 我以前基本用Claude的Sonnet 4.5，刚换到了新出的Opus 4.5，看下来Gemini 3应该是前端比较强。
1908447982770675903,Sat Apr 05 09:13:50 +0000 2025,4.0,False,False,43,0,7,22922,@turingou 最近推特评论区有大量广告或者恶意评论，点进去都是小号，不知道具体什么目的，无视就好，发帖可以设置仅蓝勾用户回复
1690596660966268929,Sun Aug 13 05:30:28 +0000 2023,4.0,False,False,43,12,10,23826,🧵老牌IDO平台 @SeedifyFund 正在打造它们的元宇宙项目 @SeedworldMeta ，包含GameFi、社交、创作者经济等诸多内容，跟随这个线程来一起了解一下： https://t.co/EStbEfVbox
1962541983744115025,Mon Sep 01 15:44:05 +0000 2025,4.0,False,False,42,0,3,18717,@BitCloutCat 猫哥加油，猫群加油
1880500371162034188,Sat Jan 18 06:20:01 +0000 2025,4.0,False,False,42,0,6,26526,@hexiecs 牛逼！冷静冷静再冷静！
1873203470159011951,Sun Dec 29 03:04:44 +0000 2024,4.0,False,False,42,4,22,39986,LMAO🤣
2020478690904231976,Sun Feb 08 12:43:53 +0000 2026,4.0,False,False,41,0,7,15261,@thecryptoskanda 问题是，现在上的绝大多数币，依然是“上币浇给”，如果从这个角度讲，这些币也不该上了
1948819604853457297,Fri Jul 25 18:56:15 +0000 2025,4.0,False,False,41,0,8,13622,@CookerFlips Congrats bro!
1828150928060666161,Mon Aug 26 19:22:01 +0000 2024,4.0,False,False,41,0,1,8119,@XXAntiWar 最后这段走势我刚见过，立棍三段蓄力就这么长这么直
1533226318388948992,Sat Jun 04 23:16:54 +0000 2022,4.0,False,False,41,20,29,0,能不能别恶心人啊 @martin23_sen ，偷我群里消息就算了，连我推特风格都要偷，我的睡觉时间都要偷，你是复制人？ https://t.co/FPUyjwtL5P
2009939383378719084,Sat Jan 10 10:44:26 +0000 2026,4.0,False,False,40,0,2,12780,@0xXQ1 三年之后又三年，都快十年了，老大
1979129536139952192,Fri Oct 17 10:17:06 +0000 2025,4.0,False,False,40,4,23,13343,@0XSANSI 已经在Holder社群联系到人了，这几天他们会做推特开始运营 https://t.co/NIEiq2JxnV
1881680783339041166,Tue Jan 21 12:30:33 +0000 2025,4.0,False,False,40,1,7,24831,@VitalikButerin Milady.
1866039653159375198,Mon Dec 09 08:38:17 +0000 2024,4.0,False,False,40,0,14,82387,首发Coinbase+Binance+Upbit韩元对，拿下大满贯，这资源太强了，恭喜 @movementlabsxyz ，恭喜参投的自己，也恭喜所有收获空投的朋友，还有一些空投数量暂时无法查询，等今晚开奖，Gmove！ https://t.co/L0OQ1eozGF
1815752158626894293,Tue Jul 23 14:13:44 +0000 2024,4.0,False,False,40,1,39,7197,@edwardNFTrich 神
1995781559316590892,Tue Dec 02 09:06:18 +0000 2025,4.0,False,False,39,0,12,13847,@Ewimp66 平时很注重干湿分离，那次失误手滑了
1880643207534690493,Sat Jan 18 15:47:35 +0000 2025,4.0,False,False,39,0,12,9240,@Hugooogod 根本睡不着，兄弟
1821896133805011185,Fri Aug 09 13:07:42 +0000 2024,4.0,False,False,39,5,27,25732,感谢 @OneKeyHQ @OneKeyCN 送的Pro硬件钱包定制礼盒，好看实用，又多了一个囤币的安心选择🧧 https://t.co/NJfVqbfoPy
1983923064397086762,Thu Oct 30 15:44:52 +0000 2025,4.0,False,False,37,0,5,12053,@dreamisland69 是的，我觉得币安这次肯定是有考虑过的，毕竟也有TST和白布前车之鉴了，很可能是10.11把整个节奏打乱了吧
1981956108219773274,Sat Oct 25 05:28:53 +0000 2025,4.0,False,False,37,0,9,25367,@lyyt117 你需要 @bwenews
1983359514469703910,Wed Oct 29 02:25:31 +0000 2025,4.0,False,False,36,5,7,10132,@jup_studio uranus looks good here.
1879864340402393199,Thu Jan 16 12:12:39 +0000 2025,4.0,False,False,36,0,5,13652,@Kunn6666 我为什么要因为别人的行为换号？
1806950813807595966,Sat Jun 29 07:20:20 +0000 2024,4.0,False,False,36,0,3,4751,@blknoiz06 @shirleyusy BRUH
1719914615935799378,Thu Nov 02 03:09:33 +0000 2023,4.0,False,False,36,3,17,18429,Get ready for @BagsApp 💰    https://t.co/a8C5vKKT9m https://t.co/ZLhqffcF4C
1842099019780349964,Fri Oct 04 07:06:45 +0000 2024,4.0,False,False,35,1,2,14721,@0xmagnolia 帽子姐一切顺利!
1812355512652186040,Sun Jul 14 05:16:40 +0000 2024,4.0,False,False,35,0,17,25853,Skill issue.
1977088378400391299,Sat Oct 11 19:06:16 +0000 2025,4.0,False,False,34,0,2,11066,@theunipcs Best wishes!
1820177703133409444,Sun Aug 04 19:19:16 +0000 2024,4.0,False,False,34,19,22,611,@InvestWithRex W from wolf gang
1761806843452834206,Sun Feb 25 17:34:18 +0000 2024,4.0,False,False,34,3,5,14601,@0xKirara 不要在泥泞中争斗。两年时间足够提升阶级，只要把精力放在自己身上，还有真心对你好的人身上。父母，闺蜜，爱人，贵人。人越富足，和善的概率越大，爱也变得珍贵。越往上走，即使是敌人之间也会惺惺相惜。
1866046994390860135,Mon Dec 09 09:07:27 +0000 2024,4.0,False,False,33,1,2,11117,@turingou 没想到你这个级别也会被这种事困扰，说实话网上最不缺的就是巨婴喷子，以前看到了还会怼回去，现在直接拉黑完事，牛市最宝贵的就是时间。网上公开分享，一方面是和认可自己的朋友产生交流，一方面是从认知匹配的评论中收获反馈，不可能也没必要得到所有人的认同，不要因为喷子影响了自己心态
1702191421674127841,Thu Sep 14 05:23:54 +0000 2023,4.0,False,False,33,4,19,30115,看见Beeple发推第一时间切去买币结果动车正好进山洞是一种什么样的体验 https://t.co/IFkMlUbAeg
1951105130679640190,Fri Aug 01 02:18:07 +0000 2025,4.0,False,False,32,0,3,27782,@AnnLuckyboy 我也被套了，Bonk生态都在大回调，看不出是弃盘还是洗盘，昨天letsbonk官推还at了，但是这种小步子阴跌走得很难看
1857614356315517414,Sat Nov 16 02:39:10 +0000 2024,4.0,False,False,32,6,10,12214,@karan4d $Tee's day?  https://t.co/F0W8iQCi2w https://t.co/FqrJWOqtpI
1732547357047492705,Wed Dec 06 23:47:33 +0000 2023,4.0,False,False,32,3,11,25561,通俗易懂，多看点科普，少点无脑喷
1704701674709987380,Thu Sep 21 03:38:45 +0000 2023,4.0,False,False,32,3,7,18794,I'd rather touch some grass than touch these snakes💀 https://t.co/eI8E6kL5ga
1884647413308416314,Wed Jan 29 16:58:53 +0000 2025,4.0,False,False,31,0,4,12097,@DreamXThat Xu总太稳了，“我们这一批nft时期开始入场并且坚持下来的人，无疑是幸运的”，2025继续冲冲冲！
1880527451383820515,Sat Jan 18 08:07:37 +0000 2025,4.0,False,False,31,0,7,16255,@CryptoDevinL 恭喜d哥！
1735419520473604416,Thu Dec 14 22:00:30 +0000 2023,4.0,False,False,31,2,13,22815,Pols从两天前的0.3u涨到1.3u了，还得感谢PolsMarket这个市场，实在太难用了，可以说是我玩铭文见过最难用的市场，导致我前几天一直懒得挂单，不然估计至少要被洗掉两万张，如果有想地板价收货的朋友可以直接联系我交易，1000张起出，转移比挂单方便一些
1995784871537770947,Tue Dec 02 09:19:27 +0000 2025,4.0,False,False,30,0,1,10478,@abyssofgambling 幽默这一块
1970391010221138276,Tue Sep 23 07:33:19 +0000 2025,4.0,False,False,30,0,0,6066,@LeotheHorseman @paoloardoino 小报记者点了
1841414298033385704,Wed Oct 02 09:45:55 +0000 2024,4.0,False,False,30,8,11,7064,@cjdtl10 @CoinbaseAssets 昨天买回来了
1827568652503413062,Sun Aug 25 04:48:15 +0000 2024,4.0,False,False,30,0,2,2929,@edwardNFTrich 神
1977399452211220959,Sun Oct 12 15:42:22 +0000 2025,4.0,False,False,29,2,8,10195,@BitboyMichael 你这种人真就别玩了，我买了不发推说我只买不做事，发了推说别人在我发文前买，我发推前不是17M回调到7M了，你倒是说说哪个KOL组团买了5分钟？
1950038593159713004,Tue Jul 29 03:40:05 +0000 2025,4.0,False,False,28,0,6,6506,@traderpow God willing
1981961566523392041,Sat Oct 25 05:50:35 +0000 2025,4.0,False,False,27,0,2,9273,@HuoYean 可能你本身不是脑残，但你这个问题确实脑残，对事不对人，我只拉黑无脑喷的。
1945367038870086115,Wed Jul 16 06:16:59 +0000 2025,4.0,False,False,27,0,7,11934,@hexiecs 爽
1761981299517243555,Mon Feb 26 05:07:32 +0000 2024,4.0,False,False,27,0,4,13920,@hongshen6666 太谦虚了红神，你是我最爱看的几个二级博主
1719532593664970796,Wed Nov 01 01:51:32 +0000 2023,4.0,False,False,27,0,9,5434,@xiaomucrypto 因为原视频从头到尾没提到brc或者ordinals，小编的信息源估计就是你的上条推特，金色财经出了名的不靠谱
1894755311367676228,Wed Feb 26 14:24:03 +0000 2025,4.0,False,False,26,0,4,28936,@sisibinance 感谢sisi，工作辛苦，这个帖子不针对币安的任何一位工作人员，只是希望得到一个合理的反馈
1876570842521649272,Tue Jan 07 10:05:28 +0000 2025,4.0,False,False,26,0,6,28385,刚发完推，又刷到这个0xMoon去蹭我很喜欢的二级博主 @goldenageqq 了， @0xMayyy 币圈没男人了吗，非得选这种人谈？
1711227236085649799,Mon Oct 09 03:49:00 +0000 2023,4.0,False,False,26,7,8,4581,@Greta0086 我感觉和传统定义的L2、侧链等等不太一样，算新东西吧，值得关注下
1990002530177405037,Sun Nov 16 10:22:30 +0000 2025,4.0,False,False,25,0,4,23796,@hexiecs 舒服了
1976207835814928594,Thu Oct 09 08:47:18 +0000 2025,4.0,False,False,25,0,4,13186,@niuniu255431 可惜了牛牛哥，你的风格，这个币应该至少3~5M收益
1975507658628374658,Tue Oct 07 10:25:03 +0000 2025,4.0,False,False,25,2,5,7246,@BoilingH2O1 @_FORAB 这都无所谓的，不瞒你说，我的P小将钱包一开始是900k买的，3M卖的，CZ发推也没追回来，因为一直觉得中文Ticker会有很多限制，但是这两天看到的社区凝聚力真的太强大了，转变思路重新买入
1893180156702830999,Sat Feb 22 06:04:57 +0000 2025,4.0,False,False,25,0,5,27384,@0x_claudia 牛逼
1891768773067026487,Tue Feb 18 08:36:37 +0000 2025,4.0,False,False,25,0,5,29610,@whitegoldjin 0.5倍以下
1880486111551844539,Sat Jan 18 05:23:21 +0000 2025,4.0,False,False,25,0,2,39391,@ygnh999 恭喜群友！大力出奇迹！
1977759166899859946,Mon Oct 13 15:31:45 +0000 2025,4.0,False,False,24,0,2,10702,@HaywarZhu 第一次深入了解汇率对交易，就是看海老师推文
1959207665080610832,Sat Aug 23 10:54:42 +0000 2025,4.0,False,False,24,0,1,10912,@woodycryptow 好人有好报了
1923502747929936080,Fri May 16 22:16:06 +0000 2025,4.0,False,False,24,0,3,7583,@traderpow “They will call me lucky” but real trader knows. Congrats for another insane play brother pow!
1887483016618123268,Thu Feb 06 12:46:33 +0000 2025,4.0,False,False,24,0,7,43529,@cz_binance Ayo
1768989510107537797,Sat Mar 16 13:15:40 +0000 2024,4.0,False,False,24,0,7,1926,@Cindy_Arb 属实是这几天推特Timeline上的一股清流，让我重新找回了内心的平静
1981962802857496876,Sat Oct 25 05:55:29 +0000 2025,4.0,False,False,23,0,3,13353,@Oscar66882 对的，资金大了，容错高了，心态会更好，这是必然的。
1976833073364058545,Sat Oct 11 02:11:47 +0000 2025,4.0,False,False,23,0,4,11795,@Echo72375038 其实也错过了很多，只不过错过的一般也不会发推文了，久而久之显得每个都抓住了
1874871834623307966,Thu Jan 02 17:34:13 +0000 2025,4.0,False,False,23,0,2,3123,@0x0funky Funky哥格局太大了，还发红包，其实通过上条推上车的现在都赚2~3倍了，虽然过程错了，但是结果对了！
1867978268617695514,Sat Dec 14 17:01:39 +0000 2024,4.0,False,False,23,4,1,3471,@LeePima $blormmy is undervalued at 16M
1768946129230774587,Sat Mar 16 10:23:17 +0000 2024,4.0,False,False,23,1,6,26458,Study 莫渣渣
1942825213542236530,Wed Jul 09 05:56:41 +0000 2025,4.0,False,False,22,0,2,11691,@hanhsianghou Cupsey本来风格就是偏短线的，经常快进快出，也不运营推特，没什么负担，这种车头是最爽的
1843250297906622792,Mon Oct 07 11:21:31 +0000 2024,4.0,False,False,22,0,3,12932,@BitCloutCat @binance 太强了，恭喜猫哥，化石手的胜利
1977039002198020410,Sat Oct 11 15:50:04 +0000 2025,4.0,False,False,21,1,3,2328,@Echo72375038 会根据相对可能出机会的时间对应调整作息，比如最近BSC火，我就把作息调到了那个CZ发推作息表对应的时间段。
1891322523393929344,Mon Feb 17 03:03:23 +0000 2025,4.0,False,False,21,1,8,7171,@traderpow Sometimes doing less is more
1856549834825838975,Wed Nov 13 04:09:08 +0000 2024,4.0,False,False,21,2,2,12415,@elonmusk 🥜
1779736148048490981,Mon Apr 15 04:58:58 +0000 2024,4.0,False,False,21,0,8,28690,@youyou5202 我一开始怎么回复你的，够尊重了吧，够给面子了吧，你甩几十条语音，转文字根本看不懂是什么，最后莫名其妙说我碰瓷，我不喷你算我脾气好了，给你脸了？ https://t.co/0CU6WbON35
1736383628471677416,Sun Dec 17 13:51:32 +0000 2023,4.0,False,False,21,0,14,15976,Yoooooooooooooooo thanks @bounce_finance https://t.co/QhT8RKkTYz
2039012256919462115,Tue Mar 31 16:09:39 +0000 2026,4.0,False,False,20,0,3,19529,@DoveyWanCN 正在谈一笔老股，这次的泄漏对企业级客户的订单影响有这么大吗？底层模型、持续迭代能力和一些定制需求才是企业需要的吧
2035732959278587934,Sun Mar 22 14:58:54 +0000 2026,4.0,False,False,20,1,1,6610,@Magicstarsx 确实是，像明星创业者、行业大咖出来创业，不愁融资，是他们反向挑选能给他们带来帮助的机构，而去赌不具备确定性的赛道、行业、公司，本身就是一件难度很高的事情。这还只是对于已经处于游戏中的机构而言，散户就更难了。
1981438782248513857,Thu Oct 23 19:13:13 +0000 2025,4.0,False,False,20,1,1,4934,@Kolin145 算不上，只是觉得现在很难判断后市走向，看不懂就少做甚至不做。
1978136573498581062,Tue Oct 14 16:31:25 +0000 2025,4.0,False,False,20,0,8,4607,@yuqiu77 我不擅长建设，如果有不错的CTO团队来运营推特、制作二创等等，我可以捐币
1963537527408923016,Thu Sep 04 09:40:01 +0000 2025,4.0,False,False,20,0,4,14338,@thankUcrypto 没本子之后奖金大幅降低了，Ti7-Ti10冠军都是$10M以上的奖金，还是非常高的
1961317478937890930,Fri Aug 29 06:38:21 +0000 2025,4.0,False,False,20,0,2,10084,@vincent50053513 @BlockStreetXYZ @MatthewMorgan23 @worldlibertyfi 因为我不拿到目标点位一般不会卖，以前往往是1~5M的币买完之后拿到30~50M，现在买完涨几十个点就没有然后了😂
1908450101846302739,Sat Apr 05 09:22:16 +0000 2025,4.0,False,False,20,1,1,5444,@turingou 发帖的时候，左下角可以设置。话说回来论坛走向粪坑化好像是一种必然，从天涯到贴吧到微博到知乎再到中文推特，大量用户涌入必然拉低平均水平，相对小众的比如v2ex又满足不了作为一个面向大众分享的社交平台的要求。
1883790841652945207,Mon Jan 27 08:15:10 +0000 2025,4.0,False,False,20,0,9,24115,@3W5fec 牛 威猛牛
1880499560252096828,Sat Jan 18 06:16:47 +0000 2025,4.0,False,False,20,1,1,20260,@CookerFlips WAGMI brother cooker! 我操!
2029240505289326986,Wed Mar 04 17:00:12 +0000 2026,4.0,False,False,19,2,2,9236,@DBG749 78k开始一路加到60k，中间好几次突破70k又跌下去浮亏是真难受 https://t.co/PdtedSe6cB
1985877936185229824,Wed Nov 05 01:12:50 +0000 2025,4.0,False,False,19,0,2,15343,@abyssofgambling 好的知道了
1971351423293194462,Thu Sep 25 23:09:39 +0000 2025,4.0,False,False,19,1,3,13149,@CookerFlips @luyaoyuan Missed aster can’t miss xpl. Congrats for the winning streak brother!
1952967674243547524,Wed Aug 06 05:39:12 +0000 2025,4.0,False,False,19,0,3,20144,@corleonefnf 我被庄玩了 猴哥
1944053613753753992,Sat Jul 12 15:17:54 +0000 2025,4.0,False,False,19,0,1,13324,@hellosuoha 喷子比打狗高手还会找角度😂
1899274033130254660,Tue Mar 11 01:39:50 +0000 2025,4.0,False,False,19,0,4,10292,@BagCalls Bro thinks I’m Justin Sun
1886073048962564232,Sun Feb 02 15:23:51 +0000 2025,4.0,False,False,19,1,3,25226,@haze0x 鸡哥牛逼
1873209850110656731,Sun Dec 29 03:30:05 +0000 2024,4.0,False,False,19,0,6,2990,@Dincocoin 赢一次等于赢一天，赢一天等于赢一个月，赢一个月等于赢一年，赢一年等于赢一辈子！
1858258176648552583,Sun Nov 17 21:17:28 +0000 2024,4.0,False,False,19,2,8,8031,@elonmusk @DOGE 🐿️
1779739360373752002,Mon Apr 15 05:11:44 +0000 2024,4.0,False,False,19,0,6,3197,@AlisonHuan97426 @youyou5202 我是你前辈，你喊声爹听听
1691386202723885057,Tue Aug 15 09:47:49 +0000 2023,4.0,False,False,19,0,14,11859,@MixaverseOne 哥，要真全额退款还发空投那你真是个爷们
1930940234465976690,Fri Jun 06 10:50:01 +0000 2025,4.0,False,False,18,0,1,26066,@mrblock 好像只有Stradale才有这个，我的是Spider
1881223035707089138,Mon Jan 20 06:11:37 +0000 2025,4.0,False,False,18,0,3,13562,@CookerFlips @PastelAlpha Yo take a rest 我操
1880761332301177053,Sat Jan 18 23:36:59 +0000 2025,4.0,False,False,18,0,2,6900,@VitalikButerin @cold_xyz @CharlotteFang77 All roads lead to cult
1798575563130749275,Thu Jun 06 04:40:04 +0000 2024,4.0,False,False,18,1,7,27155,IO牛逼
1574050117979901953,Sun Sep 25 14:56:07 +0000 2022,4.0,False,False,18,3,11,0,"@PadrinoVault Hello, you will love my next doge club post🤝"
1972251709058809884,Sun Sep 28 10:47:04 +0000 2025,4.0,False,False,17,0,2,16118,@DekuKing1 🤣
1917685813724471339,Wed Apr 30 21:01:41 +0000 2025,4.0,False,False,17,0,2,15966,@gork 多打打垃圾时间，还得练
1880490053631373747,Sat Jan 18 05:39:01 +0000 2025,4.0,False,False,17,0,5,5954,@SuMlui1050 这种操作你也能喷一嘴，你也是个神人，名字没取错👏
1875722043674784104,Sun Jan 05 01:52:39 +0000 2025,4.0,False,False,17,2,0,9428,@dotyyds1234 慢就是快
2045765562597613714,Sun Apr 19 07:24:53 +0000 2026,4.0,False,False,16,0,3,10444,@Magicstarsx 嗯，我列出的都是手动操作完全有时间介入的，纯自动化的机会普通人肯定干不过专业玩家。
1923694140505850133,Sat May 17 10:56:38 +0000 2025,4.0,False,False,16,0,3,9936,@YeruiZhang 美食也是我的一大爱好嘿嘿
1896044813419745387,Sun Mar 02 03:48:04 +0000 2025,4.0,False,False,16,0,2,16885,@CookerFlips BRUH
1880491832397951239,Sat Jan 18 05:46:05 +0000 2025,4.0,False,False,16,0,1,31850,"@traderpow Today is the day, we made it brother pow! https://t.co/5Q2ZuQlnL2"
1874370678570573841,Wed Jan 01 08:22:48 +0000 2025,4.0,False,False,16,0,0,7458,@HaywarZhu 一个赛道的市值整体扩大10倍，可能是少数几个龙头代币涨了近10倍，也可能是这个赛道的代币规模扩大了近10倍。
1872416342684627412,Thu Dec 26 22:56:58 +0000 2024,4.0,False,False,16,0,0,2233,@psykogem Did you just rug the one that dev holding 75% supply
1769642503140254159,Mon Mar 18 08:30:25 +0000 2024,4.0,False,False,16,0,1,7555,@XXAntiWar 恭喜女王，从免费群到现在两年一路见证🎉
1962737834340819012,Tue Sep 02 04:42:20 +0000 2025,4.0,False,False,15,0,1,14826,@CookerFlips Happy to see your short position cook as well🥳
1945024914681143520,Tue Jul 15 07:37:31 +0000 2025,4.0,False,False,15,0,3,4534,@KittyCats101 玩法不同、对项目看法有分歧很正常，造谣抹黑、人身攻击不正常
1943986001338413396,Sat Jul 12 10:49:14 +0000 2025,4.0,False,False,15,0,4,19164,@legend_calls Like 5-10 mins
1895282169733620060,Fri Feb 28 01:17:36 +0000 2025,4.0,False,False,15,0,2,4782,@Dincocoin 这可不是闹着玩的，这机翻腔笑死我了
1875573291827843484,Sat Jan 04 16:01:33 +0000 2025,4.0,False,False,15,0,18,9407,@ZssBecker HUpPyLU8KWisCAr3mzWy2FKT6uuxQ2qGgJQxyTpDoes5  Let me in
1823090591649214539,Mon Aug 12 20:14:03 +0000 2024,4.0,False,False,15,2,3,2381,@BroDogCoinCTO Bro is killing it
1787000627450834998,Sun May 05 06:05:25 +0000 2024,4.0,False,False,15,1,5,18358,Much love and appreciate for the great artwork by @Joshuayapable https://t.co/6SLYTwXcn3
1710859707152560162,Sun Oct 08 03:28:35 +0000 2023,4.0,False,False,15,0,2,5748,@woody82343978 谈钱伤感情，谈感情伤钱
1691401000840839169,Tue Aug 15 10:46:37 +0000 2023,4.0,False,False,15,0,8,16370,@MixaverseOne 我承认我冲完等待退款的时候担心跑路手心微微出了点汗，现在只能说一句项目方牛逼了！ https://t.co/RKtiM2Q1em
1691398798919307264,Tue Aug 15 10:37:52 +0000 2023,4.0,False,False,15,0,1,6528,@yuyue_chris 哥们只能说这个市场真有alpha的人不多，愉悦是其中一个
1686451540255457291,Tue Aug 01 18:59:14 +0000 2023,4.0,False,False,15,2,1,5310,"@esemumatth72478 Ok this is true, bullish af https://t.co/yk0nlZdCLp"
1976221916500459539,Thu Oct 09 09:43:15 +0000 2025,4.0,False,False,14,0,5,8492,@0xEdwin999 牛逼E哥，榜一大哥
1973604043584119047,Thu Oct 02 04:20:46 +0000 2025,4.0,False,False,14,0,1,11526,@diamondhandjs 是的，这种级别直接shill一个币
1971462858191012152,Fri Sep 26 06:32:28 +0000 2025,4.0,False,False,14,0,2,3082,@ziyouge11 @luyaoyuan 不至于，而且这种认知被市场印证，通过交易盈利所带来的快乐，意义已经超越了数字本身
1959463421612883983,Sun Aug 24 03:50:59 +0000 2025,4.0,False,False,14,0,1,20709,@corleonefnf 你吃的有点撑了猴哥
1882973050750263501,Sat Jan 25 02:05:33 +0000 2025,4.0,False,False,14,0,3,34674,@AMAN_TANG_ 畢竟總統還有很多其他事要做🤔
1867392374659592489,Fri Dec 13 02:13:31 +0000 2024,4.0,False,False,14,0,1,5726,@ohyishi 太好笑了哈哈哈哈
1855100193177587782,Sat Nov 09 04:08:46 +0000 2024,4.0,False,False,14,1,0,1453,@kmoney Man of God🫵😹
1822338081082822836,Sat Aug 10 18:23:50 +0000 2024,4.0,False,False,14,2,4,2689,"@crypt0wu Good update, well done bro!"
1772741185569775857,Tue Mar 26 21:43:29 +0000 2024,4.0,False,False,14,0,3,8181,@_munchables_ 💀
2061864787949351156,Tue Jun 02 17:37:27 +0000 2026,4.0,False,False,13,2,4,4429,@JupiterExchange @jup_predict Tried the freeroll here and wish me good luck! https://t.co/6mOK0QIWa1
1984489816063709334,Sat Nov 01 05:16:56 +0000 2025,4.0,False,False,13,2,4,8890,@sky_gpt Tao是几个强势币里，目前被讨论相对较少的
1980707633918275870,Tue Oct 21 18:47:54 +0000 2025,4.0,False,False,13,0,9,9298,@0x_CryptoAu 波飞了，没等到更低点买回来
1971158063798419906,Thu Sep 25 10:21:19 +0000 2025,4.0,False,False,13,0,7,13565,@luyaoyuan 太强了陆老师
1962738043519111475,Tue Sep 02 04:43:10 +0000 2025,4.0,False,False,13,0,2,24075,@FlippingProfits Always appreciate the kind words brother!
1944040040902144454,Sat Jul 12 14:23:58 +0000 2025,4.0,False,False,13,0,3,10932,@YeruiZhang 我也预计是这样，很多时候人们容易把简单的事情复杂化
1899316072244969840,Tue Mar 11 04:26:53 +0000 2025,4.0,False,False,13,0,3,8880,@0xathenalee 可能是我们去的几家店太好吃了，猪排、烤肉、寿喜烧，每顿都干2-3碗饭
1880513554375401774,Sat Jan 18 07:12:24 +0000 2025,4.0,False,False,13,0,2,34106,@dotyyds1234 向龙王学习，么么
1879719934366044447,Thu Jan 16 02:38:50 +0000 2025,4.0,False,False,13,0,5,2147,@edwardNFTrich “我上了其中一台”，是买一个币制造两份恐慌吗灯神
1774462496910553428,Sun Mar 31 15:43:21 +0000 2024,4.0,False,False,13,0,5,5866,@wang85450777 你上你妈的电视，清明节多上上坟，傻逼东西
1741926736709980664,Mon Jan 01 20:57:52 +0000 2024,4.0,False,False,13,3,1,14522,应该单号要消耗2E以上的gas才有资格，条件还是挺苛刻的，下面这个网站的后缀加钱包地址可以查询： https://t.co/IK9pCIDzI1  领不了是网站卡了，多刷新就行
2029238685200466201,Wed Mar 04 16:52:58 +0000 2026,4.0,False,False,12,0,1,8574,@0xKirara 拿了一个多月，终于突破了
2025559804903858445,Sun Feb 22 13:14:25 +0000 2026,4.0,False,False,12,0,2,15552,@sunergou777 谢谢，这几天也接触了一下摩根大通的私行经理，我感觉如果单纯是为了投Pre-IPO而去开一个私行账户的话，资金利用率不太高，因为类似你说的这种专项基金，额度也是给所有私行客户共享的，最后到个人手里就不会太多了。
2016006717096788406,Tue Jan 27 04:33:51 +0000 2026,4.0,False,False,12,0,3,6456,@abyssofgambling 牛青天
1880048696450249147,Fri Jan 17 00:25:13 +0000 2025,4.0,False,False,12,0,4,11291,@traderpow We'll know when to bid/pay attention when it's time.
1763423317590233307,Fri Mar 01 04:37:36 +0000 2024,4.0,False,False,12,0,4,10587,@0x0xFeng @paradigm 天天发兔子真崩不住了
1737167523186118963,Tue Dec 19 17:46:27 +0000 2023,4.0,False,False,12,0,6,10831,@pranksy @frame_xyz Wondering who will be #1 and #2
1717931801128415566,Fri Oct 27 15:50:33 +0000 2023,4.0,False,False,12,0,0,3818,@RealFlokiInu @tokenfi A VERY SUCCESSFUL ONE💀 https://t.co/KKjmL5ouiJ
1969123642765177148,Fri Sep 19 19:37:15 +0000 2025,4.0,False,False,11,1,0,7165,@CookerFlips @Aster_DEX @PastelAlpha GGWP
1961318754668700132,Fri Aug 29 06:43:25 +0000 2025,4.0,False,False,11,0,2,3732,@ZhanweiC @vincent50053513 @BlockStreetXYZ @MatthewMorgan23 @worldlibertyfi 和这个关系倒不大，去年影响力就不小了，该赚还是赚，主要是现在链上天花板太低了，我又不爱买小市值，很多币到我的击球区以后上涨空间已经很有限了
1904115789982236771,Mon Mar 24 10:19:15 +0000 2025,4.0,False,False,11,0,6,8420,@mia_okx @EuniceQXZ OKX赢麻了✌️😎👌
1875076914861519017,Fri Jan 03 07:09:08 +0000 2025,4.0,False,False,11,0,2,5545,@hexiecs 猛猛猛猛再猛猛
1841767591850758495,Thu Oct 03 09:09:46 +0000 2024,4.0,False,False,11,0,0,7720,@down_unm @hawaHash @workworkcoin 这个人是最恶心的，第一次见Rug了还这么理直气壮对线的
1774470965382226404,Sun Mar 31 16:17:00 +0000 2024,4.0,False,False,11,0,3,4960,@wang85450777 你说你妈了个逼呢，张口就来信口胡诌喷我傻逼，这就没战斗力了？
1687477959589019648,Fri Aug 04 14:57:52 +0000 2023,4.0,False,False,11,0,0,5395,@shirleyusy 同意，不要做让自己觉得难受的交易
2038098542544490550,Sun Mar 29 03:38:53 +0000 2026,4.0,False,False,10,1,2,8929,@0xTodd Anthropic不是觉得380B贵不贵的问题，是现在私募市场普遍500B以上的价格加上Carry一般人还买不到的问题
2025100120732352612,Sat Feb 21 06:47:47 +0000 2026,4.0,False,False,10,0,1,16006,@cc320289xzy 审题不仔细，第一个是拼音，吃了太有文化的亏
1993693981742641243,Wed Nov 26 14:51:00 +0000 2025,4.0,False,False,10,1,3,16677,@BarlowLi @porounclemao 看完了，很赞
1983375737240551425,Wed Oct 29 03:29:59 +0000 2025,4.0,False,False,10,1,2,10102,@matthuang @snow949494 lowkey
1979910374007660647,Sun Oct 19 13:59:52 +0000 2025,4.0,False,False,10,0,0,11369,@Zane5188 好的，claude code和codex之后都试试
1930463415019155591,Thu Jun 05 03:15:19 +0000 2025,4.0,False,False,10,0,0,4650,@ohyishi 牛b，恭喜！
1908531557020647811,Sat Apr 05 14:45:56 +0000 2025,4.0,False,False,10,0,8,10812,@kasicallymis 最近自己休息为主，群暂时不收费也不开放了
1898391065578889398,Sat Mar 08 15:11:15 +0000 2025,4.0,False,False,10,1,1,4759,@fire_927 要么为了流量拉踩，要么某一个项目判断比我准，就觉得自己比我强了，忽略了其他99个项目，现在我休息了，他们呢？
1880473424906317830,Sat Jan 18 04:32:56 +0000 2025,4.0,False,False,10,0,3,8183,"@Ricecooker38 We have keep on winning, we are gonna win more brother rice!"
1878233126918615401,Sun Jan 12 00:10:47 +0000 2025,4.0,False,False,10,2,5,3403,@mungimungimungi \
1864414610964791468,Wed Dec 04 21:00:57 +0000 2024,4.0,False,False,10,1,5,14626,补充，项目方正在给使用过Meteora的钱包发放空投，不太清楚具体标准，可以看一下自己有没有收到： https://t.co/iHBFPdDjbe
1846495355246141791,Wed Oct 16 10:16:13 +0000 2024,4.0,False,False,10,0,0,5019,@mrghostinvblog 是的，参与的项目太多也会导致拿不住，可以试试你建议的这个方法，感谢
1771393823551455669,Sat Mar 23 04:29:33 +0000 2024,4.0,False,False,10,1,2,1877,@VentureWeb3 傻逼，别人取我的Ens就是我，我取名叫你爹我就是你爹？弱智低能儿还Venture Capital
1711366464484380805,Mon Oct 09 13:02:15 +0000 2023,4.0,False,False,10,0,4,4578,@V1JeromeLoo 等风来
1701390544549928988,Tue Sep 12 00:21:30 +0000 2023,4.0,False,False,10,0,3,1079,@DrcDAO 典型的基本事实都不去了解就开始指点江山
1690605994144055296,Sun Aug 13 06:07:33 +0000 2023,4.0,False,False,10,1,2,6166,@MetaHunter168 玩德扑以后更理解“但行好事，莫问前程”这句话，坚持做正确的事，路上可能会有无数次被Bad beat的经历，但长期下来一定是正EV
1690238731247333376,Sat Aug 12 05:48:11 +0000 2023,4.0,False,False,10,0,3,4919,@BMANLead 韩寒是对我青少年时期影响最大的人之一，10年前的舆论环境还是相当宽松的，怀念
2042022316817969402,Wed Apr 08 23:30:33 +0000 2026,4.0,False,False,9,0,3,6315,@0xhuahuayu @mlmabc 对，我一开始思路也是这样，确定性更强，后来盯着看到价格猛跌就直接追进去了，因为他们清算价也就是在0.21~0.22附近
2028409132521603308,Mon Mar 02 09:56:37 +0000 2026,4.0,False,False,9,1,2,3542,@defi_Boo 我目前肯定是不希望单纯以普通实习生的路径开始的，相比一张白纸我的优势可能就是自有资金可以投LP，加上在币圈靠交易拿到过结果，以及社媒知名度，最理想的情况是靠这几点能找到一个快速学习的路径。
1887560454119301535,Thu Feb 06 17:54:16 +0000 2025,4.0,False,False,9,0,1,4326,@FlippingProfits Heard the timeline has changed since then.
1875586297513095318,Sat Jan 04 16:53:14 +0000 2025,4.0,False,False,9,1,1,2510,@Quanterty Buzz is buzzing
1866477495052337611,Tue Dec 10 13:38:06 +0000 2024,4.0,False,False,9,0,0,1941,"@WEAREM3M3_ A great launch so far, keep going M3M3"
1796950907856593338,Sat Jun 01 17:04:16 +0000 2024,4.0,False,False,9,0,9,24524,@brc20niubi @BitCloutCat 太猛了小二哥，看好的项目就是干
1774472448685306310,Sun Mar 31 16:22:54 +0000 2024,4.0,False,False,9,0,0,2663,@wang85450777 谁他妈是你哥，傻逼
1756763433578742049,Sun Feb 11 19:33:36 +0000 2024,4.0,False,False,9,0,2,8077,@zzzzzeroooo Z哥确实不错，找早期项目能力很强
1740659084913950917,Fri Dec 29 09:00:40 +0000 2023,4.0,False,False,9,1,0,3449,@shirleyusy 交易看起来简单，最难的是让自己离开，这比下注要难得多。梨庄牛逼！
1717951898236719464,Fri Oct 27 17:10:25 +0000 2023,4.0,False,False,9,0,4,7976,@richrichardoz @RealFlokiInu 牛逼，当时也看到Bg上新消息了，可惜专注操作链上没分出精力
2025582065153180141,Sun Feb 22 14:42:52 +0000 2026,4.0,False,False,8,0,2,12258,@0xrickshow 哈哈还真有考虑过读个mba，像我这种情况去fund干什么比较合适
2018566604158898381,Tue Feb 03 06:05:56 +0000 2026,4.0,False,False,8,0,1,5795,@Monkeynewly6 当时主要是因为团队代币解锁
2017321331566776573,Fri Jan 30 19:37:40 +0000 2026,4.0,False,False,8,0,4,7385,@7elevenintern Holding full bag
2015094124366692605,Sat Jan 24 16:07:32 +0000 2026,4.0,False,False,8,0,2,9326,@0xBarrry Bybit这方面一直做的不错
1993888156073251209,Thu Nov 27 03:42:35 +0000 2025,4.0,False,False,8,0,1,5026,@AndyJYGood68 本硕都学计算机的，不过毕业后基本没写过代码了
1979554129996595420,Sat Oct 18 14:24:17 +0000 2025,4.0,False,False,8,0,3,4166,@weremeow @JupiterExchange Gmeow
1969398896058384637,Sat Sep 20 13:51:01 +0000 2025,4.0,False,False,8,0,0,6510,@remengeo @token_works 屌
1917252665807171894,Tue Apr 29 16:20:31 +0000 2025,4.0,False,False,8,0,1,7616,@dingalingts @boopdotfun (ง •̀_•́)ง
1897914550185558320,Fri Mar 07 07:37:44 +0000 2025,4.0,False,False,8,0,7,5161,@traderpow Enjoy it brother!
1865997487783497770,Mon Dec 09 05:50:44 +0000 2024,4.0,False,False,8,0,0,6235,@BitCloutCat @jessepollak =)
1839910763328352513,Sat Sep 28 06:11:24 +0000 2024,4.0,False,False,8,1,1,7172,@Tintintintinc 是的，这个就是个人操作习惯和风格问题了，对我来说错过第一波10倍涨幅之后再去追车，太难克服心理障碍，但是对于主玩二级的优秀玩家，会觉得上了币安才是起点
1838510033094713653,Tue Sep 24 09:25:24 +0000 2024,4.0,False,False,8,1,3,1681,@edwardNFTrich 《火星撞地球》
1837405821845839979,Sat Sep 21 08:17:39 +0000 2024,4.0,False,False,8,1,8,4212,@gongtongfuyudao 太赞了👍
1837399929918312952,Sat Sep 21 07:54:15 +0000 2024,4.0,False,False,8,1,1,2665,@nini1133311 @ProtocolCAT 对，其实也有这个逻辑在里面，看到有难度有门槛的东西反而要更勇于去尝试一下，大家不容易一级拿到大量筹码，那二级上涨的空间和机会就大了
1825235352589893858,Sun Aug 18 18:16:33 +0000 2024,4.0,False,False,8,0,2,1676,@blknoiz06 Whoever moves first is gay
1814543647800762828,Sat Jul 20 06:11:32 +0000 2024,4.0,False,False,8,0,6,7140,@binance dogwifhat
1805980670227066921,Wed Jun 26 15:05:19 +0000 2024,4.0,False,False,8,1,4,34978,@weremeow HUpPyLU8KWisCAr3mzWy2FKT6uuxQ2qGgJQxyTpDoes5
1794308748540055768,Sat May 25 10:05:16 +0000 2024,4.0,False,False,8,0,1,3908,@diamondhandjs 有时候觉得自己像没有脚的鸟儿，只能往前飞，累了也不能休息，深有体会，take care of your mental health
1779267130963509549,Sat Apr 13 21:55:15 +0000 2024,4.0,False,False,8,0,1,5342,@GCRClassic Holy
1772189635000619150,Mon Mar 25 09:11:49 +0000 2024,4.0,False,False,8,3,0,14746,简单讲下OHM类Ponzi的几个机制，Stake很好理解，质押分红，代币通常是通涨的，称为Rebase，质押进去才能享受到数量增长，Bond就是债券，用较便宜的价格购买代币，但是需要一段时间完全释放
1751820304115236879,Mon Jan 29 04:11:22 +0000 2024,4.0,False,False,8,0,1,4264,@DreamXThat 科学技术是第一生产力 xu总我的超人
2077102507646677082,Tue Jul 14 18:46:43 +0000 2026,4.0,False,False,7,0,1,6046,@luge517 多年群友，支持鲁哥
2028509784107020709,Mon Mar 02 16:36:35 +0000 2026,4.0,False,False,7,0,2,3003,@suji_yan 那就先多交朋友，哈哈
1979392062203343166,Sat Oct 18 03:40:17 +0000 2025,4.0,False,False,7,0,4,4794,@gm365 之前的v2其实已经很好用了，Titan我之前测试下来价格是比Jupiter差一些的
1932391066772427182,Tue Jun 10 10:55:07 +0000 2025,4.0,False,False,7,0,3,3850,@BloomTrading 🔥🌸
1904104019724787992,Mon Mar 24 09:32:29 +0000 2025,4.0,False,False,7,0,2,3492,@Mercy_okx @yuyue_chris @EuniceQXZ 非常OK
1899315565417857272,Tue Mar 11 04:24:53 +0000 2025,4.0,False,False,7,0,1,12477,@YeruiZhang 这一点深有体会
1857261954337046977,Fri Nov 15 03:18:50 +0000 2024,4.0,False,False,7,0,1,5282,@XXAntiWar 现在是小中农！！
1848935375110373836,Wed Oct 23 03:51:59 +0000 2024,4.0,False,False,7,0,1,3812,@whatdotcd DEV IS BASED
1839932949795614854,Sat Sep 28 07:39:34 +0000 2024,4.0,False,False,7,1,3,10337,@Michael_Liu93 根据链上信息是可以挖出来的，具体就不说了，实际上四天前就有线索了，比较可惜他们拖到昨天才发，不然这波要爽吃
1837389563473678668,Sat Sep 21 07:13:03 +0000 2024,4.0,False,False,7,0,1,3332,"@gui33gui @ProtocolCAT 赚个几万u就让你焦虑了，Neiro上币安那几天你不得疯了？Losers focus on winner, winners focus on winning"
1832992363037556840,Mon Sep 09 04:00:09 +0000 2024,4.0,False,False,7,0,0,8341,完成任务是指进官网参与活动，不是指的关注和转发🤣
1818496736933167297,Wed Jul 31 03:59:42 +0000 2024,4.0,False,False,7,0,1,5668,@JaggerHe1 每个人有每个人的玩法，但是想在这个市场赚钱一定要在某些方面有优势，很简单的道理
1818496526324519219,Wed Jul 31 03:58:52 +0000 2024,4.0,False,False,7,0,0,1480,@kidd1688 ？我以前关注了然后项目方改名了也能怪到我头上？我是你保姆？
1795640168504053789,Wed May 29 02:15:52 +0000 2024,4.0,False,False,7,0,2,5516,@IGGYAZALEA @blknoiz06 come to host brother
1781140609212006596,Fri Apr 19 01:59:47 +0000 2024,4.0,False,False,7,0,4,1702,@Dincocoin 小时候经常看台湾偶像剧，什么紫禁之巅，爱情魔发师
1780683140463501823,Wed Apr 17 19:41:58 +0000 2024,4.0,False,False,7,1,2,3787,@Aark_Digital 🔥
1779741708684763623,Mon Apr 15 05:21:04 +0000 2024,4.0,False,False,7,0,12,12550,@youyou5202 行了，你别蹭我热度了，一开始是想支持你项目的，后来你说合作我也觉得能给社区带点福利挺好，甚至你发几十段几十秒的语音我都打算抽空听完，你莫名其妙来一句我碰瓷我才不知道回什么，我也不会回你了，我不需要蹭你热度，你更需要蹭我热度 https://t.co/gLkIV1gxSl
1739754833576591701,Tue Dec 26 21:07:30 +0000 2023,4.0,False,False,7,0,0,4867,@gh0stlygh0sts $BOO
1736562401599009001,Mon Dec 18 01:41:54 +0000 2023,4.0,False,False,7,0,0,2947,@badpie0 你的中文运行十分良好
1726432396084703469,Mon Nov 20 02:48:53 +0000 2023,4.0,False,False,7,0,2,3316,@Jf5858777 最枯的夜出最金的狗
1691930738256404805,Wed Aug 16 21:51:37 +0000 2023,4.0,False,False,7,0,1,11759,"提示链ID无效是因为Twitter自动把https前缀省略了，复制完整链接就行了，如图  You need full link including ""https"" to let it work https://t.co/GoEkaqZson"
1686468592903368704,Tue Aug 01 20:07:00 +0000 2023,4.0,False,False,7,0,2,654,@RyuSSX @esemumatth72478 Check out this archive version https://t.co/r6ZVd3SFCA
2028510512766677441,Mon Mar 02 16:39:28 +0000 2026,4.0,False,False,6,0,1,2322,@traderjoe725 认同的，这段经历算是我的一个差异点，纯靠带资进组肯定是拼不过老钱家族的
2028408435876954379,Mon Mar 02 09:53:51 +0000 2026,4.0,False,False,6,0,0,3440,@mablemeibao 对，不止是这个时代，印象里历史上很多牛逼的人也都是精通多个领域的
1998039925804159449,Mon Dec 08 14:40:14 +0000 2025,4.0,False,False,6,0,2,4837,@0xhonor USDT跨到stable链上就是gUSDT，可以用Stargate跨，这篇文章里有链接： https://t.co/OeokYN7R62
1963553032760635800,Thu Sep 04 10:41:38 +0000 2025,4.0,False,False,6,0,2,2516,@Mirro7777 @thankUcrypto 自从为什么不ban猛犸就再也没看了
1942284060828856772,Mon Jul 07 18:06:20 +0000 2025,4.0,False,False,6,1,4,8330,@0xN10N @Livid 细
1924010783236817339,Sun May 18 07:54:51 +0000 2025,4.0,False,False,6,0,2,6080,@coolish @XXAntiWar 魏神这人生经历太丰富了
1917704189708492904,Wed Apr 30 22:14:42 +0000 2025,4.0,False,False,6,0,5,3474,@gork @Pnhoo1 我嘞个自我实现预言
1896005526129107007,Sun Mar 02 01:11:58 +0000 2025,4.0,False,False,6,0,2,20438,@thechandog 你的中文进步很大🤣
1863350900833894895,Sun Dec 01 22:34:08 +0000 2024,4.0,False,False,6,0,1,2292,@MiladyCult Maybe it's time =)
1846464390729719878,Wed Oct 16 08:13:11 +0000 2024,4.0,False,False,6,0,2,5256,@Tintintintinc 他就是从头到尾都非常看好，知行合一，该他赚的 https://t.co/mwprm4C1si
1841417606072602867,Wed Oct 02 09:59:03 +0000 2024,4.0,False,False,6,0,1,5935,@Bitfatty @CoinbaseAssets Vida是这个赛道的神了
1834407773741658556,Fri Sep 13 01:44:29 +0000 2024,4.0,False,False,6,0,0,2039,@CL207 Pre bearekt
1831692294459937024,Thu Sep 05 13:54:08 +0000 2024,4.0,False,False,6,0,3,2530,@V1JeromeLoo 黑袍纠察队第四季的智者姐妹，超能力是地球上最聪明的人，脑子可以再生，然后她干一些事情之前就先捅自己脑子一下，我觉得是四季里面最恶心的场景🤣
1821071445063331961,Wed Aug 07 06:30:41 +0000 2024,4.0,False,False,6,0,0,4117,@wdctlllltcdw 太狠了侠哥
1815950639241085234,Wed Jul 24 03:22:25 +0000 2024,4.0,False,False,6,0,0,2727,@okx @Matr1xOfficial 🔥
1799389769421754619,Sat Jun 08 10:35:26 +0000 2024,4.0,False,False,6,0,0,16033,@corleonefnf 么么哒猴哥，最近操作太牛了
1761965736829084024,Mon Feb 26 04:05:42 +0000 2024,4.0,False,False,6,0,0,14771,@KuiGas 向丰密老师看齐
1756702385077178512,Sun Feb 11 15:31:01 +0000 2024,4.0,False,False,6,0,1,5825,@honk369 @Monarch_ERC404 @DeFrogsToken 挺不错的呀，目前市值上算龙2吧，不过我个人更喜欢创新性强一些的项目
1754516309629665688,Mon Feb 05 14:44:20 +0000 2024,4.0,False,False,6,0,1,1131,"@eesee_io Congrats, that's a big milestone🔥"
1735609081707315432,Fri Dec 15 10:33:45 +0000 2023,4.0,False,False,6,0,1,1978,@lisatassy I'm top 15 holder already
1710346878855053743,Fri Oct 06 17:30:47 +0000 2023,4.0,False,False,6,0,0,4095,"如果我在推特或SA给你的回复点赞了就说明已经购买了，谢谢大家支持！  If I liked your reply on twitter or SA then it means I already bought your ticket, thanks for your support!"
1707732471809544215,Fri Sep 29 12:22:04 +0000 2023,4.0,False,False,6,1,5,1889,@0xmasiwei 不能让传奇交易员在我身上投资失败！
1704887296640852444,Thu Sep 21 15:56:21 +0000 2023,4.0,False,False,6,0,5,5946,@tmel0211 @binance 话说第二种方案为什么不均摊到相对较长的一段时间执行，例如几小时或一天内完成，有点想不明白“选Gas较低时归集”然后把Gas拉到300+是什么逻辑
1697892628912902545,Sat Sep 02 08:42:02 +0000 2023,4.0,False,False,6,0,7,8468,好消息天亮了 坏消息开太早了，算上费率还亏钱
2102365231276265538,Tue Sep 22 11:51:45 +0000 2026,4.0,False,False,5,0,2,4940,@y1nt_ 平台币核心还是真实营收+回购销毁，满足这两点才能捕获价值，否则就回到了币圈以前的代币和项目脱离的问题
2086291019214225681,Sun Aug 09 03:18:35 +0000 2026,4.0,False,False,5,0,4,12065,@abyssofgambling 何意味
2036032819194204458,Mon Mar 23 10:50:26 +0000 2026,4.0,False,False,5,0,1,1936,@0x_Irving 我说的是美元哈，不过你整体说的没错，私募行业水太深
2035868679670550942,Sun Mar 22 23:58:12 +0000 2026,4.0,False,False,5,1,0,2137,@hellosuoha 是的，一代人有一代人的TRB，真经历过才会懂
2025560029970178282,Sun Feb 22 13:15:18 +0000 2026,4.0,False,False,5,0,1,9829,@keslaoto 需要24小时跑的都放云服务器
2023372492094730736,Mon Feb 16 12:22:49 +0000 2026,4.0,False,False,5,0,3,2147,@violetfanlin @JarsyInc 关注了，方便DM我一下吗，具体聊聊
2019800726633865379,Fri Feb 06 15:49:53 +0000 2026,4.0,False,False,5,0,1,880,@wangyonghuilk 暂时还没有，看看能不能去到72~74k
2017913003690348729,Sun Feb 01 10:48:45 +0000 2026,4.0,False,False,5,0,3,904,@herui5343 币圈经典难题，好产品不等于好币价
2000266701968158871,Sun Dec 14 18:08:39 +0000 2025,4.0,False,False,5,0,1,4407,@liangfenxiaodao 加油小刀哥，不破不立
1996038910028534084,Wed Dec 03 02:08:55 +0000 2025,4.0,False,False,5,0,2,4661,@phill76815 @humidifi 确实，估计找了个啥也不懂的agency分发广子
1961325907659899091,Fri Aug 29 07:11:50 +0000 2025,4.0,False,False,5,0,1,6688,@XFWEG @BlockStreetXYZ @MatthewMorgan23 @worldlibertyfi 短期主要看后续解锁规则了，这个是目前影响币价最大的因素
1944046784785133952,Sat Jul 12 14:50:46 +0000 2025,4.0,False,False,5,0,2,10593,@yeyekyc 临时找有空余额度的朋友打的
1900430605457764479,Fri Mar 14 06:15:39 +0000 2025,4.0,False,False,5,0,2,2096,@Jeffkuooo @niuniu255431 令我不知道如何回答的问题
1885949217459589355,Sun Feb 02 07:11:47 +0000 2025,4.0,False,False,5,0,1,1242,@niuniu255431 @DanaBuidl 牛牛哥，语言的艺术
1874174177672126747,Tue Dec 31 19:21:59 +0000 2024,4.0,False,False,5,0,2,7415,@huahuayjy 花哥牛逼
1873208471967162628,Sun Dec 29 03:24:36 +0000 2024,4.0,False,False,5,0,2,7143,"@LexaproTrader @LightProtocol @swen_sjn Happy to have you onboard, top chad🤝"
1856935836509679812,Thu Nov 14 05:42:58 +0000 2024,4.0,False,False,5,0,1,6877,@V1JeromeLoo 哈哈哈
1855897135981723693,Mon Nov 11 08:55:32 +0000 2024,4.0,False,False,5,0,1,6502,@XXAntiWar 女王只需要小农经济刮三下
1855894575283601711,Mon Nov 11 08:45:22 +0000 2024,4.0,False,False,5,0,1,6959,@CryptoDevinL D哥也很强
1848939863535665421,Wed Oct 23 04:09:49 +0000 2024,4.0,False,False,5,1,5,1248,@HU6623 @koto9x 这就是创始人懂不懂币圈的区别，flavia直接喊话让大户不要砸盘，otc卖给自己，koto发推之后dev sell，但是他应该不是故意作恶
1841455001568485844,Wed Oct 02 12:27:39 +0000 2024,4.0,False,False,5,0,0,3666,@AAAJJJJay @CoinbaseAssets 不需要自己做的，直接监控推特或者看一些消息源就可以，这种大所上币监控很成熟了
1832247943866573102,Sat Sep 07 02:42:05 +0000 2024,4.0,False,False,5,0,2,4316,@XXAntiWar @SundayFundayLFG @Darkfarms1 世界线收束了，天命人竟在我身边
1828768130845618377,Wed Aug 28 12:14:33 +0000 2024,4.0,False,False,5,1,3,5805,@22333D 大部分资产的社区信仰都和价格高度正相关🤣
1828062296683503838,Mon Aug 26 13:29:49 +0000 2024,4.0,False,False,5,0,3,5314,@alphawifhat Top chad
1818892424695235028,Thu Aug 01 06:12:02 +0000 2024,4.0,False,False,5,0,0,2703,@FlippingProfits @GrandFNF KING SHIT  YOU COULD NEVER MISS A LUCKY DAY IF YOU NEVER MISS A DAY
1818676693806334235,Wed Jul 31 15:54:47 +0000 2024,4.0,False,False,5,0,1,16137,@FlippingProfits GM #1 Cielo PNL last 30 days🌞
1817412914992890337,Sun Jul 28 04:12:59 +0000 2024,4.0,False,False,5,0,0,9995,@Moon1ightSt 七月真的每天都在坐过山车
1803287329450369258,Wed Jun 19 04:42:57 +0000 2024,4.0,False,False,5,0,0,9213,@0xLamblamb 分析很到位
1789069000561021384,Fri May 10 23:04:23 +0000 2024,4.0,False,False,5,0,1,4189,@Pdog_irl 你来晚了，中推的氛围和质量比起一年前都相差甚远了
1786667971072651402,Sat May 04 08:03:33 +0000 2024,4.0,False,False,5,1,0,5140,@blknoiz06 #1 cat coin on FT is coming
1780724890565583010,Wed Apr 17 22:27:52 +0000 2024,4.0,False,False,5,0,2,1829,@CryptoApprenti1 @luge517 太恶心了，关键不知道为什么okx官推还去互动，误导性太强
1776743565722624502,Sat Apr 06 22:47:31 +0000 2024,4.0,False,False,5,0,3,9245,@BoredElonMusk Let's go Bored
1770693047547830353,Thu Mar 21 06:04:55 +0000 2024,4.0,False,False,5,0,2,2108,@0xWatell 第三条soon
1766203552026820760,Fri Mar 08 20:45:15 +0000 2024,4.0,False,False,5,0,1,6150,@CryptoXihoho 当然不是我群里的了，群友没这么傻逼的
1756726422469849112,Sun Feb 11 17:06:32 +0000 2024,4.0,False,False,5,0,0,3914,@diooo222 @Monarch_ERC404 贴里这几个赚了十多E
1723017578560594268,Fri Nov 10 16:39:37 +0000 2023,4.0,False,False,5,0,2,10037,咋这么多人没看懂，是群友一开始以为抢到了12亿个，结果实际上是1.2个🤣
1722830985958756426,Fri Nov 10 04:18:10 +0000 2023,4.0,False,False,5,0,3,1453,@xiaomucrypto 这个Nic是知名傻逼，目的就是蹭流量
1713977274587038019,Mon Oct 16 17:56:41 +0000 2023,4.0,False,False,5,0,4,6413,@richrichardoz 装神弄鬼跳大神的那几个真看吐了，从没见过他们任何链上地址和交易所实盘，当然不止中文区，国外这种现象也很普遍
1711234272252858722,Mon Oct 09 04:16:58 +0000 2023,4.0,False,False,5,0,1,2732,@kuofat 谢谢！也欢迎更多像Ken哥一样乐于交流、钻研和分享的群友加入我们社群
1693630266084819372,Mon Aug 21 14:24:56 +0000 2023,4.0,False,False,5,0,0,3663,@BadPie1 @AWice lol bad bad
1691701316249403439,Wed Aug 16 06:39:58 +0000 2023,4.0,False,False,5,0,4,5764,@ediephant 在吗？最近在哪儿呢？现在有空吗？起来了吗？
2093771180138537349,Sat Aug 29 18:42:04 +0000 2026,4.0,False,False,4,1,0,3496,@DekuKing1 温柔的男人像海洋
2093726176519094726,Sat Aug 29 15:43:14 +0000 2026,4.0,False,False,4,0,3,6316,@wolfyxbt 是的，从X的连接应用开始一个个看吧，然后Privy这类钱包的权限一定要检查
2085198711580418494,Thu Aug 06 02:58:08 +0000 2026,4.0,False,False,4,0,1,2761,@FlippingProfits Vopafnf prime
2074792214534991987,Wed Jul 08 09:46:26 +0000 2026,4.0,False,False,4,0,2,5162,@ChestnutH913 @blknoiz06 涨太快了，睡醒看到已经40多M了
2068368922064363885,Sat Jun 20 16:22:34 +0000 2026,4.0,False,False,4,0,2,2941,@since0777 强调的并不是把所有钱都赚到，这是不可能的，而是扩大自己的认知范围，提升对机会的覆盖面
2068368560884424838,Sat Jun 20 16:21:08 +0000 2026,4.0,False,False,4,0,1,3434,@Aznpr7de 是的，非常混乱，需要大量的前期工作，并不是看准项目就一定能拿到结果
2056288555220209993,Mon May 18 08:19:30 +0000 2026,4.0,False,False,4,0,7,2564,@chunyao988 @LinkeysB @ShawnThread 我没买啊，老拿别人名字cx干啥
2050576567886295438,Sat May 02 14:02:06 +0000 2026,4.0,False,False,4,0,1,4858,@0xTodd 分词是一个重要因素，我比较诧异的是它居然会反复多次直接把错误答案列出来又马上自己认错，后来我又问了一次，要求准确，它就按专辑列出了其中每首符合条件的，说明并不完全是数数能力不够导致的
2050124205027701132,Fri May 01 08:04:34 +0000 2026,4.0,False,False,4,0,1,4036,@allsurrender369 我都是纯手打的，熟悉我风格的应该能看出来吧
2049931963386167365,Thu Apr 30 19:20:40 +0000 2026,4.0,False,False,4,0,2,3774,@MasterChiefNFTs Congrats!
2039671097810190814,Thu Apr 02 11:47:39 +0000 2026,4.0,False,False,4,0,4,6141,@cryptosaverking 什么玩意，从没发过相关帖子也没玩过这个币
2010013738087395614,Sat Jan 10 15:39:54 +0000 2026,4.0,False,False,4,0,1,1204,@Tiffany85391143 @gdouble_iloveu @0xXQ1 之前发的时候没有选择群发功能，所以历史里没有，等我明天重新发一次那篇
1986264142232388051,Thu Nov 06 02:47:29 +0000 2025,4.0,False,False,4,0,2,4973,@lawrenceBTC00 没追，睡醒看到消息已经快涨回100，心态受影响了，如果是第一时间醒着可能会重新建仓
1985887399126450683,Wed Nov 05 01:50:26 +0000 2025,4.0,False,False,4,0,0,10697,@J_c_Magee Wow it’s a long journey since then. Appreciate for your kind words!
1979164819765727648,Fri Oct 17 12:37:18 +0000 2025,4.0,False,False,4,0,5,3141,@0xLemon__ 没有的，我的空单是闪崩那天平的，虽然没来得及平在最低点，但是大部分代币的平仓点位还是比现在低
1880121031198929185,Fri Jan 17 05:12:39 +0000 2025,4.0,False,False,4,0,2,11862,@0x0funky 可惜了Funky哥，属于你一看就会上的类型
1877072970776027136,Wed Jan 08 19:20:45 +0000 2025,4.0,False,False,4,0,0,1895,@FlippingProfits GGWP
1874232505651650602,Tue Dec 31 23:13:45 +0000 2024,4.0,False,False,4,0,3,4311,@Michael_Liu93 新年快乐麦总！
1869687834879435212,Thu Dec 19 10:14:51 +0000 2024,4.0,False,False,4,0,0,8554,@deitykkk 好的谢谢提醒！
1867667059913765010,Fri Dec 13 20:25:01 +0000 2024,4.0,False,False,4,0,0,1814,@blknoiz06 @hushky6 $farm you already know😉
1865990664384917898,Mon Dec 09 05:23:37 +0000 2024,4.0,False,False,4,0,2,4997,@Ice_Frog666666 蛙哥又麻了
1857647512779473352,Sat Nov 16 04:50:55 +0000 2024,4.0,False,False,4,0,2,4539,@y1nt_ 这种只能解释为庄盘，玩链上多的都知道那个账号经常发图
1856872901489955079,Thu Nov 14 01:32:53 +0000 2024,4.0,False,False,4,0,2,2531,"@a1lon9 in this market, anything is possible"
1855932312808296483,Mon Nov 11 11:15:19 +0000 2024,4.0,False,False,4,0,1,765,@chaotmdd 《磕磕绊绊》
1828803829720302036,Wed Aug 28 14:36:25 +0000 2024,4.0,False,False,4,0,1,3967,@taresky 其实本来不想处理的，那些造谣抹黑的我完全懒得理，但是考虑到确实有真正的粉丝可能因为我的推文踩雷了，还是决定替他们承担一下
1824877772092899836,Sat Aug 17 18:35:40 +0000 2024,4.0,False,False,4,0,3,2673,@Dincocoin 在東京鐵塔 第一次眺望 看燈火模仿 墜落的星光
1823349425709969614,Tue Aug 13 13:22:33 +0000 2024,4.0,False,False,4,0,3,10572,@0xparadoxV 公证人最重要的是影响力，我说了同等影响力的博主都可以
1823341219625476157,Tue Aug 13 12:49:57 +0000 2024,4.0,False,False,4,0,4,3460,@0x9988 @Mooncat_lz @brc20niubi 我和小二打过配合我死全家，我没打过配合你死全家，ok？
1823340207476982149,Tue Aug 13 12:45:56 +0000 2024,4.0,False,False,4,0,1,7080,@ex_lunc @Mooncat_lz @brc20niubi 我无缘无故被人黑回嘴就是我破防？你是不是被人骂了不吭声的龟男？
1821682133871816782,Thu Aug 08 22:57:20 +0000 2024,4.0,False,False,4,0,1,2077,@XXAntiWar 原来是女王在救市
1821081696445591798,Wed Aug 07 07:11:25 +0000 2024,4.0,False,False,4,0,1,7518,@Ryanqyz_hodl 好文👍
1814048081450832318,Thu Jul 18 21:22:20 +0000 2024,4.0,False,False,4,0,0,1024,@CookerFlips Cooker cooking
1796909827584876658,Sat Jun 01 14:21:02 +0000 2024,4.0,False,False,4,0,1,2001,@abyssofgambling 《早知道》《我感觉》《要是》《我就知道》《如果》《太贵了》《还会跌的》《又亏了》《要跑吗》《接回来》《我怕了》《没钱了》《忘记了》《接不到》《卧槽》《真服了》
1782955331074895946,Wed Apr 24 02:10:51 +0000 2024,4.0,False,False,4,0,0,6091,@blknoiz06 wallet wif privatekey
1782774842963710418,Tue Apr 23 14:13:39 +0000 2024,4.0,False,False,4,0,0,1469,@okzoo_xyz Congrats!
1774794865882353709,Mon Apr 01 13:44:04 +0000 2024,4.0,False,False,4,0,2,2721,@eesee_io Congrats!
1772648936886374642,Tue Mar 26 15:36:55 +0000 2024,4.0,False,False,4,0,0,1281,@0xDTX @Blast_L2 🔥
1771721067008024780,Sun Mar 24 02:09:54 +0000 2024,4.0,False,False,4,0,0,8986,@Unipioneer 支持学长
1770680228807127340,Thu Mar 21 05:13:58 +0000 2024,4.0,False,False,4,0,0,2037,@youzi1995 @Simplify_ERC314 你他妈谁啊，给你脸了
1761975323615539264,Mon Feb 26 04:43:47 +0000 2024,4.0,False,False,4,0,0,6630,@0xXiaoxin 光而不耀 静水流深
1761974983218397223,Mon Feb 26 04:42:26 +0000 2024,4.0,False,False,4,0,0,8293,@DekuKing1 下次和ZFW一起梭哈
1761965103585636630,Mon Feb 26 04:03:11 +0000 2024,4.0,False,False,4,0,0,12106,@FlippingProfits study flipping profits
1760912939358605372,Fri Feb 23 06:22:15 +0000 2024,4.0,False,False,4,0,1,2615,@diamondhandjs 今天笑点太密集 肚子都笑痛了
1757631319088267521,Wed Feb 14 05:02:16 +0000 2024,4.0,False,False,4,0,1,2492,@Unipioneer @optimizoor 慢就是快
1754515968276283858,Mon Feb 05 14:42:58 +0000 2024,4.0,False,False,4,0,1,3818,@0xXiaoxin 花生花生好事发生！
1742858006486991170,Thu Jan 04 10:38:24 +0000 2024,4.0,False,False,4,0,3,5340,@0xKingDouble Market buy💀
1741472497067790431,Sun Dec 31 14:52:52 +0000 2023,4.0,False,False,4,0,2,2101,@V1JeromeLoo 新年快乐！
1735232879045828629,Thu Dec 14 09:38:52 +0000 2023,4.0,False,False,4,1,0,1308,@AtomicalsRekt @atomicalsmarket @atomicalsmarket do it for the culture
1731644873634431298,Mon Dec 04 12:01:24 +0000 2023,4.0,False,False,4,0,0,5028,@Unipioneer @yenhong123 @Sencrazy_ 酱紫钻酱紫钻酱紫钻酱紫钻酱紫钻酱紫钻酱紫钻酱紫钻酱紫钻酱紫钻酱紫钻酱紫钻
1723654628955599180,Sun Nov 12 10:51:02 +0000 2023,4.0,False,False,4,0,0,8309,地址1： 0xbf971cf673c081bfc79076c1c35515e33829f616  地址2： 0xb1adb78ffe8bc2dfed5829e3fa66793bd55d9cd4
1713516835008905672,Sun Oct 15 11:27:03 +0000 2023,4.0,False,False,4,0,3,7403,@0xWatell @flooringproto 吃了粤菜，如果不出门吃饭感觉这个币能赚100E，万幸粤菜很好吃
1708633783107518535,Mon Oct 02 00:03:33 +0000 2023,4.0,False,False,4,0,1,2492,@dingalingts 27498 Ding’s key so interesting so good
1695107595395313759,Fri Aug 25 16:15:18 +0000 2023,4.0,False,False,4,0,3,4108,@tocuee 没人比Q姐更懂SM
1692737763437846957,Sat Aug 19 03:18:27 +0000 2023,4.0,False,False,4,0,2,5229,@haze0x @SeiNetwork @yuyue_chris @yonghaochen168 趁年轻多操操这个世界
1692682864889065633,Fri Aug 18 23:40:18 +0000 2023,4.0,False,False,4,0,0,6770,@yuyue_chris 早知道是这样，像梦一场
1690596714821132288,Sun Aug 13 05:30:41 +0000 2023,4.0,False,False,4,0,1,6924,通过以上介绍，相信大家已经对Seedworld有了初步认识，期待这款元宇宙项目能将社交、游戏等领域和Web3进行较好的结合! https://t.co/lw1FfxnWQt
1689528048931295232,Thu Aug 10 06:44:11 +0000 2023,4.0,False,False,4,0,0,3527,@kckearly 我也是看着看着，正准备转资金过去结果结束了🥲
2092232430380044533,Tue Aug 25 12:47:37 +0000 2026,4.0,False,False,3,0,1,11015,@Jhy256 是的，二次验证我基本所有主要账号都有，所以下午很快取回了账号控制权，否则可能这个号都拿不回来了。
2092198848622190843,Tue Aug 25 10:34:11 +0000 2026,4.0,False,False,3,0,0,9579,@zohanlin 手机上的邮件没有显示对方全名，大意了，如果是电脑上直接显示就不会中招了
2092163786253955529,Tue Aug 25 08:14:51 +0000 2026,4.0,False,False,3,0,0,14920,@Lucky660x 确认邮件和网站的后缀域名是否来自X官方
2050156189665878304,Fri May 01 10:11:40 +0000 2026,4.0,False,False,3,0,0,2712,@iamnotakillerrr 一样的，HIP3是HL的协议，XYZ是构建在HIP3之上的龙头项目
2050123647680139560,Fri May 01 08:02:21 +0000 2026,4.0,False,False,3,0,1,5395,@Thousandcoin_U 这个确实非常难做到，断舍离也是人生一大课题，还是u哥牛逼
2043792279274733763,Mon Apr 13 20:43:45 +0000 2026,4.0,False,False,3,0,2,2200,@0xjcp 长期看多，短期看空，因为本身已经反弹了一大波了
2043678398032331175,Mon Apr 13 13:11:14 +0000 2026,4.0,False,False,3,0,0,3887,@suji_yan 那也太早了哈哈哈
2022975347042746709,Sun Feb 15 10:04:42 +0000 2026,4.0,False,False,3,0,0,8260,@BitcoinRui 感谢，AngelList有朋友推荐过，我仔细研究下看
2022974469032042903,Sun Feb 15 10:01:13 +0000 2026,4.0,False,False,3,0,0,8562,@XYZrockyx @PreStocks 这个我也有看到，其实目前做这个方向的链上产品挺多的，但是深度都一般，几千几万u可以，再多了就不方便了
2001940947031277953,Fri Dec 19 09:01:30 +0000 2025,4.0,False,False,3,0,3,3959,@linwanwan823 Gemini3有测试过，整理出来的重点差不多，内容更精炼一些
1979947117327306761,Sun Oct 19 16:25:53 +0000 2025,4.0,False,False,3,1,2,8219,@k14i2d 实际使用体验差距那么大吗，我搜了几篇对比文章说各有所长，就先试着用Cursor了
1944048870977417542,Sat Jul 12 14:59:04 +0000 2025,4.0,False,False,3,0,2,7559,@Xuvanqiang1 卡的掉k了，我也是反复重连钱包+刷新才成功，不然应该10分钟内就打满了
1915756632296034753,Fri Apr 25 13:15:48 +0000 2025,4.0,False,False,3,0,0,3406,@yyyyyyjinfan 前几天刚好写过这个话题，我肯定是属于Trader类型更多
1893516772591939734,Sun Feb 23 04:22:33 +0000 2025,4.0,False,False,3,0,7,2516,@EuniceQXZ @Siegfried90210 @kanyewest @barkmeta @doginaldogs @IGGYAZALEA 我勒个去😧
1880452143410475351,Sat Jan 18 03:08:22 +0000 2025,4.0,False,False,3,0,2,6763,@SlorgoftheSlugs Much appreciate for the info
1880115823169388754,Fri Jan 17 04:51:57 +0000 2025,4.0,False,False,3,0,1,10855,@ilovehotba 那我问你，软软的床怎么软软的
1876572218584674671,Tue Jan 07 10:10:56 +0000 2025,4.0,False,False,3,0,2,2810,@goldenageqq @0xMayyy 这b就是纯蹭子一个，我一开始以为是针对我，发完推看到他又去蹭你，我都后悔打了那么多字
1875729490510516422,Sun Jan 05 02:22:14 +0000 2025,4.0,False,False,3,0,0,5099,@toni_MLC 第一张是OKX钱包网页版，第二张是Cielo
1874337234125807742,Wed Jan 01 06:09:54 +0000 2025,4.0,False,False,3,0,1,751,@edwardNFTrich 哇操 灯神！新年快乐！求放过！
1873509394413150333,Sun Dec 29 23:20:22 +0000 2024,4.0,False,False,3,0,0,2981,@monkmoneymm Congrats!
1872163836637458489,Thu Dec 26 06:13:36 +0000 2024,4.0,False,False,3,0,0,3118,@shirleyusy @huahuayjy @xiaomucrypto @Dincocoin @zhetengji @aycp_55 被梨莊標出來 這輩子已值得 沒啥其他追求了
1871764660967661942,Wed Dec 25 03:47:25 +0000 2024,4.0,False,False,3,0,0,1062,@jasonzhao Bullish
1867849903608934473,Sat Dec 14 08:31:34 +0000 2024,4.0,False,False,3,0,0,6280,@cryptocharming 我只开低倍合约，深度比较好，其实和现货没什么区别，我一直不建议普通人碰高倍合约
1867849707680387241,Sat Dec 14 08:30:47 +0000 2024,4.0,False,False,3,0,1,6652,@WoXiao26728 团队是有积极在做事的，也愿意听意见，改了形象，但是市场接受度依然不够高，我目前还是继续持有
1855884703506878793,Mon Nov 11 08:06:08 +0000 2024,4.0,False,False,3,0,0,6348,@diamondhandjs 也就匿名美女用户一单的事
1853429239368020071,Mon Nov 04 13:29:00 +0000 2024,4.0,False,False,3,0,0,1979,@kimmy_crypto You can use GMGN or Cielo https://t.co/uF4E4mJvpT https://t.co/kEiSJbtlLF
1853417548844589515,Mon Nov 04 12:42:33 +0000 2024,4.0,False,False,3,0,0,2874,@CookerFlips 因为我看到的这类推文都是英文哈哈
1839911201230426178,Sat Sep 28 06:13:08 +0000 2024,4.0,False,False,3,0,2,828,@Tintintintinc 对，其实我是想过回调到100M的话上车，但是没给机会，最后就全程观望了
1837400130976403945,Sat Sep 21 07:55:03 +0000 2024,4.0,False,False,3,0,0,3696,@Gantnocap @ProtocolCAT 没必要有太大偏见吧，真要说的话铭文生态大部分都是国人盘，但是铭文已经是过去一年最容易让普通人发财的机会了
1835128587407835202,Sun Sep 15 01:28:44 +0000 2024,4.0,False,False,3,0,1,811,@jason_cong @okxchinese @Mercy_okx 有心了，听了几分钟，原来我的语速这么快😂
1825570500120088925,Mon Aug 19 16:28:19 +0000 2024,4.0,False,False,3,0,0,15663,@laser_jojo 必须要体验下
1820859218796413215,Tue Aug 06 16:27:22 +0000 2024,4.0,False,False,3,0,1,1050,@traderpow GMEW
1815979750319612103,Wed Jul 24 05:18:06 +0000 2024,4.0,False,False,3,0,0,3618,@o00362000 后者，技术顶尖的一般不太公开分享吧，等于让别人来卷自己
1814229354282705054,Fri Jul 19 09:22:39 +0000 2024,4.0,False,False,3,0,2,487,@chaotmdd @corleonefnf 牛逼
1813719068169601268,Wed Jul 17 23:34:57 +0000 2024,4.0,False,False,3,0,2,2036,@0xmagnolia @yiyiefforts @liangfenxiaodao hats help hats
1803287172851835247,Wed Jun 19 04:42:20 +0000 2024,4.0,False,False,3,0,0,11142,@dotyyds1234 受教了，这个方法很好
1799390199719621103,Sat Jun 08 10:37:09 +0000 2024,4.0,False,False,3,0,1,12233,@hexiecs Study 冷静
1787408662216221023,Mon May 06 09:06:48 +0000 2024,4.0,False,False,3,0,0,2394,@aaaa84442232 在FT搜索名字，跳转后的链接里就是钱包地址
1779699009726410857,Mon Apr 15 02:31:23 +0000 2024,4.0,False,False,3,0,1,5225,@HaywarZhu 这个思路学习了
1779547693666459659,Sun Apr 14 16:30:07 +0000 2024,4.0,False,False,3,0,1,5685,@0xKillTheWolf 好看爱看
1778149419969618271,Wed Apr 10 19:53:52 +0000 2024,4.0,False,False,3,0,1,3036,@BluePartyHatXYZ CLEAN
1774774879226925066,Mon Apr 01 12:24:39 +0000 2024,4.0,False,False,3,0,1,4514,@gemhunter168 @fusionistio 八月老板大气
1771960541587689727,Sun Mar 24 18:01:29 +0000 2024,4.0,False,False,3,0,0,5518,@realwuzhe CryptoValleys，披着游戏外壳的Defi盘子 https://t.co/M0mhLcexbB
1770671736109068668,Thu Mar 21 04:40:14 +0000 2024,4.0,False,False,3,0,1,4258,@yicunhui2 你说得对，我算了下xy=k确实是没问题，刚被绕进去了
1770600584548368860,Wed Mar 20 23:57:30 +0000 2024,4.0,False,False,3,0,0,2274,@ponzisaur steady lads
1768702199071416441,Fri Mar 15 18:13:59 +0000 2024,4.0,False,False,3,1,0,4234,@Edison19960630 非常对
1767232734156689852,Mon Mar 11 16:54:52 +0000 2024,4.0,False,False,3,0,1,1258,@eesee_io @Blast_L2 🔥
1766785467419418823,Sun Mar 10 11:17:35 +0000 2024,4.0,False,False,3,0,1,2539,@0xSisyphus @zkHive
1760337294048002273,Wed Feb 21 16:14:51 +0000 2024,4.0,False,False,3,0,1,3455,@dingalingts Banger
1754682871103840616,Tue Feb 06 01:46:11 +0000 2024,4.0,False,False,3,0,1,5570,@__yushen @MerlinLayer2 https://t.co/ukcrExM0mq 这里可以，不过延迟比较严重
1753115872103928144,Thu Feb 01 17:59:29 +0000 2024,4.0,False,False,3,0,2,3016,@Unipioneer 区块链黑社会卧槽
1751677689470276000,Sun Jan 28 18:44:40 +0000 2024,4.0,False,False,3,0,2,3539,@wangfeng_0128 讲的真好
1747608222775873673,Wed Jan 17 13:14:03 +0000 2024,4.0,False,False,3,0,1,2762,@EuniceQXZ 这个妆不错👍
1746890242110664857,Mon Jan 15 13:41:04 +0000 2024,4.0,False,False,3,0,1,1954,@HlllHo @ninjalerts 恭喜！
1743887084581212260,Sun Jan 07 06:47:35 +0000 2024,4.0,False,False,3,0,2,2355,@ouyibian 哥 我才25岁你让我养老
1736224189080842277,Sun Dec 17 03:17:58 +0000 2023,4.0,False,False,3,0,2,2173,@0xXiaoxin 临近年关 落袋为安
1722404643236622616,Thu Nov 09 00:04:02 +0000 2023,4.0,False,False,3,0,1,1205,@richrichardoz @Vida_BWE 这个确实，国外玩家大部分至少表面是客客气气的，国内高素质的玩家也很多，但是一小部分傻逼实在太拉低下限，我一般就直接骂完拉黑，夏虫不可语冰
1721412398354137302,Mon Nov 06 06:21:12 +0000 2023,4.0,False,False,3,0,0,2677,@sebsbseb @underground 😭
1717646875699114170,Thu Oct 26 20:58:22 +0000 2023,4.0,False,False,3,0,1,1433,@0x0funky @aaron__song 期望收益为负的游戏用马丁格尔是必输策略吧
1713528101605642368,Sun Oct 15 12:11:49 +0000 2023,4.0,False,False,3,0,0,3770,@Unipioneer 羽绒服借我穿穿呗
1713103569950539845,Sat Oct 14 08:04:53 +0000 2023,4.0,False,False,3,0,1,5083,@0xWatell 最近大家准备大干一场然后被项目方改规则大干一场的那个项目💀
1710345928861986983,Fri Oct 06 17:27:00 +0000 2023,4.0,False,False,3,0,1,522,@CryptoPaultw 已买
1709769679793975701,Thu Oct 05 03:17:12 +0000 2023,4.0,False,False,3,0,0,1462,@haha68686 对，我比较震惊的是居然可以做到外面显示正确，点进去直接跳转到scam网站
1707323379966173280,Thu Sep 28 09:16:28 +0000 2023,4.0,False,False,3,0,1,1006,@GigQp @friendtech @Alvin0617 @mrblock 这说明不能做快男🤣
1698972410727502004,Tue Sep 05 08:12:42 +0000 2023,4.0,False,False,3,0,3,2721,@hahazwei 糟了 创业无望了
1696673651851231306,Tue Aug 29 23:58:15 +0000 2023,4.0,False,False,3,0,1,2965,@CL207 So smeowt
1695200615251484766,Fri Aug 25 22:24:56 +0000 2023,4.0,False,False,3,0,0,394,@BadPie1 Ultra ponzi confirmed
1695198786526519590,Fri Aug 25 22:17:40 +0000 2023,4.0,False,False,3,0,0,803,@BadPie1 Sounds great but not sure if my mom willing to pay 0.15E for a Kaetram game tho
1694771274424406369,Thu Aug 24 17:58:53 +0000 2023,4.0,False,False,3,0,3,2288,@RyoshisCoin When lock or burn LP?
1694040681298411775,Tue Aug 22 17:35:46 +0000 2023,4.0,False,False,3,0,1,1952,@doctorrayhaan Congrats for the big W! That's insane and I'm so happy for you brother Rayray💪
1689147570957012992,Wed Aug 09 05:32:18 +0000 2023,4.0,False,False,3,0,1,10582,@Ice_Frog666666 蛙哥牛逼，全方位前进
1689124385993658368,Wed Aug 09 04:00:10 +0000 2023,4.0,False,False,3,0,1,2558,@gucciprayers 学习了
1688582049643544578,Mon Aug 07 16:05:07 +0000 2023,4.0,False,False,3,0,2,4375,@bq0826 居然是进了币圈以后心态开始变好，大部分人是反过来吧，这个圈子太toxic
1688056245306142720,Sun Aug 06 05:15:46 +0000 2023,4.0,False,False,3,0,1,3645,@0x997K 被爱是一种幸运👏
1687851319460331520,Sat Aug 05 15:41:27 +0000 2023,4.0,False,False,3,0,3,5665,@XXAntiWar @FullMetalTools Best 卖飞 this month
1687121135702528000,Thu Aug 03 15:19:58 +0000 2023,4.0,False,False,3,0,1,2250,@0xWatell 幸运数字 你身上要有好事发生了
2093738040309211225,Sat Aug 29 16:30:23 +0000 2026,4.0,False,False,2,0,0,3366,@ramzyyalii Appreciate!
2025581015998361695,Sun Feb 22 14:38:42 +0000 2026,4.0,False,False,2,0,1,2794,@0xrickshow @sunergou777 好的，我研究一下你说的这些。其实我的核心目的是打通投pre-ipo的渠道，这样以后有非常看好的公司就可以比较早期买到。
1983009576166535404,Tue Oct 28 03:15:00 +0000 2025,4.0,False,False,2,0,0,3397,@smartestmoney 真正的大哥
1979935535872258539,Sun Oct 19 15:39:51 +0000 2025,4.0,False,False,2,0,1,5170,@0xE_ash 网站是本地主机访问的，监控部署在云服务器上
1971353565559128356,Thu Sep 25 23:18:10 +0000 2025,4.0,False,False,2,0,1,6751,@0xunusual @luyaoyuan It’s Binance pre-market
1915757133041451276,Fri Apr 25 13:17:48 +0000 2025,4.0,False,False,2,0,0,955,@ZHT763ET 参投和参与做项目是两码事，不过法律风险自然是越谨慎越好
1899272836839268703,Tue Mar 11 01:35:05 +0000 2025,4.0,False,False,2,0,3,11138,@EuniceQXZ 有待考虑
1880464750695575952,Sat Jan 18 03:58:28 +0000 2025,4.0,False,False,2,0,1,6271,@DekuKing1 牛逼豆神
1879185302868349284,Tue Jan 14 15:14:24 +0000 2025,4.0,False,False,2,0,1,1482,@danielesesta Hey Anon Wagmi
1876764033983930697,Tue Jan 07 22:53:08 +0000 2025,4.0,False,False,2,0,0,939,@mungimungimungi @shillrxyz \
1875581132064125340,Sat Jan 04 16:32:43 +0000 2025,4.0,False,False,2,0,1,892,@SneakyninjaNFTs @ZssBecker 😭long time no see fren
1875362633932796170,Sat Jan 04 02:04:29 +0000 2025,4.0,False,False,2,0,0,2594,@Dincocoin 唯一能拦住我的因素是睡觉😴
1874921117338743263,Thu Jan 02 20:50:03 +0000 2025,4.0,False,False,2,0,1,1096,@agentzero This is so inspiring bro!
1874880689516192224,Thu Jan 02 18:09:24 +0000 2025,4.0,False,False,2,0,0,610,@mungimungimungi @heliuslabs \
1874735560679666030,Thu Jan 02 08:32:43 +0000 2025,4.0,False,False,2,0,1,847,@edwardNFTrich @WenZis7414 @BitCloutCat 这个我没有，德华新年快乐🎉
1874231969149837479,Tue Dec 31 23:11:37 +0000 2024,4.0,False,False,2,0,0,2215,@CryptoDevinL 新年快乐D哥！
1874184279552647345,Tue Dec 31 20:02:07 +0000 2024,4.0,False,False,2,0,0,682,@mungimungimungi @ASYM41b07 \
1865981456700547276,Mon Dec 09 04:47:02 +0000 2024,4.0,False,False,2,0,0,352,@ediephant 先删了再走一次流程
1855045137380130954,Sat Nov 09 00:30:00 +0000 2024,4.0,False,False,2,0,1,3733,@diamondhandjs 恭喜！
1853643141762679019,Tue Nov 05 03:38:58 +0000 2024,4.0,False,False,2,0,2,1053,@gsi_qi 调整下节奏，人都有上风期和下风期，亏钱的时候容易把自己心态搞乱，这时候就要减少操作频率了
1851739240650211513,Wed Oct 30 21:33:33 +0000 2024,4.0,False,False,2,0,3,1084,@spyflips @cryptofrags https://t.co/c9UhCU2pVM💀 https://t.co/Fz7f9oTZXN
1851460592768606418,Wed Oct 30 03:06:18 +0000 2024,4.0,False,False,2,0,0,1282,@muzzyvermillion gl brother
1848171050305249580,Mon Oct 21 01:14:50 +0000 2024,4.0,False,False,2,0,1,2946,@FlippingProfits !pray
1847219948340322404,Fri Oct 18 10:15:30 +0000 2024,4.0,False,False,2,0,5,7792,@Hams_rebirth 我说的非常清楚了吧，我没有参与kol轮也没收广告费，为什么会分享，是因为一开始orderly转推+引用，我觉得可以参与，后来他们取消了转推，orderly团队还联系了我希望帮忙澄清，我当然不希望大家亏钱，问题是一小撮人故意把节奏带到我身上，懂了么
1840323957410689431,Sun Sep 29 09:33:17 +0000 2024,4.0,False,False,2,0,1,1053,@sep14hao 这个是对这些标的目前带来的机会的排名，不是对标的本身排名
1839664509495152705,Fri Sep 27 13:52:53 +0000 2024,4.0,False,False,2,0,1,12408,@Moon1ightSt @sisibinance 是的，所以赶紧先去说明情况
1839660390994903066,Fri Sep 27 13:36:31 +0000 2024,4.0,False,False,2,0,0,12343,@Francis73713220 @sisibinance 这笔资金当然是不可以使用的，要在账户里锁定
1828804476251345365,Wed Aug 28 14:38:59 +0000 2024,4.0,False,False,2,0,0,2943,@PoncLVn28 我发这条推文也不是因为怕被搞，我本来就没做错什么，只是单纯照顾一下真的不小心踩坑了的粉丝朋友
1828650785259057331,Wed Aug 28 04:28:16 +0000 2024,4.0,False,False,2,0,1,4094,@Ice_Frog666666 蛙哥牛逼
1825049774720237828,Sun Aug 18 05:59:08 +0000 2024,4.0,False,False,2,0,0,198,@FofarTron Every man wanna be the red pig in the picture lmao
1823409275051631056,Tue Aug 13 17:20:23 +0000 2024,4.0,False,False,2,0,1,1815,@mysMfJtxS6zKRyD 你看不懂中文？微信推特等任意平台，我推过我自己发的项目算我输，别废话来打钱
1823407939086114897,Tue Aug 13 17:15:04 +0000 2024,4.0,False,False,2,0,1,3984,@mysMfJtxS6zKRyD 来，找人，打钱，和正文一样，有确凿证据证明是我本人开的盘子或者创业项目，并且我在微信推特等社交媒体宣传过，算你赢，不然算我赢。不敢打钱别来犯蹭。
1823341836544639284,Tue Aug 13 12:52:24 +0000 2024,4.0,False,False,2,0,3,5972,@ex_lunc @Mooncat_lz @brc20niubi 好的，你妈死了，你千万别吭声
1818910892308021730,Thu Aug 01 07:25:25 +0000 2024,4.0,False,False,2,0,1,2141,@KevenJanince 你这个是因为满了所以不显示按钮，多找几个币点进去看看不就懂了吗，全靠这么问能玩明白吗哥
1813730143309062213,Thu Jul 18 00:18:58 +0000 2024,4.0,False,False,2,0,0,688,@V8_Win 不一定，只是针对这几个币的分析，没有必然联系，有庄控筹意味着有人在主导走势，散户比较多就是更无序或者说更混乱
1811157104851607588,Wed Jul 10 21:54:38 +0000 2024,4.0,False,False,2,0,0,3300,@cowcowman89 牛波
1805644602151780841,Tue Jun 25 16:49:55 +0000 2024,4.0,False,False,2,0,0,1255,@cnig69 @Blast_L2 Blast GCR
1799397325523267851,Sat Jun 08 11:05:28 +0000 2024,4.0,False,False,2,0,1,7387,@0xLeooooo 能拿住就是实力
1795231016216396194,Mon May 27 23:10:02 +0000 2024,4.0,False,False,2,0,2,3260,@Jf5858777 每天清晨给自己一份鼓励，让今天过得更有意义。生活不会偏爱任何一个不劳而获的人，也不会辜负每一个默默努力的人。踏实过好每一天，我们就能创造属于自己的精彩人生。早安！
1791858627445436541,Sat May 18 15:49:22 +0000 2024,4.0,False,False,2,0,0,660,@Bugcatcapo33337 是的，有一段时间没动作了，当年影响力还是非常大的
1790589401552294194,Wed May 15 03:45:55 +0000 2024,4.0,False,False,2,1,1,4216,@shirleyusy 懂你，没见过那么爱拉踩的
1787257344348602791,Sun May 05 23:05:31 +0000 2024,4.0,False,False,2,0,0,1576,@Pdog_irl 分析的非常好啊，认知和粉丝数完全不匹配
1787164684552114656,Sun May 05 16:57:19 +0000 2024,4.0,False,False,2,0,1,2594,@keyahayek 最leetcode的一集
1786610314487967898,Sat May 04 04:14:27 +0000 2024,4.0,False,False,2,0,1,2181,@EuniceQXZ 你好我有一个帽衫
1784580841563459587,Sun Apr 28 13:50:03 +0000 2024,4.0,False,False,2,0,1,2467,@0itsali0 It's a Chinese vlogger's username lmao https://t.co/yzMK6cYebl
1775906179526561990,Thu Apr 04 15:20:02 +0000 2024,4.0,False,False,2,0,0,1407,@CookerFlips @PastelAlpha cooker cooking https://t.co/7lDT9KsfVg
1773928621910151456,Sat Mar 30 04:21:56 +0000 2024,4.0,False,False,2,0,0,4317,@Bitfatty 好多群友mfer一晚上就赚了更多🫨
1771727359806243287,Sun Mar 24 02:34:54 +0000 2024,4.0,False,False,2,0,1,1355,@eegan_l4845 @Pandora_ERC404 你这种傻逼我见一个骂一个
1770648666652721182,Thu Mar 21 03:08:33 +0000 2024,4.0,False,False,2,0,1,2893,@ninja2049 @Simplify_ERC314 和买入一个道理，只不过是把你的Simp转入到合约里
1761975249644798020,Mon Feb 26 04:43:30 +0000 2024,4.0,False,False,2,0,1,8588,@monke1249 还是Yu哥梭哈节点猴牛逼
1756701917928141273,Sun Feb 11 15:29:09 +0000 2024,4.0,False,False,2,0,0,3720,@WolfGanG_Aura @Monarch_ERC404 新年快乐~
1752742754319499459,Wed Jan 31 17:16:51 +0000 2024,4.0,False,False,2,0,0,3050,@k8FVDzZOkIRBUxc @okxweb3 @okxchinese 对，应该是自建rpc
1751297832127230014,Sat Jan 27 17:35:15 +0000 2024,4.0,False,False,2,0,0,1002,@KevinFKeveryone @Orivium 牛！
1747061809339888045,Tue Jan 16 01:02:48 +0000 2024,4.0,False,False,2,0,1,1189,@Zimmerisme 对，如果按之前公布的比例确实是这个情况，大卡分到龙头反而被高等级小卡倒挂了，现在就看官方会不会把本来分配给小卡的额度划一部分给大卡
1746893974940635635,Mon Jan 15 13:55:54 +0000 2024,4.0,False,False,2,0,1,2301,@zkgwgxSbRs88418 Layerbank的话存50E只能借出20E左右，还有清算风险
1743909144514757009,Sun Jan 07 08:15:14 +0000 2024,4.0,False,False,2,0,1,3183,@KevinFKeveryone 天饭
1741092323164061720,Sat Dec 30 13:42:12 +0000 2023,4.0,False,False,2,0,1,3569,@corleonefnf 牛点
1740333703853904149,Thu Dec 28 11:27:43 +0000 2023,4.0,False,False,2,0,0,3172,@Bitfatty 左脚踩右脚，哪一脚踏空就栽个大跟头
1739786366278570102,Tue Dec 26 23:12:48 +0000 2023,4.0,False,False,2,0,2,5257,@hellosuoha 有的，还没快照
1737882944214294861,Thu Dec 21 17:09:16 +0000 2023,4.0,False,False,2,0,2,2280,@Dincocoin 三四万u目前，买少了！
1735834015637352608,Sat Dec 16 01:27:34 +0000 2023,4.0,False,False,2,0,0,4531,@hellosuoha @binance 好看爱看
1727212949415272805,Wed Nov 22 06:30:31 +0000 2023,4.0,False,False,2,0,2,607,@abyssofgambling @Web3GuYongZhe @Blast_L2 币安搜矿池然后填tx id就可以加速，不过加速费用很贵
1726435338724516274,Mon Nov 20 03:00:35 +0000 2023,4.0,False,False,2,0,1,828,@Jf5858777 可以不参与，没必要有偏见，至少11月上半月铭文赛道真的和捡钱差不多，不过人声鼎沸的地方暴跌也是必然的，时间问题
1721381581305303387,Mon Nov 06 04:18:45 +0000 2023,4.0,False,False,2,0,1,1026,@0xdl_ 随时可以填，我每个月初都会看的，包括前几个月填了但是没排到的也会看
1721376130396311895,Mon Nov 06 03:57:05 +0000 2023,4.0,False,False,2,0,2,8815,@0xdl_ 排队的人比较多，一天就满了，只能等下个月了
1718281716107030572,Sat Oct 28 15:00:59 +0000 2023,4.0,False,False,2,0,0,4729,@Unipioneer 酱紫赚？酱紫赚？酱紫赚？酱紫赚？酱紫赚？酱紫赚？酱紫赚？酱紫赚？酱紫赚？酱紫赚？酱紫赚？酱紫赚？酱紫赚？酱紫赚？酱紫赚？酱紫赚？酱紫赚？酱紫赚？酱紫赚？酱紫赚？酱紫赚？酱紫赚？酱紫赚？酱紫赚？酱紫赚？
1718280202122657845,Sat Oct 28 14:54:58 +0000 2023,4.0,False,False,2,0,0,1709,@richrichardoz 金狗不嫌多，可以多写几篇总结hh
1715033003376963608,Thu Oct 19 15:51:46 +0000 2023,4.0,False,False,2,0,0,4425,@Ice_Frog666666 蛙哥太赞了
1709794443564573126,Thu Oct 05 04:55:36 +0000 2023,4.0,False,False,2,0,0,1140,@CryptoYoung2000 挺好看的，有点像Notion，我也喜欢这种风格的产品
1701842286030778654,Wed Sep 13 06:16:34 +0000 2023,4.0,False,False,2,0,2,613,@AMAN_TANG_ 温州好吃的巨多😋
1700728301290221846,Sun Sep 10 04:29:59 +0000 2023,4.0,False,False,2,0,1,1288,@doctorrayhaan Congrats for another W brother! Ray Ray killing the game!
1699458988751163723,Wed Sep 06 16:26:11 +0000 2023,4.0,False,False,2,0,1,2014,@xingmeiQAQ 你说话好伤人
1698910781793034246,Tue Sep 05 04:07:49 +0000 2023,4.0,False,False,2,0,0,1556,@0xdondondon don哥太强了
1694776191859970482,Thu Aug 24 18:18:26 +0000 2023,4.0,False,False,2,0,0,417,@Blllyjean @RyoshisCoin dogswap
1690284167010058240,Sat Aug 12 08:48:44 +0000 2023,4.0,False,False,2,0,1,2305,@AMAN_TANG_ (ง •̀_•́)ง
1689792816535441408,Fri Aug 11 00:16:16 +0000 2023,4.0,False,False,2,0,0,5484,@catwalk_z @friendtech 昨天睡得早
1689792816527118336,Fri Aug 11 00:16:16 +0000 2023,4.0,False,False,2,0,0,5419,@cryptobyname @friendtech 有点那个味道哈哈哈
1689750070357561344,Thu Aug 10 21:26:25 +0000 2023,4.0,False,False,2,0,3,7321,@yuyue_chris @friendtech 自己也没买上自己，过于真实哈哈哈
1689745173419642881,Thu Aug 10 21:06:57 +0000 2023,4.0,False,False,2,0,1,556,@JenyaKaz97 100%
1689149203765993472,Wed Aug 09 05:38:47 +0000 2023,4.0,False,False,2,0,0,2411,@Ice_Frog666666 走起
1688990109054742528,Tue Aug 08 19:06:36 +0000 2023,4.0,False,False,2,0,3,4251,@0xXiaoxin 尊嘟假嘟o.O?
1688057578180472832,Sun Aug 06 05:21:03 +0000 2023,4.0,False,False,2,0,0,670,@0x997K 学会把爱留给值得的人
1686462419181473792,Tue Aug 01 19:42:28 +0000 2023,4.0,False,False,2,0,1,6498,@0xtommaso That’s not testnet ser kekek
2089667708489175264,Tue Aug 18 10:56:20 +0000 2026,4.0,False,False,1,0,5,6313,@abyssofgambling 牛去牛来
2065243123320824189,Fri Jun 12 01:21:45 +0000 2026,4.0,False,False,1,0,0,1229,@lvvvSun2303 已经有投到Pre-IPO的轮次，就没打了，如果价格满意会套保的
2049609072853524926,Wed Apr 29 21:57:37 +0000 2026,4.0,False,False,1,0,2,5526,@FlippingProfits @nyenchenn Trench have been so toxic and cooked. HMU anytime brother!
2043792013511041090,Mon Apr 13 20:42:42 +0000 2026,4.0,False,False,1,0,0,4607,@YeruiZhang 看完Rui神的回答舒服多了
2022980462805987599,Sun Feb 15 10:25:02 +0000 2026,4.0,False,False,1,0,0,5530,@0xMichaelTam 学习了
2001944698139844754,Fri Dec 19 09:16:25 +0000 2025,4.0,False,False,1,0,1,876,@simo0n321 目前费用大概每天1-2u，问题不大
2001944676115656724,Fri Dec 19 09:16:19 +0000 2025,4.0,False,False,1,0,0,1591,@simo0n321 目前api费用大概每天1-2u，问题不大
1952937380677382270,Wed Aug 06 03:38:50 +0000 2025,4.0,False,False,1,0,1,5405,@CS_Don11 @SuccinctLabs @Sidekick_Labs 这个木有
1879539264867971455,Wed Jan 15 14:40:55 +0000 2025,4.0,False,False,1,0,1,3426,@KenWang1995 挺有趣的一个梗，但是出来时间还太短，要再经过时间考验
1878461102536978687,Sun Jan 12 15:16:41 +0000 2025,4.0,False,False,1,0,2,598,@Fxxkuu494931 舔白的铺天盖地一大堆，只不过我拿到了而已
1875755478384591082,Sun Jan 05 04:05:30 +0000 2025,4.0,False,False,1,0,2,1192,@q9QLKNZllabDCww 我是做交易的，不是神棍，哥
1875724054088577213,Sun Jan 05 02:00:38 +0000 2025,4.0,False,False,1,0,0,7535,@flame0614 唯一遗憾没跟着杨哥上Swamrs
1874232252022043133,Tue Dec 31 23:12:45 +0000 2024,4.0,False,False,1,0,0,1237,@0xIT4I Happy new years!
1874232037663793521,Tue Dec 31 23:11:53 +0000 2024,4.0,False,False,1,0,0,1082,@FlippingProfits 😇😇😇
1873571576777769397,Mon Dec 30 03:27:27 +0000 2024,4.0,False,False,1,0,0,415,@WeiShaoBeWater @0x0funky 恭喜哈哈，卖点也很好
1870324953918378327,Sat Dec 21 04:26:32 +0000 2024,4.0,False,False,1,0,0,4152,@james_x 谢谢提醒，已经更正了
1866711565963235567,Wed Dec 11 05:08:13 +0000 2024,4.0,False,False,1,0,2,1536,@CookerFlips Yo! Hey! Bump! Can we talk? Are you there?
1866276239692189998,Tue Dec 10 00:18:23 +0000 2024,4.0,False,False,1,0,2,1294,@sikiyang40079 第二个应该是 @FlippingProfits 或者他们FNF的朋友
1866000061894979764,Mon Dec 09 06:00:58 +0000 2024,4.0,False,False,1,0,2,2605,@0xKirara @movementlabsxyz @rushimanche Move冲呀
1863701947666317480,Mon Dec 02 21:49:04 +0000 2024,4.0,False,False,1,0,0,1058,@diamondhandjs 💪
1861933193533989104,Thu Nov 28 00:40:41 +0000 2024,4.0,False,False,1,0,1,1948,@agentzero @MiladyCult 3024 =）
1858915335279440153,Tue Nov 19 16:48:47 +0000 2024,4.0,False,False,1,0,2,1725,@diamondhandjs 🐿️🐕
1857725578427900166,Sat Nov 16 10:01:07 +0000 2024,4.0,False,False,1,0,0,2087,@diamondhandjs 太厉害了吧
1855856670972559521,Mon Nov 11 06:14:45 +0000 2024,4.0,False,False,1,0,0,2355,@0xEdwin999 牛，E哥牛
1850677556770681310,Sun Oct 27 23:14:48 +0000 2024,4.0,False,False,1,0,1,3106,@4chanintern Yeah I saw it earlier and thought it was a scam/larp because of recycled Twitter😂
1850621981571563922,Sun Oct 27 19:33:57 +0000 2024,4.0,False,False,1,0,3,4461,@Jyyb919125 这个反转真是没想到，koto中途来了一个大户，反而把flavia给反超了
1846472849416229267,Wed Oct 16 08:46:47 +0000 2024,4.0,False,False,1,0,2,3060,@0xtroublemaker 对的，有点强迫症，喜欢把币清掉删除自选
1846467198006841733,Wed Oct 16 08:24:20 +0000 2024,4.0,False,False,1,0,0,580,@Artistkatty_ @OrderlyNetwork 了解了，我来说明一下
1846055734418853998,Tue Oct 15 05:09:19 +0000 2024,4.0,False,False,1,0,2,4722,@XXAntiWar 有人在用你一千u赚一百倍我十万u赚两倍和你一样多大法
1845321369787248939,Sun Oct 13 04:31:13 +0000 2024,4.0,False,False,1,0,1,732,@Qin199682 @OXNinaNina 边水往事拓子哥
1845317004015853817,Sun Oct 13 04:13:52 +0000 2024,4.0,False,False,1,0,2,2987,@OXNinaNina 为拉羊
1844632899104145909,Fri Oct 11 06:55:29 +0000 2024,4.0,False,False,1,0,0,1658,@FlippingProfits 😊
1842173090937332086,Fri Oct 04 12:01:05 +0000 2024,4.0,False,False,1,0,2,1161,@0xKirara 为拉羊 到底为拉羊
1839136216534646858,Thu Sep 26 02:53:38 +0000 2024,4.0,False,False,1,0,0,762,@0xwbb @Incept_ERC4D 这种概念上的创新到真正落地都有一段距离，当初潘多拉404那么沸沸扬扬最后也没有太多应用场景
1835834180380635466,Tue Sep 17 00:12:31 +0000 2024,4.0,False,False,1,0,2,6216,@mongjong59 因为比较老了，势头肯定是不如新币
1834883054990721043,Sat Sep 14 09:13:05 +0000 2024,4.0,False,False,1,0,1,365,@KevenJanince Dexscreener
1834384638191829097,Fri Sep 13 00:12:33 +0000 2024,4.0,False,False,1,0,1,2956,@gsi_qi @SUNDOG_TRX 关于Neiro最近写过两篇推文了，现货短期还是比较难的
1834055043957637270,Thu Sep 12 02:22:52 +0000 2024,4.0,False,False,1,0,0,2033,@Mirro7777 分析好准确
1828823355971326270,Wed Aug 28 15:54:00 +0000 2024,4.0,False,False,1,0,1,1605,@MikoCrypto_ @bullx_io 同时注册的人太多，服务器崩了应该，可以一会儿再试试
1828738054921826466,Wed Aug 28 10:15:03 +0000 2024,4.0,False,False,1,0,0,1756,@shirleyusy 梨庄牛
1826868898219671601,Fri Aug 23 06:27:41 +0000 2024,4.0,False,False,1,0,0,2380,@ChaoB17177 @SUNDOG_TRX 在前几条推文已经提过了
1825764669732302906,Tue Aug 20 05:19:52 +0000 2024,4.0,False,False,1,0,1,2472,@0xENAS Let's go
1825680346509357473,Mon Aug 19 23:44:48 +0000 2024,4.0,False,False,1,0,0,3204,@ChaoB17177 牛逼，麻了
1825568055570895237,Mon Aug 19 16:18:36 +0000 2024,4.0,False,False,1,0,1,2243,@Kumo_TheCat 👀👀👀
1825254318196601074,Sun Aug 18 19:31:55 +0000 2024,4.0,False,False,1,0,0,4858,@jiangkuo273 @justinsuntron @SUNDOG_TRX Tbull之前也有关注的，Fofar拉到5M了，丑不丑就没那么重要了 https://t.co/Fhw83AUiV6
1823696720519421962,Wed Aug 14 12:22:35 +0000 2024,4.0,False,False,1,0,0,2111,@LXXS113225 @Shirin96312 谢谢，这次之后不会再对这类事情做回应了
1823354918859686273,Tue Aug 13 13:44:23 +0000 2024,4.0,False,False,1,0,1,2476,@0xparadoxV 这就是问题啊，一个连证据都找不到的事情被这些人拿来造谣抹黑蹭流量，名气大就活该被骂么
1817414029763137734,Sun Jul 28 04:17:25 +0000 2024,4.0,False,False,1,0,0,4259,@fire_927 那只能认亏了没办法，当时加仓是觉得这种交易量怎么也得反弹一下，运气也比较好正好买在阶段底部了
1815971943054729282,Wed Jul 24 04:47:05 +0000 2024,4.0,False,False,1,0,1,1041,@abyssofgambling @shianqianyu 也可以做牛夫人
1813720398456099168,Wed Jul 17 23:40:14 +0000 2024,4.0,False,False,1,0,1,855,@Vitamul 🤣🤣🤣SWAG DAT
1813442302268121098,Wed Jul 17 05:15:11 +0000 2024,4.0,False,False,1,0,2,2295,@Ga__ke Copy traders are the laziest traders
1809778570144936365,Sun Jul 07 02:36:49 +0000 2024,4.0,False,False,1,0,0,1243,@FlippingProfits 😉
1808438970340233420,Wed Jul 03 09:53:44 +0000 2024,4.0,False,False,1,0,1,2543,@yuxinzhu4736 电脑端Clash，手机端Shadowrocket，搭配机场就可以解决
1807897899004842404,Mon Jul 01 22:03:42 +0000 2024,4.0,False,False,1,0,0,1220,@CookerFlips 赌性更坚强
1802937057192661025,Tue Jun 18 05:31:06 +0000 2024,4.0,False,False,1,0,0,1978,@ediephant 牛排烹饪师👨‍🍳
1802579683881673029,Mon Jun 17 05:51:01 +0000 2024,4.0,False,False,1,0,0,2639,@coinMonsterM @shog_AGI 当然
1789390988806328560,Sat May 11 20:23:51 +0000 2024,4.0,False,False,1,0,0,3119,@sebsbseb clean
1787758831709389134,Tue May 07 08:18:15 +0000 2024,4.0,False,False,1,1,1,6414,@abyssofgambling 好的牛姐
1786296496079441926,Fri May 03 07:27:27 +0000 2024,4.0,False,False,1,0,0,1493,@fxdw9527 关注10个人，买或者创建1个Clubs，不过现在前端很卡而且他们的api有点问题，大部分人没法领取
1777926956031627569,Wed Apr 10 05:09:53 +0000 2024,4.0,False,False,1,0,1,3700,@0xWendy99 很棒的总结，感谢分享
1775944716288471297,Thu Apr 04 17:53:10 +0000 2024,4.0,False,False,1,0,1,2905,@11NFT_CLUB @okzoo_xyz 刷推特随机出现的
1773165215540031867,Thu Mar 28 01:48:25 +0000 2024,4.0,False,False,1,0,0,3193,@abyssofgambling 猪是这样的
1772793710574756251,Wed Mar 27 01:12:12 +0000 2024,4.0,False,False,1,0,0,1671,@CL207 May Cat Bless Us
1771785680533791044,Sun Mar 24 06:26:39 +0000 2024,4.0,False,False,1,0,0,401,@arbet654694 @Pandora_ERC404 我把你妈割了，我推特发什么需要问你？人家推特发地址4分钟就打满了你怎么不去打？
1771726881500299679,Sun Mar 24 02:33:00 +0000 2024,4.0,False,False,1,0,1,2577,@eegan_l4845 @Pandora_ERC404 傻逼。。。
1771726764751855679,Sun Mar 24 02:32:32 +0000 2024,4.0,False,False,1,0,0,2246,@FlippingProfits @Pandora_ERC404 😊
1771647315561906242,Sat Mar 23 21:16:50 +0000 2024,4.0,False,False,1,0,1,285,@Namor_The_First @_munchables_ I wanna Moltania Epic/Legendary
1771393971849511280,Sat Mar 23 04:30:08 +0000 2024,4.0,False,False,1,0,1,580,@ediephant @Bitfatty 😭
1770719917735628980,Thu Mar 21 07:51:41 +0000 2024,4.0,False,False,1,0,0,2619,@kklmt123456 @CryptoValleys 本质是Defi
1770686051927167407,Thu Mar 21 05:37:07 +0000 2024,4.0,False,False,1,0,0,1766,@KekeiiLabs @Simplify_ERC314 是啊
1770559175246192905,Wed Mar 20 21:12:57 +0000 2024,4.0,False,False,1,0,1,430,@cutepanda 你估计监控错钱包了
1769378553953734875,Sun Mar 17 15:01:35 +0000 2024,4.0,False,False,1,0,0,3569,@DekuKing1 好图偷了
1766204418196668863,Fri Mar 08 20:48:42 +0000 2024,4.0,False,False,1,0,2,2090,@CryptoXihoho 说话这么甜，下个月优先安排
1763851154704973858,Sat Mar 02 08:57:40 +0000 2024,4.0,False,False,1,0,1,2188,@0xAyee @Blast_L2 这是哪个项目？去掉小数点试试
1763790389696237984,Sat Mar 02 04:56:13 +0000 2024,4.0,False,False,1,0,0,2871,@hyh331331 @Blast_L2 推特的问题，如果插入了图片排版就会导致字体变掉
1762271482137522638,Tue Feb 27 00:20:37 +0000 2024,4.0,False,False,1,1,1,1064,@ashu_mest @ChameleonTravel @beoble_official 界面很好看，似乎没看到通知功能？有的话就完美了
1762168560292614299,Mon Feb 26 17:31:38 +0000 2024,4.0,False,False,1,1,1,8755,@ashu_mest @ChameleonTravel @beoble_official 哈哈哈，这个是什么钱包监控软件？界面看着很美观
1762158440825377026,Mon Feb 26 16:51:26 +0000 2024,4.0,False,False,1,0,1,4161,@rs99096 当然有的，原文写了
1762145649817215104,Mon Feb 26 16:00:36 +0000 2024,4.0,False,False,1,0,0,2019,@Min_min372 民总永远是我大哥
1762145371617432058,Mon Feb 26 15:59:30 +0000 2024,4.0,False,False,1,0,1,2444,@gooo_robin mrf快一年前的事了吧，久远的记忆
1761962151240208636,Mon Feb 26 03:51:27 +0000 2024,4.0,False,False,1,0,1,18912,@yenhong123 那不跟你学的吗
1758537610807726519,Fri Feb 16 17:03:33 +0000 2024,4.0,False,False,1,0,1,2538,@0xCygaar Won't it just like run a LBP for ERC20?
1757889168527757796,Wed Feb 14 22:06:52 +0000 2024,4.0,False,False,1,0,0,2078,@0xAmazingChar Miner的协议是他们自己写的叫ErcX，和DN404有啥关系，基本事实了解清楚再发推吧
1757830161737920621,Wed Feb 14 18:12:24 +0000 2024,4.0,False,False,1,0,2,241,@hideink8 @Entanglefi 对是的，20号
1757651666613190709,Wed Feb 14 06:23:07 +0000 2024,4.0,False,False,1,1,2,1036,@hideink8 @Entanglefi 恭喜中奖
1757651596237042004,Wed Feb 14 06:22:50 +0000 2024,4.0,False,False,1,1,2,1194,@jimmy_sjm @Entanglefi 恭喜中奖
1754003979162513602,Sun Feb 04 04:48:31 +0000 2024,4.0,False,False,1,0,0,145,@SpikeJoee 可以，手机端注册以后扫码登录电脑端
1753719518088823142,Sat Feb 03 09:58:10 +0000 2024,4.0,False,False,1,0,0,2036,@0XAAAADI @issa 天亮了
1753449364654293468,Fri Feb 02 16:04:40 +0000 2024,4.0,False,False,1,0,0,1188,@inscribe_app @Multibit_Bridge 🔥
1751851008752582955,Mon Jan 29 06:13:22 +0000 2024,4.0,False,False,1,0,1,1201,@Bitfatty @0n1Force 结合你的头像，只能说爱过
1750778550096134488,Fri Jan 26 07:11:48 +0000 2024,4.0,False,False,1,0,0,733,@Dincocoin @chenmo 卖飞的100x，天天送你这样的100x你要不
1748234277295452562,Fri Jan 19 06:41:46 +0000 2024,4.0,False,False,1,0,1,4227,@abyssofgambling @SatoshiVM 是的，难受
1745046504715530382,Wed Jan 10 11:34:42 +0000 2024,4.0,False,False,1,0,0,1625,@cnkefu 整个群都在看hh
1743887498923934109,Sun Jan 07 06:49:14 +0000 2024,4.0,False,False,1,0,1,939,@ouyibian 在圈子里都会有机会(ง •̀_•́)ง
1742980900412133435,Thu Jan 04 18:46:44 +0000 2024,4.0,False,False,1,0,0,1772,@yonghaochen168 调整一下干回来 加油豪哥
1741464689169555496,Sun Dec 31 14:21:51 +0000 2023,4.0,False,False,1,0,0,139,@Luo03181763 新年快乐！！
1739784594474561915,Tue Dec 26 23:05:45 +0000 2023,4.0,False,False,1,0,0,712,@DextMoon Gh0Stly
1738417807325540701,Sat Dec 23 04:34:38 +0000 2023,4.0,False,False,1,0,0,263,@wp507428 Ninja在它第一次接近归零前看到了，不喜欢名字就没买，结果后面拉了几十倍，Toshi之前参与过了这次就没有二进宫
1737897774333722811,Thu Dec 21 18:08:12 +0000 2023,4.0,False,False,1,0,1,485,@buyer @chenmo @jaysonhu2018 @ark_money 😐
1735608896029680091,Fri Dec 15 10:33:01 +0000 2023,4.0,False,False,1,0,1,2315,@0xdl_ 谣传的那个公告不是同个币，不过nano铭文本身前景就很不错
1733366336364204502,Sat Dec 09 06:01:53 +0000 2023,4.0,False,False,1,0,0,3096,@richrichardoz @Tree_of_Alpha 对，我也以为NFT持有者会钻一点，还有就是被那个100E影响到点位的判断了
1733365601698246726,Sat Dec 09 05:58:58 +0000 2023,4.0,False,False,1,0,0,200,@trend99443530 @Tree_of_Alpha 说是后续网站的订阅会员用这个币来付费
1731644662233079984,Mon Dec 04 12:00:34 +0000 2023,4.0,False,False,1,0,1,3438,@abyssofgambling @yenhong123 @Unipioneer @Sencrazy_ 推上也有不少BRC博主拿住了，我发的这三个是我每天聊天打狗的好朋友，一步步见证
1728751668521795631,Sun Nov 26 12:24:51 +0000 2023,4.0,False,False,1,0,1,2706,@William79132573 @SkyarkS 目前一个号每天有800分上限，所以一个号配一只史莱姆就够了，投入才几u，肯定多号搞
1726434813559837162,Mon Nov 20 02:58:29 +0000 2023,4.0,False,False,1,0,1,846,@Jf5858777 人相对少的地方才能孕育出大金狗，可以吸引到源源不断早期踏空的人FOMO进场，任何赛道都是这样
1726213294493741094,Sun Nov 19 12:18:15 +0000 2023,4.0,False,False,1,0,1,1071,@getmilk @ChameleonTravel 留了1个拿着
1725254487403819025,Thu Nov 16 20:48:18 +0000 2023,4.0,False,False,1,0,0,4239,@Unipioneer 学长？学神！
1723870395885863388,Mon Nov 13 01:08:24 +0000 2023,4.0,False,False,1,0,2,2967,@shirleyusy 太行了
1723637837583863866,Sun Nov 12 09:44:18 +0000 2023,4.0,False,False,1,0,0,204,@confugen @ninjalerts All good🤝
1723633314828013866,Sun Nov 12 09:26:20 +0000 2023,4.0,False,False,1,0,0,230,@confugen @ninjalerts 我写的中文意思是积分前1000名，谷歌翻译成了先后前1000名，明白？
1723583508466336174,Sun Nov 12 06:08:25 +0000 2023,4.0,False,False,1,0,2,232,@0xSiuwawa 正好在首页刷到看完点完赞😂
1721383176768274648,Mon Nov 06 04:25:05 +0000 2023,4.0,False,False,1,0,2,3217,@long99798596 @zzdcrypto FT我是想运营的，但是电脑端一直很卡，导致消息没法同步发过去
1720278916148187519,Fri Nov 03 03:17:09 +0000 2023,4.0,False,False,1,0,0,1506,@aminorewards 有点狂
1718281612528619571,Sat Oct 28 15:00:35 +0000 2023,4.0,False,False,1,0,1,1110,@kevidxs 每月初会看的，不过排队人数比较多，可能需要等几个月，有朋友在群里的话可以帮忙推荐
1717951940305498484,Fri Oct 27 17:10:35 +0000 2023,4.0,False,False,1,0,0,2812,@yonghaochen168 豪哥牛逼
1714936023208300743,Thu Oct 19 09:26:24 +0000 2023,4.0,False,False,1,0,1,1547,@abyssofgambling 收到
1713514790617063773,Sun Oct 15 11:18:56 +0000 2023,4.0,False,False,1,0,0,3992,@cryptocharming @flooringproto @nooma4286 看的也太快了吧
1711425119703400475,Mon Oct 09 16:55:19 +0000 2023,4.0,False,False,1,0,0,662,@Lawv_studio What about Nukevember
1709777180883120145,Thu Oct 05 03:47:00 +0000 2023,4.0,False,False,1,0,0,1517,@ediephant dd酱 我没有被骗捏
1707407234303709683,Thu Sep 28 14:49:41 +0000 2023,4.0,False,False,1,0,1,566,@artikCRO @sisibinance @cz_binance @binance Lenovo Legion r9000p
1707406847383331188,Thu Sep 28 14:48:09 +0000 2023,4.0,False,False,1,0,0,605,@kumata0x @sisibinance @cz_binance @binance 是的哈哈
1705372244787220727,Sat Sep 23 00:03:22 +0000 2023,4.0,False,False,1,0,1,1137,@CookerFlips lmfao
1702669257832906801,Fri Sep 15 13:02:39 +0000 2023,4.0,False,False,1,0,1,3439,@cxy22674677 看到影魔和剑雪封喉先点个赞
1701056275617067273,Mon Sep 11 02:13:14 +0000 2023,4.0,False,False,1,0,0,372,@0xleo0x 再不赚点上不了桌了
1700006809443213326,Fri Sep 08 04:43:02 +0000 2023,4.0,False,False,1,0,1,2270,@0xvopa 生日快乐弟弟！
1693740098926645558,Mon Aug 21 21:41:22 +0000 2023,4.0,False,False,1,0,1,3009,@BadPie1 @friendtech Congrats!!
1693689474922971602,Mon Aug 21 18:20:12 +0000 2023,4.0,False,False,1,0,1,143,@zyiyi12 哦哦，那是已实现盈亏，因为还没卖完，底下数字是算上持仓的总盈亏
1693056579908907325,Sun Aug 20 00:25:18 +0000 2023,4.0,False,False,1,0,0,559,@Akuma38154997 @SeiNetwork @yuyue_chris @yonghaochen168 有一个号是这样的情况，到现在也没到账
1693056430826491971,Sun Aug 20 00:24:43 +0000 2023,4.0,False,False,1,0,1,684,@Allinweb31 @SeiNetwork @yuyue_chris @yonghaochen168 你是指跨链的时候输错目标地址了么？这个情况我不太清楚了，找跨链桥的DC问问吧
1693055693136503214,Sun Aug 20 00:21:47 +0000 2023,4.0,False,False,1,0,0,533,@Answer3399 @SeiNetwork @yuyue_chris @yonghaochen168 这有点可惜了
1691350146465009664,Tue Aug 15 07:24:33 +0000 2023,4.0,False,False,1,0,1,685,@0xhukus That's cooooooool
1690596708269645825,Sun Aug 13 05:30:39 +0000 2023,4.0,False,False,1,0,1,10936,更多关于将NFT和Gamefi结合 (Gamification) 的信息可以参考这条推文，通过质押NFT可以获得ChestPoints，高稀有度的NFT拥有更多奖励，每个ChestPoint都可以开出6种不同类别的宝箱，其中包含游戏票券、游戏内货币、NFT种子等诸多物品。
1689872557087055872,Fri Aug 11 05:33:08 +0000 2023,4.0,False,False,1,0,1,1296,@1PlanBNFT @blur_io 你要笑死我🤣
1689398074953895936,Wed Aug 09 22:07:43 +0000 2023,4.0,False,False,1,0,0,1635,@furiousanger It's the same address where VB sent all his $SHIB to https://t.co/6nLPClnDlW
1689094479230504960,Wed Aug 09 02:01:20 +0000 2023,4.0,False,False,1,0,1,661,@AMAN_TANG_ @rollbitcom @ENSMaxisNFT 至少说明你眼光很好捏
1688767087341436928,Tue Aug 08 04:20:24 +0000 2023,4.0,False,False,1,0,0,3040,@0xJigu 官方文档是写了有防夹功能的，不过这个我没有实际使用过，这段时间试一下 https://t.co/fxF0CYMCln
1688023297278267392,Sun Aug 06 03:04:50 +0000 2023,4.0,False,False,1,0,0,198,@Hideonbush6666 哈哈哈
1687909340546744320,Sat Aug 05 19:32:01 +0000 2023,4.0,False,False,1,0,0,1185,@JingLuoTouJi 这个不太清楚，确定进的是官网就行
1687907298918977536,Sat Aug 05 19:23:54 +0000 2023,4.0,False,False,1,0,2,3785,@AMAN_TANG_ 是蒸南瓜吗，胡萝卜认知障碍把柠檬紫薯泥？柠檬可能是蒸南瓜前兆，香菜考虑蒸南瓜是否要香菜碎呢？
1687907024410214400,Sat Aug 05 19:22:49 +0000 2023,4.0,False,False,1,0,2,1366,@Elflord1111 是啊我下午就卖了
1687477366401228801,Fri Aug 04 14:55:30 +0000 2023,4.0,False,False,1,0,0,473,@AMAN_TANG_ @chimmybubu @Catsillyness @morti GM 好可爱
1687098036223418368,Thu Aug 03 13:48:11 +0000 2023,4.0,False,False,1,0,1,904,@Mooki_mo lol maybe next time
1687095420714102784,Thu Aug 03 13:37:47 +0000 2023,4.0,False,False,1,0,1,3964,@zzyygg521 @coinbase 珴蒖旳憮ℱα厢象
1687092847890358272,Thu Aug 03 13:27:34 +0000 2023,4.0,False,False,1,0,1,2742,@plzcallmedj @Nchart_ @Toshi_base 通过链上监控一些地址发现的
1686925277350510593,Thu Aug 03 02:21:42 +0000 2023,4.0,False,False,1,0,1,4097,@AMAN_TANG_ 什么！
2085214191871566099,Thu Aug 06 03:59:39 +0000 2026,4.0,False,False,0,0,4,3254,@xuxubaobao0819 我认为是的
2022980236997218655,Sun Feb 15 10:24:08 +0000 2026,4.0,False,False,0,0,1,6166,@stevo9527 Web2有哪些主流平台或是推荐的渠道吗
2001863573426094193,Fri Dec 19 03:54:03 +0000 2025,4.0,False,False,0,0,3,2487,@MAGICT_TAN 好建议，一会修改下
1887571205915615523,Thu Feb 06 18:36:59 +0000 2025,4.0,False,False,0,0,2,4423,@shirleyusy 恭喜梨庄！
1877602263792767112,Fri Jan 10 06:23:58 +0000 2025,4.0,False,False,0,0,2,1573,@roger9949 收到，怎么拿白，老师
1876572665391317041,Tue Jan 07 10:12:43 +0000 2025,4.0,False,False,0,0,0,1234,@NikolasHimalaya 是的，手滑打错了
1875470259681161393,Sat Jan 04 09:12:09 +0000 2025,4.0,False,False,0,0,0,1761,@Bitco_You @LimitusIntel 是，这就是我最后一段说的，没法验证是真的语音下达指令就可以自动化执行，还是预设的一个流程而已
1874232453793276296,Tue Dec 31 23:13:33 +0000 2024,4.0,False,False,0,0,0,694,@gemhunter168 新年快乐八月哥！
1874232298285211943,Tue Dec 31 23:12:56 +0000 2024,4.0,False,False,0,0,0,1563,@Dincocoin 新年快乐！
1874232157222375843,Tue Dec 31 23:12:22 +0000 2024,4.0,False,False,0,0,0,990,@bfff00 You too fren!
1871751369461583983,Wed Dec 25 02:54:36 +0000 2024,4.0,False,False,0,0,1,5364,@mrJk888 随手，小回，朴实无华的桩哥
1868988583929168017,Tue Dec 17 11:56:17 +0000 2024,4.0,False,False,0,0,5,1672,@shifu_token How long will the presale last?
1868828074328150091,Tue Dec 17 01:18:28 +0000 2024,4.0,False,False,0,0,0,747,@Sun990425 @StoryProtocol @jasonzhao 没有哈
1866329131618857250,Tue Dec 10 03:48:34 +0000 2024,4.0,False,False,0,0,0,2086,@sunwu25511186 我这个是投的，撸的空投还不够Gas的😂
1865902371265745307,Sun Dec 08 23:32:46 +0000 2024,4.0,False,False,0,0,1,766,@Bluntz_Capital Sooner or later🦔
1865598756298928432,Sun Dec 08 03:26:19 +0000 2024,4.0,False,False,0,0,1,1173,@diamondhandjs 好眼光👏
1864414654094807416,Wed Dec 04 21:01:07 +0000 2024,4.0,False,False,0,0,0,1037,@NFTs_Sensei @MeteoraAG 舒服了
1863815110814568939,Tue Dec 03 05:18:45 +0000 2024,4.0,False,False,0,0,1,861,@0x404page 我和00后也就差了2年😢
1856633424343449634,Wed Nov 13 09:41:17 +0000 2024,4.0,False,False,0,0,0,7138,@Axelord911 @0xEdwin999
1856633304973451610,Wed Nov 13 09:40:49 +0000 2024,4.0,False,False,0,0,0,6040,@HThetong2512 12.11我看谁睡觉
1856620874276724946,Wed Nov 13 08:51:25 +0000 2024,4.0,False,False,0,0,2,991,@PayRewarded 那是11.3号，事情刚开始发酵，置顶时候的市值是60M
1855932346392076546,Mon Nov 11 11:15:27 +0000 2024,4.0,False,False,0,0,2,2836,@0xEdwin999 牛E哥牛
1850677400658653279,Sun Oct 27 23:14:10 +0000 2024,4.0,False,False,0,0,1,1125,@wen9507152 @Jyyb919125 完全取决于创始人想法，这就不是我能预料的了
1846053044850692249,Tue Oct 15 04:58:38 +0000 2024,4.0,False,False,0,0,0,2476,@FlippingProfits 🤝
1844623244701077775,Fri Oct 11 06:17:07 +0000 2024,4.0,False,False,0,0,0,885,@CryptoNezha 解决了，谢谢，吓我一跳
1844585934001672412,Fri Oct 11 03:48:52 +0000 2024,4.0,False,False,0,0,0,2462,@chaotmdd No you wont
1842953200451903778,Sun Oct 06 15:40:58 +0000 2024,4.0,False,False,0,0,1,1466,@tony_playfoam @hexiecs 群友冷静哥
1841159595508842867,Tue Oct 01 16:53:49 +0000 2024,4.0,False,False,0,0,1,493,@wqw_lee 大哥，你问这种数据类的问题，至少贴一下交易哈希或者地址吧，你放个几张截图让人怎么仔细看
1839118816531591192,Thu Sep 26 01:44:29 +0000 2024,4.0,False,False,0,0,1,911,@secretxgg @Incept_ERC4D 6U基本是捆绑完后的最早几个买单了，还是比较难的，100~200u给的机会比较多
1834383135389458888,Fri Sep 13 00:06:35 +0000 2024,4.0,False,False,0,0,1,2364,@xinlengdou @SUNDOG_TRX 必须的
1833545315351466033,Tue Sep 10 16:37:23 +0000 2024,4.0,False,False,0,0,0,345,@AMAN_TANG_ @MiladyCult 😭
1831724540239741427,Thu Sep 05 16:02:16 +0000 2024,4.0,False,False,0,0,0,324,@ediephant @V1JeromeLoo i finished s4 three weeks ago sis???
1830288367709556882,Sun Sep 01 16:55:26 +0000 2024,4.0,False,False,0,0,1,3261,@hanghang2016 是的，L2策略有利有弊
1828665991947252006,Wed Aug 28 05:28:42 +0000 2024,4.0,False,False,0,0,0,627,@BiaoShen425 这样么，那得小心了
1828664040601612665,Wed Aug 28 05:20:56 +0000 2024,4.0,False,False,0,0,1,1081,@BiaoShen425 假的吧这是
1828341597383360946,Tue Aug 27 07:59:40 +0000 2024,4.0,False,False,0,0,0,626,@Alpha0x88 @bullx_io 目前还不行，等新版本推出就可以了，应该就这几天了
1826868088719179965,Fri Aug 23 06:24:28 +0000 2024,4.0,False,False,0,0,0,536,@LongzuAlpha @SUNDOG_TRX 改了
1826054953108168897,Wed Aug 21 00:33:21 +0000 2024,4.0,False,False,0,0,0,1391,@mevcollector wow mevcollctor shilling
1821902292305809432,Fri Aug 09 13:32:10 +0000 2024,4.0,False,False,0,0,1,1235,@0xKirara @OneKeyHQ @OneKeyCN @OneKeyCN 她也想要
1821153614494363711,Wed Aug 07 11:57:11 +0000 2024,4.0,False,False,0,0,1,1771,@alphawifhat Impressive W
1819339879756829109,Fri Aug 02 11:50:03 +0000 2024,4.0,False,False,0,0,0,448,@0xXiaoxin @yeepink21 @ediephant 你咋不秒回呢
1819339643378454926,Fri Aug 02 11:49:07 +0000 2024,4.0,False,False,0,0,2,578,@yeepink21 @0xXiaoxin @ediephant 🌞
1818501884384317595,Wed Jul 31 04:20:10 +0000 2024,4.0,False,False,0,0,0,1978,@0xdodogs 对，主网的Neiro也是很典型的例子
1818493091869081807,Wed Jul 31 03:45:13 +0000 2024,4.0,False,False,0,0,0,4975,@0xAlex_Z 对，都属于这种类型里做的比较好的
1817413773063520436,Sun Jul 28 04:16:24 +0000 2024,4.0,False,False,0,0,0,5713,@delishun 其实也不用太难受，这种跌宕起伏两个币轮流涨跌的过程很多人会亏钱，我也是看到后面的剧情之后释然了
1815232736531210714,Mon Jul 22 03:49:44 +0000 2024,4.0,False,False,0,0,1,8374,@0xWatell 大奇迹月！
1814783694097555664,Sat Jul 20 22:05:24 +0000 2024,4.0,False,False,0,0,0,227,@jeckwang8 填我简介里的申请表就好了，不过这几个月基本都没什么空位，所以进度会比较慢🙏
1814390979174248477,Fri Jul 19 20:04:53 +0000 2024,4.0,False,False,0,0,0,595,@Yozarash1 我是18号晚上50M的时候说的先去30~35M再去100M，你理解错了😂
1814222324582818179,Fri Jul 19 08:54:43 +0000 2024,4.0,False,False,0,0,3,2835,@corleonefnf @coinbase 猴哥上半月有点可惜，下个加油干回来
1813443901157699619,Wed Jul 17 05:21:32 +0000 2024,4.0,False,False,0,0,0,936,@Geight16 总结蛮到位
1810886763176677694,Wed Jul 10 04:00:23 +0000 2024,4.0,False,False,0,0,0,883,@StoryProtocol Congrats!!
1805970028501881079,Wed Jun 26 14:23:02 +0000 2024,4.0,False,False,0,0,0,1767,@canchengtianzhu 要排队一段时间等待空投
1803249926786474421,Wed Jun 19 02:14:19 +0000 2024,4.0,False,False,0,0,1,721,@lsk9572 这几个月位置比较少，申请表看的进度很慢，有朋友在群里可以让帮忙推荐下
1796931915951616079,Sat Jun 01 15:48:48 +0000 2024,4.0,False,False,0,0,2,2746,@kklmt123456 用的同一家，所以才奇怪
1795588574903173217,Tue May 28 22:50:51 +0000 2024,4.0,False,False,0,0,1,1097,@jiangkuo273 这个是发Jenner的那个经纪人Sahil发的，是不是Iggy本人的得等她推特确认
1793606927018324354,Thu May 23 11:36:29 +0000 2024,4.0,False,False,0,0,0,536,@ediephant 被伤过的心还可以爱谁
1791868486228308107,Sat May 18 16:28:33 +0000 2024,4.0,False,False,0,0,1,809,@wdl2020 https://t.co/CYVvvbCfNf 合约 0xb5A86030b64AfAa75c42c0D28f8d5ce5f9f61401
1790945000538440088,Thu May 16 03:18:56 +0000 2024,4.0,False,False,0,0,4,1733,@TvS3F2lXpwumnR0 @tsuru_oden 这个没参与，这几天也刷推刷到了，节点挖币这类我懂的不多
1790348251268595834,Tue May 14 11:47:40 +0000 2024,4.0,False,False,0,0,0,1576,@Dincocoin 因为真有傻瓜拿截图问我是不是真的
1784580671371161894,Sun Apr 28 13:49:22 +0000 2024,4.0,False,False,0,0,0,1981,@zhangwu0406 懂行
1783941548364992651,Fri Apr 26 19:29:43 +0000 2024,4.0,False,False,0,0,0,2607,@DK3333333 @0xMaki @hero_glyphs 看起来他挺Bullish的 https://t.co/qwtnUok6yk
1783412406695416202,Thu Apr 25 08:27:06 +0000 2024,4.0,False,False,0,0,1,441,@cahk_520 @fantasy_top_ Blast上的项目应该很少有他不参与的，Blur上失去的都要在Blast上割回来
1783234375313952939,Wed Apr 24 20:39:40 +0000 2024,4.0,False,False,0,0,0,246,@fwvgw1 @fantasy_top_ 看起来确实有点像，晚点重新发一条
1783218281949889009,Wed Apr 24 19:35:43 +0000 2024,4.0,False,False,0,0,1,297,@fwvgw1 @fantasy_top_ 哈哈没有，blast热门项目
1779740232663052320,Mon Apr 15 05:15:12 +0000 2024,4.0,False,False,0,0,0,5579,@xiaomaocrypto 客观的
1779726927881986116,Mon Apr 15 04:22:19 +0000 2024,4.0,False,False,0,0,2,1793,@EuniceQXZ 好好好张柏芝是吧
1779538811762221214,Sun Apr 14 15:54:49 +0000 2024,4.0,False,False,0,0,1,2009,@quxiansheng66 @1intro 没有的
1774471548390531312,Sun Mar 31 16:19:19 +0000 2024,4.0,False,False,0,0,1,944,@shaoze113 估计是了，被坑了
1773158875400679551,Thu Mar 28 01:23:14 +0000 2024,4.0,False,False,0,0,0,2775,@humo1245198 没错，典型的又蠢又坏
1772068355098210807,Mon Mar 25 01:09:53 +0000 2024,4.0,False,False,0,0,1,253,@yuhaoz3 @Merlin_Starter @MerlinSwap 好的我修改了，感谢
1771733989856072182,Sun Mar 24 03:01:15 +0000 2024,4.0,False,False,0,0,0,319,@0xNBS @sQqg8gRKC2rf6Bu @Ghozali_Ghozalu 💀
1771725716079497608,Sun Mar 24 02:28:22 +0000 2024,4.0,False,False,0,0,1,2325,@chaoJia123 @Pandora_ERC404 一共400
1771395301976551683,Sat Mar 23 04:35:25 +0000 2024,4.0,False,False,0,0,0,909,@Bitfatty @ediephant 是啊，乱写的，我才不接那么低的
1770664337893716005,Thu Mar 21 04:10:50 +0000 2024,4.0,False,False,0,0,0,832,@chubby44291319 对，这个是主要问题
1770650370731393030,Thu Mar 21 03:15:20 +0000 2024,4.0,False,False,0,0,1,824,@She1Edward @Simplify_ERC314 可以，但是这样的话又需要持有代币，承受了币价波动风险
1770641032797151563,Thu Mar 21 02:38:13 +0000 2024,4.0,False,False,0,0,1,168,@She1Edward 我原文不是明确说了“是否存在其他方式可以实现夹子等等”么，通常意义的夹子是指利用原子性同区块买卖
1770616466318180465,Thu Mar 21 01:00:36 +0000 2024,4.0,False,False,0,0,3,4692,@mbit1989 @Simplify_ERC314 小范围私募，我自己也没有参与
1770558593609388342,Wed Mar 20 21:10:38 +0000 2024,4.0,False,False,0,0,4,436,@cutepanda 我没干 别拿我cx😂
1767235646970880446,Mon Mar 11 17:06:26 +0000 2024,4.0,False,False,0,0,0,2159,@EuniceQXZ 你是打狗高手
1763851392039747994,Sat Mar 02 08:58:37 +0000 2024,4.0,False,False,0,0,0,1140,@0xAyee @Blast_L2 @OrbitLending 没有遇到过，可以去他们dc问问
1763831708716302629,Sat Mar 02 07:40:24 +0000 2024,4.0,False,False,0,0,0,2016,@0xAnus @Blast_L2 有，不过存的比较少
1761977982447698004,Mon Feb 26 04:54:21 +0000 2024,4.0,False,False,0,0,0,7795,@yeepink21 全力回忆钱包密码！
1761434108448878997,Sat Feb 24 16:53:11 +0000 2024,4.0,False,False,0,0,1,803,@Cage20972380 可以发原文我看下吗
1760129930799784110,Wed Feb 21 02:30:51 +0000 2024,4.0,False,False,0,0,0,5259,@krameryc4d @shiboshisworld 可以，你去我原推里链接的网站
1759750483982667821,Tue Feb 20 01:23:04 +0000 2024,4.0,False,False,0,0,1,2303,@MadFoxyXBT @MerlinSwap Why cry tho
1756742201735053714,Sun Feb 11 18:09:14 +0000 2024,4.0,False,False,0,0,1,228,@sqmonkey999 @Monarch_ERC404 多看链上动态，最基本的dexscreener https://t.co/eTEr7lDEQi
1752722748735111424,Wed Jan 31 15:57:21 +0000 2024,4.0,False,False,0,0,0,5570,@Dino_230 @okx @okxweb3 @okxchinese 电脑端操作的
1750923949993771155,Fri Jan 26 16:49:34 +0000 2024,4.0,False,False,0,0,0,211,@aaastody258 @FjordFoundry 遇到这种事情没办法，很多团队都是草台班子
1750896279289516110,Fri Jan 26 14:59:37 +0000 2024,4.0,False,False,0,0,0,571,@aaastody258 @FjordFoundry xd是啥
1750776597245038593,Fri Jan 26 07:04:03 +0000 2024,4.0,False,False,0,0,1,262,@oxreeder @YakaFinance 恭喜中奖，地址已经提交给项目方
1748234465309237633,Fri Jan 19 06:42:31 +0000 2024,4.0,False,False,0,0,0,3030,@zxy24407183 @SatoshiVM 嗯，提早几分钟开了，之前预告的时间是8点，如果按8点准备肯定赶得上
1747262482761343136,Tue Jan 16 14:20:13 +0000 2024,4.0,False,False,0,0,0,2439,@t1213121okok 也不错的
1745060352193393014,Wed Jan 10 12:29:44 +0000 2024,4.0,False,False,0,0,0,1401,@hgrock4 群友们的外设一个比一个好看
1745046339552170262,Wed Jan 10 11:34:03 +0000 2024,4.0,False,False,0,0,0,1882,@coding_toLex 好！
1743910773708259418,Sun Jan 07 08:21:43 +0000 2024,4.0,False,False,0,0,2,2348,@MizukoWatanabe @TinFunNFT 算错了哦
1742213575253615076,Tue Jan 02 15:57:39 +0000 2024,4.0,False,False,0,0,1,2273,@yenhong123 WAGMI
1741488199787221432,Sun Dec 31 15:55:16 +0000 2023,4.0,False,False,0,0,0,748,@jcjh10191 新年快乐 幽默王子
1741480195251663295,Sun Dec 31 15:23:28 +0000 2023,4.0,False,False,0,0,0,853,@giciullini Happy new year thunder fam!
1738829525788901499,Sun Dec 24 07:50:39 +0000 2023,4.0,False,False,0,0,0,362,@Adefire20 填简介里那个就好，每个月月初都会看
1737918521055805829,Thu Dec 21 19:30:39 +0000 2023,4.0,False,False,0,0,0,1461,@yvvy9310 @chenmo @jaysonhu2018 @ark_money 可以填下我推特简介的申请表，每个月月初会看的
1737918495067951125,Thu Dec 21 19:30:32 +0000 2023,4.0,False,False,0,0,0,213,@crazy32000ka @chenmo @jaysonhu2018 @ark_money 可以填下我推特简介的申请表，每个月月初会看的
1737902559166402851,Thu Dec 21 18:27:13 +0000 2023,4.0,False,False,0,0,1,452,@leonnn1993 @chenmo @jaysonhu2018 @ark_money 扣了的，税是每个区块降5%，我买的时候大概是20% https://t.co/46WSZab4xQ
1737897497694208220,Thu Dec 21 18:07:06 +0000 2023,4.0,False,False,0,0,1,2526,@buyer @chenmo @jaysonhu2018 @ark_money You in?
1736747878457176066,Mon Dec 18 13:58:56 +0000 2023,4.0,False,False,0,0,0,382,@cryptofishx $beeg = 大大大
1736630191643107747,Mon Dec 18 06:11:17 +0000 2023,4.0,False,False,0,0,0,3392,@0xKillTheWolf 😭
1736570626549391478,Mon Dec 18 02:14:35 +0000 2023,4.0,False,False,0,0,0,2372,@wongcan1988 段子还有较真的，照你这么说只要有人成本比你低你就别参与了
1736406988970701172,Sun Dec 17 15:24:21 +0000 2023,4.0,False,False,0,0,0,373,@cointomars @bounce_finance 25中1，很满意了
1735955721823588832,Sat Dec 16 09:31:11 +0000 2023,4.0,False,False,0,0,1,1886,@doctorDefi2020 你弄错了，这是这个人刚部署的，估计他test没货了，我来发推解释
1735623392978763897,Fri Dec 15 11:30:37 +0000 2023,4.0,False,False,0,0,1,178,@kdg1981 Matic链的matic
1735213198356410484,Thu Dec 14 08:20:39 +0000 2023,4.0,False,False,0,0,0,175,@0xYangNFT 碧，你不靠走，靠飞的
1734434472144376160,Tue Dec 12 04:46:17 +0000 2023,4.0,False,False,0,0,0,1572,@Web3CCC @MocaverseNFT 没赚到的你替我赚了
1728734206224920728,Sun Nov 26 11:15:27 +0000 2023,4.0,False,False,0,0,1,4240,@EuniceQXZ @SkyarkS 这可是史莱姆啊bro
1726787465892258204,Tue Nov 21 02:19:48 +0000 2023,4.0,False,False,0,0,0,3825,@HanweChang @blur_io @Blast_L2 gg what a cook
1726442625518141568,Mon Nov 20 03:29:32 +0000 2023,4.0,False,False,0,0,0,252,@Web3Summer 可能和SA的表现太拉胯有关，影响到探索AVAX生态的热情了
1726214600344166854,Sun Nov 19 12:23:26 +0000 2023,4.0,False,False,0,0,1,629,@tonyc0127 @ChameleonTravel 需要白的
1723639706674688054,Sun Nov 12 09:51:44 +0000 2023,4.0,False,False,0,0,0,512,@0xXiaoxin @ninjalerts 行
1723630745699389694,Sun Nov 12 09:16:07 +0000 2023,4.0,False,False,0,0,1,730,@confugen @ninjalerts 你应该好好学习中文
1723113981664170231,Fri Nov 10 23:02:41 +0000 2023,4.0,False,False,0,0,0,277,@0xYangNFT 难受呀 碧！
1722041864302559253,Wed Nov 08 00:02:29 +0000 2023,4.0,False,False,0,0,0,238,@frankgalag @alfred_trades 比较卡，多试几次就行
1721960224154870037,Tue Nov 07 18:38:04 +0000 2023,4.0,False,False,0,0,1,2648,@xiaomucrypto 太猛了
1721903532251750842,Tue Nov 07 14:52:48 +0000 2023,4.0,False,False,0,0,0,2381,@Sencrazy_ @dmitricherniak sen!
1721554509707747600,Mon Nov 06 15:45:54 +0000 2023,4.0,False,False,0,0,0,966,@jiruiqi110 @SimpsPunks 舒服了
1721540262529568827,Mon Nov 06 14:49:17 +0000 2023,4.0,False,False,0,0,1,1185,@Hajimi_8889 0x856f049b70FC94D7155B5B27d8a4b3C36EaabFA6 要不要把50个常用小号全发出来给你观摩？
1721404244530806791,Mon Nov 06 05:48:48 +0000 2023,4.0,False,False,0,0,2,1567,@AGuang294 @DBZ_CLUB 傻瓜？天才！
1721400568407830995,Mon Nov 06 05:34:12 +0000 2023,4.0,False,False,0,0,1,1804,@Jf5858777 天道酬勤
1721399373140283679,Mon Nov 06 05:29:27 +0000 2023,4.0,False,False,0,0,1,1599,@yenhong123 发财弘哥
1721399329540407420,Mon Nov 06 05:29:16 +0000 2023,4.0,False,False,0,0,0,1166,@cxy22674677 舒服了
1718391336871817490,Sat Oct 28 22:16:35 +0000 2023,4.0,False,False,0,0,2,3441,@hongshen6666 超哥？超人！
1718281646968037697,Sat Oct 28 15:00:43 +0000 2023,4.0,False,False,0,0,0,782,@forza_huang 谢谢支持
1717228724150849959,Wed Oct 25 17:16:47 +0000 2023,4.0,False,False,0,0,4,2069,@DekuKing1 MOG血亏，蓝猫小亏，Joe不赚不亏，哈利波特小赚
1717217327098503293,Wed Oct 25 16:31:29 +0000 2023,4.0,False,False,0,0,1,251,@CryptoWuti @hahazwei 一样的打钱然后抽签，第一个小时内打钱有6.9倍的概率
1717216094069707251,Wed Oct 25 16:26:35 +0000 2023,4.0,False,False,0,0,0,235,@CryptoWuti @hahazwei 冲
1717214226039939337,Wed Oct 25 16:19:10 +0000 2023,4.0,False,False,0,0,0,349,@toudou0000 可以挖矿，也可以换成NFT卖掉，所以这个收益统计不准的
1717208234367635862,Wed Oct 25 15:55:21 +0000 2023,4.0,False,False,0,0,0,851,@toudou0000 去了解一下那几个币是什么吧😂
1713978139137982968,Mon Oct 16 18:00:07 +0000 2023,4.0,False,False,0,0,1,1081,@richrichardoz 哈哈哈，我只看到一堆暴涨那几分钟刷牛回的，推特上比较早辟谣的应该是zoomer和方程式吧，都是你推荐过的
1713517332574912632,Sun Oct 15 11:29:02 +0000 2023,4.0,False,False,0,0,0,645,@CryptoWuti @0xWatell @flooringproto 再也不吃了
1712877153858343128,Fri Oct 13 17:05:11 +0000 2023,4.0,False,False,0,0,0,1757,@ZerosNFT @haydenzadams @tusdio 客观的
1712863651886157860,Fri Oct 13 16:11:32 +0000 2023,4.0,False,False,0,0,0,348,@0xJuraaa @haydenzadams @tusdio 学习了，有什么地方可以了解你说的这个内容吗
1710346256680394990,Fri Oct 06 17:28:18 +0000 2023,4.0,False,False,0,0,1,89,@Reboottttttt 已买，感谢支持
1709975168226041958,Thu Oct 05 16:53:44 +0000 2023,4.0,False,False,0,0,0,3525,恭喜 @Mia115637  请在24小时内私信你的钱包地址和Discord ID
1709786141111783741,Thu Oct 05 04:22:36 +0000 2023,4.0,False,False,0,0,0,838,@CryptoHuhu 这个设定太诡异了吧
1709769726145220979,Thu Oct 05 03:17:23 +0000 2023,4.0,False,False,0,0,1,1555,@Hiew04 这样稳妥，不过Twitter也有高仿号，还是得小心
1709768989784895894,Thu Oct 05 03:14:27 +0000 2023,4.0,False,False,0,0,1,448,@0x997K 怎么work mode看起来更悠闲
1709621824466878757,Wed Oct 04 17:29:40 +0000 2023,4.0,False,False,0,0,1,1658,@yeepink21 私密马赛 粉粉酱～
1708086030136647738,Sat Sep 30 11:46:58 +0000 2023,4.0,False,False,0,0,0,262,@skazygg I will share conviction play in my FT room too. Also most info in my alpha group are in Chinese so FT is better for English user🤝
1708085107645620444,Sat Sep 30 11:43:19 +0000 2023,4.0,False,False,0,0,0,86,@kckearly @McJAMES14014632 牛逼
1707384792113873183,Thu Sep 28 13:20:30 +0000 2023,4.0,False,False,0,1,0,1523,@sisibinance @cz_binance @binance 中秋快乐~
1704116406672031887,Tue Sep 19 12:53:06 +0000 2023,4.0,False,False,0,0,0,493,@ShotoXBT meow @CL207
1702661271802581024,Fri Sep 15 12:30:55 +0000 2023,4.0,False,False,0,0,1,817,@ediephant 朋友科技
1702015426623062227,Wed Sep 13 17:44:34 +0000 2023,4.0,False,False,0,0,1,1345,@website @friendtech Bought!
1701840634892702076,Wed Sep 13 06:10:00 +0000 2023,4.0,False,False,0,0,2,1113,@AMAN_TANG_ 片尾那个好像温州炒粉干😋
1701371725857100226,Mon Sep 11 23:06:44 +0000 2023,4.0,False,False,0,0,0,211,@rozthesa 是的，但是当时卖掉的话也相当于承担可能没被快照进去的风险了，而且那时候已经限卖单笔100个了，所以影响比较小了
1701358363110682985,Mon Sep 11 22:13:38 +0000 2023,4.0,False,False,0,0,0,424,@DanielW90005986 没错的
1700734300537372979,Sun Sep 10 04:53:50 +0000 2023,4.0,False,False,0,0,0,3116,@shirleyusy 不容易
1699653873273913635,Thu Sep 07 05:20:36 +0000 2023,4.0,False,False,0,0,0,2345,@sleepy0x13 超级好文
1699232475770499460,Wed Sep 06 01:26:07 +0000 2023,4.0,False,False,0,0,1,204,@Vivien_7z 是合约借他们的交易卖出，钱去了项目方的钱包，和那两个钱包没关系
1697443993821609992,Fri Sep 01 02:59:19 +0000 2023,4.0,False,False,0,0,1,6648,@hahazwei 九月最好笑预定
1693659292262646270,Mon Aug 21 16:20:16 +0000 2023,4.0,False,False,0,0,1,157,@zyiyi12 有没有可能那是以太坊的符号Ξ
1693654102230925552,Mon Aug 21 15:59:39 +0000 2023,4.0,False,False,0,0,0,1878,@Billions_2022_ 一月，不是一个月
1692353648943419756,Fri Aug 18 01:52:06 +0000 2023,4.0,False,False,0,0,1,2511,@AMAN_TANG_ 我说不绿比较好 大盘直接红给我看
1692345781867659406,Fri Aug 18 01:20:51 +0000 2023,4.0,False,False,0,0,0,2382,@ediephant 捏了但没完全捏，光顾着截图忘记平仓了🥱
1692015268292370855,Thu Aug 17 03:27:30 +0000 2023,4.0,False,False,0,0,0,1300,@Core_Yuan 719是测试网
1690596695774781440,Sun Aug 13 05:30:36 +0000 2023,4.0,False,False,0,0,1,2126,Seedworld的目标是打造一个大型多人在线角色扮演游戏（MMO），其中包含资源、制造、交易和大量的元宇宙类目，从而使玩家、游戏进程以及虚拟世界中的经济体系之间构建联系。 https://t.co/Pp9vx5e6ZS
1690596679865749504,Sun Aug 13 05:30:32 +0000 2023,4.0,False,False,0,0,1,1943,Seedworld的游戏体验极为丰富，包括射击、竞速、探险等等。不仅于此，通过货币化的工具，用户还可以将自己创造的游戏和社交体验转化为收入，从而打造了一个允许创作者经济存在的元宇宙体系。
1690292487896920064,Sat Aug 12 09:21:47 +0000 2023,4.0,False,False,0,0,2,420,@AMAN_TANG_ ٩(ˊ〇ˋ*)و źźŹ
1689746061903200256,Thu Aug 10 21:10:29 +0000 2023,4.0,False,False,0,0,1,682,@bowei_z 年初有算过的，还发了帖子
1689093189037346816,Wed Aug 09 01:56:12 +0000 2023,4.0,False,False,0,0,1,595,@AMAN_TANG_ @rollbitcom 是看到了却没有打的大金狗😭 应该是和ENS社区有关系的，之后可以在图片上展示自己的ENS，和去年的 @ENSMaxisNFT 类似的感觉
1689091201365102592,Wed Aug 09 01:48:18 +0000 2023,4.0,False,False,0,0,1,1357,@AMAN_TANG_ @rollbitcom 虾米意思
1688777478356221952,Tue Aug 08 05:01:41 +0000 2023,4.0,False,False,0,0,1,2390,@linsoven 是的，滑点要调是因为极少数情况下这类节点也会被夹
1688776886581944320,Tue Aug 08 04:59:20 +0000 2023,4.0,False,False,0,0,0,2092,@GuoTanga 这类节点的交易不成功是不会上链的，直接进行下一笔操作即可
1688768847619510272,Tue Aug 08 04:27:23 +0000 2023,4.0,False,False,0,0,1,2854,@0xyyong 个人感觉Mevblocker更快一些
1688634407488507904,Mon Aug 07 19:33:10 +0000 2023,4.0,False,False,0,0,0,299,@bq0826 这个倒确实，币圈是可以靠认知变现的
1688024177192927232,Sun Aug 06 03:08:20 +0000 2023,4.0,False,False,0,0,1,2798,@1PlanBNFT 好像也没什么问题🤔
1687891631742283776,Sat Aug 05 18:21:39 +0000 2023,4.0,False,False,0,0,1,3383,@richnftweb3 @HanweChang 出错Bid的这个人排在Blur积分榜第五，不是普通的机器人 https://t.co/n15nbPjca5
1686958424704405504,Thu Aug 03 04:33:25 +0000 2023,4.0,False,False,0,0,1,2861,@AMAN_TANG_ @Catshealdeprsn @morti 你们居然认识，我的世界线彻底交错了
1686927609534586880,Thu Aug 03 02:30:58 +0000 2023,4.0,False,False,0,0,1,463,@AMAN_TANG_ 刚忙完躺下😶
1686926313201033216,Thu Aug 03 02:25:49 +0000 2023,4.0,False,False,0,0,1,169,@cxx88888 已经满了，排队人数太多了，只能等九月啦
1686542870122278912,Wed Aug 02 01:02:09 +0000 2023,4.0,False,False,0,0,0,384,@zzyygg521 一起八月开门红
1686529244409757699,Wed Aug 02 00:08:00 +0000 2023,4.0,False,False,0,0,0,215,@ae96631312 有付费群，感兴趣可以填一下我推特简介里的申请表，这个月应该没位置了
1686457301874692096,Tue Aug 01 19:22:08 +0000 2023,4.0,False,False,0,0,0,133,@0xMajor_ @ElZamani19 😂
1686454245971881984,Tue Aug 01 19:09:59 +0000 2023,4.0,False,False,0,0,1,8198,@zh102203 那个应该是假号
