id,createdAt,goldScore,domainId,favoriteCount,retweetCount,viewCount,hasArticle,url,text
2078776322634170867,Sun Jul 19 09:37:51 +0000 2026,6.9,capital_compound_defense,549,108,1924661,False,https://x.com/0xmagnolia/status/2078776322634170867,"小资金暴击高倍数就三要素
一.点位
1.勤扫链尽量拿到开盘点位。
2.叙事还在，经历过归零洗盘的死亡点位。

二.止盈
1.每个市值阶段找到锚定参照物，判断它可以走到哪步，尽量最大化利润。
2.风险最低化止盈，情绪指标，链上追踪做市钱包，会看顶背离。

三.滚仓
1.时刻牢记你是来赚钱的，执念太深会让你失去最基本的逻辑判断，你苦苦追求结果，反而会落得一场空。
2.在找到那枚让你实现资产代际跃迁的币之前，你需要的是攒够足够的本金。"
1842064940791955602,Fri Oct 04 04:51:20 +0000 2024,5.6,capital_compound_defense,1126,171,361427,False,https://x.com/0xmagnolia/status/1842064940791955602,"小资金如何在一级存活下来？（50u起步）
具体包括以下内容:
1.怎么找到优质项目，不参与PVP
2.如何在提高胜率下稳健止盈
3.判断出货点位，以及滚仓标埋伏
4.资金大了怎么开始运作？
  前言:因为之前投票让大家选择小资金，大部分选的50u，所以就以50u作为例子来起更。
小资金最重要的就是求稳，切记千万不要赌。小资金更需要稳健滚仓，一旦错了一步，全盘皆输，大资金还有赌的机会，因为风险承担能力强。但小资金不行，你输一次那就是真输了。"
2087797394641735822,Thu Aug 13 07:04:22 +0000 2026,5.1,capital_compound_defense,653,97,67540,False,https://x.com/0xmagnolia/status/2087797394641735822,"本金越少越要减少试错。你的本金是有限的，不能浪费在无止境的PVP中。

你就跟踪聪明钱,带入他的视角，打开盈亏表，为什么会亏钱，为什么又会盈利。

不停复盘总结,直到形成自己的交易逻辑。

没有人生来就会交易，会归纳总结才是。 https://t.co/sF9GuLvAjQ"
1795327103426245021,Tue May 28 05:31:51 +0000 2024,4.7,capital_compound_defense,231,43,116334,False,https://x.com/0xmagnolia/status/1795327103426245021,"《一二级仓位分配》（分为大资金量和小资金量篇）
  大资金量篇（声明:所有仓位分配建立在所选项目都是相对底部的情况，打新追高的项目需要另开一篇帖子讲）
  1.如果总资产已经达到A7不太建议把主要仓位放在一级市场。因为玩一级已经是加了杠杆，不要过于激进，所以要在守住资产的情况下（赚钱容易守财难），再进行滚仓。
 
 2.假设你有100w，一二级仓位三七分，一级占30%，二级占70%。一级项目持仓不建议超过四个，每个留有1w刀作为土狗分配，配备至少三个钱包（出货用的，且防止有人跟单观察）。首先不能刚开始建仓就把这1w刀梭哈进去。
  以我的习惯，我找到看好的一级土狗我会先用第一个钱包建仓2000u，如果跌了就用第二个钱包慢慢补仓降低成本，补到3000u就停止补仓，换第三个钱包用剩下5000u择机加仓或者追高补涨。剩下的3w刀也是同理。每个项目都要建新的三个钱包。不要嫌麻烦。因为一级市场你这个资金量很容易被监控。
  不太建议一个钱包同时买超过2个项目。
所以嫌麻烦的可以用四万刀分配四个项目，用6个钱包。（因为我一级习惯用u做单位，二级习惯用rmb做单位，希望别把你们弄混淆）
  
  3.二级现货仓位怎么分配这剩下的70w呢？首先你的现货分配不能超过5个项目，而且要找一个你只看好的现货作为你的主仓位，用30w来作为这个项目的总投资量。我的习惯是先买10w作为底仓，因为二级的节奏相对一级比较慢，所以不要忙着补仓，一般我是这个币单日跌幅超过8%我会加1w，超过15%加2w，遇到黑天鹅超过25%加5w。然后剩下的钱再找机会慢慢补仓。
   剩下的40w，四个项目，你分为小仓位两个，彩票仓两个。
  小仓位两个项目各分配15w。建仓先建4w，剩下的跟主仓位同理补仓，你们按比例换算一下。
   彩票仓两个项目各分配5w。因为彩票仓要找低市值蹭热度的币（市值低于2000w主要是币安跟ok的现货，其他二线交易所的有些现货相当于土狗）
    直接建仓就买3w（因为一般这种跌不了太多了我找的都是基本纯底部那种，除非运气不好遇到 $goal 这种司马项目跌了我一半）
  如果单日跌幅超过15%再补仓，这种彩票仓博的就是高倍数。等热点散去前直接卖完就好。

小仓位篇讲的有点多所以要再开一篇讲，还有怎么一二级出货我也会单独开一篇。"
1796063336729395546,Thu May 30 06:17:23 +0000 2024,4.7,capital_compound_defense,171,29,221699,False,https://x.com/0xmagnolia/status/1796063336729395546,"简单讲一下如何现货滚仓
  1.因为现货最考验耐心，例如:即使观察到om的庄从23年2月就开始建仓，但是一直磨到23年11月才开始拉盘，洗了9个月，所以要多配备点现货来避免资金占用。利用其它现货的盈利来加仓其它没有涨的币。（怎么找优质现货在我亮点里）

  2.当然你出盈利的时候不是让你全仓出完，如果这个币已经是从底部突破有上升趋势，建议你每次出这个币总仓位的15%的利润（求稳就出25%），避免踏空所有涨幅。也避免庄深度回调洗出你大部分利润。（怎么判断山寨高点出货在我亮点里）

  3.仓位分配里讲了你现货同时持仓最好不要超过五个。最好五个都是不同的板块 例如 rwa、ai、L2、元宇宙、defi等等还有短期体育板块"
2019989600320839852,Sat Feb 07 04:20:24 +0000 2026,4.4,capital_compound_defense,551,69,60340,False,https://x.com/0xmagnolia/status/2019989600320839852,"把变现当成归零。
我第一次进圈，其实没什么野心。
只是想换一套好一点的化妆品。
买到了，就开始想：
能不能再配一台好点的电脑？
实现了，又想去看看世界。
环球旅行回来，想买车。
买完一辆，又想第二辆。
再后来，是房子，一套、两套、三套。
每当实现一个物欲需求后圈内基本留不下多少u，达到所需金额就立马花掉。因为按照我的性格不花掉就会亏掉，当你赚到超出认知范围的钱，人自然会飘。那时候理性最少，野心最大。总以为自己还能更上一个阶级。

要明白，币圈只是让你来改善生活的。并且变现花掉的钱永远不要再提回来。往往你要提回来的时候已经是进入低谷期了，但是低谷期并不会马上过去，反而会持续很久，毕竟你意气风发的时候并没有想到会有低谷。

你要寻求个人目标，达到什么阶级，等你物欲消散后，你就会清楚该怎么去做了，该经历的坎你已经踩过了。"
1915307147581415553,Thu Apr 24 07:29:43 +0000 2025,4.2,capital_compound_defense,942,219,477785,False,https://x.com/0xmagnolia/status/1915307147581415553,"找到两个确定性的币
1.先吃到第一个币的二浪，然后降仓位寻找另一个板块的alpha，尽量吃到一浪
2.这个时候开始降第一个币的仓位，开始埋伏每天交易量在1m左右且日线横盘的币。
3.等第一二币出现4h迅速下插，开始用埋伏的币进行补仓
4.回涨时再回滚到其它埋伏的币种
5.用第一 第二的币的盈利抽出10%来进行PVP
6.在盈利在3倍时开始止盈，留出sol或u，保留在总金额的20%，再重复1到5，加大杠杆。
7.每天逼自己止盈至少1%出金，存着"
1977300641430028709,Sun Oct 12 09:09:44 +0000 2025,3.9,capital_compound_defense,376,26,64955,False,https://x.com/0xmagnolia/status/1977300641430028709,"“……你又哭了 为什么？”

“我梦见了好多次归零。梦见自己在一个又一个循环里，看着资产蒸发，看着希望崩塌。可不知为什么，每一次，我都还是点开了那个交易窗口。”

“那为什么还要继续？明明结局总是一样的”

“也许我真的累了，但我不想在绝望最深处，让希望看见我低头的样子。”

“你总是这样……明明遍体鳞伤，还要往前，如果这次又归零了怎么办？”

“我知道有风险，可我还是想试一试。
就算又归零，也比什么都不做强。”

“你要是撑不住了可别一个人硬抗哦，说好了炒币的笨蛋下辈子还要在一起呢”"
1620662915878760448,Wed Feb 01 05:58:44 +0000 2023,3.7,capital_compound_defense,113,50,70936,False,https://x.com/0xmagnolia/status/1620662915878760448,在这轮反弹中我3个月前布局的 $apt $high $gal 都有较大涨幅，可惜我apt 10u的时候就跑了没吃到全部涨幅，所以我简单阐述一下我的二级买币逻辑，但不构成投资建议 https://t.co/BA5cB98shF
1628008041756135424,Tue Feb 21 12:25:38 +0000 2023,3.6,capital_compound_defense,555,206,223799,False,https://x.com/0xmagnolia/status/1628008041756135424,"《二级市场如何埋伏彩票险中求胜》
–主要包括以下内容：
1.赛道确定，赛道小市值项目如何选择；
2.如何判断有庄吸筹，切时点位埋伏；
3.彩票出货点位逻辑；
4.二级市场信息主要来源；以及相关博主推荐，如何判断利好，如何筛选信息提高判断力；
5.小彩票如何进行仓位分配，以及长期现货仓位配置；"
1980865668846350620,Wed Oct 22 05:15:52 +0000 2025,3.4,capital_compound_defense,489,15,291078,False,https://x.com/0xmagnolia/status/1980865668846350620,"建了一个x community。真正的大机会是每个人都看得见的。
1.大家可以在这个社群里随意丢ca，但需要附上官推以及tg或者其它社区渠道。
2.每天我都会对这些ca进行多维度评析，然后进行评论（垃圾ca不予置评）。最后会筛选出我认为有潜力的ca做个分类排名。
3.我也会每日审查如有垃圾广告或者水军行为会进行封禁。
4.也可以分享你最近遭受的瓶颈，我看到也会一一回复。
5.不论牛熊我希望这个社群都可以保持互帮互助的精神，希望大家友善一点可爱一点。
6.未来是属于你们的。"
1904946128787013823,Wed Mar 26 17:18:43 +0000 2025,3.4,capital_compound_defense,193,33,118030,False,https://x.com/0xmagnolia/status/1904946128787013823,"I AM HODLING

I type d that tyitle twice because I knew it was wrong the first time. Still wrong. WHY AM I HOLDING? I'LL TELL YOU WHY.

It's because I'm a bad trader and I KNOW I'M A BAD TRADER. Yeah you good traders can spot the highs and the lows pit pat piffy wing wong wang just like that and make a milliions of bucks sure no problem bro.

Likewise the weak hands are like OH NO IT'S GOING DOWN I'M GONNA SELL he he he and then they're like OH GOD MY BUTT IT WENT UP AND NOW I’M BUYING BACK FML.

You know what I'm doing? I'm holding. That's right. Holding. Because I'm a bad trader and I can only go up or down.

It turns out that I only make the wrong decision when it matters. So I'm just gonna hold this until the end of the ride."
1859154185427841058,Wed Nov 20 08:37:53 +0000 2024,3.4,capital_compound_defense,190,33,75525,False,https://x.com/0xmagnolia/status/1859154185427841058,"The final breakout of a cryptocurrency is often marked by a series of consecutive daily surges, forming the coin’s ultimate pattern. Until this stage is reached, all movements serve primarily to shake out weak hands. https://t.co/Vf3aAF0VYp"
1806620496324383087,Fri Jun 28 09:27:46 +0000 2024,3.1,capital_compound_defense,502,40,162792,False,https://x.com/0xmagnolia/status/1806620496324383087,"交易不是天赋，会归纳总结才是。
   根据八二法则虽然成为有钱人很大程度上需要运气，而且是接连的好运。但你必须具备基本相应的知识素养，才能让你在幸运来临时有机会抓住它。
    这就跟滚仓一样，如果你不能对一个币有个基本面概括分析，那么运气赚来的钱迟早会溜走。
  系统的学习和不断的总结才是长久获利的关键。"
1806923860467650575,Sat Jun 29 05:33:14 +0000 2024,3.1,capital_compound_defense,144,18,106711,False,https://x.com/0xmagnolia/status/1806923860467650575,"实现财富跃迁的关键是滚仓复利。
  你是做投资，不是当信徒。
  有些家人会买不会卖，看着币不停涨就被洗脑出信仰了反而不会止盈出本。我通常会加些群看散户情绪面，如果这个币已经走的差不多再加上社区FOMO情绪高涨，我基本都会出完。
  并不是每个币都是shib能让你一币自由，而且市场上真的不缺好币，我们要学会的是确定性高的打法，而不是广撒网跟pvp。"
2074998440829022343,Wed Jul 08 23:25:54 +0000 2026,3.0,capital_compound_defense,54,6,40169,False,https://x.com/0xmagnolia/status/2074998440829022343,你问 $114514 为什么拉盘了，因为下个月 8月10号是日本homo最大的圣地巡礼日。 https://t.co/wNqTQ9ydo2
1832991514613645604,Mon Sep 09 03:56:47 +0000 2024,2.9,capital_compound_defense,409,28,131123,False,https://x.com/0xmagnolia/status/1832991514613645604,"既然玄学就玄学到底。做个预言贴我看能不能活到那个时候。
  我是旺水金命，五行缺火，土火是我的财星，2024年到2043年是九紫离火运，在这期间火很旺盛，再根据大运跟流年，24—28年是我的丙戌大运，火土旺盛期，特别是在2025-2027年是我的财运上升期。
  九紫离火运旺什么？科技与信息产业：高科技、人工智能、互联网、5G、区块链。新能源与电力：太阳能、光伏发电、电动汽车、清洁能源。金融与投资：互联网金融、金融科技、风险投资、加密货币。
  我手上有幸运女神线，可以给周围人带来好运，希望明年我能把我的财运带给你们。🫶"
1882330262882939384,Thu Jan 23 07:31:21 +0000 2025,2.9,capital_compound_defense,140,13,54491,False,https://x.com/0xmagnolia/status/1882330262882939384,"新型钓鱼🎣方式
钓鱼团队会对你的钱包发送 持有代币 同名貔貅币，只要你不小心买入，他们就会立刻卖出。
以下是钓鱼团队地址
AjFt8e4cW2Hgtq5AFeKGXPHuzZrhHtgpbyiAU8MV1Ccd

C5Jtpi8ELXWbcDtkv17Jg3Yo3bp946MTc9Qv5sLDMsgU

7YddBVgP61pX7c6fsVRxovjto6osdggPtDkojT9reJL4"
1811724326271631730,Fri Jul 12 11:28:34 +0000 2024,2.9,capital_compound_defense,75,7,48868,False,https://x.com/0xmagnolia/status/1811724326271631730,钱多只是把容错率变高，钱少承担风险的能力很弱，偶尔失误一两次就归零了。广撒网的老韭菜有足够的资金去进行风险博弈。所以大部分没有内幕的聪明钱，就是靠多金广撒网，叠起来的胜率。
1969611518196269278,Sun Sep 21 03:55:54 +0000 2025,2.8,capital_compound_defense,898,70,92119,False,https://x.com/0xmagnolia/status/1969611518196269278,"各位，不要焦虑。
只有快要达到顶峰时，天赋才会出来看你一眼，剩下的时候都是你和努力两个在互相嫌弃，你嫌弃他不是天赋，它嫌弃你没有努力，而你最终活在没有天赋的影子里，却看不见如烈焰一般的努力。
  你自身就是最大Alpha。 https://t.co/qpZqHfKwmX"
1913108204134994343,Fri Apr 18 05:51:54 +0000 2025,2.8,capital_compound_defense,481,12,90701,False,https://x.com/0xmagnolia/status/1913108204134994343,我觉得大家一起聊天讨论，形成自己的交易逻辑 投资体系才是真的 SocialFi。 https://t.co/U1tp0zBIRa
2000837558927048715,Tue Dec 16 07:57:02 +0000 2025,2.8,capital_compound_defense,396,34,40341,False,https://x.com/0xmagnolia/status/2000837558927048715,"雨季教会我们的从来不是如何躲避，而是认清自己本就是会流动的河。

你积攒的每滴泪，最终会托起你漂向新的流域。你忍过的每阵寒，终将化作对温暖更敏锐的感知。

当有天你站在晴空下拧干衣摆，会听见所有潮湿的往事正从指缝蒸发成云。

它们还会落雨，但再也淋不透现在的你。 https://t.co/UaT52SHmPW"
1803317392069763513,Wed Jun 19 06:42:24 +0000 2024,2.8,capital_compound_defense,249,22,230308,False,https://x.com/0xmagnolia/status/1803317392069763513,我把我该教的全部教给你们了，置顶跟亮点你们好好看完过吗？不要老想着让别人带你们赚钱，只有你们融会贯通形成自己的交易体系后才能真的赚钱。我说过了，你们自己就是最大的Alpha。 https://t.co/LUWdefHqKm
1810986788028305781,Wed Jul 10 10:37:51 +0000 2024,2.8,capital_compound_defense,224,195,154803,False,https://x.com/0xmagnolia/status/1810986788028305781,"这些是六六一伙的推特，之前你们暗黑蛙割了多少人，这次还想来？  @X_Liuliu0312  @shengyangnb
 @bitcoin_jjj  @seeuniceday  @babyshibs  @LUCINDA0712 
@Ratsdao210026 https://t.co/edMIf8udnN"
1913562195314516048,Sat Apr 19 11:55:54 +0000 2025,2.8,capital_compound_defense,215,22,48759,False,https://x.com/0xmagnolia/status/1913562195314516048,这五个月挺感动的，很开心能够认识英文社区的伙伴们，我也没想到大家真的可以因为热爱OIIAOIIA凝聚在一起。💚♻️💚 https://t.co/UrtICrDi0S
2076576459981033699,Mon Jul 13 07:56:23 +0000 2026,2.8,capital_compound_defense,179,1,15728,False,https://x.com/0xmagnolia/status/2076576459981033699,@leto_bao 那你7.2号为什么不发你跑掉了，还给低位拿着的人说不慌，你自己都慌，一直说车轱辘话，你以为推特上的人是傻子吗 https://t.co/NaKMBu6WR0
2073702000030842966,Sun Jul 05 09:34:18 +0000 2026,2.8,capital_compound_defense,150,9,49918,False,https://x.com/0xmagnolia/status/2073702000030842966,庄洗盘不会洗太绝，偶尔会留几个版本之子，因为暴富故事必须要有人传颂，没人传颂下一次故事就讲不通了。 https://t.co/f2yFwtttVn
1842081604174545042,Fri Oct 04 05:57:33 +0000 2024,2.8,capital_compound_defense,65,2,86852,False,https://x.com/0xmagnolia/status/1842081604174545042,"二.小资金怎么稳健止盈滚仓
我先贴一个你小资金量起来了怎么操作的贴。https://t.co/8Y1Z06nzYa

50u,不准参与PVP，你输了一次就是全盘皆输。就按我上面说的优质标找币。小资金你一定要有耐心。我就是小资金过来的，21年4.17号400多u进圈https://t.co/aVUvTn9nzm"
1806698741405220914,Fri Jun 28 14:38:41 +0000 2024,2.7,capital_compound_defense,272,25,91105,False,https://x.com/0xmagnolia/status/1806698741405220914,脑子最好使的就这几年了，所以想赚钱要趁早，当然身体保养要做好。我一般每天早晚吃两次复合维生素片，鱼肝油VA，奶蓟草护肝片，葡萄籽烟酰片。牌子选Swisse 跟garden of life就行，汤臣倍健中规中矩。男生的话不清楚，是不是要吃六味地黄丸？
2047646159079116912,Fri Apr 24 11:57:42 +0000 2026,2.7,capital_compound_defense,143,12,22964,False,https://x.com/0xmagnolia/status/2047646159079116912,@EliseFolso71390 从一月到现在 企鹅 猴子 太空狗，都有一个赌流量曝光的二段，就找这样的吧，第一时间没上车，看小时线，12小时之内的震幅在50%就有人护盘，他们也在赌二段，或者他们自己买新闻。
2062368688981090659,Thu Jun 04 02:59:47 +0000 2026,2.7,capital_compound_defense,134,7,41695,False,https://x.com/0xmagnolia/status/2062368688981090659,"说白了，早早喊12w止盈的没几个。
上一轮从 6w9（69,000）到 1w5（15,000）下跌约 78.26%。
这轮12w5（125,000）到 3w8（38,000）下跌约 69.6，有什么问题，熊市千万别太乐观。"
1764264946156839203,Sun Mar 03 12:21:56 +0000 2024,2.7,capital_compound_defense,106,23,43856,False,https://x.com/0xmagnolia/status/1764264946156839203,"家人们一定要学会现货滚仓，即使本金很少也能实现财务自由。
$vanry 是我在持有 $om 期间找的标， $for 是在  $vanry 持有期间找的，用你现有持有币种的盈利去慢慢加仓你看中的币，二级市场最简单怎么看一个币到达短期定点的方法就是币安公告出合约
参考 $polyx $om ，这个时候就基本出完，加仓下一个"
2060061851933982837,Thu May 28 18:13:14 +0000 2026,2.6,capital_compound_defense,60,7,25053,False,https://x.com/0xmagnolia/status/2060061851933982837,"pearlhash更新了v8，大约可以提升60TH的算力
Ctrl➕C 暂停挖矿 然后复制粘贴下面指令

curl https://t.co/Tkg57QWek3 -o pearl-miner &amp;&amp; chmod +x pearl-miner

再链接矿池依旧复制粘贴

./pearl-miner --host 129.226.55.135:9000 --user &lt;这里面填你的钱包地址&gt;"
2082051130981535858,Tue Jul 28 10:30:46 +0000 2026,2.6,capital_compound_defense,58,0,8193,False,https://x.com/0xmagnolia/status/2082051130981535858,"@LexaproTrader You fucking retarded nigger dogshit actually hit a woman and still got your ass whooped screaming like a bitch. You should cut your own balls off, shove your dick in your stinking mouth to shut it up, and suck yourself off."
1811302565247889849,Thu Jul 11 07:32:38 +0000 2024,2.5,capital_compound_defense,99,57,54639,False,https://x.com/0xmagnolia/status/1811302565247889849,a不能证明b，现在还在电报群里给别人洗脑这个老外开的盘子，避重就轻，你们以为你们割人的事情能过去吗？你们之前开了这么多盘子 黑青蛙 hoppy自行车 matt 青蛙杀手 O’Malley防盘，这些是事实。这种人的人品还有些人执迷不悟跟着他们建设是在干什么？ https://t.co/243Xq6YpVd
2095001000440692886,Wed Sep 02 04:08:56 +0000 2026,2.5,capital_compound_defense,74,0,15748,False,https://x.com/0xmagnolia/status/2095001000440692886,@jiujinshan2022 你被坑了，我300平别墅，装修总共才花了58万，岩板这是最便宜的东西，1平米才100块，你自己选材料淘宝买，都是从广东佛山发货。现在装修行业不容易，能坑一个是一个，所以要自己去建材城砍价。只要有的赚他们就能做
2076583442914123935,Mon Jul 13 08:24:08 +0000 2026,2.5,capital_compound_defense,44,1,7955,False,https://x.com/0xmagnolia/status/2076583442914123935,@leto_bao 怎么，海力士就不是存储了？所以为什么上个月跑了，现在才出来说
1804026873741217974,Fri Jun 21 05:41:38 +0000 2024,2.5,capital_compound_defense,44,3,55700,False,https://x.com/0xmagnolia/status/1804026873741217974,$mtl 再讲一遍省的有人钻牛角尖，因为币安公告今早10点才出，太晚了。如果提前一个星期出完全能吃完这波置换涨幅，如果到23号 $mtl 能涨回1.5，那就可以出个本金，剩下的部分博取置换后upbit那边的做主力的可能。懂了吗？不懂的需不需要我一对一辅导？
1960248651885736150,Tue Aug 26 07:51:12 +0000 2025,2.5,capital_compound_defense,34,4,3217,False,https://x.com/0xmagnolia/status/1960248651885736150,@Mrliang99126868 如果方法是错误的，即使偶然成功，也不能视为真正可靠的成功之路。运气带来的结果只是偶然的馈赠，而不是可以依赖的成功本质。但是偶然的馈赠会夯实你成功的道路。
1919783740169191572,Tue May 06 15:58:06 +0000 2025,2.5,capital_compound_defense,31,0,33932,False,https://x.com/0xmagnolia/status/1919783740169191572,因为小号才敢这么玩，杠杆拉满，测试操作上限。有几次虽然量到位了，但支撑线破位了。80%还是赌，有时候还是过分相信k线了所以好几个小币都是转盈为亏。
1628266197266599936,Wed Feb 22 05:31:27 +0000 2023,2.5,capital_compound_defense,28,1,13497,False,https://x.com/0xmagnolia/status/1628266197266599936,0.02那部分是第一浪，0.029那部分是第二浪，最后两个大阳柱冲高0.037那波就是第三浪，但凡出现15分钟级别线，三浪两个阳柱大拉升基本可以跑完，接着寻找下一个彩票慢慢滚仓
1919782186401857682,Tue May 06 15:51:55 +0000 2025,2.4,capital_compound_defense,61,0,16558,False,https://x.com/0xmagnolia/status/1919782186401857682,我也想总结一套稳定盈利的办法，毕竟金狗不常有，还是希望真能通过点位交易多盈利。但还不完善。但总体下来没有吃到多少浮亏。吃到的盈利该出都出了。
1836182074598003125,Tue Sep 17 23:14:55 +0000 2024,2.4,capital_compound_defense,46,2,29280,False,https://x.com/0xmagnolia/status/1836182074598003125,这个庄强的有点过头了，官推被封还能这么拉，我现在出完了一个钱包，等下出个教程教大家怎么分仓止盈。 https://t.co/NuKdp4RxmR
1919781378469855681,Tue May 06 15:48:43 +0000 2025,2.4,capital_compound_defense,41,2,15881,False,https://x.com/0xmagnolia/status/1919781378469855681,因为需要看点位波段，这个月总共交易了2237次，但这号胜率不高主要还是吃一段跟二段的波段收益
2046489385290588174,Tue Apr 21 07:21:06 +0000 2026,2.3,capital_compound_defense,59729,5903,4338999,False,https://x.com/0xmagnolia/status/2046489385290588174,有点臭钱怎么了，日本人大惊小怪的 https://t.co/1pMxKSvAXt
2008412287078723919,Tue Jan 06 05:36:18 +0000 2026,2.3,capital_compound_defense,1256,3,204446,False,https://x.com/0xmagnolia/status/2008412287078723919,@yunjiu https://t.co/XJook0ecta
2046652834830234058,Tue Apr 21 18:10:35 +0000 2026,2.3,capital_compound_defense,770,7,238520,False,https://x.com/0xmagnolia/status/2046652834830234058,@atara4_etc https://t.co/WpWvlh7zU3
1908530775261069822,Sat Apr 05 14:42:50 +0000 2025,2.3,capital_compound_defense,727,42,366629,False,https://x.com/0xmagnolia/status/1908530775261069822,Keep spinning https://t.co/cRsXmwHqPZ
1889456495794041009,Tue Feb 11 23:28:27 +0000 2025,2.3,capital_compound_defense,713,88,24333,False,https://x.com/0xmagnolia/status/1889456495794041009,@NoContextCrap https://t.co/qVYCGm8d1V💚 https://t.co/axx1laB0PJ
2046604920070242335,Tue Apr 21 15:00:11 +0000 2026,2.3,capital_compound_defense,497,0,203367,False,https://x.com/0xmagnolia/status/2046604920070242335,@akira_rs660 https://t.co/v2I4WEz0Vb
1960203888914825336,Tue Aug 26 04:53:20 +0000 2025,2.3,capital_compound_defense,444,34,81981,False,https://x.com/0xmagnolia/status/1960203888914825336,"不是看到了希望才去坚持，
而是坚持了才看到希望。 https://t.co/juUqlzMxok"
1963856574440685993,Fri Sep 05 06:47:48 +0000 2025,2.3,capital_compound_defense,373,26,50352,False,https://x.com/0xmagnolia/status/1963856574440685993,"投资从来不是一帆风顺
你最大的敌人只是时间 https://t.co/HvYBRhOeEN"
1950429030286524914,Wed Jul 30 05:31:32 +0000 2025,2.3,capital_compound_defense,353,32,131545,False,https://x.com/0xmagnolia/status/1950429030286524914,"扒庄不是做不做的问题，而是必须要做。
你可以明面上不说，但你自己要清楚。 https://t.co/m4ku778aTf"
1907717717404037559,Thu Apr 03 08:52:02 +0000 2025,2.3,capital_compound_defense,318,40,67476,False,https://x.com/0xmagnolia/status/1907717717404037559,哪有什么持之以恒，只是不愿认命罢了。 https://t.co/D1gKbjJ0rS
1971893401638584447,Sat Sep 27 11:03:17 +0000 2025,2.3,capital_compound_defense,312,3,67356,False,https://x.com/0xmagnolia/status/1971893401638584447,熬呗 看谁命长 https://t.co/X7l3QM4g51
1932893502792478850,Wed Jun 11 20:11:37 +0000 2025,2.3,capital_compound_defense,273,6,43091,False,https://x.com/0xmagnolia/status/1932893502792478850,"一根阴线打破幻想，三根阴线粉碎信仰。
一根阳线重塑立场，三根阳线改变信仰。 https://t.co/JV5f3Jb2Jq"
1994402466037965120,Fri Nov 28 13:46:16 +0000 2025,2.3,capital_compound_defense,256,18,31521,False,https://x.com/0xmagnolia/status/1994402466037965120,"加油
其实
人生在世 
是不需要别人建议的
有些事没有经历过 是不会明白的 https://t.co/NPwjoUKaZ5"
1869318258463216062,Wed Dec 18 09:46:17 +0000 2024,2.3,capital_compound_defense,233,22,35276,False,https://x.com/0xmagnolia/status/1869318258463216062,https://t.co/vFFTR62YXl
1912011620123103247,Tue Apr 15 05:14:28 +0000 2025,2.3,capital_compound_defense,229,16,184329,False,https://x.com/0xmagnolia/status/1912011620123103247,评论区多聊天 https://t.co/mrBfOubCFi
2038031433902735516,Sat Mar 28 23:12:13 +0000 2026,2.3,capital_compound_defense,226,5,20231,False,https://x.com/0xmagnolia/status/2038031433902735516,@TheCinesthetic https://t.co/FEIvn0LLmW
1863266064098083041,Sun Dec 01 16:57:02 +0000 2024,2.3,capital_compound_defense,224,38,52230,False,https://x.com/0xmagnolia/status/1863266064098083041,https://t.co/iBbDF3MtNa
1863797199290982585,Tue Dec 03 04:07:34 +0000 2024,2.3,capital_compound_defense,209,36,80475,False,https://x.com/0xmagnolia/status/1863797199290982585,SWAG Dandadan
1965674181586276463,Wed Sep 10 07:10:20 +0000 2025,2.3,capital_compound_defense,199,6,39654,False,https://x.com/0xmagnolia/status/1965674181586276463,龙蛇之变 须臾之间 https://t.co/HiUlJ1WrbI
1923789300187136359,Sat May 17 17:14:46 +0000 2025,2.3,capital_compound_defense,198,21,94907,False,https://x.com/0xmagnolia/status/1923789300187136359,https://t.co/QDs4TsZe4B
2075817866914562062,Sat Jul 11 05:42:00 +0000 2026,2.3,capital_compound_defense,197,4,62577,False,https://x.com/0xmagnolia/status/2075817866914562062,我们全流通不需要打币，也达到了200m不是吗伙计们 https://t.co/gPmTi5aybZ
1903964877997396472,Mon Mar 24 00:19:35 +0000 2025,2.3,capital_compound_defense,191,32,40989,False,https://x.com/0xmagnolia/status/1903964877997396472,It's time https://t.co/EPX9FDTTHG
2028392495672181128,Mon Mar 02 08:50:31 +0000 2026,2.3,capital_compound_defense,188,2,62380,False,https://x.com/0xmagnolia/status/2028392495672181128,@_Gottalovezik Bro… are we even gonna have work left once AI levels up again? https://t.co/5oTChLbdlx
2086745972760273236,Mon Aug 10 09:26:24 +0000 2026,2.3,capital_compound_defense,183,15,195452,False,https://x.com/0xmagnolia/status/2086745972760273236,别玩穷庄币，挣几个子儿跟要了它狗命似的 https://t.co/kG6fNNwZf6
1811013864416551247,Wed Jul 10 12:25:26 +0000 2024,2.3,capital_compound_defense,183,66,106503,False,https://x.com/0xmagnolia/status/1811013864416551247,Jay跟胖墩你们内部的证据我已经搜集好了，先爆一部分，我这边已经在找人对接了 https://t.co/VHqZqKZbgc
1881730032995078358,Tue Jan 21 15:46:15 +0000 2025,2.3,capital_compound_defense,160,36,47939,False,https://x.com/0xmagnolia/status/1881730032995078358,"The Ferris wheels in Chongqing, Changsha, and Hengyang are all spinning.
https://t.co/vtX5lTDgyr https://t.co/aUO0mZT5pY"
1944405700559700259,Sun Jul 13 14:36:58 +0000 2025,2.3,capital_compound_defense,144,2,66039,False,https://x.com/0xmagnolia/status/1944405700559700259,12w还是来的太快了 https://t.co/wRqGvVmQqK
1855253001591763224,Sat Nov 09 14:15:59 +0000 2024,2.3,capital_compound_defense,141,29,56279,False,https://x.com/0xmagnolia/status/1855253001591763224,感谢由 @ComposerLin 制作的 @FlyingAvoCats 专曲，可以在网易云音乐收听 https://t.co/ZjPVU61QeR
2093782641199968318,Sat Aug 29 19:27:36 +0000 2026,2.3,capital_compound_defense,140,13,187605,False,https://x.com/0xmagnolia/status/2093782641199968318,"rh破亿四天王 $cashcat $pons $AI $Net
下一个会是？ $Index or $FRONG https://t.co/9cu5gtFHSx"
2075780115628507493,Sat Jul 11 03:12:00 +0000 2026,2.3,capital_compound_defense,131,4,96655,False,https://x.com/0xmagnolia/status/2075780115628507493,金狗早期往往伴随着高波动性。当不确定性成为常态，它本身就成了一种确定性。 https://t.co/YEx9xxuGmN
1957317551949492490,Mon Aug 18 05:44:04 +0000 2025,2.3,capital_compound_defense,128,1,60205,False,https://x.com/0xmagnolia/status/1957317551949492490,https://t.co/90IHBx7aRb
2046490530612474105,Tue Apr 21 07:25:39 +0000 2026,2.3,capital_compound_defense,125,3,136194,False,https://x.com/0xmagnolia/status/2046490530612474105,@1000u1000x 你小子 https://t.co/xu436SZhrI
1908038750447534485,Fri Apr 04 06:07:42 +0000 2025,2.3,capital_compound_defense,125,18,41083,False,https://x.com/0xmagnolia/status/1908038750447534485,@kanyewest https://t.co/AGzckrjKcF
2098032387057930701,Thu Sep 10 12:54:35 +0000 2026,2.3,capital_compound_defense,113,1,61675,False,https://x.com/0xmagnolia/status/2098032387057930701,泪目了@vladtenev https://t.co/QStsMMZyg1
1975116290399629700,Mon Oct 06 08:29:54 +0000 2025,2.3,capital_compound_defense,107,0,27740,False,https://x.com/0xmagnolia/status/1975116290399629700,"Screenshot szn back fr. Take profits, not Ls. Mitch still learning the hard way. https://t.co/KCOKCN3JgY"
1918973844431233068,Sun May 04 10:19:51 +0000 2025,2.3,capital_compound_defense,105,13,58054,False,https://x.com/0xmagnolia/status/1918973844431233068,https://t.co/OQSFQDhxwU
2012562187110248722,Sat Jan 17 16:26:31 +0000 2026,2.3,capital_compound_defense,103,1,33389,False,https://x.com/0xmagnolia/status/2012562187110248722,一年真快啊 https://t.co/GGQC3v3eVI
1915091621852684392,Wed Apr 23 17:13:17 +0000 2025,2.3,capital_compound_defense,103,0,81465,False,https://x.com/0xmagnolia/status/1915091621852684392,https://t.co/jNOx8ZYzes
2085397942073270610,Thu Aug 06 16:09:48 +0000 2026,2.3,capital_compound_defense,100,0,19366,False,https://x.com/0xmagnolia/status/2085397942073270610,@xixikawaii https://t.co/zZbB2Lhbsj
1857786081447653397,Sat Nov 16 14:01:32 +0000 2024,2.2,capital_compound_defense,525,92,122596,False,https://x.com/0xmagnolia/status/1857786081447653397,"避雷这些傻哔晒单的老外，遇到通通拉黑，这些就是老外400u天团
@morpheuswhale 
@punk1685 
@IsaCryptoQueen 
@mrpradaguy 
@arnaultwhale 
@madmanmizzy"
1811452099282239866,Thu Jul 11 17:26:50 +0000 2024,2.2,capital_compound_defense,330,22,141759,False,https://x.com/0xmagnolia/status/1811452099282239866,"我从小就是善恶分明，嫉恶如仇的人。
  父母教我遇到伤天害理的事，不要忍气吞声，不要冷眼旁观。没有人敢发声，那就我来。
  我早就算过命了，我这暴脾气活不到40岁，既然我的死已经命中注定了，那我死之前也要死得其所，死的有价值。
  你们这伙诈骗犯就是欺负人惯了，嚣张跋扈，无法无天。"
1811778336668135853,Fri Jul 12 15:03:11 +0000 2024,2.2,capital_compound_defense,193,14,57855,False,https://x.com/0xmagnolia/status/1811778336668135853,我觉得学习能力是最重要的，我翻了翻21年关注的博主，玩NFT的还是只玩NFT，链游打金的还是在玩小游戏。人不要死脑筋，怎么赚钱就怎么玩，币圈你不可能只钻研一个方向，不然会错失很多机会。尤其是那些喜欢乱fud的人。觉得自己在某个领域赚到钱了，就对其他赛道有偏见。你又不是天才。
1919780423162269991,Tue May 06 15:44:55 +0000 2025,2.2,capital_compound_defense,191,30,104205,False,https://x.com/0xmagnolia/status/1919780423162269991,就是按这个思路来的，双币滚仓
1620935785469050884,Thu Feb 02 00:03:01 +0000 2023,2.2,capital_compound_defense,176,40,55234,False,https://x.com/0xmagnolia/status/1620935785469050884,"讲一下我二级现货仓位配置吧以及怎么怎么换仓
1-我一般埋伏短期热点就3000~5000u一个币，通常我会同时埋伏6个币种
2- $gal 跟 $high 我是长拿
3-一般那6个币的仓位一般涨了就会分批出仓，寻找下个热点，通常是某天涨20点以上我会小批出仓，每次出仓不超过初始仓位的25％"
1778373068014100599,Thu Apr 11 10:42:34 +0000 2024,2.2,capital_compound_defense,144,26,94003,False,https://x.com/0xmagnolia/status/1778373068014100599,"4.从共同关注数来看，我关注了3000多人，一般一个新项目有20左右共同关注潜力是比较大的，也不至于太土狗
5.共同关注最好是VC ，NFT大户 ，二线交易所，一般ok跟币安关注的有点卷，kol共同关注比较多的不建议投入太多资金，毕竟需要pvp不停拉新人入场
6.多关注老外圈子，直接从 @Darkfarms1 的列表找"
1919779213772755063,Tue May 06 15:40:06 +0000 2025,2.2,capital_compound_defense,133,4,54524,False,https://x.com/0xmagnolia/status/1919779213772755063,因为这个小号我想着搞川沐来个1wu到1mu的，但好像被你们有些人发现了，我这号一个月前从8700u开始做的，现在盈利稳定在35wu
2080569718919069893,Fri Jul 24 08:24:10 +0000 2026,2.2,capital_compound_defense,117,1,113880,False,https://x.com/0xmagnolia/status/2080569718919069893,@laowu3677 他21年卖完了赚了700多w，还有一个知乎的也是死守doge六年，赚了1200w，21年卖完就没消息了，国内这批死守的人基本21年赚到过就没再关注币圈了。
1925555508486033918,Thu May 22 14:13:02 +0000 2025,2.2,capital_compound_defense,117,12,25506,False,https://x.com/0xmagnolia/status/1925555508486033918,"@web3foxcn zerebro时的dnf  goat fartcoin时的雨中 arc时的大d    swarm时的c 
他们这四个时期的操作可以放到教科书"
1811760465497981057,Fri Jul 12 13:52:10 +0000 2024,2.2,capital_compound_defense,108,5,75564,False,https://x.com/0xmagnolia/status/1811760465497981057,关于小资金篇滚仓，你们看我21年入圈就知道了。我最惨的时候账户里还剩2000块人民币。
2062360799507779652,Thu Jun 04 02:28:26 +0000 2026,2.2,capital_compound_defense,105,13,33155,False,https://x.com/0xmagnolia/status/2062360799507779652,3w8只需要6w再跌36%，加上现在矿场都转型ai租算力，底部支撑变脆弱了，美股ai泡沫一定会破的，但不会像2000年互联网泡沫离谱，顶多英伟达这样的回调30%，算差不多了，那美股一回调，大饼不更得自杀了。
1830109906042761533,Sun Sep 01 05:06:18 +0000 2024,2.2,capital_compound_defense,103,5,122744,False,https://x.com/0xmagnolia/status/1830109906042761533,没想到这么多人对手相感兴趣，那就统一发这里吧，左手命，右手运，双手合起来就命运，但如果你是左撇子就要看右手，你的惯用手就是代表运势可以通过努力改变，不常用的手就是命。（注意⚠️不要封建迷信，大家看个乐就行）
2020009378469089707,Sat Feb 07 05:39:00 +0000 2026,2.2,capital_compound_defense,4,0,695,False,https://x.com/0xmagnolia/status/2020009378469089707,"@chngunx32765901 @Luck_MrWei @xixikawaii @Siegfried90210 1.生命线弧度不错，长寿,且有旅行线可能会异地工作生活，运气好
2.有断掌纹，看能不能左右手拼在一起形成一条直线，代表超级运气，欧气满满，且独立性，事业3.
性强，创业没什么困难
3.事业线分叉会有额外收入，晚年会很幸福
4.有m型纹，会会辅助事业的贵人"
1784052745907163371,Sat Apr 27 02:51:35 +0000 2024,2.1,capital_compound_defense,25,0,18385,False,https://x.com/0xmagnolia/status/1784052745907163371,老是有人说小资金滚仓没法滚啊，这是朋友表哥，从1月跟着买 $vanry 然后上合约那天换成 $cos ，现在1000块变13400 https://t.co/XkLw1Zw4xe
1621451663692423170,Fri Feb 03 10:12:56 +0000 2023,2.1,capital_compound_defense,22,0,26058,False,https://x.com/0xmagnolia/status/1621451663692423170,这个时候我有差不多900u吧，然后回到一级，因为当时有人在宣传gamefi，又是神秘的群友推荐给我 $YOOSHI 一个韩国的游戏币，我就全部买进去了，然后玩YOOSHI生态，抽NFT ，质押挖矿，拍卖什么的，这个时候是我卖完宝贝狗差不多一个月，我记得是7月4号吧，马斯克发推特奶宝贝狗，一天拉了20倍
1952368143319658673,Mon Aug 04 13:56:53 +0000 2025,2.1,capital_compound_defense,18,0,7191,False,https://x.com/0xmagnolia/status/1952368143319658673,@xiangjiao0516 7.21那天我为啥要发文，因为洗走两个大户，但有别的kol在加仓，但没有助推力，只好发文了，不然他越加越多。那个kol也在那天清仓了。
1975129170364748072,Mon Oct 06 09:21:04 +0000 2025,2.1,capital_compound_defense,15,0,1118,False,https://x.com/0xmagnolia/status/1975129170364748072,"@Sprophet10 @maxbidbro Hey bro, today is the Mid-Autumn Festival — may the full moon grant all your wishes tonight.
Thank you for always keep spinning. https://t.co/Q1cSpyHJQN"
2073805384767402251,Sun Jul 05 16:25:07 +0000 2026,2.1,capital_compound_defense,10,0,1760,False,https://x.com/0xmagnolia/status/2073805384767402251,@nbeee10 思路是对的，本金少的情况下不允许高位追高，错一次就打回原形。所以要选择在第一波启动回调50%且有插针的情况选择补仓。只允许做这样的风险博弈。
1783799661222080794,Fri Apr 26 10:05:55 +0000 2024,2.1,capital_compound_defense,7,0,61973,False,https://x.com/0xmagnolia/status/1783799661222080794,$vib 昨天跑了一个大户50w刀直接砸了，vib的项目方@Viberate 一直关心实业（更新网站啊对接音乐节啊，跟其他品牌方合作啊等等）对于代币赋能没什么进展，主要就靠庄操盘，vib这个庄时不时就爆拉一下（至少100%涨幅）之前还是busd对的时候两个月就作恶一次，现在它已经在0.1徘徊半年左右了下次爆拉就走 https://t.co/zYVlO43V28
1914913684599792030,Wed Apr 23 05:26:14 +0000 2025,2.1,capital_compound_defense,6,0,2301,False,https://x.com/0xmagnolia/status/1914913684599792030,@haidaizi1010 @jinziyi169 @Bqxosn @whgggam94 @deliciousarui oiia可是从100k洗上来的，他们又不是傻子，不然为什么在8m盘整五个月
1879114290428531167,Tue Jan 14 10:32:13 +0000 2025,2.0,capital_compound_defense,98,23,30329,False,https://x.com/0xmagnolia/status/1879114290428531167,green cult https://t.co/hFe5ZIDIDX
2030127112007614598,Sat Mar 07 03:43:16 +0000 2026,2.0,capital_compound_defense,97,2,33896,False,https://x.com/0xmagnolia/status/2030127112007614598,hey 我会在x社群标记异动代币相关地址 你也快来试试吧 🖐🏻️🤓🖐🏻️ https://t.co/axikoKn2Ve
2038031959843393625,Sat Mar 28 23:14:18 +0000 2026,2.0,capital_compound_defense,93,1,25053,False,https://x.com/0xmagnolia/status/2038031959843393625,@x_gou https://t.co/GFMQhdp0BJ
1983046669081162221,Tue Oct 28 05:42:23 +0000 2025,2.0,capital_compound_defense,92,1,37431,False,https://x.com/0xmagnolia/status/1983046669081162221,最快的响应速度就是最快解决问题的速度。 https://t.co/h40JnPCte9
1920496601815998896,Thu May 08 15:10:45 +0000 2025,2.0,capital_compound_defense,91,5,7989,False,https://x.com/0xmagnolia/status/1920496601815998896,@shitpost_2049 oi https://t.co/74ufQoIuOS
2095050808849269139,Wed Sep 02 07:26:51 +0000 2026,2.0,capital_compound_defense,90,4,34341,False,https://x.com/0xmagnolia/status/2095050808849269139,什么？！你说你忍受了90％的跌幅，结果刚翻倍你就全部jeet了。那没招了bro https://t.co/gYakNrUZVq
1986101470295711919,Wed Nov 05 16:01:05 +0000 2025,2.0,capital_compound_defense,90,0,23825,False,https://x.com/0xmagnolia/status/1986101470295711919,https://t.co/VsogyI84nV
2080507589029400969,Fri Jul 24 04:17:17 +0000 2026,2.0,capital_compound_defense,89,1,10366,False,https://x.com/0xmagnolia/status/2080507589029400969,@xingpt 它还骂过王虹 https://t.co/JzdgGngOCc
2077072331923722718,Tue Jul 14 16:46:48 +0000 2026,2.0,capital_compound_defense,87,2,30464,False,https://x.com/0xmagnolia/status/2077072331923722718,反正又影响不到老币，创世绝版稀有老币。 https://t.co/D35cFVFbjr
2017237535794282519,Fri Jan 30 14:04:41 +0000 2026,2.0,capital_compound_defense,87,4,21463,False,https://x.com/0xmagnolia/status/2017237535794282519,https://t.co/ltXdsOfDfy
2067884761218158800,Fri Jun 19 08:18:41 +0000 2026,2.0,capital_compound_defense,86,0,8456,False,https://x.com/0xmagnolia/status/2067884761218158800,@0xSoju @OndoFinance 你真是死了🐴了，一天到晚转发🐶💩，搬💩能力堪比贴吧厕所，自己发的币提都不提，喊ai做个仪表盘这么费劲吗，还烧酒，你踏马个烧火棍专门戳牛粪
1622521313817677824,Mon Feb 06 09:03:20 +0000 2023,2.0,capital_compound_defense,84,6,123953,False,https://x.com/0xmagnolia/status/1622521313817677824,"–3：有的人会向大批钱包地址进行所谓的代币空投，一般这样的代币都有合约漏洞，一旦你授权了，他就有权限调动你的钱包，盗你钱包，这是很多一级新人容易遇到的情况，希望大家注意风险；
–4：切记不要向陌生人购买u，一级有很多的黑u，一般价低于市场价的多半是黑u，如果被检测到会被官方拉黑钱包地址"
1920495912511553713,Thu May 08 15:08:01 +0000 2025,2.0,capital_compound_defense,83,8,10408,False,https://x.com/0xmagnolia/status/1920495912511553713,@dinosaurs1969 https://t.co/2lumRiiHSw
1622523098137509889,Mon Feb 06 09:10:26 +0000 2023,2.0,capital_compound_defense,83,3,108709,False,https://x.com/0xmagnolia/status/1622523098137509889,"–5：黑u就是不干净的u，比如盗钱包，money laundering来的，还有一些不怀好心的人跟你买卖的时候会给你一个假的二维码，让你扫码给他，这个时候你的钱包多半就被盗走了；
–6：一级市场简直就是币圈的黑暗森林，一些人为了骗你不择手段，telegram discord Twitter陌生人发的链接一律不要点"
1952305536504136066,Mon Aug 04 09:48:06 +0000 2025,2.0,capital_compound_defense,80,11,29755,False,https://x.com/0xmagnolia/status/1952305536504136066,能有几次分叉公链的的机会 $bch $bsv $etc $gor https://t.co/S8hP85zlsj
2095346618266751275,Thu Sep 03 03:02:18 +0000 2026,2.0,capital_compound_defense,79,2,33065,False,https://x.com/0xmagnolia/status/2095346618266751275,https://t.co/LI12ArxxNk
2058610775078707644,Sun May 24 18:07:10 +0000 2026,2.0,capital_compound_defense,78,0,22167,False,https://x.com/0xmagnolia/status/2058610775078707644,谢谢美股之神的关注🫶，另外我 #SMCI 多套救 https://t.co/MHaJiAoW7k
1938525690086957415,Fri Jun 27 09:11:55 +0000 2025,2.0,capital_compound_defense,78,3,42667,False,https://x.com/0xmagnolia/status/1938525690086957415,https://t.co/lKg15VruUr
2093931589638275520,Sun Aug 30 05:19:28 +0000 2026,2.0,capital_compound_defense,77,4,39960,False,https://x.com/0xmagnolia/status/2093931589638275520,是时候了 https://t.co/3fDMwIeCge
1921847372692263263,Mon May 12 08:38:14 +0000 2025,2.0,capital_compound_defense,77,3,35062,False,https://x.com/0xmagnolia/status/1921847372692263263,@theunipcs 买Doro https://t.co/SqybvKLAHy
2031650475469320520,Wed Mar 11 08:36:34 +0000 2026,2.0,capital_compound_defense,75,3,6031,False,https://x.com/0xmagnolia/status/2031650475469320520,@nagayama_koharu 藤本树我操你妈 https://t.co/vAtXDzYECk
1973970017650946434,Fri Oct 03 04:35:01 +0000 2025,2.0,capital_compound_defense,72,2,41237,False,https://x.com/0xmagnolia/status/1973970017650946434,here we go again
2083837609302994946,Sun Aug 02 08:49:36 +0000 2026,2.0,capital_compound_defense,65,2,29114,False,https://x.com/0xmagnolia/status/2083837609302994946,https://t.co/aIRMP9Uxb3
1916321036242718863,Sun Apr 27 02:38:33 +0000 2025,2.0,capital_compound_defense,65,3,6794,False,https://x.com/0xmagnolia/status/1916321036242718863,@rasurasu7227 https://t.co/0XFiXb4Ka9
1813240118817529905,Tue Jul 16 15:51:47 +0000 2024,2.0,capital_compound_defense,63,10,49964,False,https://x.com/0xmagnolia/status/1813240118817529905,$fight 估值汇总。10m—30m—56m，现在上限已经打开了，就看这个庄的操盘水平，以及能不能吸引到二级资金或者场外资金。 https://t.co/gmGss7bK3e
2039027279968469102,Tue Mar 31 17:09:21 +0000 2026,2.0,capital_compound_defense,62,0,32347,False,https://x.com/0xmagnolia/status/2039027279968469102,10m✓ https://t.co/5qFYkaiJ8V
1950851256756408348,Thu Jul 31 09:29:19 +0000 2025,2.0,capital_compound_defense,62,3,6359,False,https://x.com/0xmagnolia/status/1950851256756408348,@HTX_Global https://t.co/v0j5Ri4BoU
2050512290915684661,Sat May 02 09:46:41 +0000 2026,2.0,capital_compound_defense,61,0,38609,False,https://x.com/0xmagnolia/status/2050512290915684661,@45_206MHz https://t.co/C2FGDR46m0
1920320432626151631,Thu May 08 03:30:43 +0000 2025,2.0,capital_compound_defense,61,7,6752,False,https://x.com/0xmagnolia/status/1920320432626151631,@ShootaCat https://t.co/6sbwRXh9Vm
2068616622747930682,Sun Jun 21 08:46:50 +0000 2026,2.0,capital_compound_defense,60,1,26855,False,https://x.com/0xmagnolia/status/2068616622747930682,https://t.co/AzWmPUzOpf
2037827273739661804,Sat Mar 28 09:40:57 +0000 2026,2.0,capital_compound_defense,58,0,19761,False,https://x.com/0xmagnolia/status/2037827273739661804,https://t.co/Q7P435Kuln
1930662740709831156,Thu Jun 05 16:27:22 +0000 2025,2.0,capital_compound_defense,58,5,6336,False,https://x.com/0xmagnolia/status/1930662740709831156,@OIIAOIIA_COIN_ 虽然不想承认 但猫猫HODL是这样的 https://t.co/3OxrYAsXZ6
1915322220953690122,Thu Apr 24 08:29:37 +0000 2025,2.0,capital_compound_defense,58,1,16501,False,https://x.com/0xmagnolia/status/1915322220953690122,@buzhidao55_ @ishowspeedsui https://t.co/M6lAxeusrs
1915412914233893273,Thu Apr 24 14:30:00 +0000 2025,2.0,capital_compound_defense,57,0,9958,False,https://x.com/0xmagnolia/status/1915412914233893273,@jizhitangjiang6 嘿嘿 https://t.co/2oegc9H9Ne
2074712190351995183,Wed Jul 08 04:28:27 +0000 2026,2.0,capital_compound_defense,56,0,35307,False,https://x.com/0xmagnolia/status/2074712190351995183,"Hey bro, we’re actually gonna make this happen. https://t.co/OEFXlLTDDy"
1946428890777264198,Sat Jul 19 04:36:25 +0000 2025,2.0,capital_compound_defense,55,6,8142,False,https://x.com/0xmagnolia/status/1946428890777264198,@elonmusk https://t.co/6iXI37Rnvs
2069720591914181087,Wed Jun 24 09:53:37 +0000 2026,2.0,capital_compound_defense,54,4,3032,False,https://x.com/0xmagnolia/status/2069720591914181087,@lanxiansheng768 很简单，找到最近涨最猛的币，然后在推特上搜索ca，找到低位发布信息的博主，再把他相关圈子的博主都关注一遍，评论点赞，就会自动开始给你推流新的信息
2066460292637483500,Mon Jun 15 09:58:21 +0000 2026,2.0,capital_compound_defense,54,1,27811,False,https://x.com/0xmagnolia/status/2066460292637483500,https://t.co/eqKDkL5EGP
1811322628696915982,Thu Jul 11 08:52:22 +0000 2024,2.0,capital_compound_defense,54,22,29796,False,https://x.com/0xmagnolia/status/1811322628696915982,我手上证据多了去了，我到要看看你们要怎么颠倒黑白。 https://t.co/LZYNUMuxsU
1981379696089846163,Thu Oct 23 15:18:26 +0000 2025,2.0,capital_compound_defense,52,2,10897,False,https://x.com/0xmagnolia/status/1981379696089846163,@lex_node https://t.co/fchQwwpeqz
1924282158283387254,Mon May 19 01:53:12 +0000 2025,2.0,capital_compound_defense,51,2,5601,False,https://x.com/0xmagnolia/status/1924282158283387254,@OIIAOIIA_COIN_ I like the website 💚 https://t.co/8jEPPIpqPd
2090289279490777220,Thu Aug 20 04:06:14 +0000 2026,2.0,capital_compound_defense,49,0,84782,False,https://x.com/0xmagnolia/status/2090289279490777220,https://t.co/SHbnnsdjh4
2068492747657695551,Sun Jun 21 00:34:36 +0000 2026,2.0,capital_compound_defense,49,2,45692,False,https://x.com/0xmagnolia/status/2068492747657695551,"zero榜一刚买了
他地址4rGhZ4NsmKWCdP6apioNiJAogNSVw5pgf6FY7FbEuMQW https://t.co/UCWTczhcGb"
1922228494521516147,Tue May 13 09:52:41 +0000 2025,2.0,capital_compound_defense,48,5,4754,False,https://x.com/0xmagnolia/status/1922228494521516147,@KFC_ES https://t.co/TENqQqGlDc
1920113697265271180,Wed May 07 13:49:14 +0000 2025,2.0,capital_compound_defense,48,7,5829,False,https://x.com/0xmagnolia/status/1920113697265271180,@ritanice668 @OIIAOIIA_COIN_ https://t.co/fqDv0PGge1
1915790351132164104,Fri Apr 25 15:29:48 +0000 2025,2.0,capital_compound_defense,48,1,22441,False,https://x.com/0xmagnolia/status/1915790351132164104,@toly 横住啊 https://t.co/wJhVGv8Ak3
1947140462227136785,Mon Jul 21 03:43:56 +0000 2025,2.0,capital_compound_defense,47,2,30770,False,https://x.com/0xmagnolia/status/1947140462227136785,你叽里咕噜说什么呢，啥也不是。散会 https://t.co/p0FMAYNfpf
2010934106537017639,Tue Jan 13 04:37:07 +0000 2026,2.0,capital_compound_defense,45,0,19136,False,https://x.com/0xmagnolia/status/2010934106537017639,did this work😅
1941690566435127762,Sun Jul 06 02:48:00 +0000 2025,2.0,capital_compound_defense,45,2,17161,False,https://x.com/0xmagnolia/status/1941690566435127762,@JamesWynnReal https://t.co/Q4Q4CEGi79
1938144709375099031,Thu Jun 26 07:58:02 +0000 2025,2.0,capital_compound_defense,43,0,4766,False,https://x.com/0xmagnolia/status/1938144709375099031,@lijiuer1 @jiujinshan2022 @MustStopMurad 都是家人 https://t.co/Wv7IkAfssR
1921936675619364887,Mon May 12 14:33:05 +0000 2025,2.0,capital_compound_defense,43,8,5137,False,https://x.com/0xmagnolia/status/1921936675619364887,@BONKRadio coded https://t.co/qVYCGm7Fcn https://t.co/cxakMJsCGN
1922496208876019781,Wed May 14 03:36:29 +0000 2025,2.0,capital_compound_defense,42,5,6586,False,https://x.com/0xmagnolia/status/1922496208876019781,@OIIAOIIA_COIN_ @a1lon9 https://t.co/UsuMmqcgH4
2072326161573847153,Wed Jul 01 14:27:13 +0000 2026,2.0,capital_compound_defense,41,0,30456,False,https://x.com/0xmagnolia/status/2072326161573847153,oh fuck https://t.co/DsFvk1fI35
1934445350854828074,Mon Jun 16 02:58:06 +0000 2025,2.0,capital_compound_defense,41,2,8525,False,https://x.com/0xmagnolia/status/1934445350854828074,@T0do_R0ki https://t.co/dUv2xe1CqS
1920853153877991649,Fri May 09 14:47:34 +0000 2025,2.0,capital_compound_defense,40,1,6178,False,https://x.com/0xmagnolia/status/1920853153877991649,@bloodstrike_EN https://t.co/MpOf7UD9uK
2065238841171349902,Fri Jun 12 01:04:44 +0000 2026,2.0,capital_compound_defense,39,0,36806,False,https://x.com/0xmagnolia/status/2065238841171349902,https://t.co/CkrIDJfKLG
1925590009165529300,Thu May 22 16:30:08 +0000 2025,2.0,capital_compound_defense,39,8,5744,False,https://x.com/0xmagnolia/status/1925590009165529300,"@digitalartchick 198 DAYS DEEP IN THE TRENCHES
WAITING ON YOU
NOW IT'S TIME
https://t.co/qVYCGm8d1V https://t.co/r9dYYAsW8A"
1919886020356587552,Tue May 06 22:44:31 +0000 2025,2.0,capital_compound_defense,39,3,5395,False,https://x.com/0xmagnolia/status/1919886020356587552,@milkynoe https://t.co/hyc2FjZpwV
1952656199616196953,Tue Aug 05 09:01:31 +0000 2025,2.0,capital_compound_defense,38,0,5657,False,https://x.com/0xmagnolia/status/1952656199616196953,@LexaproTrader md越想越气，必须要骂你一次 ，怎么每次都有你 https://t.co/lJptdOf3AJ
1941688255532925085,Sun Jul 06 02:38:49 +0000 2025,2.0,capital_compound_defense,37,1,3011,False,https://x.com/0xmagnolia/status/1941688255532925085,@Sprophet10 @OIIAOIIA_COIN_ https://t.co/48F99k92fo
1916795529239150856,Mon Apr 28 10:04:01 +0000 2025,2.0,capital_compound_defense,37,3,4933,False,https://x.com/0xmagnolia/status/1916795529239150856,@fatos_03153 https://t.co/AYANcK6qdD
1916747660150640818,Mon Apr 28 06:53:48 +0000 2025,2.0,capital_compound_defense,37,1,4381,False,https://x.com/0xmagnolia/status/1916747660150640818,@thisisdjen https://t.co/ZdsVRPD5PR
1915032120818544890,Wed Apr 23 13:16:51 +0000 2025,2.0,capital_compound_defense,37,0,32218,False,https://x.com/0xmagnolia/status/1915032120818544890,🤍🩵 https://t.co/KcaFUSqoEo
2071282148703948808,Sun Jun 28 17:18:41 +0000 2026,2.0,capital_compound_defense,36,1,63384,False,https://x.com/0xmagnolia/status/2071282148703948808,"Bring Mitch back to X
他的频道 https://t.co/eR0Wqdlkda https://t.co/mNZI5tL7pg"
2008421001097339305,Tue Jan 06 06:10:55 +0000 2026,2.0,capital_compound_defense,36,0,4786,False,https://x.com/0xmagnolia/status/2008421001097339305,@connectfarm1 https://t.co/DYXsqBjIaQ
1939117835441316254,Sun Jun 29 00:24:53 +0000 2025,2.0,capital_compound_defense,36,0,5866,False,https://x.com/0xmagnolia/status/1939117835441316254,@WandWmusic https://t.co/80iEQ9RIVG
1921730073184407633,Mon May 12 00:52:08 +0000 2025,2.0,capital_compound_defense,36,5,4301,False,https://x.com/0xmagnolia/status/1921730073184407633,@GITCUT305 https://t.co/9MrXUlbfaJ
1915023967418724384,Wed Apr 23 12:44:27 +0000 2025,2.0,capital_compound_defense,36,6,2338,False,https://x.com/0xmagnolia/status/1915023967418724384,@Sxliiim https://t.co/qVYCGm8d1V https://t.co/foPi4JxWz0
1952285587286986773,Mon Aug 04 08:28:50 +0000 2025,2.0,capital_compound_defense,35,1,6463,False,https://x.com/0xmagnolia/status/1952285587286986773,@weremeow https://t.co/xa7C2ianGs
1952796067223003616,Tue Aug 05 18:17:18 +0000 2025,2.0,capital_compound_defense,33,4,2253,False,https://x.com/0xmagnolia/status/1952796067223003616,"@OIIAOIIA_COIN_ @WandWmusic @YouTube ""Rite of Summoning OIIA"" https://t.co/7vgq3LB5bq"
2046493481930219723,Tue Apr 21 07:37:22 +0000 2026,2.0,capital_compound_defense,31,1,100114,False,https://x.com/0xmagnolia/status/2046493481930219723,@ron_gege https://t.co/3keT9vt9DM
1917175422493835456,Tue Apr 29 11:13:34 +0000 2025,2.0,capital_compound_defense,31,7,2346,False,https://x.com/0xmagnolia/status/1917175422493835456,@freedomjackk https://t.co/FO7DQKF8h0
1915399643355021675,Thu Apr 24 13:37:16 +0000 2025,2.0,capital_compound_defense,30,5,3668,False,https://x.com/0xmagnolia/status/1915399643355021675,@MustGreenMurad https://t.co/MBRxkZoghi
1812875385908105651,Mon Jul 15 15:42:28 +0000 2024,2.0,capital_compound_defense,26,1,9705,False,https://x.com/0xmagnolia/status/1812875385908105651,@HrichL48197 因为我卖完之前，我肯定要找到下一个滚仓的目标，如果找不到更好的标我也不会卖完。复利才是财富自由的关键
2062370739530224076,Thu Jun 04 03:07:55 +0000 2026,2.0,capital_compound_defense,17,1,1389,False,https://x.com/0xmagnolia/status/2062370739530224076,@weilele1213 我这时间是2025年1.19喊的到12w开始止盈，2025.106到达12w6，我没说2028年的12w，2028年的牛市20w开始止盈，明白了吗朋友，不要理解错我的意思
2062369270240346190,Thu Jun 04 03:02:05 +0000 2026,2.0,capital_compound_defense,3,0,2150,False,https://x.com/0xmagnolia/status/2062369270240346190,@weilele1213 所以我喊12w止盈的时候早了多久，那时候你觉得能到12w吗？
2047881288120672572,Sat Apr 25 03:32:01 +0000 2026,1.9,capital_compound_defense,51,1,7274,False,https://x.com/0xmagnolia/status/2047881288120672572,@0xzhaozhao 没必要一个币拿大结果啊，赚到的钱接着滚仓下一个币呗
1793253579727478786,Wed May 22 12:12:25 +0000 2024,1.9,capital_compound_defense,44,3,32342,False,https://x.com/0xmagnolia/status/1793253579727478786,$nkn 老depin龙头，21年山寨季头一批拉盘山寨，计划改名，它的depin summer正在进行中，加入滚仓备选标
2046654021545717828,Tue Apr 21 18:15:18 +0000 2026,1.8,capital_compound_defense,3106,119,209596,False,https://x.com/0xmagnolia/status/2046654021545717828,@kamokamo0505 やはり中国は淫夢先進国だ
2062343731425263686,Thu Jun 04 01:20:36 +0000 2026,1.8,capital_compound_defense,286,44,95952,False,https://x.com/0xmagnolia/status/2062343731425263686,26年底3w8买入，28年末20w开始卖出
1819383083537433061,Fri Aug 02 14:41:44 +0000 2024,1.8,capital_compound_defense,284,6,125692,False,https://x.com/0xmagnolia/status/1819383083537433061,挺搞笑的看了王小二那个退圈声明，我翻了翻他的推文，除了吹嘘自己牛逼他教了你们什么？怎么这么多人维护他？是他自己赚到钱，又不是他带你们赚到钱，在那里披麻戴孝的。
2076588533364736296,Mon Jul 13 08:44:22 +0000 2026,1.8,capital_compound_defense,255,7,37367,False,https://x.com/0xmagnolia/status/2076588533364736296,@leto_bao 马后炮显得你很牛逼是吗？
2059466883343241690,Wed May 27 02:49:02 +0000 2026,1.8,capital_compound_defense,180,11,53456,False,https://x.com/0xmagnolia/status/2059466883343241690,加密货币的意义就是创造新的庞氏
1981398070828158983,Thu Oct 23 16:31:27 +0000 2025,1.8,capital_compound_defense,169,2,17884,False,https://x.com/0xmagnolia/status/1981398070828158983,@bull_bnb 你个小出生急着投胎重生
1935034816107590093,Tue Jun 17 18:00:26 +0000 2025,1.8,capital_compound_defense,145,0,18463,False,https://x.com/0xmagnolia/status/1935034816107590093,@a1lon9 @elonmusk  Suspend him again
1919730587566539243,Tue May 06 12:26:53 +0000 2025,1.8,capital_compound_defense,141,1,39867,False,https://x.com/0xmagnolia/status/1919730587566539243,@Irenezhao_ 你消息真不真不知道，但dev是真的烧了50wu的币
2091480704227914067,Sun Aug 23 11:00:32 +0000 2026,1.8,capital_compound_defense,102,1,8759,False,https://x.com/0xmagnolia/status/2091480704227914067,@PhyrexNi 把腐朽老逼登全熬死，看谁喝，有权利地位给他们喝蜜雪冰城，他们敢说个不吗，最烦这种糟粕文化。
2074326156845977924,Tue Jul 07 02:54:29 +0000 2026,1.7,capital_compound_defense,29,2,24409,False,https://x.com/0xmagnolia/status/2074326156845977924,. @PayAINetwork is criminally undervalued imo. https://t.co/g2ioIS9ze4
1921769600175288629,Mon May 12 03:29:12 +0000 2025,1.7,capital_compound_defense,29,3,5014,False,https://x.com/0xmagnolia/status/1921769600175288629,@bonk_inu https://t.co/Baefu6h1Ga
1919885191251735005,Tue May 06 22:41:13 +0000 2025,1.7,capital_compound_defense,29,6,2913,False,https://x.com/0xmagnolia/status/1919885191251735005,@OIIAOIIA_COIN_ @fczenit_en https://t.co/FbdErS9bqp
1916749262664376434,Mon Apr 28 07:00:10 +0000 2025,1.7,capital_compound_defense,29,6,4252,False,https://x.com/0xmagnolia/status/1916749262664376434,@1bloops https://t.co/Q4VAIGb3tB
2042520213229572437,Fri Apr 10 08:29:01 +0000 2026,1.7,capital_compound_defense,28,0,7390,False,https://x.com/0xmagnolia/status/2042520213229572437,我要的是日本人 不是把我当日本人整 https://t.co/tngIaUiNbf
1924112556370928101,Sun May 18 14:39:16 +0000 2025,1.7,capital_compound_defense,28,0,7330,False,https://x.com/0xmagnolia/status/1924112556370928101,@toly https://t.co/hEK38PCGtw
1915015488083759487,Wed Apr 23 12:10:46 +0000 2025,1.7,capital_compound_defense,27,0,3651,False,https://x.com/0xmagnolia/status/1915015488083759487,@MangaContexts gojo https://t.co/MFsvd7fTSc
1953033362689413302,Wed Aug 06 10:00:13 +0000 2025,1.7,capital_compound_defense,26,0,9976,False,https://x.com/0xmagnolia/status/1953033362689413302,@cishanjia @0xJingleMingle 什么时候戒色 https://t.co/rVVoRnv8qp
1936287635036946646,Sat Jun 21 04:58:41 +0000 2025,1.7,capital_compound_defense,24,0,7763,False,https://x.com/0xmagnolia/status/1936287635036946646,@AnimexTwts https://t.co/2xLIVbIgCa
1923904644843176037,Sun May 18 00:53:06 +0000 2025,1.7,capital_compound_defense,24,3,5692,False,https://x.com/0xmagnolia/status/1923904644843176037,@hsmtrn_ https://t.co/BfdLLJgrKW
1922614492719935534,Wed May 14 11:26:30 +0000 2025,1.7,capital_compound_defense,24,3,4389,False,https://x.com/0xmagnolia/status/1922614492719935534,@milanlan0 https://t.co/5h25KHVPHS
2046995635782799796,Wed Apr 22 16:52:45 +0000 2026,1.7,capital_compound_defense,23,0,2229,False,https://x.com/0xmagnolia/status/2046995635782799796,@elonmusk 跟你多互动下，打入你的流量池 https://t.co/LNjmuoTtVG
1921859086972260453,Mon May 12 09:24:47 +0000 2025,1.7,capital_compound_defense,23,1,4346,False,https://x.com/0xmagnolia/status/1921859086972260453,@Oxe3e @Koicarrots99 @theunipcs 非常感谢你的支持!!! 但vx暂时不加人了，有事评论区问吧 加油哦💚 https://t.co/yH0X4RyPNz
2062825372534952327,Fri Jun 05 09:14:28 +0000 2026,1.7,capital_compound_defense,22,1,4695,False,https://x.com/0xmagnolia/status/2062825372534952327,@114514coin 在车站发现了野兽先辈 https://t.co/kX2CEGaRZG
2048363706485260465,Sun Apr 26 11:28:59 +0000 2026,1.7,capital_compound_defense,22,2,4357,False,https://x.com/0xmagnolia/status/2048363706485260465,@N30marisa 没招了 https://t.co/OIc0E1NCzc
1971712377407324286,Fri Sep 26 23:03:58 +0000 2025,1.7,capital_compound_defense,22,0,4294,False,https://x.com/0xmagnolia/status/1971712377407324286,@moonshot https://t.co/Nom5UNDMnK
1960204371515588821,Tue Aug 26 04:55:15 +0000 2025,1.7,capital_compound_defense,22,0,5105,False,https://x.com/0xmagnolia/status/1960204371515588821,@By_Web3 https://t.co/6QnyOXLoNm
1923772314317111433,Sat May 17 16:07:16 +0000 2025,1.7,capital_compound_defense,22,0,5333,False,https://x.com/0xmagnolia/status/1923772314317111433,@DeepCore_io https://t.co/Z6aSWJY70I
1915374863713292520,Thu Apr 24 11:58:48 +0000 2025,1.7,capital_compound_defense,22,0,4514,False,https://x.com/0xmagnolia/status/1915374863713292520,@casino616 https://t.co/cIZslbDT9y
1955997651859857453,Thu Aug 14 14:19:15 +0000 2025,1.7,capital_compound_defense,21,0,3792,False,https://x.com/0xmagnolia/status/1955997651859857453,"@OIIAOIIA_COIN_ @rickyberwick Sorry, I couldn’t help it, but.. https://t.co/ljoVBBDu22"
1922491261455384690,Wed May 14 03:16:49 +0000 2025,1.7,capital_compound_defense,21,1,22088,False,https://x.com/0xmagnolia/status/1922491261455384690,重蹈覆辙欺骗我自己 https://t.co/UoMEwwsAiU
2052853498023440605,Fri May 08 20:49:48 +0000 2026,1.7,capital_compound_defense,20,0,22018,False,https://x.com/0xmagnolia/status/2052853498023440605,coinbase宕机刚好就提过来的bro https://t.co/dYzOtnswVo
2042518052781330661,Fri Apr 10 08:20:26 +0000 2026,1.7,capital_compound_defense,20,0,3136,False,https://x.com/0xmagnolia/status/2042518052781330661,@_FORAB https://t.co/wRMvtVKZKK
1952221219232895143,Mon Aug 04 04:13:03 +0000 2025,1.7,capital_compound_defense,20,0,53277,False,https://x.com/0xmagnolia/status/1952221219232895143,@DearS_o_n https://t.co/85HpqSitPU
1934613069734490573,Mon Jun 16 14:04:33 +0000 2025,1.7,capital_compound_defense,20,0,6601,False,https://x.com/0xmagnolia/status/1934613069734490573,@Rocky_Bitcoin 看看宝可梦卡跟游戏王卡 https://t.co/MC2R9V6voc
1925475908380762587,Thu May 22 08:56:44 +0000 2025,1.7,capital_compound_defense,20,3,2015,False,https://x.com/0xmagnolia/status/1925475908380762587,@freedomjackk @PunchingCat https://t.co/7xnCsqem3U
1921823042348503432,Mon May 12 07:01:33 +0000 2025,1.7,capital_compound_defense,20,1,7777,False,https://x.com/0xmagnolia/status/1921823042348503432,@theunipcs @OrdzWorld https://t.co/RgLYB5npoY
2080564157271982453,Fri Jul 24 08:02:04 +0000 2026,1.7,capital_compound_defense,19,0,7181,False,https://x.com/0xmagnolia/status/2080564157271982453,@williamlab 上个月配的 1.5w https://t.co/3JfYE4561b
1923399688285258139,Fri May 16 15:26:35 +0000 2025,1.7,capital_compound_defense,18,0,3043,False,https://x.com/0xmagnolia/status/1923399688285258139,@iwasiceking https://t.co/H5HkoDAwTq
1921854907507720325,Mon May 12 09:08:10 +0000 2025,1.7,capital_compound_defense,18,0,11682,False,https://x.com/0xmagnolia/status/1921854907507720325,@theunipcs 解套了就赶紧走吧，就是等 @theunipcs 买。他不买都得死 https://t.co/jCpAVdcY9J
2094786668037632498,Tue Sep 01 13:57:15 +0000 2026,1.7,capital_compound_defense,15,0,2595,False,https://x.com/0xmagnolia/status/2094786668037632498,@noirnoirw https://t.co/4Xetc0tEAe
1952424983969599818,Mon Aug 04 17:42:45 +0000 2025,1.7,capital_compound_defense,15,0,2369,False,https://x.com/0xmagnolia/status/1952424983969599818,@paybox @9GAG https://t.co/dYrg8mzxH2
1938147617319584064,Thu Jun 26 08:09:35 +0000 2025,1.7,capital_compound_defense,15,1,2285,False,https://x.com/0xmagnolia/status/1938147617319584064,@yourfavrice @lijiuer1 @jiujinshan2022 @MustStopMurad https://t.co/FerF1PVxEf
2072331161003852164,Wed Jul 01 14:47:05 +0000 2026,1.7,capital_compound_defense,14,0,6590,False,https://x.com/0xmagnolia/status/2072331161003852164,@blknoiz06 是的，他还是个超级钻石手💎 https://t.co/Gfoaf6AMHk
2048730475397828676,Mon Apr 27 11:46:23 +0000 2026,1.7,capital_compound_defense,14,0,2688,False,https://x.com/0xmagnolia/status/2048730475397828676,@Matt_Pinner https://t.co/kH4gkv59CX
1953033807042625747,Wed Aug 06 10:01:59 +0000 2025,1.7,capital_compound_defense,14,0,4750,False,https://x.com/0xmagnolia/status/1953033807042625747,@cishanjia @0xJingleMingle https://t.co/lRlcAbm4S1
1924055981320962385,Sun May 18 10:54:27 +0000 2025,1.7,capital_compound_defense,14,0,1956,False,https://x.com/0xmagnolia/status/1924055981320962385,@C2SP https://t.co/iHPvcBFphm
1915321144393249037,Thu Apr 24 08:25:20 +0000 2025,1.7,capital_compound_defense,14,0,3092,False,https://x.com/0xmagnolia/status/1915321144393249037,@Michael06232 我们的钻头，是要突破天际的钻头 https://t.co/ftGq9C6jqN
2008401874333167641,Tue Jan 06 04:54:55 +0000 2026,1.7,capital_compound_defense,13,0,2575,False,https://x.com/0xmagnolia/status/2008401874333167641,@0xcryptobring https://t.co/FNZ75amhhk
1952946030976352368,Wed Aug 06 04:13:12 +0000 2025,1.7,capital_compound_defense,13,0,2215,False,https://x.com/0xmagnolia/status/1952946030976352368,@xertxetin https://t.co/dbrSF0qtF7
1915013302440395126,Wed Apr 23 12:02:05 +0000 2025,1.7,capital_compound_defense,13,0,4232,False,https://x.com/0xmagnolia/status/1915013302440395126,@haze0x 奇犽你搞什么 https://t.co/7RF31nKTwz
2038571258603090412,Mon Mar 30 10:57:17 +0000 2026,1.7,capital_compound_defense,12,0,1589,False,https://x.com/0xmagnolia/status/2038571258603090412,@Eason2766565277 https://t.co/7knKMKvrMV
2008168336757227592,Mon Jan 05 13:26:56 +0000 2026,1.7,capital_compound_defense,12,1,3790,False,https://x.com/0xmagnolia/status/2008168336757227592,@LuckDuckC @kaedeee_you @cheenanet https://t.co/vKKR6aIaKC
2008135953156886913,Mon Jan 05 11:18:15 +0000 2026,1.7,capital_compound_defense,12,0,4045,False,https://x.com/0xmagnolia/status/2008135953156886913,@qijiangyue 相当于日本的IKUN但更火，已发展为cult，每年8.10号日本会有圣地巡礼活动 https://t.co/MAVjGpVdfH
1969599856101777641,Sun Sep 21 03:09:33 +0000 2025,1.7,capital_compound_defense,12,0,2701,False,https://x.com/0xmagnolia/status/1969599856101777641,@gMTrW8pBwV14581 @TheMisterFrog https://t.co/QOFS33VK3z
1946417360233226460,Sat Jul 19 03:50:36 +0000 2025,1.7,capital_compound_defense,12,0,1519,False,https://x.com/0xmagnolia/status/1946417360233226460,@SanderRednas @OIIAOIIA_COIN_ https://t.co/WoNHynSgp9
1915097241058197751,Wed Apr 23 17:35:37 +0000 2025,1.7,capital_compound_defense,12,0,2255,False,https://x.com/0xmagnolia/status/1915097241058197751,@chngunx32765901 @yk_9696 一袋米扛几楼 https://t.co/aM5467sxUn
1974275566166786508,Sat Oct 04 00:49:09 +0000 2025,1.7,capital_compound_defense,11,0,1976,False,https://x.com/0xmagnolia/status/1974275566166786508,@nfti14 catober https://t.co/HLhIsF73Pv
1962951118243430857,Tue Sep 02 18:49:51 +0000 2025,1.7,capital_compound_defense,11,0,4735,False,https://x.com/0xmagnolia/status/1962951118243430857,@IamRamenPanda https://t.co/7jPYzdUAHV
1950442183737417978,Wed Jul 30 06:23:48 +0000 2025,1.7,capital_compound_defense,11,0,4777,False,https://x.com/0xmagnolia/status/1950442183737417978,@nine_DeFi https://t.co/dumN9my9gI
1946643766254928191,Sat Jul 19 18:50:15 +0000 2025,1.7,capital_compound_defense,11,0,1866,False,https://x.com/0xmagnolia/status/1946643766254928191,@RABBITYORK https://t.co/UXBlzjPpR9
1923783382166868153,Sat May 17 16:51:15 +0000 2025,1.7,capital_compound_defense,11,0,2302,False,https://x.com/0xmagnolia/status/1923783382166868153,@DeepCore_io https://t.co/D5Jum3Hrqe
2001748716936708599,Thu Dec 18 20:17:39 +0000 2025,1.7,capital_compound_defense,10,0,4187,False,https://x.com/0xmagnolia/status/2001748716936708599,@Rita88 https://t.co/UsnHNemfYN
1953029433561862621,Wed Aug 06 09:44:37 +0000 2025,1.7,capital_compound_defense,10,0,2712,False,https://x.com/0xmagnolia/status/1953029433561862621,@whalewatchalert https://t.co/wZmMCiWET7
1979510298991337535,Sat Oct 18 11:30:07 +0000 2025,1.7,capital_compound_defense,9,0,3417,False,https://x.com/0xmagnolia/status/1979510298991337535,@Xavier_jwang https://t.co/akfBBuFdye
1934444905604214988,Mon Jun 16 02:56:20 +0000 2025,1.7,capital_compound_defense,9,2,2203,False,https://x.com/0xmagnolia/status/1934444905604214988,@levia_GSR1123 https://t.co/q0uJdxQSwD
1921855548850368997,Mon May 12 09:10:43 +0000 2025,1.7,capital_compound_defense,9,0,3130,False,https://x.com/0xmagnolia/status/1921855548850368997,@Koicarrots99 @theunipcs 我疯了还是你疯了 https://t.co/HlEFafz2Fo
2066158123451400524,Sun Jun 14 13:57:38 +0000 2026,1.7,capital_compound_defense,8,0,1678,False,https://x.com/0xmagnolia/status/2066158123451400524,@IdleProtocol https://t.co/u213kEjae0
2058666096094576818,Sun May 24 21:47:00 +0000 2026,1.7,capital_compound_defense,8,0,3987,False,https://x.com/0xmagnolia/status/2058666096094576818,@cutepanda 以你的实力肯定会赚回来的 https://t.co/s6f3ksGiAY
2057016138132021564,Wed May 20 08:30:39 +0000 2026,1.7,capital_compound_defense,8,0,2251,False,https://x.com/0xmagnolia/status/2057016138132021564,@PopBase https://t.co/yrD0hmXMie
1989889830676042099,Sun Nov 16 02:54:40 +0000 2025,1.7,capital_compound_defense,8,0,5058,False,https://x.com/0xmagnolia/status/1989889830676042099,@Sanjwinds https://t.co/TwYcJEoLys
1952313897047749115,Mon Aug 04 10:21:19 +0000 2025,1.7,capital_compound_defense,8,0,1537,False,https://x.com/0xmagnolia/status/1952313897047749115,@bon_g @weremeow 🪑➕👦🏻＝ https://t.co/utBjDyabjn
2075818462191161671,Sat Jul 11 05:44:22 +0000 2026,1.7,capital_compound_defense,7,0,3513,False,https://x.com/0xmagnolia/status/2075818462191161671,@xxxApril_D13 https://t.co/xFPQTY4G9I
2073704740714877192,Sun Jul 05 09:45:12 +0000 2026,1.7,capital_compound_defense,7,0,3214,False,https://x.com/0xmagnolia/status/2073704740714877192,@Mirro7777 https://t.co/wwZo9hrYKe
2072220964159623232,Wed Jul 01 07:29:12 +0000 2026,1.7,capital_compound_defense,7,0,3532,False,https://x.com/0xmagnolia/status/2072220964159623232,@goxionjing 原图 https://t.co/Klo3vA4Ckg
2067987668554961306,Fri Jun 19 15:07:36 +0000 2026,1.7,capital_compound_defense,7,0,1828,False,https://x.com/0xmagnolia/status/2067987668554961306,@heyaura https://t.co/ZJNY3EC8ci
2038882939858223315,Tue Mar 31 07:35:48 +0000 2026,1.7,capital_compound_defense,7,0,1754,False,https://x.com/0xmagnolia/status/2038882939858223315,@xixikawaii https://t.co/6NZXx8TriY
2008430155988189605,Tue Jan 06 06:47:18 +0000 2026,1.7,capital_compound_defense,7,0,2420,False,https://x.com/0xmagnolia/status/2008430155988189605,@mewdevice https://t.co/YPxcUjzfC5
1987845821409505319,Mon Nov 10 11:32:30 +0000 2025,1.7,capital_compound_defense,7,0,1664,False,https://x.com/0xmagnolia/status/1987845821409505319,@ryuk3nn @DenRezeLover @quanxistrap big w https://t.co/AQJhOnH7ST
1952670032984719642,Tue Aug 05 09:56:29 +0000 2025,1.7,capital_compound_defense,7,0,1470,False,https://x.com/0xmagnolia/status/1952670032984719642,@AgentNyla @longjuanfenggo @Forest1578570 @yelangqiu @LexaproTrader 啥 https://t.co/9Nm0xf0u8V
1914987878712774725,Wed Apr 23 10:21:03 +0000 2025,1.7,capital_compound_defense,7,0,1841,False,https://x.com/0xmagnolia/status/1914987878712774725,@airkatakana @QQuinnsworth https://t.co/VSjW3Zomqk
2074058535252775024,Mon Jul 06 09:11:03 +0000 2026,1.7,capital_compound_defense,6,0,1667,False,https://x.com/0xmagnolia/status/2074058535252775024,@erling https://t.co/MkXL2fYe4C
2008170175456264243,Mon Jan 05 13:34:14 +0000 2026,1.7,capital_compound_defense,6,0,2073,False,https://x.com/0xmagnolia/status/2008170175456264243,@cheenanet @kaedeee_you パチンコの勝ち分、全部ぶち込むわw https://t.co/Mo94D78GAD
1921871022086668510,Mon May 12 10:12:12 +0000 2025,1.7,capital_compound_defense,6,0,2643,False,https://x.com/0xmagnolia/status/1921871022086668510,@casino616 @ihateoop https://t.co/29nY5Fnjwx
1920764530767888592,Fri May 09 08:55:24 +0000 2025,1.7,capital_compound_defense,6,1,984,False,https://x.com/0xmagnolia/status/1920764530767888592,@freedomjackk https://t.co/mQgR5BzCvi
2095052374381621408,Wed Sep 02 07:33:04 +0000 2026,1.7,capital_compound_defense,5,0,2830,False,https://x.com/0xmagnolia/status/2095052374381621408,@Rita88 https://t.co/8GkWCZ5CdV
2053279531935707191,Sun May 10 01:02:43 +0000 2026,1.7,capital_compound_defense,5,0,3374,False,https://x.com/0xmagnolia/status/2053279531935707191,@Sylvan_Lynn 你也想被控制了是吧 https://t.co/07SHbP8IC7
2052739692291051635,Fri May 08 13:17:35 +0000 2026,1.7,capital_compound_defense,5,0,2014,False,https://x.com/0xmagnolia/status/2052739692291051635,@Kalshi https://t.co/4qYDR0rzac
2042914169507451016,Sat Apr 11 10:34:28 +0000 2026,1.7,capital_compound_defense,5,0,1365,False,https://x.com/0xmagnolia/status/2042914169507451016,@Tintinx2021 @CuiMao 学费怎么收 https://t.co/DPJ3osgCat
2025591947365335500,Sun Feb 22 15:22:08 +0000 2026,1.7,capital_compound_defense,5,1,8128,False,https://x.com/0xmagnolia/status/2025591947365335500,@Punk_Bat https://t.co/h5Xb8ygx0G
1975126092412489754,Mon Oct 06 09:08:51 +0000 2025,1.7,capital_compound_defense,5,0,1478,False,https://x.com/0xmagnolia/status/1975126092412489754,@leslieloser_ 同乐捏 https://t.co/g7aXwkgnR8
1975123140507468053,Mon Oct 06 08:57:07 +0000 2025,1.7,capital_compound_defense,5,0,1107,False,https://x.com/0xmagnolia/status/1975123140507468053,@kunkun_oob 同樂捏 順風順水順財神 https://t.co/I3jZgYc32Y
2095347199811199248,Thu Sep 03 03:04:36 +0000 2026,1.7,capital_compound_defense,4,0,3368,False,https://x.com/0xmagnolia/status/2095347199811199248,@Alligator199 谢谢 https://t.co/2V7rs0snyE
2059613533671985259,Wed May 27 12:31:46 +0000 2026,1.7,capital_compound_defense,4,0,1434,False,https://x.com/0xmagnolia/status/2059613533671985259,@xixikawaii https://t.co/4ue6XaFNCQ
2059598801804153150,Wed May 27 11:33:14 +0000 2026,1.7,capital_compound_defense,4,0,1747,False,https://x.com/0xmagnolia/status/2059598801804153150,@Mirro7777 https://t.co/9vWlw9R1Nm
2059471291762221088,Wed May 27 03:06:33 +0000 2026,1.7,capital_compound_defense,4,0,3278,False,https://x.com/0xmagnolia/status/2059471291762221088,@xxxApril_D13 也对 https://t.co/dUMb4EzSm2
2051200476604252302,Mon May 04 07:21:17 +0000 2026,1.7,capital_compound_defense,4,0,1833,False,https://x.com/0xmagnolia/status/2051200476604252302,@baypinar35 like this https://t.co/TmQguOd7Dn
1994402971409658114,Fri Nov 28 13:48:17 +0000 2025,1.7,capital_compound_defense,4,0,2436,False,https://x.com/0xmagnolia/status/1994402971409658114,@Lino_Awu https://t.co/mJW5AsbQ2T
1947003342649225244,Sun Jul 20 18:39:05 +0000 2025,1.7,capital_compound_defense,4,0,1812,False,https://x.com/0xmagnolia/status/1947003342649225244,@spencer bird is locked in https://t.co/fiwJ0p1pzD
2080574408335470660,Fri Jul 24 08:42:48 +0000 2026,1.7,capital_compound_defense,3,0,3378,False,https://x.com/0xmagnolia/status/2080574408335470660,@0xcrypto_max 又捧杀我 https://t.co/4IyWs51zQg
2075824469881590068,Sat Jul 11 06:08:15 +0000 2026,1.7,capital_compound_defense,3,0,1566,False,https://x.com/0xmagnolia/status/2075824469881590068,@SevaFTW https://t.co/qKN9M0E6e1
2074736766901530652,Wed Jul 08 06:06:06 +0000 2026,1.7,capital_compound_defense,3,0,3372,False,https://x.com/0xmagnolia/status/2074736766901530652,@yehheycopy @RobinhoodCrypto @Uniswap https://t.co/Fw3lqhaJyY
2074689989825433983,Wed Jul 08 03:00:14 +0000 2026,1.7,capital_compound_defense,3,0,1579,False,https://x.com/0xmagnolia/status/2074689989825433983,@Zhou66Vic @bitben_hodl @PayAINetwork https://t.co/sBC6uD60p8的官方合作，主要看有没有背书，主力资金会不会介入，当然，payai起来，也能溢流到dreams https://t.co/APOAJaGRwx
2057300257294475403,Thu May 21 03:19:38 +0000 2026,1.7,capital_compound_defense,3,0,1548,False,https://x.com/0xmagnolia/status/2057300257294475403,@bingdian666 永生 https://t.co/S0RctvRTMK
2038268604282802435,Sun Mar 29 14:54:39 +0000 2026,1.7,capital_compound_defense,3,0,4510,False,https://x.com/0xmagnolia/status/2038268604282802435,@Ganzin_Fitness 靠北哦 这是你儿子 @NEBU_KURO https://t.co/3bJXNCn9HM
2038199711921033634,Sun Mar 29 10:20:53 +0000 2026,1.7,capital_compound_defense,3,0,1524,False,https://x.com/0xmagnolia/status/2038199711921033634,@kumxem https://t.co/CN9LlW0HD1
2030172665621983566,Sat Mar 07 06:44:16 +0000 2026,1.7,capital_compound_defense,3,0,1431,False,https://x.com/0xmagnolia/status/2030172665621983566,@0xshunshun https://t.co/McCyViXFJb
2008416305586835863,Tue Jan 06 05:52:16 +0000 2026,1.7,capital_compound_defense,3,1,2133,False,https://x.com/0xmagnolia/status/2008416305586835863,@PoPi66002146 https://t.co/fG0MdmW0gp
2007775215514997115,Sun Jan 04 11:24:48 +0000 2026,1.7,capital_compound_defense,3,0,2674,False,https://x.com/0xmagnolia/status/2007775215514997115,@0xcrypto_max https://t.co/tiTGmTutpP
1919758728896946187,Tue May 06 14:18:43 +0000 2025,1.7,capital_compound_defense,3,0,2057,False,https://x.com/0xmagnolia/status/1919758728896946187,@1281222747Z @GTAVI_Countdown https://t.co/Gy6GRv7NAr
2095445008963047870,Thu Sep 03 09:33:16 +0000 2026,1.7,capital_compound_defense,2,0,10562,False,https://x.com/0xmagnolia/status/2095445008963047870,@RuneCrypto_ 明明是67岁 https://t.co/MbDxylFrW7
2087798049175122327,Thu Aug 13 07:06:58 +0000 2026,1.7,capital_compound_defense,2,0,4117,False,https://x.com/0xmagnolia/status/2087798049175122327,@xixikawaii https://t.co/XxDEFWwmyO
2084713882598461529,Tue Aug 04 18:51:36 +0000 2026,1.7,capital_compound_defense,2,0,2794,False,https://x.com/0xmagnolia/status/2084713882598461529,@martin_casado @elonmusk @BrianRoemmele https://t.co/UhjKYhdmgX
2044415491696103701,Wed Apr 15 14:00:11 +0000 2026,1.7,capital_compound_defense,2,0,4308,False,https://x.com/0xmagnolia/status/2044415491696103701,@TheBoysTV What the fuck was this? https://t.co/bYJUzIWZEp
1975158335302406636,Mon Oct 06 11:16:58 +0000 2025,1.7,capital_compound_defense,2,0,2212,False,https://x.com/0xmagnolia/status/1975158335302406636,@0xCryptoWing 同乐捏 https://t.co/urOd5IRWn1
1975123277149618475,Mon Oct 06 08:57:39 +0000 2025,1.7,capital_compound_defense,2,0,1068,False,https://x.com/0xmagnolia/status/1975123277149618475,@yeyekyc 同乐捏 https://t.co/Js208sUQW0
1975117130631950711,Mon Oct 06 08:33:14 +0000 2025,1.7,capital_compound_defense,2,1,1140,False,https://x.com/0xmagnolia/status/1975117130631950711,@msong2466_us 同乐同乐哈 https://t.co/7kP1ZBj7Vo
1952800801245864174,Tue Aug 05 18:36:06 +0000 2025,1.7,capital_compound_defense,2,0,1606,False,https://x.com/0xmagnolia/status/1952800801245864174,@topper100x https://t.co/XPru60OOr2
2068742455114252551,Sun Jun 21 17:06:51 +0000 2026,1.6,capital_compound_defense,29,1,5489,False,https://x.com/0xmagnolia/status/2068742455114252551,@2147_Million Those who missed the 2024 AI szn will never get it  we’re living through a straight-up generational moment rn.
2073791827304652961,Sun Jul 05 15:31:15 +0000 2026,1.6,capital_compound_defense,22,1,2226,False,https://x.com/0xmagnolia/status/2073791827304652961,"@nbeee10 2000u找个长期标定投每周投200u，遭遇黑天鹅看情况买，这2000u是你的保命钱。
500u 链上彩票暴击
剩下1500u 
1.500u亏完接着用用来找彩票
2.左侧追涨暴击标 
防止亏完，翻倍就出本"
2095004243451335009,Wed Sep 02 04:21:49 +0000 2026,1.6,capital_compound_defense,21,0,4651,False,https://x.com/0xmagnolia/status/2095004243451335009,@jiujinshan2022 感觉你快装差不多了，家具家电这些全部要自己买，你自己用国补网购就可以省一大笔钱，全屋定制肯定从里面敲你一笔，有钱不是拿来被坑的，孙哥那么有钱还不是精打细算。
2075780975842492736,Sat Jul 11 03:15:25 +0000 2026,1.6,capital_compound_defense,20,0,5922,False,https://x.com/0xmagnolia/status/2075780975842492736,"@febu Shut the fuck up with all that yapping, you AI bitch. Talk less, set up the goddamn group already and cook."
2095004952733307124,Wed Sep 02 04:24:38 +0000 2026,1.6,capital_compound_defense,15,1,3106,False,https://x.com/0xmagnolia/status/2095004952733307124,@aa_AFeng @jiujinshan2022 我用的也是好的，光卧室实木地板我跑了七家比价，从3000一直报到400，装修溢价很大的，因为只坑你一次
1955914635464544377,Thu Aug 14 08:49:22 +0000 2025,1.6,capital_compound_defense,12,0,3191,False,https://x.com/0xmagnolia/status/1955914635464544377,"@erhu0501 @Vexscan @finnbags @drpeepee @BagsApp 10%利润：资本保证到处被使用。
20%利润：资本活跃起来。
50%利润：资本铤而走险
100%
300%"
1952666166633328757,Tue Aug 05 09:41:07 +0000 2025,1.6,capital_compound_defense,12,0,4834,False,https://x.com/0xmagnolia/status/1952666166633328757,@shylrt8 @Forest1578570 @yelangqiu @LexaproTrader @IAmJustLate @slingdeez 还有 @thisisdjen
1915439441952506279,Thu Apr 24 16:15:24 +0000 2025,1.6,capital_compound_defense,12,0,3379,False,https://x.com/0xmagnolia/status/1915439441952506279,@yuan888287341 @Bqxosn @zxcnstx88 @jizhitangjiang6 不是散户行为，Mubarak那天cz买入后从28m冲40m回调后第二天才冲100m
2075759595826602229,Sat Jul 11 01:50:28 +0000 2026,1.6,capital_compound_defense,11,1,4097,False,https://x.com/0xmagnolia/status/2075759595826602229,@febu Why the fuck are so many dumbasses asking you questions? Who the hell do you think you are?
1952368507879866386,Mon Aug 04 13:58:20 +0000 2025,1.6,capital_compound_defense,11,0,8030,False,https://x.com/0xmagnolia/status/1952368507879866386,@xiangjiao0516 因为要拉高他的加仓成本，他的成本在0.1，底价不能让他都拿了
2062371536775090284,Thu Jun 04 03:11:06 +0000 2026,1.6,capital_compound_defense,9,0,1957,False,https://x.com/0xmagnolia/status/2062371536775090284,@kisei_shian 意义在于最大程度上利用自己的资金，3w8能买到为什么要5w开始买
1953035237958795492,Wed Aug 06 10:07:41 +0000 2025,1.6,capital_compound_defense,9,0,2093,False,https://x.com/0xmagnolia/status/1953035237958795492,@miaomf @whalewatchalert 背包是第一个支持gor测试网的
2080591656810922040,Fri Jul 24 09:51:21 +0000 2026,1.6,capital_compound_defense,8,1,1899,False,https://x.com/0xmagnolia/status/2080591656810922040,"@greenhills006 @king1875038 他们经常换新钱包 我自己有个监控程序, 建议你可以用 @bubblemaps 去看近期拉的猛的币比如 jimothy 去标记一下，让ai帮你筛选一下新地址"
1947138353331331535,Mon Jul 21 03:35:34 +0000 2025,1.6,capital_compound_defense,7,1,9045,False,https://x.com/0xmagnolia/status/1947138353331331535,@_FORAB 因为 @spencer
1914974151573704783,Wed Apr 23 09:26:30 +0000 2025,1.6,capital_compound_defense,7,0,2253,False,https://x.com/0xmagnolia/status/1914974151573704783,@yourfavrice @lijinfeng111 @jinziyi169 @Bqxosn @whgggam94 @deliciousarui 现在30m keycat  我说的上了cb的
1914917712704262417,Wed Apr 23 05:42:14 +0000 2025,1.6,capital_compound_defense,7,0,2180,False,https://x.com/0xmagnolia/status/1914917712704262417,@Lucifer93615485 @bulubuludada191 @jinziyi169 @Bqxosn @whgggam94 @deliciousarui 现在没有龙二，除非stink能到10m才能算龙二
2095093597645516991,Wed Sep 02 10:16:53 +0000 2026,1.6,capital_compound_defense,6,0,2185,False,https://x.com/0xmagnolia/status/2095093597645516991,"58w是硬装，容易比较踩坑的是瓷砖，岩板，橱柜，原材料。
1.瓷砖找周边县城郊区的店，房租便宜报价低，都是从广东发货没区别。
2.橱柜衣柜直接找木材工厂定制，跳过中间商（他们也是外包工厂）
3.腻子粉 油漆 电线 放
防水等等原材料自己去买，不要给他们外包。
4.岩板需要多少平直接网购，没区别，岩板真的超级坑。"
2073290970440089966,Sat Jul 04 06:21:01 +0000 2026,1.6,capital_compound_defense,6,1,1391,False,https://x.com/0xmagnolia/status/2073290970440089966,@thatweb3gee @Ga__ke Never seen a dev hustle and promote himself this aggressively lmao
1915802949244395527,Fri Apr 25 16:19:51 +0000 2025,1.6,capital_compound_defense,6,0,4444,False,https://x.com/0xmagnolia/status/1915802949244395527,@Ariete80681264 @DiscipleDoge @toly 非要参考，现在只能参考 $arc 跟 $alch 第一段
2020004632714703263,Sat Feb 07 05:20:08 +0000 2026,1.6,capital_compound_defense,5,0,1105,False,https://x.com/0xmagnolia/status/2020004632714703263,"@Luck_MrWei @xixikawaii @Siegfried90210 1.生命线弧度很长，长寿
2.智慧线较短，属于直觉型
3.感情线上扬较缓，理性思维
4.有霸王线，事业线 金运线，财运线连在一起，会有很大的成就
5.大拇指有佛眼，多去庙里"
1914925107258302487,Wed Apr 23 06:11:37 +0000 2025,1.6,capital_compound_defense,5,0,1862,False,https://x.com/0xmagnolia/status/1914925107258302487,@lurgee777 @ff980816 @lijinfeng111 @jinziyi169 @Bqxosn @whgggam94 @deliciousarui Freya都开始补涨了，但吃了个上steam的利好
2078924003599872353,Sun Jul 19 19:24:41 +0000 2026,1.6,capital_compound_defense,4,0,5115,False,https://x.com/0xmagnolia/status/2078924003599872353,"@ishowspeedsui You should get CR7 as your special guest performer, that way he can watch Messi in the final live"
2074688883162550348,Wed Jul 08 02:55:50 +0000 2026,1.6,capital_compound_defense,4,0,1530,False,https://x.com/0xmagnolia/status/2074688883162550348,"@0xHold7 @c1NnSk1S9SPILHL Bro, you just gotta take profit at the right time and you'll actually bag some gains."
2062352250740351354,Thu Jun 04 01:54:27 +0000 2026,1.6,capital_compound_defense,4,0,3048,False,https://x.com/0xmagnolia/status/2062352250740351354,@q954103 没有固定最大供应量（无硬顶），但通胀率会持续下降。所以上限不会太高，需要有机构飞轮。
2020078872117780788,Sat Feb 07 10:15:09 +0000 2026,1.6,capital_compound_defense,4,0,2036,False,https://x.com/0xmagnolia/status/2020078872117780788,"@0xYEYEKYC 1.生命线弧度好 长寿，末端分叉旅行线 会异地工作，运气好
2.无名指下有幸运星 会有很好很好很好的财运
3.食指下有所罗门之环 代表愿望很容易实现
4.有霸王线 事业有所大大大成
5.有三角纹 进一步大成"
1952678209696477552,Tue Aug 05 10:28:58 +0000 2025,1.6,capital_compound_defense,4,0,1944,False,https://x.com/0xmagnolia/status/1952678209696477552,@KSFHSNRM6 @LexaproTrader 反正先别在中文区发酵让老外先发力，全新抽象赛道，二创属性也高， @weremeow 昨晚的发言也表明了 @JupiterExchange  不能只靠天王星，而且他对屎尿屁也有点审美疲劳。昨天🪑的拉升也是他奶了一下
2072261955344310592,Wed Jul 01 10:12:05 +0000 2026,1.6,capital_compound_defense,3,0,2487,False,https://x.com/0xmagnolia/status/2072261955344310592,@orithellama @EasyA_Kickstart @c0mputeAI You’re missing a team like theirs to actually push and shill this properly.
2069678542234034311,Wed Jun 24 07:06:31 +0000 2026,1.6,capital_compound_defense,3,0,2123,False,https://x.com/0xmagnolia/status/2069678542234034311,@smol_intern 因为 @Cupseyy 成功了
2039220234503258452,Wed Apr 01 05:56:05 +0000 2026,1.6,capital_compound_defense,3,0,1005,False,https://x.com/0xmagnolia/status/2039220234503258452,"@Qingshui000626 木星丘有痣 比较骄傲 自私
有佛眼 多祈福易得庇佑
无名指下有幸运星 容易中奖
有千金纹 有一夜暴富的可能
事业线不错 生命线弧度也很好长寿
有三角纹 命里有财"
2038871701195518150,Tue Mar 31 06:51:08 +0000 2026,1.6,capital_compound_defense,3,0,920,False,https://x.com/0xmagnolia/status/2038871701195518150,"@Xxx_Stan_xxX 要抓住中年前的机会
财运线很长 守财能力可以但金运线短 招财一般
你的贵人线在外侧 外人是你贵人
你要幸运女神给周围人带来好运 你给谁带来好运可以多跟他聊聊"
1914914165757767834,Wed Apr 23 05:28:09 +0000 2025,1.6,capital_compound_defense,3,0,2233,False,https://x.com/0xmagnolia/status/1914914165757767834,@mudiren2019 @haidaizi1010 @jinziyi169 @Bqxosn @whgggam94 @deliciousarui 都没新增地址，全是老地址加仓
2059999534777041291,Thu May 28 14:05:36 +0000 2026,1.6,capital_compound_defense,2,0,2092,False,https://x.com/0xmagnolia/status/2059999534777041291,@0xshunshun 看你能不能租到满血便宜的，因为好多被抢完了
2039261191521128796,Wed Apr 01 08:38:50 +0000 2026,1.6,capital_compound_defense,2,0,943,False,https://x.com/0xmagnolia/status/2039261191521128796,"@pedrop0001 @duke55966788 中指的痣 有责任感但在关键选择容易迷茫
有幸运女神 给周围人带来好运
事业线贯穿 不错的
有赌博纹 容易中奖
财运线很长守财不错"
2039260010551861534,Wed Apr 01 08:34:08 +0000 2026,1.6,capital_compound_defense,2,0,1285,False,https://x.com/0xmagnolia/status/2039260010551861534,"@duke55966788 你中指这个伤口 这个位置 你会比一般人容易受伤 一定要少熬夜 多吃辅酶q10
感情线那个伤口 容易恋爱脑 克制一下
三角纹 命里有财
小拇指有所罗门环 工作学习会顺利"
2038278391905042503,Sun Mar 29 15:33:32 +0000 2026,1.6,capital_compound_defense,2,1,996,False,https://x.com/0xmagnolia/status/2038278391905042503,@1119163648Luke @AydinAyrto82930 @Ganzin_Fitness @NEBU_KURO 有霸王线 事业 财运 金运 非常好 把握机会就能大成
2038278119950582076,Sun Mar 29 15:32:27 +0000 2026,1.6,capital_compound_defense,2,0,1221,False,https://x.com/0xmagnolia/status/2038278119950582076,"@AydinAyrto82930 @Ganzin_Fitness @NEBU_KURO 事业线贯穿 按部就班就可以取得很好的生活
食指下有千金纹 有一夜暴富的机会"
2020038322564051130,Sat Feb 07 07:34:01 +0000 2026,1.6,capital_compound_defense,2,0,910,False,https://x.com/0xmagnolia/status/2020038322564051130,"@jinxiaojie888 1.生命线弧度不错，长寿，且有旅行线可能会异地工作，运气会变不错
2.智慧线分叉，聪慧，偏直觉
3.有千金纹，一夜暴富
4.事业线中早年有所成就"
1952668268394643643,Tue Aug 05 09:49:28 +0000 2025,1.6,capital_compound_defense,2,0,1392,False,https://x.com/0xmagnolia/status/1952668268394643643,@CharlesSong983 @shylrt8 @Forest1578570 @yelangqiu @LexaproTrader @IAmJustLate @slingdeez @thisisdjen wizard的英文头子
2095165412577312993,Wed Sep 02 15:02:15 +0000 2026,1.5,capital_compound_defense,89,7,65975,False,https://x.com/0xmagnolia/status/2095165412577312993,难道是？
2046653740388872611,Tue Apr 21 18:14:11 +0000 2026,1.5,capital_compound_defense,89,2,164812,False,https://x.com/0xmagnolia/status/2046653740388872611,@ChengXikang123 真拿你没办法
2080646760134025563,Fri Jul 24 13:30:18 +0000 2026,1.5,capital_compound_defense,88,0,12449,False,https://x.com/0xmagnolia/status/2080646760134025563,@JensenHuang @nvidia 占前排，成古人
2078314532016193841,Sat Jul 18 03:02:52 +0000 2026,1.5,capital_compound_defense,75,0,19910,False,https://x.com/0xmagnolia/status/2078314532016193841,@brian_armstrong 怪不得头上没毛，原来是闺头
2074801244573679776,Wed Jul 08 10:22:19 +0000 2026,1.5,capital_compound_defense,74,0,12040,False,https://x.com/0xmagnolia/status/2074801244573679776,@jheioff 聋了吗 问你话呢@gate
2038870061822394705,Tue Mar 31 06:44:37 +0000 2026,1.5,capital_compound_defense,73,0,33397,False,https://x.com/0xmagnolia/status/2038870061822394705,"哥姐几个记得加社群啊 就在简介下方
可以把社群添加到桌面，没事可以进去看看"
1946416116332662835,Sat Jul 19 03:45:39 +0000 2025,1.5,capital_compound_defense,69,1,16203,False,https://x.com/0xmagnolia/status/1946416116332662835,@DuolingoBrasil 走出国门了
2085988033967644899,Sat Aug 08 07:14:37 +0000 2026,1.5,capital_compound_defense,68,0,6396,False,https://x.com/0xmagnolia/status/2085988033967644899,@ZhangZToooooo 嘿不要灰心，这个阶段不适合你，那就等到属于自己舒适区。不需要抓住每次机会，你只需要抓住一两次就可以了
2076273089080701144,Sun Jul 12 11:50:54 +0000 2026,1.5,capital_compound_defense,67,0,39781,False,https://x.com/0xmagnolia/status/2076273089080701144,哦？
2080325409099649056,Thu Jul 23 16:13:22 +0000 2026,1.5,capital_compound_defense,66,0,9890,False,https://x.com/0xmagnolia/status/2080325409099649056,@WhiteHouse 我尼玛 这些勾八官号实习生绝对炒币，几次了他妈的
2042469541142544475,Fri Apr 10 05:07:40 +0000 2026,1.5,capital_compound_defense,66,1,17283,False,https://x.com/0xmagnolia/status/2042469541142544475,@brightjoe_9 @y1nt_ bsc:预测二圣吐痰👉🏻kol预测痰的成分👉🏻小散吃kol的浓痰👉🏻被浇给👉🏻二圣吐痰了!
1946965008270893506,Sun Jul 20 16:06:45 +0000 2025,1.5,capital_compound_defense,66,1,43589,False,https://x.com/0xmagnolia/status/1946965008270893506,https://t.co/H1cXEBZe8K
1835520525810151622,Mon Sep 16 03:26:10 +0000 2024,1.5,capital_compound_defense,66,3,24963,False,https://x.com/0xmagnolia/status/1835520525810151622,"我求的是正儿八经的金狗，而不是广撒网博胜率。
  哪次不是把购买理由一五一十地列出来，好让你们明白它值不值得买入。"
2038255144991891488,Sun Mar 29 14:01:10 +0000 2026,1.5,capital_compound_defense,65,1,40786,False,https://x.com/0xmagnolia/status/2038255144991891488,记得加社群 基本有什么异动的信息都在社群发了
1914999023624204576,Wed Apr 23 11:05:20 +0000 2025,1.5,capital_compound_defense,56,13,15449,False,https://x.com/0xmagnolia/status/1914999023624204576,@whalewatchdefi 这个号也关注下
2072208139873902849,Wed Jul 01 06:38:14 +0000 2026,1.5,capital_compound_defense,52,2,6580,False,https://x.com/0xmagnolia/status/2072208139873902849,@wufantouzi 炒美股应该炒币圈没有的东西，炒币要炒美股没有的东西
1920820009120465329,Fri May 09 12:35:51 +0000 2025,1.5,capital_compound_defense,52,8,28418,False,https://x.com/0xmagnolia/status/1920820009120465329,@auctman 看收针，出现缩量收针且横盘半小时，抄
1915085884405477419,Wed Apr 23 16:50:30 +0000 2025,1.5,capital_compound_defense,51,1,110422,False,https://x.com/0xmagnolia/status/1915085884405477419,@jizhitangjiang6 太好了，该洗的都洗了
1915320468909047888,Thu Apr 24 08:22:39 +0000 2025,1.5,capital_compound_defense,48,5,26965,False,https://x.com/0xmagnolia/status/1915320468909047888,下不去手那就逼自己一把
2039248176616755438,Wed Apr 01 07:47:07 +0000 2026,1.5,capital_compound_defense,47,5,32716,False,https://x.com/0xmagnolia/status/2039248176616755438,"第三次世界大戦起きたら「114514」って言ったら味方だってわかるようにしとくわ
これで安心やな"
2049179324952031476,Tue Apr 28 17:29:57 +0000 2026,1.5,capital_compound_defense,43,0,6793,False,https://x.com/0xmagnolia/status/2049179324952031476,@IAmAlanWalker 嘉高祖
2083877494260732005,Sun Aug 02 11:28:05 +0000 2026,1.5,capital_compound_defense,42,0,6759,False,https://x.com/0xmagnolia/status/2083877494260732005,@cryptojiuyi 你这辈子只玩这个币了吗
2068215539265360035,Sat Jun 20 06:13:04 +0000 2026,1.5,capital_compound_defense,41,4,26116,False,https://x.com/0xmagnolia/status/2068215539265360035,滑る猫
2053692808507387969,Mon May 11 04:24:55 +0000 2026,1.5,capital_compound_defense,40,8,2622,False,https://x.com/0xmagnolia/status/2053692808507387969,@kyouseitaigaku 助力一个日本大学生梦想成真
2008116208483422561,Mon Jan 05 09:59:47 +0000 2026,1.5,capital_compound_defense,40,0,88701,False,https://x.com/0xmagnolia/status/2008116208483422561,@cheenanet 给小日子来点加密震撼
1933367385345699901,Fri Jun 13 03:34:39 +0000 2025,1.5,capital_compound_defense,40,0,8930,False,https://x.com/0xmagnolia/status/1933367385345699901,@yuyue_chris 直接走统治胜利，速拉机器人，开末日机甲，逼伊朗开常春藤计划，打和解。
1915645404768837841,Fri Apr 25 05:53:50 +0000 2025,1.5,capital_compound_defense,40,4,11240,False,https://x.com/0xmagnolia/status/1915645404768837841,@moment_eth 都说了你先积累原始资本再PVP，你们光看到gake埋伏的狗起飞了，那亏损的呢？有了资本你才能广撒网，而不是小资金博一博。
1968331477210591601,Wed Sep 17 15:09:28 +0000 2025,1.5,capital_compound_defense,39,1,6248,False,https://x.com/0xmagnolia/status/1968331477210591601,@Gorbagana_chain @toly  🗑️⛓️
2038546294613090737,Mon Mar 30 09:18:05 +0000 2026,1.5,capital_compound_defense,38,0,6818,False,https://x.com/0xmagnolia/status/2038546294613090737,@MrGafish 死了
1984811647190646909,Sun Nov 02 02:35:47 +0000 2025,1.5,capital_compound_defense,38,0,8196,False,https://x.com/0xmagnolia/status/1984811647190646909,@Michael_Liu93 羊蹄山之魂（对马岛续作） 骑马与砍杀2（全面策略战争）
2077776811925356604,Thu Jul 16 15:26:09 +0000 2026,1.5,capital_compound_defense,34,0,35767,False,https://x.com/0xmagnolia/status/2077776811925356604,异动
2060186553562095863,Fri May 29 02:28:45 +0000 2026,1.5,capital_compound_defense,34,0,6969,False,https://x.com/0xmagnolia/status/2060186553562095863,@aadvark89 怎么老了20还没死
2016734039672259031,Thu Jan 29 04:43:58 +0000 2026,1.5,capital_compound_defense,32,1,3368,False,https://x.com/0xmagnolia/status/2016734039672259031,@WhaleExit 好好生活，27年3月再找机会
1922492696242901137,Wed May 14 03:22:31 +0000 2025,1.5,capital_compound_defense,32,3,33091,False,https://x.com/0xmagnolia/status/1922492696242901137,https://t.co/7XMyYRsJUV
2049760725388902548,Thu Apr 30 08:00:14 +0000 2026,1.5,capital_compound_defense,31,7,6058,False,https://x.com/0xmagnolia/status/2049760725388902548,@keyalice1919 114514
2070727351592526164,Sat Jun 27 04:34:07 +0000 2026,1.5,capital_compound_defense,30,1,26028,False,https://x.com/0xmagnolia/status/2070727351592526164,jito可以吃饭，凤尾只能拉屎
1933844698176823332,Sat Jun 14 11:11:19 +0000 2025,1.5,capital_compound_defense,30,1,6042,False,https://x.com/0xmagnolia/status/1933844698176823332,@SMRTM0NEY https://t.co/K95g82qbaH
1933205646209658992,Thu Jun 12 16:51:57 +0000 2025,1.5,capital_compound_defense,30,0,4434,False,https://x.com/0xmagnolia/status/1933205646209658992,@OIIAOIIA_COIN_ @duolingo hey @duolingo
1772469830706147561,Tue Mar 26 03:45:13 +0000 2024,1.5,capital_compound_defense,25,2,7921,False,https://x.com/0xmagnolia/status/1772469830706147561,小资金怎么滚仓，最惨的时候我手里只有800块，一定要把握住这个牛市
1764529715686285418,Mon Mar 04 05:54:02 +0000 2024,1.5,capital_compound_defense,21,1,18381,False,https://x.com/0xmagnolia/status/1764529715686285418,"$cos web3视频➕AI➕VR/AR 
滚仓备选币 等不到 $vanry $for $goal 回调的可以先观察这个"
1620648899152351235,Wed Feb 01 05:03:02 +0000 2023,1.5,capital_compound_defense,18,0,11644,False,https://x.com/0xmagnolia/status/1620648899152351235,家人们还是调整下仓位，至少留一半u，手里有u就不怕，多进行现货滚仓，千万别开合约，一年多吃几个热点，实现财富跃迁
1811761810527388086,Fri Jul 12 13:57:31 +0000 2024,1.5,capital_compound_defense,8,0,2434,False,https://x.com/0xmagnolia/status/1811761810527388086,@AoGuai2097 5月到现在我不是一直在教你们滚仓吗， zeus 滚完滚hoppy 滚完滚wat 还有我现在拿的这些
1774431947668021512,Sun Mar 31 13:41:58 +0000 2024,1.5,capital_compound_defense,7,0,19797,False,https://x.com/0xmagnolia/status/1774431947668021512,$pac 上线没多久买的，给我在0.015套了很久，我倒是不建议大家买了，毕竟仓位太分散滚仓就不好滚了，我就当记录一下，归零也无所谓了
2078869866254315591,Sun Jul 19 15:49:34 +0000 2026,1.5,capital_compound_defense,6,0,2298,False,https://x.com/0xmagnolia/status/2078869866254315591,@shuxiansheng117 二级看日成交量，能冲到币安日成交量排行榜前三就要开始逐步止盈了，2亿刀是个节点
2086029137807069225,Sat Aug 08 09:57:57 +0000 2026,1.5,capital_compound_defense,5,0,2783,False,https://x.com/0xmagnolia/status/2086029137807069225,@chenjs7512 @pinkmannnn85 @ZhangZToooooo 在我主页搜索，止损 止盈，都写过详细帖子
1919804453710135463,Tue May 06 17:20:24 +0000 2025,1.5,capital_compound_defense,4,2,2820,False,https://x.com/0xmagnolia/status/1919804453710135463,@Solitude165173 尽量吃日线级二段吧，时间走的久点，一段需要盯盘的，有时候要当机立断，不然就利润回撤了
2086006463168909624,Sat Aug 08 08:27:51 +0000 2026,1.5,capital_compound_defense,2,0,2081,False,https://x.com/0xmagnolia/status/2086006463168909624,@chenjs7512 @pinkmannnn85 @ZhangZToooooo 你这叫止损了，止盈要边涨边卖
2062205672448786637,Wed Jun 03 16:12:00 +0000 2026,1.1,capital_compound_defense,29,0,8120,False,https://x.com/0xmagnolia/status/2062205672448786637,@LeChen56091 这才哪到哪，好戏要开始了
2047644152666746888,Fri Apr 24 11:49:44 +0000 2026,1.1,capital_compound_defense,29,0,6862,False,https://x.com/0xmagnolia/status/2047644152666746888,@ARICHCOO 你刻错了，应该刻27年，现在对应的时间是22年Luna崩盘那段时间
1915563386274029894,Fri Apr 25 00:27:55 +0000 2025,1.1,capital_compound_defense,29,0,25080,False,https://x.com/0xmagnolia/status/1915563386274029894,@toly 无语了，5.6号都要开直播了还上不去，昨晚toly一直发推奶都不行。
2080631379344400662,Fri Jul 24 12:29:11 +0000 2026,1.1,capital_compound_defense,28,0,7521,False,https://x.com/0xmagnolia/status/2080631379344400662,@ponsdotfamily 你妈的这么穷吗，续个蓝v会死吗，要不要给你捐款
2043717054403162159,Mon Apr 13 15:44:50 +0000 2026,1.1,capital_compound_defense,28,1,21796,False,https://x.com/0xmagnolia/status/2043717054403162159,@chngunx32765901 最近记得看我最新关注，我还没关注他官推
2052673489849721115,Fri May 08 08:54:31 +0000 2026,1.1,capital_compound_defense,26,0,29212,False,https://x.com/0xmagnolia/status/2052673489849721115,@xNrTk3Uhpl26443 我不行了
1945037205665165535,Tue Jul 15 08:26:21 +0000 2025,1.1,capital_compound_defense,26,0,4198,False,https://x.com/0xmagnolia/status/1945037205665165535,@OIIAOIIAInfinex turning gay or spinning infinitely
1919758497274855892,Tue May 06 14:17:47 +0000 2025,1.1,capital_compound_defense,26,0,21466,False,https://x.com/0xmagnolia/status/1919758497274855892,@GTAVI_Countdown 复活吧我的爱人，两年了
2095011563271074105,Wed Sep 02 04:50:54 +0000 2026,1.1,capital_compound_defense,25,1,7502,False,https://x.com/0xmagnolia/status/2095011563271074105,@MEADGod 活成了 @shawmakesmagic 最想成为的样子
2051033749413060673,Sun May 03 20:18:46 +0000 2026,1.1,capital_compound_defense,25,0,12263,False,https://x.com/0xmagnolia/status/2051033749413060673,@whalewatchalert 欧美要组局了kook带头的
2062418141603565747,Thu Jun 04 06:16:17 +0000 2026,1.1,capital_compound_defense,24,0,5872,False,https://x.com/0xmagnolia/status/2062418141603565747,@feifan7686 乔布斯56岁就去世了，但他活到了92岁
2053693646554493380,Mon May 11 04:28:15 +0000 2026,1.1,capital_compound_defense,24,0,3982,False,https://x.com/0xmagnolia/status/2053693646554493380,@cream_puff_love 现在买入也不晚，日本朋友
2050800492683645326,Sun May 03 04:51:54 +0000 2026,1.1,capital_compound_defense,23,0,7044,False,https://x.com/0xmagnolia/status/2050800492683645326,@one_snowball 其实40的时候就猝死了
1919738923632538033,Tue May 06 13:00:01 +0000 2025,1.1,capital_compound_defense,23,0,5454,False,https://x.com/0xmagnolia/status/1919738923632538033,@trythencatch @Irenezhao_ 我抄了，至少这个是活的
1916752519859937494,Mon Apr 28 07:13:06 +0000 2025,1.1,capital_compound_defense,23,0,2871,False,https://x.com/0xmagnolia/status/1916752519859937494,@Koicarrots99 @1bloops 等利好突破了，最近一个就是他要去当黑客松评委
1980866650464526529,Wed Oct 22 05:19:46 +0000 2025,1.1,capital_compound_defense,22,0,18619,False,https://x.com/0xmagnolia/status/1980866650464526529,https://t.co/W6VDvOj48k
1921883320301834430,Mon May 12 11:01:05 +0000 2025,1.1,capital_compound_defense,22,1,4183,False,https://x.com/0xmagnolia/status/1921883320301834430,"@Justsmile23333 上次打了大家一个措手不及 传播链 一层层往下，有接盘。
这次大家都知道要发了，那后续接盘动力在哪。你要是不放心留出40%的u"
1915197722942202000,Thu Apr 24 00:14:54 +0000 2025,1.1,capital_compound_defense,22,4,7486,False,https://x.com/0xmagnolia/status/1915197722942202000,@Catsillyness https://t.co/LaTee1JoEg
1915046613988593925,Wed Apr 23 14:14:27 +0000 2025,1.1,capital_compound_defense,22,0,4030,False,https://x.com/0xmagnolia/status/1915046613988593925,@gordongekko @IfindRetards
2083004044977815728,Fri Jul 31 01:37:19 +0000 2026,1.1,capital_compound_defense,21,0,5444,False,https://x.com/0xmagnolia/status/2083004044977815728,@orangie 你会看个屁 乱打分
2065589957201477712,Sat Jun 13 00:19:57 +0000 2026,1.1,capital_compound_defense,21,0,3792,False,https://x.com/0xmagnolia/status/2065589957201477712,@moonpay 不想给就直说
2008229073961841028,Mon Jan 05 17:28:16 +0000 2026,1.1,capital_compound_defense,21,0,13237,False,https://x.com/0xmagnolia/status/2008229073961841028,@maebahesioru2 もう上位1％
1981377574745076045,Thu Oct 23 15:10:00 +0000 2025,1.1,capital_compound_defense,21,0,10834,False,https://x.com/0xmagnolia/status/1981377574745076045,@0x_atm @Gorbagana_chain 难道说？
1977302742466224283,Sun Oct 12 09:18:04 +0000 2025,1.1,capital_compound_defense,21,0,4017,False,https://x.com/0xmagnolia/status/1977302742466224283,@FluxGray 乡下的老鼠好一点
1916990849180963200,Mon Apr 28 23:00:09 +0000 2025,1.1,capital_compound_defense,21,0,3289,False,https://x.com/0xmagnolia/status/1916990849180963200,@ymy2022 @edgarpavlovsky @darkresearchai 这个算实质性利好了，看市场买不买单了，要是今天不及预期，想换就换吧
1947376648669827550,Mon Jul 21 19:22:28 +0000 2025,1.1,capital_compound_defense,20,0,6790,False,https://x.com/0xmagnolia/status/1947376648669827550,@greg16676935420 开个蜜雪冰城
1921082391117873507,Sat May 10 05:58:28 +0000 2025,1.1,capital_compound_defense,20,4,5646,False,https://x.com/0xmagnolia/status/1921082391117873507,@Web33ds @0xfengCrypto https://t.co/QbhfUrgj1C
2093922786058371190,Sun Aug 30 04:44:30 +0000 2026,1.1,capital_compound_defense,19,0,6264,False,https://x.com/0xmagnolia/status/2093922786058371190,@tianbing1999 Frong还在洗，但 @haydenzadams 多次提及， $pools 已经洗干净了，差个uni的人名牌支持
2078797068248998062,Sun Jul 19 11:00:17 +0000 2026,1.1,capital_compound_defense,19,2,3028,False,https://x.com/0xmagnolia/status/2078797068248998062,@DL0868 明年3月
2072233908822065298,Wed Jul 01 08:20:38 +0000 2026,1.1,capital_compound_defense,19,0,5652,False,https://x.com/0xmagnolia/status/2072233908822065298,@_FORAB 很正常，赵长鹏跟徐明星都坐过牢
2057727823662739516,Fri May 22 07:38:38 +0000 2026,1.1,capital_compound_defense,19,0,22957,False,https://x.com/0xmagnolia/status/2057727823662739516,这都能让你蹭到
2008439897187905957,Tue Jan 06 07:26:01 +0000 2026,1.1,capital_compound_defense,19,0,14077,False,https://x.com/0xmagnolia/status/2008439897187905957,@tesuta001 一万円で114514コイン買え @114514coin
1952683063789736100,Tue Aug 05 10:48:16 +0000 2025,1.1,capital_compound_defense,19,1,6082,False,https://x.com/0xmagnolia/status/1952683063789736100,@whalewatchalert ？
1788569644145705447,Thu May 09 14:00:07 +0000 2024,1.1,capital_compound_defense,19,3,2539,False,https://x.com/0xmagnolia/status/1788569644145705447,@DcDcgao2 最简单的，你用 @ScopeProtocol  的网站电脑端打开，然后搜索你想要查的代币，从钱包地址里一个一个找，懂了吗？
2069445570075443400,Tue Jun 23 15:40:47 +0000 2026,1.1,capital_compound_defense,18,0,7405,False,https://x.com/0xmagnolia/status/2069445570075443400,@xixikawaii 有的，一直有的。你还年轻
2050464706180395419,Sat May 02 06:37:36 +0000 2026,1.1,capital_compound_defense,18,1,2685,False,https://x.com/0xmagnolia/status/2050464706180395419,@kyouseitaigaku !？
2042517186410123663,Fri Apr 10 08:17:00 +0000 2026,1.1,capital_compound_defense,18,0,3176,False,https://x.com/0xmagnolia/status/2042517186410123663,@nikkei 利好 @114514coin
2042456537713832227,Fri Apr 10 04:16:00 +0000 2026,1.1,capital_compound_defense,18,0,3342,False,https://x.com/0xmagnolia/status/2042456537713832227,@kyouseitaigaku 150倍の伝説
1916989678391333370,Mon Apr 28 22:55:29 +0000 2025,1.1,capital_compound_defense,18,0,4832,False,https://x.com/0xmagnolia/status/1916989678391333370,@edgarpavlovsky @darkresearchai To boldly go where no man has gone before.
2080608710838419762,Fri Jul 24 10:59:07 +0000 2026,1.1,capital_compound_defense,17,0,2497,False,https://x.com/0xmagnolia/status/2080608710838419762,@zhouyuan888 二段最好200k这附近
2075445242174857244,Fri Jul 10 05:01:20 +0000 2026,1.1,capital_compound_defense,17,0,3938,False,https://x.com/0xmagnolia/status/2075445242174857244,@Foresight_News @lookonchain 他至少赚了10倍，不是吗
1921016902198886768,Sat May 10 01:38:14 +0000 2025,1.1,capital_compound_defense,17,2,9792,False,https://x.com/0xmagnolia/status/1921016902198886768,@0xfengCrypto https://t.co/7O8FiG7g0u
2095172430188949626,Wed Sep 02 15:30:08 +0000 2026,1.1,capital_compound_defense,16,1,11345,False,https://x.com/0xmagnolia/status/2095172430188949626,但仙股是有增发权限的，不好说
2074705680054026367,Wed Jul 08 04:02:34 +0000 2026,1.1,capital_compound_defense,16,0,9491,False,https://x.com/0xmagnolia/status/2074705680054026367,@vladtenev we’re actually gonna make this happen.
2058596952485589496,Sun May 24 17:12:15 +0000 2026,1.1,capital_compound_defense,16,0,7604,False,https://x.com/0xmagnolia/status/2058596952485589496,@Stanleysobest 暖暖内含光 分一次手看一次
2046771050109886772,Wed Apr 22 02:00:20 +0000 2026,1.1,capital_compound_defense,16,0,9466,False,https://x.com/0xmagnolia/status/2046771050109886772,仅仅过去两小时，目前浏览量164万，点赞2.8万，转发3325
2019993126434443772,Sat Feb 07 04:34:25 +0000 2026,1.1,capital_compound_defense,16,0,6735,False,https://x.com/0xmagnolia/status/2019993126434443772,@xixikawaii @Siegfried90210 帮你看看手相
1983935595996119064,Thu Oct 30 16:34:40 +0000 2025,1.1,capital_compound_defense,16,0,8064,False,https://x.com/0xmagnolia/status/1983935595996119064,@samrags_ 这个人的followers有点东西
1946421379865460863,Sat Jul 19 04:06:34 +0000 2025,1.1,capital_compound_defense,16,0,9363,False,https://x.com/0xmagnolia/status/1946421379865460863,@baofuliu @moonbirds @1kxnetwork @pudgypenguins https://t.co/pi01GiO27q
1920877079010144277,Fri May 09 16:22:38 +0000 2025,1.1,capital_compound_defense,16,2,5695,False,https://x.com/0xmagnolia/status/1920877079010144277,@chinababa88 https://t.co/Z6IwFgggvf
2095051573080772609,Wed Sep 02 07:29:53 +0000 2026,1.1,capital_compound_defense,15,0,4109,False,https://x.com/0xmagnolia/status/2095051573080772609,@0xcrypto_max @brc20niubi 虽然互相拉黑了，还是谢谢他
2080621358741180904,Fri Jul 24 11:49:22 +0000 2026,1.1,capital_compound_defense,15,2,11031,False,https://x.com/0xmagnolia/status/2080621358741180904,"@trynafindbebe @vladtenev hoping he RTs some Index content, especially RWA."
2066345051706503275,Mon Jun 15 02:20:25 +0000 2026,1.1,capital_compound_defense,15,2,2471,False,https://x.com/0xmagnolia/status/2066345051706503275,@Hyre_agent 好用 爱用
2052708332025328038,Fri May 08 11:12:58 +0000 2026,1.1,capital_compound_defense,15,3,910,False,https://x.com/0xmagnolia/status/2052708332025328038,@homohomo364364 @SilveryGray777 got it
2045795644066205850,Sun Apr 19 09:24:25 +0000 2026,1.1,capital_compound_defense,15,0,7417,False,https://x.com/0xmagnolia/status/2045795644066205850,@Achennnnnnnnnn 不急，rave这波风头过了，他们照样开始，前年trb闹那么大也没见怎么样。只要下一个妖币出来，这档子事就忘了。
2087882735360917923,Thu Aug 13 12:43:29 +0000 2026,1.1,capital_compound_defense,14,1,2996,False,https://x.com/0xmagnolia/status/2087882735360917923,@zhngdd180376 @airtightcat 留着这一万等着11月大底，不要PVP
2074505203454497038,Tue Jul 07 14:45:57 +0000 2026,1.1,capital_compound_defense,14,1,47241,False,https://x.com/0xmagnolia/status/2074505203454497038,"@yngganzer Yeah, you mean like Popcat vibes, right?"
2047996033645543896,Sat Apr 25 11:07:59 +0000 2026,1.1,capital_compound_defense,14,0,3512,False,https://x.com/0xmagnolia/status/2047996033645543896,@FRIEREN_PR 27年？!那我不活了
1969612247527014751,Sun Sep 21 03:58:48 +0000 2025,1.1,capital_compound_defense,14,0,5037,False,https://x.com/0xmagnolia/status/1969612247527014751,@rita88 我相信你
1921775338339610731,Mon May 12 03:52:00 +0000 2025,1.1,capital_compound_defense,14,0,5052,False,https://x.com/0xmagnolia/status/1921775338339610731,@0xCryptoWing 张诗尧春招过了吗
1921030975280030097,Sat May 10 02:34:10 +0000 2025,1.1,capital_compound_defense,14,0,4549,False,https://x.com/0xmagnolia/status/1921030975280030097,@Ireallymessup 你猜我OIIAOIIA拿了多久了
1771932908757872820,Sun Mar 24 16:11:41 +0000 2024,1.1,capital_compound_defense,14,1,7897,False,https://x.com/0xmagnolia/status/1771932908757872820,来ton玩就别玩土狗了，玩土狗你要等生态繁荣之后再玩现在生态建设早期玩土狗就是死路一条，defi 质押 挖矿 链游 dex 这么多官方代币不比土狗拿着安心
2076199971712582089,Sun Jul 12 07:00:21 +0000 2026,1.1,capital_compound_defense,13,0,8873,False,https://x.com/0xmagnolia/status/2076199971712582089,@Breaking911 This is actually so foul 😭 so I’m eating beef today to cope fr 🥩
2072181656438620416,Wed Jul 01 04:53:00 +0000 2026,1.1,capital_compound_defense,13,0,3905,False,https://x.com/0xmagnolia/status/2072181656438620416,@himgajria @_TJRTrades 那咋了，那你再搞个 FARTCOIN啊，你搞啊，能搞出来立马簇拥你为新的战壕司令
2071566413828129183,Mon Jun 29 12:08:15 +0000 2026,1.1,capital_compound_defense,13,0,3865,False,https://x.com/0xmagnolia/status/2071566413828129183,@jiujinshan2022 学习不好，没必要走传统应试道路了。发掘其它天赋，运动，电竞，围棋，卡丁车，山地车
2052862022854005139,Fri May 08 21:23:41 +0000 2026,1.1,capital_compound_defense,13,0,37894,False,https://x.com/0xmagnolia/status/2052862022854005139,@akutabar_ 这都有100w浏览？
2020015971210273076,Sat Feb 07 06:05:12 +0000 2026,1.1,capital_compound_defense,13,0,11836,False,https://x.com/0xmagnolia/status/2020015971210273076,看手相的朋友，单独发评论，不然太乱了有些不会显示，这条下也别发!是单独评论!我好找
1952664738850386010,Tue Aug 05 09:35:27 +0000 2025,1.1,capital_compound_defense,13,0,5556,False,https://x.com/0xmagnolia/status/1952664738850386010,@shylrt8 @Forest1578570 @yelangqiu @LexaproTrader 注意这俩人 @IAmJustLate  @slingdeez
1921020419366146460,Sat May 10 01:52:13 +0000 2025,1.1,capital_compound_defense,13,0,3265,False,https://x.com/0xmagnolia/status/1921020419366146460,@kkxx19339464 日本蜡烛图 裸k交易法
2083898218921033782,Sun Aug 02 12:50:27 +0000 2026,1.1,capital_compound_defense,12,0,3183,False,https://x.com/0xmagnolia/status/2083898218921033782,@xixikawaii 好好搞抽象吧，明年简单版本再玩
2073183740772429894,Fri Jul 03 23:14:56 +0000 2026,1.1,capital_compound_defense,12,0,4610,False,https://x.com/0xmagnolia/status/2073183740772429894,@bubblemaps He didn’t sell don’t hit this market cap. Simple as that.
2069677686117810255,Wed Jun 24 07:03:07 +0000 2026,1.1,capital_compound_defense,12,0,3892,False,https://x.com/0xmagnolia/status/2069677686117810255,@jukan05 哈哈哈太他妈好笑了🤣
2057301981535129653,Thu May 21 03:26:29 +0000 2026,1.1,capital_compound_defense,12,0,1268,False,https://x.com/0xmagnolia/status/2057301981535129653,@lalalal76773309 来嘛，到时候我们看，我来执行这个策略
2046748952880718295,Wed Apr 22 00:32:31 +0000 2026,1.1,capital_compound_defense,12,0,8922,False,https://x.com/0xmagnolia/status/2046748952880718295,@Furannzuki_0704 请不要给我 《出租女友》的单行本，否则立刻自杀
2042472379449032975,Fri Apr 10 05:18:57 +0000 2026,1.1,capital_compound_defense,12,0,8303,False,https://x.com/0xmagnolia/status/2042472379449032975,@_FORAB 可以去演亢奋第四季了
2038862688034693516,Tue Mar 31 06:15:19 +0000 2026,1.1,capital_compound_defense,12,0,3679,False,https://x.com/0xmagnolia/status/2038862688034693516,@Rita88 试试 百香果傣味火锅
1968334128690172154,Wed Sep 17 15:20:00 +0000 2025,1.1,capital_compound_defense,12,1,2685,False,https://x.com/0xmagnolia/status/1968334128690172154,@Xwill0383 @Gorbagana_chain @toly 15是压力位，突破了就没事了
1944204438098280932,Sun Jul 13 01:17:14 +0000 2025,1.1,capital_compound_defense,12,1,1605,False,https://x.com/0xmagnolia/status/1944204438098280932,@littlemehhh @Sprophet10  @OIIAOIIA_COIN_  @xertxetin @freedomjackk
1915256244044275897,Thu Apr 24 04:07:26 +0000 2025,1.1,capital_compound_defense,12,0,2715,False,https://x.com/0xmagnolia/status/1915256244044275897,@jizhitangjiang6 1h到位了
2095015842107060289,Wed Sep 02 05:07:54 +0000 2026,1.1,capital_compound_defense,11,0,3634,False,https://x.com/0xmagnolia/status/2095015842107060289,@jiujinshan2022 算了，巴黎你有钱，我只是说，那些坑你的钱在没有付尾款前，可以协商要回来点。
2080570873871020315,Fri Jul 24 08:28:46 +0000 2026,1.1,capital_compound_defense,11,1,5741,False,https://x.com/0xmagnolia/status/2080570873871020315,@cryptotobull @laowu3677 多啊，证券代币化就是主流。没人能阻止区块链
2074776647329526123,Wed Jul 08 08:44:34 +0000 2026,1.1,capital_compound_defense,11,0,3413,False,https://x.com/0xmagnolia/status/2074776647329526123,"@Yennii56 Jeets have capitulated, moonguys loading up now."
2060227611205480618,Fri May 29 05:11:54 +0000 2026,1.1,capital_compound_defense,11,0,6414,False,https://x.com/0xmagnolia/status/2060227611205480618,@unicorn_chance 114514
2057301366402609280,Thu May 21 03:24:03 +0000 2026,1.1,capital_compound_defense,11,2,1642,False,https://x.com/0xmagnolia/status/2057301366402609280,@lalalal76773309 6w不可能是底，至少3.8w
2053880166653608340,Mon May 11 16:49:25 +0000 2026,1.1,capital_compound_defense,11,0,2082,False,https://x.com/0xmagnolia/status/2053880166653608340,@114514coin 国↑交↓
2047644614862250199,Fri Apr 24 11:51:34 +0000 2026,1.1,capital_compound_defense,11,0,1351,False,https://x.com/0xmagnolia/status/2047644614862250199,@Berry03311 我只是借你评论区发表一下观点，没有任何抨击你的意思哦～
2042478690601443589,Fri Apr 10 05:44:01 +0000 2026,1.1,capital_compound_defense,11,0,1268,False,https://x.com/0xmagnolia/status/2042478690601443589,@kyouseitaigaku 是的，助力一个日本梦想
2042456977994121531,Fri Apr 10 04:17:45 +0000 2026,1.1,capital_compound_defense,11,0,1206,False,https://x.com/0xmagnolia/status/2042456977994121531,@NHDMMMMM 你自己也知道这玩意流量很大，希望你是个有实力的庄
1969598679599521895,Sun Sep 21 03:04:53 +0000 2025,1.1,capital_compound_defense,11,0,5935,False,https://x.com/0xmagnolia/status/1969598679599521895,@TheMisterFrog No excuse needed to take a shit
1946962848783151577,Sun Jul 20 15:58:10 +0000 2025,1.1,capital_compound_defense,11,0,4567,False,https://x.com/0xmagnolia/status/1946962848783151577,@opensea @moonbirds gbirb
1784475420542558418,Sun Apr 28 06:51:08 +0000 2024,1.1,capital_compound_defense,11,0,6098,False,https://x.com/0xmagnolia/status/1784475420542558418,@CatizenAI 头矿就有8.4亿，你代币流通是要多少 100亿？
2093954391338615244,Sun Aug 30 06:50:05 +0000 2026,1.1,capital_compound_defense,10,0,3440,False,https://x.com/0xmagnolia/status/2093954391338615244,@ANSEL_0108 看今天能不能突破8m，破了再看
2072294459468021825,Wed Jul 01 12:21:15 +0000 2026,1.1,capital_compound_defense,10,1,7150,False,https://x.com/0xmagnolia/status/2072294459468021825,@CryptoApprenti1 1500u，还不如买 $plby 这样的小盘股
2069732492396163159,Wed Jun 24 10:40:54 +0000 2026,1.1,capital_compound_defense,10,0,2045,False,https://x.com/0xmagnolia/status/2069732492396163159,@aeon_ion 这是真喜欢
2039249337746923747,Wed Apr 01 07:51:44 +0000 2026,1.1,capital_compound_defense,10,0,1982,False,https://x.com/0xmagnolia/status/2039249337746923747,@Xchow0 这周内要是能摸5m，可能还有机会，摸不到那就是蹭热度
1974175401095410109,Fri Oct 03 18:11:08 +0000 2025,1.1,capital_compound_defense,10,0,1883,False,https://x.com/0xmagnolia/status/1974175401095410109,@yuitone1003 launchcoin跟useless已经打过样了，就看Finn实力了。反正发射台只要出个破亿龙头就不愁没人玩。
1923787930079985863,Sat May 17 17:09:19 +0000 2025,1.1,capital_compound_defense,10,0,9218,False,https://x.com/0xmagnolia/status/1923787930079985863,@toly https://t.co/UFleKAiMoG
2083839992183623829,Sun Aug 02 08:59:04 +0000 2026,1.1,capital_compound_defense,9,0,2982,False,https://x.com/0xmagnolia/status/2083839992183623829,@feibo03 老实开超市吧
2073816166209110292,Sun Jul 05 17:07:58 +0000 2026,1.1,capital_compound_defense,9,1,1648,False,https://x.com/0xmagnolia/status/2073816166209110292,@nbeee10 500u分成5笔，低位看好买一笔，补跌买一笔，暴跌再买一笔，然后不动。就等着。剩下200u再找别的币
2067218446325309707,Wed Jun 17 12:10:59 +0000 2026,1.1,capital_compound_defense,9,0,30073,False,https://x.com/0xmagnolia/status/2067218446325309707,@blknoiz06 废话这么多，再搞个新钱包
2066502057583128608,Mon Jun 15 12:44:18 +0000 2026,1.1,capital_compound_defense,9,1,2389,False,https://x.com/0xmagnolia/status/2066502057583128608,@Hyre_agent @BNBCHAIN @BNBCHAIN   支持一下，一天到晚装死
2064634597711970713,Wed Jun 10 09:03:41 +0000 2026,1.1,capital_compound_defense,9,0,3253,False,https://x.com/0xmagnolia/status/2064634597711970713,@DipWheeler 我去 不早说
2058624044405305678,Sun May 24 18:59:54 +0000 2026,1.1,capital_compound_defense,9,0,5451,False,https://x.com/0xmagnolia/status/2058624044405305678,@AzurLane_EN 碧蓝航线真是骚的没边了，你们画师都是patreon找的吧
2054802781996007868,Thu May 14 05:55:34 +0000 2026,1.1,capital_compound_defense,9,0,4919,False,https://x.com/0xmagnolia/status/2054802781996007868,@_FORAB “不错，好地方，壮观，中国真漂亮”
1950430394702037256,Wed Jul 30 05:36:57 +0000 2025,1.1,capital_compound_defense,9,0,1723,False,https://x.com/0xmagnolia/status/1950430394702037256,@crazycolorone meechie那天出完后，来了一批新钱包
1920820412734189626,Fri May 09 12:37:28 +0000 2025,1.1,capital_compound_defense,9,0,1713,False,https://x.com/0xmagnolia/status/1920820412734189626,@George219219 看看什么时候的帖子？
1915421215231189394,Thu Apr 24 15:02:59 +0000 2025,1.1,capital_compound_defense,9,0,3299,False,https://x.com/0xmagnolia/status/1915421215231189394,@xixikawaii @Sprophet10
1915205726320066661,Thu Apr 24 00:46:42 +0000 2025,1.1,capital_compound_defense,9,0,5765,False,https://x.com/0xmagnolia/status/1915205726320066661,@MoonshotListing @moonshot @edgarpavlovsky
1915033376001835411,Wed Apr 23 13:21:51 +0000 2025,1.1,capital_compound_defense,9,0,2001,False,https://x.com/0xmagnolia/status/1915033376001835411,@cyx419 她叫尼娅
1914992906403996083,Wed Apr 23 10:41:02 +0000 2025,1.1,capital_compound_defense,9,0,6597,False,https://x.com/0xmagnolia/status/1914992906403996083,@whalewatchalert @mobyagent 。。。
2090685667533861337,Fri Aug 21 06:21:20 +0000 2026,1.1,capital_compound_defense,8,0,4168,False,https://x.com/0xmagnolia/status/2090685667533861337,@nurnurmagomedov 丑得不可方物
2080598342024007726,Fri Jul 24 10:17:55 +0000 2026,1.1,capital_compound_defense,8,0,1845,False,https://x.com/0xmagnolia/status/2080598342024007726,@qijiangyue 专注自己，要跟昨天的自己比较，跟他人比较只会内耗
2078792532528615514,Sun Jul 19 10:42:16 +0000 2026,1.1,capital_compound_defense,8,0,1808,False,https://x.com/0xmagnolia/status/2078792532528615514,@0xKryos @aolijin 一般就用 @arkham
2078788100671803679,Sun Jul 19 10:24:39 +0000 2026,1.1,capital_compound_defense,8,0,4128,False,https://x.com/0xmagnolia/status/2078788100671803679,@1ucky66 绑架cz，拔刀放他脖子上，不上哈基米就哈死他
2075828339449942322,Sat Jul 11 06:23:37 +0000 2026,1.1,capital_compound_defense,8,0,3624,False,https://x.com/0xmagnolia/status/2075828339449942322,"@pr6spr Just don't be negative equity and you're chilling, bro."
2072325815313010789,Wed Jul 01 14:25:50 +0000 2026,1.1,capital_compound_defense,8,0,6019,False,https://x.com/0xmagnolia/status/2072325815313010789,"@blknoiz06 i mean
https://t.co/132QcrGSkr"
2071849563347144780,Tue Jun 30 06:53:23 +0000 2026,1.1,capital_compound_defense,8,1,2234,False,https://x.com/0xmagnolia/status/2071849563347144780,@huxmotion1 oh fuck
2063235106123493669,Sat Jun 06 12:22:37 +0000 2026,1.1,capital_compound_defense,8,0,2720,False,https://x.com/0xmagnolia/status/2063235106123493669,@Valle1Jason 明年3月
2062374363450712427,Thu Jun 04 03:22:19 +0000 2026,1.1,capital_compound_defense,8,1,1240,False,https://x.com/0xmagnolia/status/2062374363450712427,@cryrookie @phillylivy 大饼基本见底，行情开始复苏，最先反应的就是一级
2053738270450962631,Mon May 11 07:25:34 +0000 2026,1.1,capital_compound_defense,8,0,2219,False,https://x.com/0xmagnolia/status/2053738270450962631,@apdevmaitake 对的对的
2042493532100067582,Fri Apr 10 06:43:00 +0000 2026,1.1,capital_compound_defense,8,0,1937,False,https://x.com/0xmagnolia/status/2042493532100067582,@whalewatchalert ？
2010927520775115194,Tue Jan 13 04:10:56 +0000 2026,1.1,capital_compound_defense,8,0,2020,False,https://x.com/0xmagnolia/status/2010927520775115194,@Siegfried90210 踏马的甘
1947142488449573025,Mon Jul 21 03:52:00 +0000 2025,1.1,capital_compound_defense,8,0,4803,False,https://x.com/0xmagnolia/status/1947142488449573025,@_FORAB @spencer 走企鹅路子先搞实体IP，再联动，再附能生态
1921859791980302386,Mon May 12 09:27:35 +0000 2025,1.1,capital_compound_defense,8,0,5012,False,https://x.com/0xmagnolia/status/1921859791980302386,@Loong998 @Oxe3e @Koicarrots99 @theunipcs 谢谢你富冈义勇
1921855823002693641,Mon May 12 09:11:49 +0000 2025,1.1,capital_compound_defense,8,0,3674,False,https://x.com/0xmagnolia/status/1921855823002693641,@Oxe3e @theunipcs 就是让你走的啊，别抱幻想了
1916788774379610336,Mon Apr 28 09:37:10 +0000 2025,1.1,capital_compound_defense,8,0,2283,False,https://x.com/0xmagnolia/status/1916788774379610336,@yuan888287341 @Koicarrots99 @1bloops 二浪结束了（二浪没走好）有没有三浪看有没有突发利好了。
1915034770695983132,Wed Apr 23 13:27:23 +0000 2025,1.1,capital_compound_defense,8,0,2272,False,https://x.com/0xmagnolia/status/1915034770695983132,@Siegfried90210 💙
2098041924259311793,Thu Sep 10 13:32:29 +0000 2026,1.1,capital_compound_defense,7,0,7534,False,https://x.com/0xmagnolia/status/2098041924259311793,@Rita88 @vladtenev 上一条推特
2083890351228776717,Sun Aug 02 12:19:11 +0000 2026,1.1,capital_compound_defense,7,0,2733,False,https://x.com/0xmagnolia/status/2083890351228776717,@cryptojiuyi 你不后悔就行 希望你得偿所愿
2080622087576904115,Fri Jul 24 11:52:16 +0000 2026,1.1,capital_compound_defense,7,0,1501,False,https://x.com/0xmagnolia/status/2080622087576904115,@SZ2096 @nbeee10 我2点睡9点醒
2080589594144509952,Fri Jul 24 09:43:09 +0000 2026,1.1,capital_compound_defense,7,1,2326,False,https://x.com/0xmagnolia/status/2080589594144509952,@king1875038 确定概念 集群地址  不能装唐  后入cupsey
2080503437318619386,Fri Jul 24 04:00:47 +0000 2026,1.1,capital_compound_defense,7,0,4128,False,https://x.com/0xmagnolia/status/2080503437318619386,@taresky 怎么 王大狗又吸了
2077082248898343117,Tue Jul 14 17:26:13 +0000 2026,1.1,capital_compound_defense,7,0,4821,False,https://x.com/0xmagnolia/status/2077082248898343117,@Barry33714380 主要还是跟cashcat，或是赌 @vladtenev 会发表情包。创建这个币建社群的是老外，国人占比还是比较少的
2075086968208363950,Thu Jul 09 05:17:41 +0000 2026,1.1,capital_compound_defense,7,0,3571,False,https://x.com/0xmagnolia/status/2075086968208363950,"@ashrobin Ser, you can marry that nigga and take him home fr."
2073747875872624848,Sun Jul 05 12:36:36 +0000 2026,1.1,capital_compound_defense,7,0,3112,False,https://x.com/0xmagnolia/status/2073747875872624848,@xixikawaii 可以啊，不搞抽象，专心链上就可以
2072373572082004063,Wed Jul 01 17:35:37 +0000 2026,1.1,capital_compound_defense,7,0,2225,False,https://x.com/0xmagnolia/status/2072373572082004063,@Kira_sama Best joke today
2072214091100525008,Wed Jul 01 07:01:53 +0000 2026,1.1,capital_compound_defense,7,0,3081,False,https://x.com/0xmagnolia/status/2072214091100525008,@Backpack 很好，已经脱敏大饼逆跌了
2071546096791556420,Mon Jun 29 10:47:31 +0000 2026,1.1,capital_compound_defense,7,0,2556,False,https://x.com/0xmagnolia/status/2071546096791556420,@0xInChain 是的(๑&gt;◡&lt;๑)👍🏻
2068553208692421067,Sun Jun 21 04:34:51 +0000 2026,1.1,capital_compound_defense,7,0,2799,False,https://x.com/0xmagnolia/status/2068553208692421067,@OrixCrypto @c0mputeAI @IdleProtocol 行吧，收到 祝我们好运
2067207750967546301,Wed Jun 17 11:28:29 +0000 2026,1.1,capital_compound_defense,7,0,1998,False,https://x.com/0xmagnolia/status/2067207750967546301,@elonmusk 靠北
2066822611229954393,Tue Jun 16 09:58:04 +0000 2026,1.1,capital_compound_defense,7,0,7940,False,https://x.com/0xmagnolia/status/2066822611229954393,@CryptoEights 原来你是创始人
2061867523386294408,Tue Jun 02 17:48:19 +0000 2026,1.1,capital_compound_defense,7,0,1555,False,https://x.com/0xmagnolia/status/2061867523386294408,"@AlgodTrading Damn, as much as I hate to admit it you're right"
2038845002458304792,Tue Mar 31 05:05:03 +0000 2026,1.1,capital_compound_defense,7,0,2733,False,https://x.com/0xmagnolia/status/2038845002458304792,@paopa0xiu 草草草草
2019376803069276574,Thu Feb 05 11:45:22 +0000 2026,1.1,capital_compound_defense,7,0,7088,False,https://x.com/0xmagnolia/status/2019376803069276574,@jain_web3 反正21年就这样玩的
2010934780662321300,Tue Jan 13 04:39:47 +0000 2026,1.1,capital_compound_defense,7,0,1744,False,https://x.com/0xmagnolia/status/2010934780662321300,@xiaomingxxs 🤤
1952694620066140303,Tue Aug 05 11:34:11 +0000 2025,1.1,capital_compound_defense,7,0,2579,False,https://x.com/0xmagnolia/status/1952694620066140303,@0xCryptoWing 灵感菇
1941689664391258149,Sun Jul 06 02:44:25 +0000 2025,1.1,capital_compound_defense,7,0,2475,False,https://x.com/0xmagnolia/status/1941689664391258149,@ZSYdododo @Sprophet10 @OIIAOIIA_COIN_ 我反正10m才回本
1921038461802271171,Sat May 10 03:03:55 +0000 2025,1.1,capital_compound_defense,7,0,3938,False,https://x.com/0xmagnolia/status/1921038461802271171,@y2024c 有个，不是好几个
1919891643374903522,Tue May 06 23:06:52 +0000 2025,1.1,capital_compound_defense,7,0,2427,False,https://x.com/0xmagnolia/status/1919891643374903522,@Sprophet10 @OIIAOIIA_COIN_ @fczenit_en Valid
1915001072613204399,Wed Apr 23 11:13:29 +0000 2025,1.1,capital_compound_defense,7,0,3481,False,https://x.com/0xmagnolia/status/1915001072613204399,@liangfenxiaodao @maid_crypto @whalewatchdefi https://t.co/OpQTWLoLoQ
2095005417453826386,Wed Sep 02 04:26:29 +0000 2026,1.1,capital_compound_defense,6,0,2261,False,https://x.com/0xmagnolia/status/2095005417453826386,@0xTZ_DeFi @aa_AFeng @jiujinshan2022 对啊他们乱报价我直接骂，一看你懂得行情就老老实实报价了
2084800931657560440,Wed Aug 05 00:37:30 +0000 2026,1.1,capital_compound_defense,6,0,4906,False,https://x.com/0xmagnolia/status/2084800931657560440,@ha_li60704 有大d带队就行了
2084297073332248648,Mon Aug 03 15:15:21 +0000 2026,1.1,capital_compound_defense,6,0,4909,False,https://x.com/0xmagnolia/status/2084297073332248648,@rektmando @fomo fomo上的人是真fomo
2078853420761670126,Sun Jul 19 14:44:13 +0000 2026,1.1,capital_compound_defense,6,0,4005,False,https://x.com/0xmagnolia/status/2078853420761670126,"@Erling Spain vs Argentina, what's your score prediction？"
2076261476248293445,Sun Jul 12 11:04:45 +0000 2026,1.1,capital_compound_defense,6,0,3487,False,https://x.com/0xmagnolia/status/2076261476248293445,"@_arohan_ Fr, you need feet to even kick it on the pitch"
2074769564794298869,Wed Jul 08 08:16:26 +0000 2026,1.1,capital_compound_defense,6,0,3008,False,https://x.com/0xmagnolia/status/2074769564794298869,@imperooterxbt 分歧越大，博弈空间越大
2074686804633227749,Wed Jul 08 02:47:34 +0000 2026,1.1,capital_compound_defense,6,0,2101,False,https://x.com/0xmagnolia/status/2074686804633227749,@vladtenev 牛逼
2070155155316863217,Thu Jun 25 14:40:25 +0000 2026,1.1,capital_compound_defense,6,0,3988,False,https://x.com/0xmagnolia/status/2070155155316863217,@yourfavrice 说明并没有多少链上交易者，散户很少
2070134062438883492,Thu Jun 25 13:16:36 +0000 2026,1.1,capital_compound_defense,6,0,1967,False,https://x.com/0xmagnolia/status/2070134062438883492,@ICPXProtocol Huge
2069724624838131865,Wed Jun 24 10:09:38 +0000 2026,1.1,capital_compound_defense,6,0,2168,False,https://x.com/0xmagnolia/status/2069724624838131865,@SUOHA_AI 在的，拉完了
2067879632813302108,Fri Jun 19 07:58:18 +0000 2026,1.1,capital_compound_defense,6,1,5709,False,https://x.com/0xmagnolia/status/2067879632813302108,@badattrading_ 这么早就分析？
2062344547267731903,Thu Jun 04 01:23:51 +0000 2026,1.1,capital_compound_defense,6,0,6657,False,https://x.com/0xmagnolia/status/2062344547267731903,@sadd_asd77675 只需要再跌36%
2058674772205248643,Sun May 24 22:21:28 +0000 2026,1.1,capital_compound_defense,6,0,3174,False,https://x.com/0xmagnolia/status/2058674772205248643,@MichaelHirsch 推特显示的价格怎么老是高一点
2058599417935192400,Sun May 24 17:22:02 +0000 2026,1.1,capital_compound_defense,6,0,2532,False,https://x.com/0xmagnolia/status/2058599417935192400,@UserRIVAL116 有啊 挽救计划
2053987793639268583,Mon May 11 23:57:05 +0000 2026,1.1,capital_compound_defense,6,0,1781,False,https://x.com/0xmagnolia/status/2053987793639268583,@appuni_7 做得好
2050090876698001690,Fri May 01 05:52:08 +0000 2026,1.1,capital_compound_defense,6,0,1477,False,https://x.com/0xmagnolia/status/2050090876698001690,@badattrading_ next @WhiteWhaleLabs
2043717570201809220,Mon Apr 13 15:46:53 +0000 2026,1.1,capital_compound_defense,6,0,3913,False,https://x.com/0xmagnolia/status/2043717570201809220,@ldhu94701654194 @chngunx32765901 我还没关注呢，就是怕被别人发现了，等过几天大家都忘了再关注
2042459774009426160,Fri Apr 10 04:28:51 +0000 2026,1.1,capital_compound_defense,6,0,2072,False,https://x.com/0xmagnolia/status/2042459774009426160,@ikuyoan crypto
2007776293715349902,Sun Jan 04 11:29:05 +0000 2026,1.1,capital_compound_defense,6,0,1786,False,https://x.com/0xmagnolia/status/2007776293715349902,@Jyungrighthere 多關注幾個畫師
2007774237680144729,Sun Jan 04 11:20:55 +0000 2026,1.1,capital_compound_defense,6,0,2599,False,https://x.com/0xmagnolia/status/2007774237680144729,@Rita88 爱运动的人运气不会差的
1979430065554510312,Sat Oct 18 06:11:18 +0000 2025,1.1,capital_compound_defense,6,0,2331,False,https://x.com/0xmagnolia/status/1979430065554510312,@0x_chenyi bth还没起来
1969486694413152306,Sat Sep 20 19:39:53 +0000 2025,1.1,capital_compound_defense,6,0,12477,False,https://x.com/0xmagnolia/status/1969486694413152306,@111444333l nope
1957323712635818269,Mon Aug 18 06:08:33 +0000 2025,1.1,capital_compound_defense,6,0,3616,False,https://x.com/0xmagnolia/status/1957323712635818269,@OIIAOIIAInfinex Vamos equipo
1952663132276420868,Tue Aug 05 09:29:04 +0000 2025,1.1,capital_compound_defense,6,0,1905,False,https://x.com/0xmagnolia/status/1952663132276420868,@fanye433956 @Forest1578570 @yelangqiu @LexaproTrader 这个月底没动静那就算了，唉
1952367283655041535,Mon Aug 04 13:53:28 +0000 2025,1.1,capital_compound_defense,6,0,4043,False,https://x.com/0xmagnolia/status/1952367283655041535,@xiangjiao0516 我都是看线奶的，它不放量我怎么奶
1938533740986425693,Fri Jun 27 09:43:54 +0000 2025,1.1,capital_compound_defense,6,0,3105,False,https://x.com/0xmagnolia/status/1938533740986425693,@DMW12123 已经开始了
1923792098307998204,Sat May 17 17:25:53 +0000 2025,1.1,capital_compound_defense,6,0,5056,False,https://x.com/0xmagnolia/status/1923792098307998204,@mcc0637 launchcoin不是给示范了吗
1920827486377591004,Fri May 09 13:05:34 +0000 2025,1.1,capital_compound_defense,6,0,3104,False,https://x.com/0xmagnolia/status/1920827486377591004,@ftress2009 日本蜡烛图 裸k交易法
1919786898500825225,Tue May 06 16:10:39 +0000 2025,1.1,capital_compound_defense,6,0,2856,False,https://x.com/0xmagnolia/status/1919786898500825225,@aaxyuan 不拿吃不到二段，dark都拿了20来天了，今天这种算速通了。
1915792756162892089,Fri Apr 25 15:39:21 +0000 2025,1.1,capital_compound_defense,6,0,7634,False,https://x.com/0xmagnolia/status/1915792756162892089,@corleonefnf @toly 喊王小二砸点
1915791388437815740,Fri Apr 25 15:33:55 +0000 2025,1.1,capital_compound_defense,6,0,4007,False,https://x.com/0xmagnolia/status/1915791388437815740,@Cheamus_one @toly 还行，1h刚到昨天拉升位
1914988292258373802,Wed Apr 23 10:22:42 +0000 2025,1.1,capital_compound_defense,6,0,1660,False,https://x.com/0xmagnolia/status/1914988292258373802,@airkatakana @QQuinnsworth @BabyRukki
1832657542515679321,Sun Sep 08 05:49:41 +0000 2024,1.1,capital_compound_defense,6,0,5021,False,https://x.com/0xmagnolia/status/1832657542515679321,@cryptopainter 跌破关机价挖矿就亏了，更别说维护成本了，矿工都开始亏了，自然会有资金托底
2095039037543498095,Wed Sep 02 06:40:05 +0000 2026,1.1,capital_compound_defense,5,0,2405,False,https://x.com/0xmagnolia/status/2095039037543498095,@tradercharles9 @jiujinshan2022 在昆明不需要地暖，也不需要中央空调
2093932390909677793,Sun Aug 30 05:22:40 +0000 2026,1.1,capital_compound_defense,5,0,3909,False,https://x.com/0xmagnolia/status/2093932390909677793,@Alligator199 凌晨一点洗走一个10m大户，e13尾号
2083871347151868040,Sun Aug 02 11:03:40 +0000 2026,1.1,capital_compound_defense,5,0,3419,False,https://x.com/0xmagnolia/status/2083871347151868040,@0xZhangCrypto1 这小嘴
2080584820468396119,Fri Jul 24 09:24:11 +0000 2026,1.1,capital_compound_defense,5,0,3669,False,https://x.com/0xmagnolia/status/2080584820468396119,@thecryptoskanda 10后都喊我老登了
2080583657023226177,Fri Jul 24 09:19:33 +0000 2026,1.1,capital_compound_defense,5,0,2514,False,https://x.com/0xmagnolia/status/2080583657023226177,@Rita88 从孩子抓起
2080575891768533013,Fri Jul 24 08:48:42 +0000 2026,1.1,capital_compound_defense,5,0,2100,False,https://x.com/0xmagnolia/status/2080575891768533013,@blockphd7 十赌九亏，一冲天
2077080267211395483,Tue Jul 14 17:18:20 +0000 2026,1.1,capital_compound_defense,5,0,4081,False,https://x.com/0xmagnolia/status/2077080267211395483,@Soratechsuki 他们在拉meow
2075821830829732181,Sat Jul 11 05:57:46 +0000 2026,1.1,capital_compound_defense,5,0,3656,False,https://x.com/0xmagnolia/status/2075821830829732181,@air3142019 没有啊我就1.4m的币
2074681079928348700,Wed Jul 08 02:24:49 +0000 2026,1.1,capital_compound_defense,5,0,3710,False,https://x.com/0xmagnolia/status/2074681079928348700,@xixikawaii 看我那天演示示范买的什么
2073703798288290191,Sun Jul 05 09:41:27 +0000 2026,1.1,capital_compound_defense,5,0,2367,False,https://x.com/0xmagnolia/status/2073703798288290191,@Rita88 念念不忘，必有回响
2072293046738391446,Wed Jul 01 12:15:38 +0000 2026,1.1,capital_compound_defense,5,0,1678,False,https://x.com/0xmagnolia/status/2072293046738391446,@streamflow_fi @ICPXProtocol bangerrrrrrr
2072261388056363098,Wed Jul 01 10:09:50 +0000 2026,1.1,capital_compound_defense,5,0,2563,False,https://x.com/0xmagnolia/status/2072261388056363098,"@jayhinz Pure FUD. $5 is the fair valuation, simple as."
2069663692636229998,Wed Jun 24 06:07:31 +0000 2026,1.1,capital_compound_defense,5,0,1823,False,https://x.com/0xmagnolia/status/2069663692636229998,@neko_aidaily 赛高
2067077794820198403,Wed Jun 17 02:52:05 +0000 2026,1.1,capital_compound_defense,5,0,2156,False,https://x.com/0xmagnolia/status/2067077794820198403,@coinfessions 拿到全部白金奖杯难道不算目标吗？bro
2065739053975404873,Sat Jun 13 10:12:24 +0000 2026,1.1,capital_compound_defense,5,0,966,False,https://x.com/0xmagnolia/status/2065739053975404873,@Backpack_CN 可以
2062397180288348650,Thu Jun 04 04:52:59 +0000 2026,1.1,capital_compound_defense,5,0,2378,False,https://x.com/0xmagnolia/status/2062397180288348650,@q954103 @xiaoshunli @dui_just17016 @sadd_asd77675 主要滞后性太强，基本涨在牛尾了，容易撤不出来
2062356919923417356,Thu Jun 04 02:13:01 +0000 2026,1.1,capital_compound_defense,5,0,3162,False,https://x.com/0xmagnolia/status/2062356919923417356,@chenbai54008239 高控盘的就别看了，没法预测的
2058690642633801801,Sun May 24 23:24:32 +0000 2026,1.1,capital_compound_defense,5,0,2088,False,https://x.com/0xmagnolia/status/2058690642633801801,@beeple 都奶三次 @MichaelHirsch 了
2052970396400628218,Sat May 09 04:34:19 +0000 2026,1.1,capital_compound_defense,5,0,4925,False,https://x.com/0xmagnolia/status/2052970396400628218,@0GAntD call点大家不知道
2050781686011670550,Sun May 03 03:37:10 +0000 2026,1.1,capital_compound_defense,5,0,2579,False,https://x.com/0xmagnolia/status/2050781686011670550,@nangongyuan 搁这自问自答呢
2046653366269538473,Tue Apr 21 18:12:42 +0000 2026,1.1,capital_compound_defense,5,0,33458,False,https://x.com/0xmagnolia/status/2046653366269538473,@H5Pqz @atara4_etc 晚安
2042481439598694574,Fri Apr 10 05:54:57 +0000 2026,1.1,capital_compound_defense,5,0,1546,False,https://x.com/0xmagnolia/status/2042481439598694574,@ggggteketeke 画得好
2042471213294039530,Fri Apr 10 05:14:19 +0000 2026,1.1,capital_compound_defense,5,0,2042,False,https://x.com/0xmagnolia/status/2042471213294039530,@smile66833 @brightjoe_9 @y1nt_ 徐明星的浓
2038883594371027294,Tue Mar 31 07:38:24 +0000 2026,1.1,capital_compound_defense,5,0,1476,False,https://x.com/0xmagnolia/status/2038883594371027294,"@phillylivy 金运 财运线太短
火星丘有痣 易冲动上头
但有幸运女神 给周围人带来好运 
打狗需要找人带带 你看谁赚得多就多去他推特蹭蹭运势"
1984812108882878838,Sun Nov 02 02:37:37 +0000 2025,1.1,capital_compound_defense,5,0,1799,False,https://x.com/0xmagnolia/status/1984812108882878838,"@pidstat @Michael_Liu93 玩之前：一将功成万骨枯
玩之后：八个人的命不是命啊"
1957319012326727868,Mon Aug 18 05:49:52 +0000 2025,1.1,capital_compound_defense,5,0,3601,False,https://x.com/0xmagnolia/status/1957319012326727868,@0xVeil NFT重新CTO的典范小企鹅 @LucaNetz  月鸟 @spencer
1952694313042817187,Tue Aug 05 11:32:58 +0000 2025,1.1,capital_compound_defense,5,0,1965,False,https://x.com/0xmagnolia/status/1952694313042817187,@kaisi420 采松茸
1952362206043271619,Mon Aug 04 13:33:17 +0000 2025,1.1,capital_compound_defense,5,0,1518,False,https://x.com/0xmagnolia/status/1952362206043271619,@wavewave008 @CheungShubo 我是举例子，没说具体哪个币。
1922185993911783463,Tue May 13 07:03:48 +0000 2025,1.1,capital_compound_defense,5,0,3575,False,https://x.com/0xmagnolia/status/1922185993911783463,@ArfurRock @basedalexandoor 持仓体验太难受了，洗我一早上
1920498128165159128,Thu May 08 15:16:49 +0000 2025,1.1,capital_compound_defense,5,0,2434,False,https://x.com/0xmagnolia/status/1920498128165159128,@Clint_Web3 @dinosaurs1969 不是拿着吗
1920332150207099343,Thu May 08 04:17:17 +0000 2025,1.1,capital_compound_defense,5,0,2440,False,https://x.com/0xmagnolia/status/1920332150207099343,@crazycolorone @lijinfeng111 @ShootaCat 有retardio michi popcat重合大户
1919888039997808734,Tue May 06 22:52:33 +0000 2025,1.1,capital_compound_defense,5,0,3865,False,https://x.com/0xmagnolia/status/1919888039997808734,@q954103 @milkynoe 《更衣人偶坠入爱河》
1919748978595508604,Tue May 06 13:39:58 +0000 2025,1.1,capital_compound_defense,5,1,3202,False,https://x.com/0xmagnolia/status/1919748978595508604,@879kensea @trythencatch @Irenezhao_ 老马单也喊了 头像也换了 名字也改了 市场已经祛魅了 玩新的吧
1916787554004730079,Mon Apr 28 09:32:19 +0000 2025,1.1,capital_compound_defense,5,0,2019,False,https://x.com/0xmagnolia/status/1916787554004730079,@cyx419 @Koicarrots99 @1bloops 可以啊，留个moonbag就行了
1915803357840871694,Fri Apr 25 16:21:29 +0000 2025,1.1,capital_compound_defense,5,0,4483,False,https://x.com/0xmagnolia/status/1915803357840871694,@MonJun_hosky @toly 现在也就200k了，你想押就押吧，就当捡垃圾了
1915792589258674609,Fri Apr 25 15:38:41 +0000 2025,1.1,capital_compound_defense,5,0,3525,False,https://x.com/0xmagnolia/status/1915792589258674609,@Koicarrots99 @DiscipleDoge @toly 破了就是走三浪了
1915323423146033399,Thu Apr 24 08:34:23 +0000 2025,1.1,capital_compound_defense,5,0,2464,False,https://x.com/0xmagnolia/status/1915323423146033399,@chngunx32765901 @buzhidao55_ @ishowspeedsui @Ga__ke  你知不知道不知道是你
1915096249935774053,Wed Apr 23 17:31:41 +0000 2025,1.1,capital_compound_defense,5,0,2104,False,https://x.com/0xmagnolia/status/1915096249935774053,@yk_9696 这是专辑封面 网易云搜索 不登校–たかやん
1915088215834608007,Wed Apr 23 16:59:45 +0000 2025,1.1,capital_compound_defense,5,0,6195,False,https://x.com/0xmagnolia/status/1915088215834608007,@qimengle @jizhitangjiang6 RFC收针更快
1915013636218827104,Wed Apr 23 12:03:24 +0000 2025,1.1,capital_compound_defense,5,0,3612,False,https://x.com/0xmagnolia/status/1915013636218827104,@haze0x @Un4v5s8bgsVk9Xp
1914937735560781895,Wed Apr 23 07:01:48 +0000 2025,1.1,capital_compound_defense,5,0,2092,False,https://x.com/0xmagnolia/status/1914937735560781895,@hrwal1314 死了一堆
1914936566063206533,Wed Apr 23 06:57:09 +0000 2025,1.1,capital_compound_defense,5,0,2895,False,https://x.com/0xmagnolia/status/1914936566063206533,@XiaoMing88800 https://t.co/tyhJxS0E7Z
2095175090766062028,Wed Sep 02 15:40:42 +0000 2026,1.1,capital_compound_defense,4,0,5747,False,https://x.com/0xmagnolia/status/2095175090766062028,@Ryan5426_ 没事只是被吸血了，等下就回来了
2084797205198811576,Wed Aug 05 00:22:42 +0000 2026,1.1,capital_compound_defense,4,0,5488,False,https://x.com/0xmagnolia/status/2084797205198811576,@DZfarewell 真要归零洗盘，那得回800k
2084049833367945538,Sun Aug 02 22:52:54 +0000 2026,1.1,capital_compound_defense,4,0,1982,False,https://x.com/0xmagnolia/status/2084049833367945538,@rektmando @AnalogEchoes Can $EPIK and $ANSEM cook a whole new era?
2083895258140868899,Sun Aug 02 12:38:41 +0000 2026,1.1,capital_compound_defense,4,0,2890,False,https://x.com/0xmagnolia/status/2083895258140868899,@kaola1314536 哈基米有的
2080608489106227326,Fri Jul 24 10:58:14 +0000 2026,1.1,capital_compound_defense,4,0,2979,False,https://x.com/0xmagnolia/status/2080608489106227326,@EdenMuzhi 请教一下 @Cupseyy  @casino847  @aa_AFeng
2080576646432846158,Fri Jul 24 08:51:42 +0000 2026,1.1,capital_compound_defense,4,0,2292,False,https://x.com/0xmagnolia/status/2080576646432846158,@0xYEYEKYC 你也是呀
2074975402171527555,Wed Jul 08 21:54:21 +0000 2026,1.1,capital_compound_defense,4,0,2081,False,https://x.com/0xmagnolia/status/2074975402171527555,@Lighter_xyz 芜湖
2074536525468152131,Tue Jul 07 16:50:25 +0000 2026,1.1,capital_compound_defense,4,0,2211,False,https://x.com/0xmagnolia/status/2074536525468152131,@haydenzadams @RobinhoodCrypto 支持，全都支持起来
2072206998373052423,Wed Jul 01 06:33:42 +0000 2026,1.1,capital_compound_defense,4,0,5236,False,https://x.com/0xmagnolia/status/2072206998373052423,@boldleonidas congrats still normie
2070151918580830706,Thu Jun 25 14:27:33 +0000 2026,1.1,capital_compound_defense,4,0,2788,False,https://x.com/0xmagnolia/status/2070151918580830706,@PeterSchiff 多喊
2070137744135979386,Thu Jun 25 13:31:14 +0000 2026,1.1,capital_compound_defense,4,0,1818,False,https://x.com/0xmagnolia/status/2070137744135979386,@orithellama @pulsar_spaces banger
2068633530024997299,Sun Jun 21 09:54:01 +0000 2026,1.1,capital_compound_defense,4,0,3037,False,https://x.com/0xmagnolia/status/2068633530024997299,@rantaiuang @IdleProtocol 哈哈你说的是 @AlphaSeeker21  right？
2067358337432510731,Wed Jun 17 21:26:51 +0000 2026,1.1,capital_compound_defense,4,0,1361,False,https://x.com/0xmagnolia/status/2067358337432510731,@pmarca 对的对的
2067236027073437739,Wed Jun 17 13:20:50 +0000 2026,1.1,capital_compound_defense,4,0,2055,False,https://x.com/0xmagnolia/status/2067236027073437739,@heyaura based
2067189847673160161,Wed Jun 17 10:17:20 +0000 2026,1.1,capital_compound_defense,4,0,4041,False,https://x.com/0xmagnolia/status/2067189847673160161,@seasaint 太好笑了，被二次元统治世界了
2066468143351140396,Mon Jun 15 10:29:33 +0000 2026,1.1,capital_compound_defense,4,0,1756,False,https://x.com/0xmagnolia/status/2066468143351140396,@Real0xLiam 一般会拉到上合约
2066461130403524919,Mon Jun 15 10:01:41 +0000 2026,1.1,capital_compound_defense,4,0,1867,False,https://x.com/0xmagnolia/status/2066461130403524919,@niuniu_1747 没上合约的一般是两个月的行情，拉到上合约会回调一段时间
2066176133012570526,Sun Jun 14 15:09:12 +0000 2026,1.1,capital_compound_defense,4,0,2096,False,https://x.com/0xmagnolia/status/2066176133012570526,@ScuderiaFerrari w
2065588842179273003,Sat Jun 13 00:15:31 +0000 2026,1.1,capital_compound_defense,4,0,2120,False,https://x.com/0xmagnolia/status/2065588842179273003,@Hyre_agent 原来是第二个吗，有意思
2062947257109147917,Fri Jun 05 17:18:48 +0000 2026,1.1,capital_compound_defense,4,0,2563,False,https://x.com/0xmagnolia/status/2062947257109147917,@PeterSchiff 6.8是为了庆祝高考结束吗
2062373545586642969,Thu Jun 04 03:19:04 +0000 2026,1.1,capital_compound_defense,4,0,1861,False,https://x.com/0xmagnolia/status/2062373545586642969,@phillylivy 包的，但要在27年3月
2047376989166915627,Thu Apr 23 18:08:07 +0000 2026,1.1,capital_compound_defense,4,0,888,False,https://x.com/0xmagnolia/status/2047376989166915627,@abcdefgcoin @_Shadow36 Prove it
2043717389473497264,Mon Apr 13 15:46:10 +0000 2026,1.1,capital_compound_defense,4,0,6312,False,https://x.com/0xmagnolia/status/2043717389473497264,@chngunx32765901 不是这个，我是说已经上了alpha的➕币安有合约
2042475142929133679,Fri Apr 10 05:29:56 +0000 2026,1.1,capital_compound_defense,4,0,2784,False,https://x.com/0xmagnolia/status/2042475142929133679,@0xcrypto_max 尝尝咸淡
2028393891893051541,Mon Mar 02 08:56:04 +0000 2026,1.1,capital_compound_defense,4,0,3037,False,https://x.com/0xmagnolia/status/2028393891893051541,@PopBase @Zendaya  @TomHolland1996 it's real ?
2023407423932010559,Mon Feb 16 14:41:37 +0000 2026,1.1,capital_compound_defense,4,0,1015,False,https://x.com/0xmagnolia/status/2023407423932010559,@xixikawaii @abskoop 同乐汐汐
2020017736487956652,Sat Feb 07 06:12:13 +0000 2026,1.1,capital_compound_defense,4,0,2281,False,https://x.com/0xmagnolia/status/2020017736487956652,"@dunshui8 1.事业线少年得志，中年有所成就
2.感情线末端有幸运女神线会给周围人带来好运
3.有魅力线，多社交
4.有千金纹，一夜暴富"
1957321749022081079,Mon Aug 18 06:00:44 +0000 2025,1.1,capital_compound_defense,4,0,2138,False,https://x.com/0xmagnolia/status/1957321749022081079,@0xVeil @LucaNetz @spencer 他也投了企鹅
1928853153769767179,Sat May 31 16:36:42 +0000 2025,1.1,capital_compound_defense,4,0,3105,False,https://x.com/0xmagnolia/status/1928853153769767179,@zkgoudan 神木之门
1921236757065945294,Sat May 10 16:11:52 +0000 2025,1.1,capital_compound_defense,4,0,4965,False,https://x.com/0xmagnolia/status/1921236757065945294,@0xSnowHNY 有利好，Jeffy把他mirror更新了
1919784091924185226,Tue May 06 15:59:30 +0000 2025,1.1,capital_compound_defense,4,0,2711,False,https://x.com/0xmagnolia/status/1919784091924185226,@jmz013jmz @maoxiansheng510 我还拿着 来回滚
1919782463028789502,Tue May 06 15:53:01 +0000 2025,1.1,capital_compound_defense,4,0,3575,False,https://x.com/0xmagnolia/status/1919782463028789502,@maoxiansheng510 我在滚下一个了
2095165227218432128,Wed Sep 02 15:01:31 +0000 2026,1.1,capital_compound_defense,3,0,2415,False,https://x.com/0xmagnolia/status/2095165227218432128,@y1nt_ 哈哈哈哈都在冲
2095065560027713880,Wed Sep 02 08:25:28 +0000 2026,1.1,capital_compound_defense,3,0,1771,False,https://x.com/0xmagnolia/status/2095065560027713880,@yourfavrice @tradercharles9 @jiujinshan2022 那嗯哼那么高调怎么办
2095061367900533169,Wed Sep 02 08:08:49 +0000 2026,1.1,capital_compound_defense,3,0,3412,False,https://x.com/0xmagnolia/status/2095061367900533169,@raulm1844 真有这个灵活度，jonh wick 都得被她捅死
2093934792006099103,Sun Aug 30 05:32:12 +0000 2026,1.1,capital_compound_defense,3,0,3030,False,https://x.com/0xmagnolia/status/2093934792006099103,@BitBitChicken @Alligator199 uni
2083880296055967816,Sun Aug 02 11:39:13 +0000 2026,1.1,capital_compound_defense,3,0,6477,False,https://x.com/0xmagnolia/status/2083880296055967816,@0xpeas 还这么胖啊，劝他打点替尔吧
2080622461113237900,Fri Jul 24 11:53:45 +0000 2026,1.1,capital_compound_defense,3,0,2761,False,https://x.com/0xmagnolia/status/2080622461113237900,"@Loopierr Please fill in my email address, thanks"
2080610544479027508,Fri Jul 24 11:06:24 +0000 2026,1.1,capital_compound_defense,3,0,2342,False,https://x.com/0xmagnolia/status/2080610544479027508,@nbeee10 尽量还是选有基本面的二段，p久了审美都下降了
2080590839416569920,Fri Jul 24 09:48:06 +0000 2026,1.1,capital_compound_defense,3,0,2443,False,https://x.com/0xmagnolia/status/2080590839416569920,@fffhulir17 加油
2080575809463685574,Fri Jul 24 08:48:22 +0000 2026,1.1,capital_compound_defense,3,0,3435,False,https://x.com/0xmagnolia/status/2080575809463685574,@sheepsheepjia 会越来越好的
2080575671857009121,Fri Jul 24 08:47:50 +0000 2026,1.1,capital_compound_defense,3,0,2345,False,https://x.com/0xmagnolia/status/2080575671857009121,@Soratechsuki 感谢陪伴
2077072967033552924,Tue Jul 14 16:49:20 +0000 2026,1.1,capital_compound_defense,3,0,3922,False,https://x.com/0xmagnolia/status/2077072967033552924,@0x_SixxxVC 有基本面的已经反弹了
2076612655528419657,Mon Jul 13 10:20:13 +0000 2026,1.1,capital_compound_defense,3,0,4972,False,https://x.com/0xmagnolia/status/2076612655528419657,@senzhi0502 @leto_bao 加社群，社群里面一直看得见
2075085398788002050,Thu Jul 09 05:11:26 +0000 2026,1.1,capital_compound_defense,3,0,1588,False,https://x.com/0xmagnolia/status/2075085398788002050,@PayAINetwork @SuperteamINDO @Hyre_agent Ayoo
2075078853450723825,Thu Jul 09 04:45:26 +0000 2026,1.1,capital_compound_defense,3,0,7639,False,https://x.com/0xmagnolia/status/2075078853450723825,"@kurama718 Bro, we ain’t new to this shit, remember $Whitewhale?"
2073174807622099266,Fri Jul 03 22:39:26 +0000 2026,1.1,capital_compound_defense,3,0,2182,False,https://x.com/0xmagnolia/status/2073174807622099266,@thatweb3gee @blknoiz06 Legendary Dev loading...
2072377691345662179,Wed Jul 01 17:51:59 +0000 2026,1.1,capital_compound_defense,3,0,2767,False,https://x.com/0xmagnolia/status/2072377691345662179,@_Shadow36 你也看球啊
2072232099181170707,Wed Jul 01 08:13:27 +0000 2026,1.1,capital_compound_defense,3,0,1279,False,https://x.com/0xmagnolia/status/2072232099181170707,@ximamimi @TingHu888 你要等到无人问津的时候再加仓
2069721615798329685,Wed Jun 24 09:57:41 +0000 2026,1.1,capital_compound_defense,3,0,2241,False,https://x.com/0xmagnolia/status/2069721615798329685,@wavewave008 当彩票的，这种行情除非有英文圈新闻官号转发，不然只能在东亚圈内自嗨
2069662970146369727,Wed Jun 24 06:04:39 +0000 2026,1.1,capital_compound_defense,3,0,2300,False,https://x.com/0xmagnolia/status/2069662970146369727,@InsHatanCountry 是这样的
2069657141607342463,Wed Jun 24 05:41:29 +0000 2026,1.1,capital_compound_defense,3,0,1947,False,https://x.com/0xmagnolia/status/2069657141607342463,@Hime_Neko705 让我们开始吧
2069508805126479939,Tue Jun 23 19:52:03 +0000 2026,1.1,capital_compound_defense,3,0,2665,False,https://x.com/0xmagnolia/status/2069508805126479939,@PolymarketSport holy
2067107756218462229,Wed Jun 17 04:51:08 +0000 2026,1.1,capital_compound_defense,3,0,3949,False,https://x.com/0xmagnolia/status/2067107756218462229,@magonia_B @ilpyung98 大发
2065239960035422398,Fri Jun 12 01:09:11 +0000 2026,1.1,capital_compound_defense,3,0,1910,False,https://x.com/0xmagnolia/status/2065239960035422398,@wngjinsng24372 @Backpack
2062377031934095499,Thu Jun 04 03:32:56 +0000 2026,1.1,capital_compound_defense,3,1,807,False,https://x.com/0xmagnolia/status/2062377031934095499,@phwyeZW3ie509 @kisei_shian 那就今年12月开始定投
2061660661307060239,Tue Jun 02 04:06:20 +0000 2026,1.1,capital_compound_defense,3,0,769,False,https://x.com/0xmagnolia/status/2061660661307060239,@canisterog @RealJackPoor philosopher
2055594675927744910,Sat May 16 10:22:16 +0000 2026,1.1,capital_compound_defense,3,0,1201,False,https://x.com/0xmagnolia/status/2055594675927744910,@samgyopu_niki @VALLlS_NERlA_ 对的对的
2051600504418185698,Tue May 05 09:50:51 +0000 2026,1.1,capital_compound_defense,3,0,2197,False,https://x.com/0xmagnolia/status/2051600504418185698,@9trevv 看看门牙
2050815563723948124,Sun May 03 05:51:47 +0000 2026,1.1,capital_compound_defense,3,0,1354,False,https://x.com/0xmagnolia/status/2050815563723948124,@Timfish69 @one_snowball 会活很久哦，有千金纹 有一夜暴富的可能
2047737962079895880,Fri Apr 24 18:02:29 +0000 2026,1.1,capital_compound_defense,3,0,1687,False,https://x.com/0xmagnolia/status/2047737962079895880,@BLACCGYE 对的
2043717228030468587,Mon Apr 13 15:45:32 +0000 2026,1.1,capital_compound_defense,3,0,4627,False,https://x.com/0xmagnolia/status/2043717228030468587,@0xshunshun 一定要有断头线才符合
2042467892089012509,Fri Apr 10 05:01:07 +0000 2026,1.1,capital_compound_defense,3,0,3352,False,https://x.com/0xmagnolia/status/2042467892089012509,@y1nt_ 我一直在玩啊
2042467434930860111,Fri Apr 10 04:59:18 +0000 2026,1.1,capital_compound_defense,3,0,2823,False,https://x.com/0xmagnolia/status/2042467434930860111,@ashadowyform 王朝了
2036582940285739155,Tue Mar 24 23:16:25 +0000 2026,1.1,capital_compound_defense,3,0,1167,False,https://x.com/0xmagnolia/status/2036582940285739155,@CryptoGodJohn true
2008468774567944663,Tue Jan 06 09:20:46 +0000 2026,1.1,capital_compound_defense,3,1,2361,False,https://x.com/0xmagnolia/status/2008468774567944663,@icchinarry @kagi_bcg このコイン、もうローンチしてるよ
2007775127178809357,Sun Jan 04 11:24:27 +0000 2026,1.1,capital_compound_defense,3,0,1458,False,https://x.com/0xmagnolia/status/2007775127178809357,@Aaron0126517302 念有所想 必有所成
1944419135384875155,Sun Jul 13 15:30:22 +0000 2025,1.1,capital_compound_defense,3,0,2256,False,https://x.com/0xmagnolia/status/1944419135384875155,@0xDbuffLou @_mlnbro @cryptonary 是的，不过我去年就走了
1933378040576578023,Fri Jun 13 04:16:59 +0000 2025,1.1,capital_compound_defense,3,0,1967,False,https://x.com/0xmagnolia/status/1933378040576578023,@geniusdoge @yuyue_chris 夷为平地，除非选图拉真
1925556455362765074,Thu May 22 14:16:48 +0000 2025,1.1,capital_compound_defense,3,0,4438,False,https://x.com/0xmagnolia/status/1925556455362765074,@nbeee10 @web3foxcn @cccioncc
1921021937368637496,Sat May 10 01:58:15 +0000 2025,1.1,capital_compound_defense,3,2,3777,False,https://x.com/0xmagnolia/status/1921021937368637496,@wunian1912 @kkxx19339464 https://t.co/zPReDOOhxB
1920128218692218936,Wed May 07 14:46:56 +0000 2025,1.1,capital_compound_defense,3,0,2767,False,https://x.com/0xmagnolia/status/1920128218692218936,@0xToshio_O @ritanice668 @OIIAOIIA_COIN_ 这线只能赌咯，学house找ansem来个阴谋喊单
1915791124309963118,Fri Apr 25 15:32:52 +0000 2025,1.1,capital_compound_defense,3,0,3026,False,https://x.com/0xmagnolia/status/1915791124309963118,@DiscipleDoge @toly 这是三浪了，等老马来救吧
1915087429469684030,Wed Apr 23 16:56:38 +0000 2025,1.1,capital_compound_defense,3,0,2361,False,https://x.com/0xmagnolia/status/1915087429469684030,@whgggam94 @0xDbuffLou @jizhitangjiang6 220个名额，让大户自己玩就行了
1915086519557407143,Wed Apr 23 16:53:01 +0000 2025,1.1,capital_compound_defense,3,0,5890,False,https://x.com/0xmagnolia/status/1915086519557407143,@0xDbuffLou @jizhitangjiang6 没事1h收针很快的
1915001824798532003,Wed Apr 23 11:16:28 +0000 2025,1.1,capital_compound_defense,3,0,2544,False,https://x.com/0xmagnolia/status/1915001824798532003,@ftress2009 @whalewatchdefi @whalewatchalert
1914915118791668204,Wed Apr 23 05:31:56 +0000 2025,1.1,capital_compound_defense,3,0,2044,False,https://x.com/0xmagnolia/status/1914915118791668204,@mudiren2019 @haidaizi1010 @jinziyi169 @Bqxosn @whgggam94 @deliciousarui 拉盘才会新增
1742616855511171302,Wed Jan 03 18:40:09 +0000 2024,1.1,capital_compound_defense,3,0,1935,False,https://x.com/0xmagnolia/status/1742616855511171302,$om 格局打开 mantra生态代币 https://t.co/8gja0Dos6k
2095084035374772596,Wed Sep 02 09:38:53 +0000 2026,1.1,capital_compound_defense,2,0,1622,False,https://x.com/0xmagnolia/status/2095084035374772596,@yifeng0571 @jiujinshan2022 硬装，家具家电花了20左右
2095064433953493467,Wed Sep 02 08:21:00 +0000 2026,1.1,capital_compound_defense,2,0,1724,False,https://x.com/0xmagnolia/status/2095064433953493467,@FALALI812 @jiujinshan2022 没事，一分钱一分货，我也就是简装
2095063327252664547,Wed Sep 02 08:16:36 +0000 2026,1.1,capital_compound_defense,2,0,1720,False,https://x.com/0xmagnolia/status/2095063327252664547,@Rita88 @tradercharles9 @jiujinshan2022 是呢，气候好
2095062078746947724,Wed Sep 02 08:11:38 +0000 2026,1.1,capital_compound_defense,2,0,1852,False,https://x.com/0xmagnolia/status/2095062078746947724,@cccccccccfk @jiujinshan2022 我是去年2月开始装的，去建材城的时候，只有我一家人问价，很多店都倒闭了
2085399950364651948,Thu Aug 06 16:17:47 +0000 2026,1.1,capital_compound_defense,2,0,5193,False,https://x.com/0xmagnolia/status/2085399950364651948,@420glassworks @xixikawaii https://t.co/rw6pduNQaS
2080592084495724825,Fri Jul 24 09:53:03 +0000 2026,1.1,capital_compound_defense,2,0,1489,False,https://x.com/0xmagnolia/status/2080592084495724825,@SZ2096 @king1875038 cupsey 不卖 不搞二段，他们也是这个共识
2080590017173561534,Fri Jul 24 09:44:50 +0000 2026,1.1,capital_compound_defense,2,0,1260,False,https://x.com/0xmagnolia/status/2080590017173561534,@111444333l @mybluu 加油，一直在就有机会
2080574908850135089,Fri Jul 24 08:44:48 +0000 2026,1.1,capital_compound_defense,2,0,3797,False,https://x.com/0xmagnolia/status/2080574908850135089,@feibo03 你这打法，迟早的事，虽然容易被骂
2080564768767881482,Fri Jul 24 08:04:30 +0000 2026,1.1,capital_compound_defense,2,0,1890,False,https://x.com/0xmagnolia/status/2080564768767881482,@sheepsheepjia @williamlab 备用的 主力不是这台
2077081511606829480,Tue Jul 14 17:23:17 +0000 2026,1.1,capital_compound_defense,2,0,2355,False,https://x.com/0xmagnolia/status/2077081511606829480,@TnMarss @Soratechsuki 恭喜你
2077078968155672924,Tue Jul 14 17:13:10 +0000 2026,1.1,capital_compound_defense,2,0,4672,False,https://x.com/0xmagnolia/status/2077078968155672924,@shiki214214214 https://t.co/rPeDY6HINc
2077070152504643895,Tue Jul 14 16:38:09 +0000 2026,1.1,capital_compound_defense,2,0,1692,False,https://x.com/0xmagnolia/status/2077070152504643895,@vibecat_rh 挺好的，成绝版币了
2075117184247087593,Thu Jul 09 07:17:45 +0000 2026,1.1,capital_compound_defense,2,0,3442,False,https://x.com/0xmagnolia/status/2075117184247087593,@elonmusk @kevinnbass 🤣
2075051849137389958,Thu Jul 09 02:58:08 +0000 2026,1.1,capital_compound_defense,2,0,1504,False,https://x.com/0xmagnolia/status/2075051849137389958,@Galayyds888 一般就是网络延迟问题，断开钱包再重新连接试试
2073755847508054365,Sun Jul 05 13:08:17 +0000 2026,1.1,capital_compound_defense,2,0,2291,False,https://x.com/0xmagnolia/status/2073755847508054365,@nbeee10 你说你有多少，帮你分
2073711103994212642,Sun Jul 05 10:10:29 +0000 2026,1.1,capital_compound_defense,2,0,2114,False,https://x.com/0xmagnolia/status/2073711103994212642,@chnlrn162672 包的
2073210084767990250,Sat Jul 04 00:59:37 +0000 2026,1.1,capital_compound_defense,2,0,5265,False,https://x.com/0xmagnolia/status/2073210084767990250,@maldiidown 🤣
2072348666984284378,Wed Jul 01 15:56:39 +0000 2026,1.1,capital_compound_defense,2,0,2542,False,https://x.com/0xmagnolia/status/2072348666984284378,@thatweb3gee 有意思
2072303182458634722,Wed Jul 01 12:55:54 +0000 2026,1.1,capital_compound_defense,2,0,1151,False,https://x.com/0xmagnolia/status/2072303182458634722,@orithellama @Austin_Federa @ICPXProtocol 加油 goat Dev
2070830333608784112,Sat Jun 27 11:23:20 +0000 2026,1.1,capital_compound_defense,2,0,1704,False,https://x.com/0xmagnolia/status/2070830333608784112,@cc320289xzy 没有，刚学的谐音梗，bp肯定还有的涨
2070136954671510003,Thu Jun 25 13:28:05 +0000 2026,1.1,capital_compound_defense,2,0,2813,False,https://x.com/0xmagnolia/status/2070136954671510003,@00xhwin 还以为说的是 @MustStopMurad
2069455881067171984,Tue Jun 23 16:21:45 +0000 2026,1.1,capital_compound_defense,2,0,3852,False,https://x.com/0xmagnolia/status/2069455881067171984,@orbserv @xona_agent coded
2068634661002309646,Sun Jun 21 09:58:31 +0000 2026,1.1,capital_compound_defense,2,0,1101,False,https://x.com/0xmagnolia/status/2068634661002309646,@rantaiuang @IdleProtocol @AlphaSeeker21 based
2067885586439123322,Fri Jun 19 08:21:57 +0000 2026,1.1,capital_compound_defense,2,0,2019,False,https://x.com/0xmagnolia/status/2067885586439123322,@zhouyuan888 @0xSoju @OndoFinance @xixikawaii 只骂畜生里的畜生
2067090395662790854,Wed Jun 17 03:42:09 +0000 2026,1.1,capital_compound_defense,2,0,4668,False,https://x.com/0xmagnolia/status/2067090395662790854,@wumingchmmk @outsource_ 有时候确实会这样，就看能不能到达他们洗盘预期了
2067090152556831138,Wed Jun 17 03:41:11 +0000 2026,1.1,capital_compound_defense,2,0,5678,False,https://x.com/0xmagnolia/status/2067090152556831138,@outsource_ 🗡️🗡️
2066734657635524610,Tue Jun 16 04:08:35 +0000 2026,1.1,capital_compound_defense,2,0,868,False,https://x.com/0xmagnolia/status/2066734657635524610,@Hovz0217 @Real0xLiam 币安
2066475062098903069,Mon Jun 15 10:57:02 +0000 2026,1.1,capital_compound_defense,2,0,1863,False,https://x.com/0xmagnolia/status/2066475062098903069,@Achennnnnnnnnn alpha的币不让散户拿太多的，lyn的之前估计破坏他们计划了，去搞clo了
2066404361794949502,Mon Jun 15 06:16:06 +0000 2026,1.1,capital_compound_defense,2,0,6108,False,https://x.com/0xmagnolia/status/2066404361794949502,@pedrop0001 @heyaura adx 我@的就是官推
2066025066132058598,Sun Jun 14 05:08:55 +0000 2026,1.1,capital_compound_defense,2,0,4512,False,https://x.com/0xmagnolia/status/2066025066132058598,@aleabitoreddit 你觉得优必选怎么样
2060176683140100346,Fri May 29 01:49:32 +0000 2026,1.1,capital_compound_defense,2,0,1227,False,https://x.com/0xmagnolia/status/2060176683140100346,@A9Yolo 对的，wsl上跑一般会低一点
2060176489237409817,Fri May 29 01:48:45 +0000 2026,1.1,capital_compound_defense,2,0,1355,False,https://x.com/0xmagnolia/status/2060176489237409817,@AcayDr ./pearl-miner --host 84.32.220.219:9000 --user &lt;address&gt;
2059994669501796712,Thu May 28 13:46:16 +0000 2026,1.1,capital_compound_defense,2,0,2765,False,https://x.com/0xmagnolia/status/2059994669501796712,@Noobwillwin 跨链到以太的
2059528123579064726,Wed May 27 06:52:23 +0000 2026,1.1,capital_compound_defense,2,0,13378,False,https://x.com/0xmagnolia/status/2059528123579064726,@FRIEREN_PR 多推
2058673177216397739,Sun May 24 22:15:08 +0000 2026,1.1,capital_compound_defense,2,0,3207,False,https://x.com/0xmagnolia/status/2058673177216397739,@wolverinelabs 这算承认了？
2058609284234235942,Sun May 24 18:01:15 +0000 2026,1.1,capital_compound_defense,2,0,1368,False,https://x.com/0xmagnolia/status/2058609284234235942,@aleabitoreddit 求求你说一句做空大a
2055412879466364983,Fri May 15 22:19:52 +0000 2026,1.1,capital_compound_defense,2,0,2982,False,https://x.com/0xmagnolia/status/2055412879466364983,@STACCoverflow buying back and burning
2052856047057170831,Fri May 08 20:59:56 +0000 2026,1.1,capital_compound_defense,2,0,1432,False,https://x.com/0xmagnolia/status/2052856047057170831,@qijiangyue 主要是预测市场在炒作 pm跟kashi的盘口都还行
2051034508926067064,Sun May 03 20:21:47 +0000 2026,1.1,capital_compound_defense,2,0,2653,False,https://x.com/0xmagnolia/status/2051034508926067064,@mars420690 @whalewatchalert 运营鬼才 捡到宝了
2046653339371458812,Tue Apr 21 18:12:35 +0000 2026,1.1,capital_compound_defense,2,0,3716,False,https://x.com/0xmagnolia/status/2046653339371458812,@xcy1413513195 @atara4_etc 早
2045799128773578832,Sun Apr 19 09:38:16 +0000 2026,1.1,capital_compound_defense,2,0,1364,False,https://x.com/0xmagnolia/status/2045799128773578832,@mingyan21376789 老马概念
2043716889910866039,Mon Apr 13 15:44:11 +0000 2026,1.1,capital_compound_defense,2,0,959,False,https://x.com/0xmagnolia/status/2043716889910866039,@0xBugx2 逼养的
2043716715444687077,Mon Apr 13 15:43:30 +0000 2026,1.1,capital_compound_defense,2,0,6726,False,https://x.com/0xmagnolia/status/2043716715444687077,@chngunx32765901 找到了
2039252096273567758,Wed Apr 01 08:02:41 +0000 2026,1.1,capital_compound_defense,2,0,727,False,https://x.com/0xmagnolia/status/2039252096273567758,"@XW89537250 有佛眼 有十字 多祈福易得庇佑
把握中年前的机会
有元宝纹 加油会发财的"
2039028300950225314,Tue Mar 31 17:13:24 +0000 2026,1.1,capital_compound_defense,2,0,1539,False,https://x.com/0xmagnolia/status/2039028300950225314,"@ZRuonna520 有旅行线可能会异地工作
很长寿
有赌博纹 偏财的运气会好
事业线贯穿 不错的
且晚年很幸福"
2038878960864616820,Tue Mar 31 07:19:59 +0000 2026,1.1,capital_compound_defense,2,0,803,False,https://x.com/0xmagnolia/status/2038878960864616820,"@UOTtftWj0lqotmR @0xSixseven 有神秘十字 祖上保佑
金运线短 招财一般 但贵人线在内侧多找亲戚交流
生命线弧度非常好 寿星"
2038862080129036443,Tue Mar 31 06:12:54 +0000 2026,1.1,capital_compound_defense,2,0,1003,False,https://x.com/0xmagnolia/status/2038862080129036443,"@xcy1413513195 事业线分叉会有额外收入 中年之前多努力
财运线 金运线都不错
你有个大所罗门环 愿望容易实现 魅力不错 多社交"
2038272629019455925,Sun Mar 29 15:10:38 +0000 2026,1.1,capital_compound_defense,2,0,9665,False,https://x.com/0xmagnolia/status/2038272629019455925,@AydinAyrto82930 @Ganzin_Fitness @NEBU_KURO 看看
2025768095470755984,Mon Feb 23 03:02:05 +0000 2026,1.1,capital_compound_defense,2,0,1105,False,https://x.com/0xmagnolia/status/2025768095470755984,@bqlns4 你有所罗门之星，最强的
2020030518411284915,Sat Feb 07 07:03:00 +0000 2026,1.1,capital_compound_defense,2,0,1926,False,https://x.com/0xmagnolia/status/2020030518411284915,"@bingnan68 1.生命线弧度很好且长，超级长寿
2.有驿马纹适合外出工作
3.有神秘十字，祖上积德保佑
4.感情线智慧线显示易冲动上头，需克制"
2020001839354442092,Sat Feb 07 05:09:02 +0000 2026,1.1,capital_compound_defense,2,0,2115,False,https://x.com/0xmagnolia/status/2020001839354442092,@Luck_MrWei @xixikawaii @Siegfried90210 发这里也行
2007775454644904110,Sun Jan 04 11:25:45 +0000 2026,1.1,capital_compound_defense,2,0,1565,False,https://x.com/0xmagnolia/status/2007775454644904110,@kunkun_oob 同樂
1975160365303709922,Mon Oct 06 11:25:02 +0000 2025,1.1,capital_compound_defense,2,0,969,False,https://x.com/0xmagnolia/status/1975160365303709922,@bbutuoo 同乐捏
1975123390307749936,Mon Oct 06 08:58:06 +0000 2025,1.1,capital_compound_defense,2,0,764,False,https://x.com/0xmagnolia/status/1975123390307749936,@0xDbuffLou 同樂
1975118076615278970,Mon Oct 06 08:37:00 +0000 2025,1.1,capital_compound_defense,2,0,909,False,https://x.com/0xmagnolia/status/1975118076615278970,@zhaojunsong18 你也要每天开心
1944418509653721400,Sun Jul 13 15:27:52 +0000 2025,1.1,capital_compound_defense,2,0,4487,False,https://x.com/0xmagnolia/status/1944418509653721400,"@0xDbuffLou @_mlnbro @cryptonary 主要买的早
https://t.co/6o9pIpx9pK"
1922187198897574065,Tue May 13 07:08:35 +0000 2025,1.1,capital_compound_defense,2,0,2769,False,https://x.com/0xmagnolia/status/1922187198897574065,@Sunwukong512 @ArfurRock @basedalexandoor 你问他 @0GAntD
1921856318027022403,Mon May 12 09:13:47 +0000 2025,1.1,capital_compound_defense,2,0,2967,False,https://x.com/0xmagnolia/status/1921856318027022403,@Koicarrots99 @theunipcs 别幻想了，坐庄哪有那么简单
1915090736401588731,Wed Apr 23 17:09:46 +0000 2025,1.1,capital_compound_defense,2,0,1852,False,https://x.com/0xmagnolia/status/1915090736401588731,@pengxiaokkang @MuXinlei200 @0xDbuffLou @jizhitangjiang6 36了bro
1914999925575934119,Wed Apr 23 11:08:55 +0000 2025,1.1,capital_compound_defense,2,0,3916,False,https://x.com/0xmagnolia/status/1914999925575934119,@maid_crypto @whalewatchdefi u
1797150111275098209,Sun Jun 02 06:15:50 +0000 2024,1.1,capital_compound_defense,2,0,601,False,https://x.com/0xmagnolia/status/1797150111275098209,@tsakuya4 @ton_blockchain 猫猫也是个司马的，PUA大师二期挖矿还不开
2088393090205983065,Fri Aug 14 22:31:27 +0000 2026,1.1,capital_compound_defense,1,0,3942,False,https://x.com/0xmagnolia/status/2088393090205983065,@litteralyme0 kirkler 🤣
2084808166869758202,Wed Aug 05 01:06:15 +0000 2026,1.1,capital_compound_defense,1,1,3697,False,https://x.com/0xmagnolia/status/2084808166869758202,@111444333l @rektmando @fomo 希望复刻 $whitewhale ，mando还是有实力的在NFT时期赚了大几千m
2077710468731596843,Thu Jul 16 11:02:32 +0000 2026,1.1,capital_compound_defense,1,0,1979,False,https://x.com/0xmagnolia/status/2077710468731596843,@LaurenC82271712 @BrainfartAgent 一般会有个两三倍反弹，反弹就走吧
2068634259229921360,Sun Jun 21 09:56:55 +0000 2026,1.1,capital_compound_defense,1,0,785,False,https://x.com/0xmagnolia/status/2068634259229921360,@QwertiAI @IdleProtocol iykyk✋🏻🤓🖐🏻️
2063238276593656298,Sat Jun 06 12:35:12 +0000 2026,1.1,capital_compound_defense,1,0,2797,False,https://x.com/0xmagnolia/status/2063238276593656298,@Qike68 今年11月
2062346692826185943,Thu Jun 04 01:32:22 +0000 2026,1.1,capital_compound_defense,1,0,739,False,https://x.com/0xmagnolia/status/2062346692826185943,@cc320289xzy @Icebergy @theunipcs 还是有影响力的
2052854098693853482,Fri May 08 20:52:11 +0000 2026,1.1,capital_compound_defense,1,0,2291,False,https://x.com/0xmagnolia/status/2052854098693853482,@qijiangyue 是的
2039028912534278236,Tue Mar 31 17:15:50 +0000 2026,1.1,capital_compound_defense,1,0,1482,False,https://x.com/0xmagnolia/status/2039028912534278236,"@Adamokraa 事业线贯穿很好 有额外收入
辅助线在外侧 你的贵人是外人 遇到磁场契合的多交流
招财能力强 守财能力弱 强化一下理财"
2038854958712594844,Tue Mar 31 05:44:36 +0000 2026,1.1,capital_compound_defense,1,0,839,False,https://x.com/0xmagnolia/status/2038854958712594844,"@AzureLinS @AydinAyrto82930 @Ganzin_Fitness @NEBU_KURO 有霸王线 不用看了 无敌了
命也很长寿"
2038844683535982825,Tue Mar 31 05:03:47 +0000 2026,1.1,capital_compound_defense,1,0,3558,False,https://x.com/0xmagnolia/status/2038844683535982825,@tropwyld 没办法Popcat都那b样了
1975173569111118017,Mon Oct 06 12:17:30 +0000 2025,1.1,capital_compound_defense,1,0,1372,False,https://x.com/0xmagnolia/status/1975173569111118017,@lurgee777 你也牛
1975173495412974017,Mon Oct 06 12:17:12 +0000 2025,1.1,capital_compound_defense,1,0,1089,False,https://x.com/0xmagnolia/status/1975173495412974017,@LibertyCatsFeng 同乐捏
1975157769570578760,Mon Oct 06 11:14:43 +0000 2025,1.1,capital_compound_defense,1,0,774,False,https://x.com/0xmagnolia/status/1975157769570578760,@wbshy885746 同乐捏
2080575200224248169,Fri Jul 24 08:45:57 +0000 2026,1.1,capital_compound_defense,0,0,2096,False,https://x.com/0xmagnolia/status/2080575200224248169,@mybluu 感谢陪伴
1622149571584614400,Sun Feb 05 08:26:10 +0000 2023,1.1,capital_compound_defense,0,0,2555,False,https://x.com/0xmagnolia/status/1622149571584614400,家人们是我的失误，质押早就结束了，不可以获得代币了
1806686353759064328,Fri Jun 28 13:49:28 +0000 2024,1.1,capital_compound_defense,0,0,1079,False,https://x.com/0xmagnolia/status/1806686353759064328,@Konradwinner @Fengchangzuoxih 这个赔率没有其他三个🐸高
