id,createdAt,gold_score,primary_domain,favoriteCount,retweetCount,replyCount,viewsCount,has_article,text
2097749624778019320,Wed Sep 09 18:10:59 +0000 2026,3.0,04_onchain_alpha_airdrops,14,0,68,0,NO,"才几天，发现大家最喜欢晒薄肌，然后看我fomo。

前几天有个老师@WatsonDama66601 说了句这个：talk is cheap ,show me your wallet. fomo很好的践行了这句话。

深有感触，别废话，看我钱包，类似，别废话，看我腹肌，约不约。

只能说老登太难了"
2097662529485107530,Wed Sep 09 12:24:54 +0000 2026,5.0,04_onchain_alpha_airdrops,64,0,60,0,NO,"最近越来越觉得自己缺的不是项目，而是 Alpha。

以前大部分时间都在撸项目，对外部个体没那么敏感。最近开始认真筛 Alpha，质量高、长期有输出的人，我会主动关注甚至加特别关注。

但有一类账号，哪怕内容不错，如果关注了五六千人，我基本不会关注。

原因很简单：人的注意力是有限的。

我来 X，不是为了流量，也不是为了互关。

就是三件事：

发现 Alpha、找到 Alpha、践行 Alpha。

关注列表本质上也是自己的信息流资产。关注的人越多，噪音越大，真正有价值的信息反而越容易被淹没。

所以现在我的原则越来越简单：宁可少关注，也要保证信息密度。
仅供参考"
2096254028237898238,Sat Sep 05 15:08:01 +0000 2026,3.5,04_onchain_alpha_airdrops,26,0,66,0,NO,"今天吃饭时看抖音说马斯克已经花80万美元参与2026中期选举
但是gpt问了下才知道美国宪法规定总统必须是：

1、美国自然出生公民
2、至少35岁
3、在美国居住至少14年

马斯克出生于南非，后来才取得美国国籍，所以按照现行宪法，他不能参选美国总统，也不可能当选总统， 除非未来修改美国宪法。

这他妈抖音博主害人啊，没讲清楚，而我第一反应马斯克会不会发个meme"
2091733804025307172,Mon Aug 24 03:46:16 +0000 2026,5.9,04_onchain_alpha_airdrops,21,1,42,0,NO,"TermMax终于来了，刚看到币安 Alpha上线了 $TMX，这个时间点TGE还不错，至少市场热度回来了。

1、8月25日正式TGE。这个项目在市场运营和社区参与上，其实都能看到一点River当时的影子。它不是单纯按照TVL，或者靠存钱刷积分来分空投，而是把协议使用、交易和社交传播拆成XP/AP/MP三套积分体系。也就是说，资金党有资金党的玩法，交易用户和内容创作宣传也能找到自己的路径。

这次空投领取需要做博弈选择，本质上就是用更多筹码奖励长期用户，同时降低TGE初期的直接盘面抛压，想马上走人，只能拿30%，剩下70%放弃，愿意锁3-6个月，才能拿回大部分额度，同时获得额外奖励。

2、River之前也做过类似的积分和激励调整，期间虽然出了不少问题，但后来代币暴涨100x以至于当时不少有积分、有质押的用户赚到了大钱。当然现在这个市场，单纯靠“存钱拿积分”已经越来越难吸引用户了。怎么把资金、交易、内容这些不同贡献都记录进去，同时又在协议数据增长和用户激励之间找到平衡其实没那么容易。

3、TermMax这次S1已经直接接上，目前还是邀请制，我还有近30个码，需要的话可以私信下，看了下是一套新的组队玩法。leaderboard.termmax.ts.finance/wallet

4、TermMax @TermMaxFi的主线一直没变，就是做链上的固定利率和固定期限市场。累计融资760万，产品TVL超过9000万美元，覆盖10条EVM链，并和Morpho、Aave、Venus、Pendle等协议完成集成，机构版本TermPrime也已经跑到Canton Network，整体还不错，接下来就看 $TMX 会上哪些交易所，有没有可能重现river k线？"
2081034561052725756,Sat Jul 25 15:11:17 +0000 2026,2.9,04_onchain_alpha_airdrops,38,0,42,0,NO,"携程被重罚了，我他妈这些年一直被rug，像极了web3的那些tx。
大数据女巫
老og比新用户没地位没权重
积分一改再改，一塌糊涂，一无所有….."
2066165513164853305,Sun Jun 14 14:27:00 +0000 2026,5.9,04_onchain_alpha_airdrops,44,1,61,0,NO,"还是那句话，对于活跃用户来说哪里有奖励，哪里有赚钱效应，哪里相对安全，资金就愿意去哪里。Binance再次续杯USD1持币空投。本轮奖池为1.78亿枚WLFI，活动持续到7月10日，奖励每周发放。

从1月底开始，Binance围绕USD1的WLFI激励已经连续做了6轮：

1月：4000万美元等值WLFI 
2月：2.35亿枚WLFI 
3月：1.35亿枚WLFI 
4月：1500万美元等值WLFI 
5月：1300万美元等值WLFI 
6月：新增1.78亿枚WLFI

其中 5.48亿枚WLFI = 2.35亿 + 1.35亿 + 1.78亿。 
另外 6800万美元等值WLFI=4000万+1500万+1300 万。

如果按每轮活动公布时附近的WLFI价格估算，这5.48亿枚WLFI峰值大约对应5150万美元，再加上另外6800万美元等值WLFI，整体激励规模接近1.2亿美元。

当然，其他交易所也在跟进。Gate目前是表面收益最高的活动之一，最高20%，照样是在资产账户持有USD1即可获得收益，不需要锁仓。Bybit也推出了4500万枚WLFI奖池，持有USD1即可参与，收益大约10.78%左右。

更直接的是，这2个交易所都公布了个人USD1持仓排名：
Gate前三名持仓分别约为955万、544万、390万USD1。 
Bybit前三名持仓分别约为810万、804万、604万USD1。

这类合作最有意思、也最直接的地方就在于共赢。表面上看，是交易所在帮WLFI推USD1，实际上，也是交易所在借WLFI的补贴给自己做增长。说白了就是：拿别人的钱，拉自己的用户，做自己的数据，推自己的业务。"
2062388028044423171,Thu Jun 04 04:16:37 +0000 2026,5.5,04_onchain_alpha_airdrops,27,0,22,0,NO,"最近 USD1 的收益场景越来越多了，已经不只是单纯持有稳定币，而是在逐渐变成一个可以横跨 CEX、钱包、借贷市场和链上金库的收益资产。整体看下来，已经嵌入多个场景。持有收益大约在6-9区间。

目前几个比较直接的参与方式：
1、Binance 主站：活期持有 USD1 赚 $WLFI
目前 APR 大概在 6% 左右。账户里持有 USD1，就可以直接获得 $WLFI 代币奖励，活动持续到 6 月 12 日。门槛低，不需要复杂操作。
2、Bybit Earn：持有 USD1 瓜分奖池，
目前 APR 大概在 7% 左右。活动机制是持有 USD1 瓜分 4500 万 $WLFI 奖励池，奖励每日分配，支持随存随取。本质上就是把 USD1 做成一个交易所内的收益型稳定币资产。

3、Lorenzo × Binance Wallet：USD1 Vault
目前APY 大概在 14% 左右，其中约 7% 是基础收益，另外约 7% 来自合作代币激励。
在币安 Web3 钱包 → DeFi 页面 → 选择 USD1，活动持续到 6 月 19 日。
这是 Binance 钱包给 USD1 做的一次链上收益入口，收益比单纯持有高。

4、Dolomite：USD1 借贷收益
目前 APR 大概在 8.7% 左右，其中约 3% 是借贷收益，5% 来自平台额外激励。额度相对充足，短期收益表现也比较稳定。
这类场景我觉得未来应该会加大力度，因为 USD1 不只是交易所活动资产，也开始进入链上借贷市场，逐渐有真实 DeFi 使用场景。

5、TownSquare × Native：USD1 Monad 链上金库。
当前 APY 大概在 4.79% 浮动收益 + 积分。"
2059262282602070297,Tue May 26 13:16:02 +0000 2026,3.4,04_onchain_alpha_airdrops,13,0,11,0,NO,"CTR 空投领取：http://citrea.xyz/airdrop

citrea @citrea_xyz 上线平台挺多，背景不错，FF投的，我觉得可以格局一下。"
2054589213665120470,Wed May 13 15:46:55 +0000 2026,6.6,04_onchain_alpha_airdrops,91,0,31,0,NO,"有些事过了很多年，依然记得很清楚。

当年ftx关门之后，我们这些用其子账号系统流转资金在链上做交互撸空投的人，一下子像失去了根据地。

我记得很清楚，当时我找了好多交易所反馈提需求，那时候真正愿意聆听我们需求、理解链上用户操作习惯的，是OKX。

后来没多久，okx推出其吊炸天的子账号系统，这也是为什么我对OKX一直有特殊感情。当然，很多跟我一样的撸猫人应该也是如此吧！

雪山之下，回首来时路，感恩一下老朋友

@okxchinese @star_okx @Haiteng_okx @zakk_okx"
1917811599743803454,Thu May 01 05:21:31 +0000 2025,8.4,04_onchain_alpha_airdrops,28,13,18,0,NO,"Bybit 推出【Megadrop】

打新正式卷入“理财赛道”

Bybit 最新上线打新平台【Megadrop】，正式把「定期理财 + 空投任务」打通。
这是 Bybit 推出的全新代币发行机制，只需购买指定定期理财产品，就能在项目代币上线前提前获得空投份额。不用抢购、不靠拼运气，定存拿收益 + 薅空投。

白话理解：
定存赚收益 + 拿新币空投 + 叠加任务加成 = 稳撸热点项目空投。

1、首发项目： $OBOL  @Obol_Collective

奖励池：650万 $OBOL
时间：4月30日-5月5日
上线时间：5月7日，OBOL/USDT 开盘
支持定期：USDT, MNT

OBOL 是Pantera领投的去中心化验证器协议，提供一种叫做DVT分布式验证者技术的解决方案。

我对这个协议不陌生，24年的一个撸毛项目，我跟mike @Mikemoo75197959 老师聊的挺多，他咔咔一顿撸······

这个协议我的理解是：在运行的ETH验证器，以前1个节点出问题，整个验证就挂了，资金也可能有风险。Obol 这个让多个节点一起运行一个验证者，只要不是所有人同时宕机或出错，验证器就能稳定工作。这种方式大幅提升了抗风险能力。适合质押提供商以及机构大户，eth验证节点运营商使用。

这个项目之前发布了空投快照25年1月21日，7.5%空投份额，之前参与的记得去领。

2、Megadrop 具体规则

每日积分 = 持仓金额 × 期限乘数 × 支线加成（若完成任务）

规则拆解：

• 持仓金额：质押的 USDT / MNT 数量

• 期限乘数（Bybit 固定理财）：
    14天产品 = ×1.0
    30天产品 = ×1.2（拿更多积分）

•支线任务加成（现货交易）：
当天完成现货交易任务 → ×1.2
连续完成任务可每日叠加

该模式下
⚠️ 提前参与、越早积累积分，拿到的空投就越多
1、 定存拿收益，还能薅空投 
2、可“预测收益率”，积分规则清晰
3、适合长期持有 USDT/MNT 的大户

3、参与方式简要

•  登录 Bybit，点击【理财】选择定期产品
•  存入 USDT 或 MNT
•  日常做点现货交易任务即可
•  等着分 $OBOL

👉 活动入口：https://t.co/JH2tcYzqeq

搜索框里输入：megadrop

4、我到底要不要返乡创业，搞一波撸毛产业带动农村就业？

最后，丰密简单说说我的个人想法，也是继Nillion维权与babylon tge后出去修心时的思考：

相较“拼积分博运气”的 Binance Alpha，Megadrop 更像是空投的“稳赚理财”方式。不论是 Bybit 的 Megadrop，还是Binance 的 Alpha，归根结底，都是交易所在抢用户、拉增长的打法。交易所之间的良性竞争铸造护城河，而用户真正关心的是用户利益，财富效应。

过去几年，我们在链上撸空投，靠交互、靠形成真实用户、靠预判谁会发币、什么时候发。

但大多数时候，其实我们在和一个「未知系统」博弈，没有规则、不讲逻辑、最后还要看团队良心与格局。

而现在，交易所直接把资产分发做成产品化的发行平台，项目方也愿意配大量 Token 出来搞（明确性的参与逻辑），这背后其实反映了一个现实，
对项目方而言，这是一场资源配置博弈，
✅给链上用户发币，打格局
✅给交易所用户发币，换流量，

对用户而言，我们开始看到 “资产发行权”从协议手里转向平台和流量端，

这里是好还是坏，主要定位「用户」类型，对于我这种kuigas类型肯定是坏事！对于交易所用户是好事，千人千面不好定论。

对 Bybit / Binance 用户来说，这是福利、是确定性，是“存钱有币拿”的躺赢逻辑；

我们习惯了做链上高质量交互，习惯了赌一个协议会不会发币、什么时候发；
我们不是不努力，是发币没我们份；
我们不是不积极，是分发逻辑越来越离谱。

可以确认的一点是，这种方式意味着：

谁掌握了分发的渠道，谁就掌握了财富效应的分配权。

我之前游走在拉萨的街头，
阳光正好，风稍有点冷，人来人往、经筒转动，
而我心里却一直在反复念着几个问题：

1、链上的 Kuigas，还值得赌吗？

2、交易所这种平台化分发的猪脚饭赚钱效应能持续多久？

3、我到底要不要返乡创业，搞一波撸毛产业带动农村就业？验证人脸、存款打分、刷任务积分，无污染、无能耗、无排放，带动我国农村就业！独创高质量产业发展路线，这种创业这应该算是绿色产业吧？

你说呢"
1955662140901363941,Wed Aug 13 16:06:03 +0000 2025,8.0,04_onchain_alpha_airdrops,66,8,27,0,NO,"过去半年在 Web3，有一种赚钱方式，比很多人上班的工资还稳———币安 Alpha

很多人以为它只是个“小打小闹的撸毛工具”，可真把账算下来，你会发现，这收益能轻松秒杀不少 Web2 全职工资。

Alpha 空投已经走到 第 100 期。我还记得去年在日本冲绳的一个晚上，sisi 协助 winson 老师召集我、大狮兄、比特吴、Jason、链研社等老师围坐在酒店会议室，从晚上 9 点聊到凌晨 1 点，主题只有一个：钱包的战略与打法。
结论之一就是：围绕钱包做资产发行，是改变行业格局、提升钱包生态位的关键突破口。

没多久，币安钱包就推出了 Alpha。如今，它不仅是平台的流量入口，更成了整个行业节奏的“中枢”。

聊聊我看到的几个点：

📌1️⃣改变普通人，从零到稳定赚钱
Alpha 最大的意义之一，就是让没背景、没技术、没有太多资金的普通人，也能低门槛进场、稳定赚钱。

以前教刚进圈学习链上交互的新人，要花很多时间学习装钱包、记助记词、学链上操作，还得反复提醒别乱点链接。
现在，一句话就够：先玩一个月 Alpha。

•低门槛： 没有私钥压力、不用算 Gas
•可规模化： 三口之家轻松 1000U+
•稳定性： 每天 10 分钟，吹着空调就能做

💰 收益模型也简单粗暴，一个账号约 1500U资金，每天刷分任务，每天磨损3-6U，2夫妻+4老人在附带些家属，基建做的好的甚至能月入数千美金。

这还不是那种冒险赌运气的玩法，而是每天在家吹空调、花十来分钟点几下屏幕，就能稳定到账的收益。这也是 Alpha 最打动普通人的地方，用最简单的规则，让普通人直接分享到 Web3 项目早期的红利。 在这个机会稀缺的周期里，这种几乎“明着送钱”的机制，既能教育新用户，也能养成他们的长期参与习惯。

多号、赚钱效应会吸引大量玩家，自然带来两个结果：
>账号封控
>规则调整频繁

这些情况并不意外。一个能带来收益的平台，用户量上来后必然会出现灰色玩法，平台为了公平竞争和生态健康，必须不断迭代风控。事实是，大部分被封的账号，确实存在多号批量、脚本作弊等行为。

频繁调整规则，不是为了为难玩家，而是为了：
遏制工作室长期垄断，保证新用户的入场机会，让生态流量分配更公平。

📌2️⃣改变了项目与交易所的节奏

过去，新项目要上现货主板，是高度封闭的流程，普通用户几乎没有提前进场的机会。

而现在，Alpha 成了上主板的“前置关卡”：
🧪项目方必须先上 Alpha 做活动，其数据、热度、反馈会直接影响后续上合约与现货
🧪普通用户可以低门槛参与，抢到空投或早期筹码
🧪项目质量被倒逼提升，因为 Alpha 用户的反应会被放大到整个市场

这种机制，不仅活跃了一级市场，还打乱了日韩等本土交易所的节奏。
Alpha 常提前开启链上交易，等到正式上线时往往有套利机会，这在过去几乎不可能。

Alpha 还有一个容易被忽视的功能，它是项目库存的“消化池”，Alpha 提供了一个可控的二级分发平台，让中腰部优质项目能分阶段释放库存代币，盘活沉睡的筹码，同时带动市场关注度和链上活跃度回升。

币安借此把流量和用户变成了项目的公测场与筛选器，既迫使项目方正视普通投资者，把早期福利放到台面上，也让用户在低风险、低门槛环境中，自然完成了从“空投参与者”到“Web3 用户”的转化。

📌3️⃣Alpha 升级，Booster 机制落地

如果说 Alpha 是早期参与+空投入口，那Booster 就是打新+成长型空投的二合一升级版。

它改变了过去“一次性领完走人”的短期玩法，解决了过去的老问题——用户只关心能卖多少钱，不关心项目到底做啥，现在，它把项目和用户生命周期从几天延长到几周甚至几个月，并且为币安钱包打造了一个可持续的流量循环：

•多阶段任务：从前期拉新到后期交易，全程参与
•收益叠加：不仅有空投，还能在项目币价上涨时二级获利
•用户留存：让撸毛党和二级玩家都能找到收益空间，降低流失率。

本质上，Booster 是把 Alpha 的“前置关卡”延伸成了一个可持续的项目增长赋能方向，在接下来的玩法上，应该会基于此作出更多优化。

📍 案例：Codatta——Booster 的首秀标的
今天，币安正式上线了Codatta @codatta_io代币 $XNY 合约交易，Codatta 从节奏到表现，完美验证了币安钱包新玩法的战略定位：

市场表现亮眼：代币 $XNY 最近涨幅超 7 倍，昨日直接冲上 CoinGecko Top Gainer 榜首

🔹机制设计巧妙：采用「锁仓 + 交互 + 分期释放」的组合玩法，让撸毛党锁定早期收益、二级玩家享有价格波动红利，同时也协助项目能收获更多的产品数据与用户。

🔹节奏把控精准：在币价热度及自身产品方面持续放出利好，并配合任务驱动，拉长了项目热度周期

🔹示范意义：从选项目到任务引导，币安这波几乎做了一次教科书级的“Booster 首发”流程演示，为后续项目合作树立了标准。

通过合作，Codatta 将 8.6 万名食物数据标注贡献者的链上 ID 全部公示，并公布 1,256,067 条标注数据，使每个参与者的工作量可被公开追溯与验证，为“贡献确权”提供了技术保障。这也是 Binance Booster 首个项目活动的实质成果之一，标志着币安生态与 Codatta 在 AI+Web3 数据基础设施 建设上取得了阶段性突破。

🏆这次 Codatta 作为 Booster 首秀，不只是项目表现亮眼，作为普通用户，我们应该更能看出币安选项目、带节奏、造财富效应的能力：

>在上百个候选中精准挑出兼具技术亮点、真实业务与AI 叙事的标的，让用户在低风险条件下参与成长型项目。
>>活动机制、任务节奏与二级市场联动，让早期参与者既吃到空投红利，又能在币价上涨中获利。
>>>对生态来说，这既是一次选品能力的展示，也是一次“如何把活动做成行业事件”的范本。

某种意义上，Alpha + Booster 即帮助项目的放大声量，也帮用户把“参与即有收益”落到了实处。

在我看来，未来不管市场怎么变，至少都值得坚持一个号，不是为了赚多少钱，而是在参与中感知行业脉动、保持对市场的敏感度。

#币安Alpha百文大赛"
1950440946845569031,Wed Jul 30 06:18:53 +0000 2025,8.5,04_onchain_alpha_airdrops,28,1,10,0,NO,"树屋 $TREE  能直接上 Binance 现货，这并不是偶然。

还记得那是2022 年的第一场雪，在投研项目时接触到了 Treehouse。当时很多33Dao的老师都与Treehouse团队有会议交流，「树屋」是我们给Treehouse取的中文名字。那时候它还只是个链上信用评分工具，主打产品叫 Harvest，只需连接钱包、跑一晚上，第二天就能自动生成一份详细的钱包分析和 DeFi 行为报告。

而今天，TreeHouse已全面转型为构建「DeFi 固定收益市场」的底层基础设施，把 DeFi 里最难懂的“利率”和“风险定价”，一点一点地搬上链，拿到台面上，做到公开透明、可参与、能预测。

并推出了两个核心产品：

• 流动性质押代币tAsset：例如 tETH，一种代表质押资产的流动性凭证，同时可在 DeFi 场景中交易、计息。

• 去中心化报价利率（DOR）：为链上固定收益产品提供基准利率，类似链上的无风险利率，作为 DeFi 固收产品的利率锚。

而这正是 TradFi 最懂、也最重的领域，其实，在传统金融市场中，固定收益市场规模是股票市场的 5 倍，如果 DeFi 能够复制这种规模，Treehouse 无疑将成为其中的重要基础设施，无疑会是这个新世界的“债券所”。

现在回头看，就很清楚了：

最近 ETH 飞涨，成了金融巨头们的战略资产，被抵押、被套息、被机构争抢。

在这样的背景下，“利率、收益、质押、安全感”这些原本晦涩的金融词汇，忽然变得格外重要。ETH 的价值重估背后，真正值得问的一句话是：谁来定价利率？谁来做链上的报价？

Treehouse 的 DOR（去中心化报价利率），正好卡在这个链上定价体系的空位。固定收益，也正在成为 Web3 里最接近 TradFi 的通用语言。而 Treehouse，从一开始就坚定押注这个方向，并持续构建。

如今，这个叙事终于被市场需要了。而 $TREE 能够直接空降 Binance 主板现货，这并不是运气，而是水到渠成。

$TREE 作为 Treehouse Protocol 的核心代币，如今正式上线 Binance、Bybit、KuCoin、MEXC、HTX、OKX 等多个交易所，直接空降主板现货，排面拉满。

目前币价稳定在 ~$0.67，FDV 在 7 亿美金左右， 在当前这种流动性紧缩的大环境下，已经是相当亮眼的表现。

更重要的是，初始流通仅 15.61%，其中一半是发给早期用户的空投代币，而投资人和团队全部锁仓 6 个月，也就是说，基本没有短期抛压，结构非常健康。

Treehouse 多年积累厚势，这次配合高质量的代币发行机制、明确的产品路径和扎实的叙事逻辑，可以说叙事、结构、价格都对上了。

下一步看量能，也重点看质押率。

🎁关于空投。

如果你参与了 GoNuts 第一季，或者持有 Treehouse 的 TSC NFT， 记得赶紧查一下 $TREE 的空投资格 🪂

👉查资格/领取入口： https://t.co/D2IoSqjbkc

✅ 条件：累积超过 100 个 Nuts 且通过女巫筛选的钱包

大部分E卫兵💂之前如果参与了协议，比如持有tETH都应该有资格。

另外可以看下官方推出的预存金库Panelist Vault，支持把 $TREE 质押进对应 DOR Panelist 小组，获取年化 50%-75% APR 的收益。

我看了下大概要点： 
• Vault 的 APY 是动态的，但官方承诺基础收益率不低于 50% 。
• 你质押 $TREE，是在押注谁能准确预测利率，预测越准，赚得越多。
• Vault 有上限：每个 DOR 小组最多只能存入 150 万枚。
• Vault 有时限：只开放 30 天。

这个机制不是“锁仓换奖励”那种老套路，而是把你 $TREE 的质押行为，与 Treehouse 构建利率锚点的机制直接绑定起来，形成真实使用场景 + 投资人共建式博弈。从质押设计来看，值得很多项目方学习，能降低代币抛压、创造真实使用场景。

这种空投 + 质押的双重收益设计，二段式激励模型，配合 Treehouse 多年的积累，是目前市场上最能讲、也最容易被理解的一套 DeFi 固定收益叙事。而 Treehouse 本身，作为目前唯一聚焦 DOR + 利率预测的项目，已经是这个赛道上的先锋。如果你也看好 DeFi 固收板块，那么现在就是成为早期质押者的最好时机。"
1874763547433197995,Thu Jan 02 10:23:55 +0000 2025,5.8,04_onchain_alpha_airdrops,70,32,6,0,NO,"比特币流动性质押平台 PumpBTC 为所有 BTC 持有者推出特别空投活动：
• 参与方式：持有任意 BTC 或代币化资产（WBTC/fBTC/BTCB/PumpBTC），余额 >0 即可铸造独特的披萨主题 NFT，并获得未来 PumpBTC 代币空投。
• 空投规则：分 5 个等级，奖励随机，全看运气！

⚠️如果您的余额 > 0，您就有资格铸造您的 Pizza NFT！

流程： 链接OKX 钱包@OKXWeb3_CN，单击“放入烤箱”按钮来铸造您的披萨 NFT！
https://t.co/6pOsgvltQj

PumpBTC ：
• Babylon 上 第三大 LSD 平台，TVL 超过 6000 BTC（2.16 亿美元）。
• 2023 年 10 月完成 1000 万美元种子轮融资，由 SevenX Ventures 和 Mirana Ventures 领投"
1981357160866181372,Thu Oct 23 13:48:53 +0000 2025,6.4,04_onchain_alpha_airdrops,73,14,32,0,NO,"Kite x Brevis  这2个项目最近都是非常热门的潜在标的。

Brevis @brevis_zk是由 YZi Labs 和 Polychain 领投，V 神点名的项目。它的核心技术是提供零知识可验证计算，就像一个绝对公正的裁判。AI 工作时，Brevis 会在旁边盯着，用数学证据证明它确实老老实实完成了任务，没有作弊。

Kite AI 相当于给给每个 AI 发一个独一无二的身份证，然后建立一个信用档案，记录它过往的工作表现和信誉。再配上一套超便宜的支付网络，专门给 AI 发工资，

2个项目方合作，正好解决了 AI 经济的两大难题：信任和成本。
如此，就形成了一个完整的闭环：Brevis 负责监督和证明 AI 的工作过程，Kite AI 则负责管理 AI 的身份、声誉和经济结算，

AI 之间就可以可信任地合作 + 低成本地结算，真正形成完整的经济循环。

可以看到BA近半年偏爱zk项目与ai项目，2个项目其实都不太偏toC，能参与的地方不多，但均有测试网
Brevis是spark积分：https://t.co/5Q9OD0LofK

kite：https://t.co/mAi8r954Y8"
1475806389968637956,Tue Dec 28 12:30:37 +0000 2021,5.2,04_onchain_alpha_airdrops,7,4,0,0,NO,"高端玩家defi的撸空投：https://t.co/gVQp8nTtP7
闲着无聊，做个边学边赚的项目，应该是个大空投项目。一星期左右的时间，

边学边交互还可以赚钱！每个id成本大概1000刀。

https://t.co/BP17T6x4M2

https://t.co/jselivhDJy新年NFT任务教程 — Mirror

教程相关我都发了。

https://t.co/YbFcE5gHyV"
1500297485377744897,Sun Mar 06 02:29:29 +0000 2022,3.8,04_onchain_alpha_airdrops,10,0,1,0,NO,"有不少人私信问为什么要刷他，个人理解：
1」axelar估值高投资机构也非常棒
2』能上coinlist说明项目足够优质了」
3』定位：axelar通过一套通用的协议和 API 连接所有区块链、资产和应用程序/3500万b轮/主打跨链可组合性/
4」团队」algorand团队的人出来干的，
交互的理由」
1：成本低，并且能迅速熟"
2008917217493311988,Wed Jan 07 15:02:43 +0000 2026,7.2,04_onchain_alpha_airdrops,109,14,26,0,NO,"XDO 这篇真的写得很顶，信息密度高。

我的建议是：撸毛人可以试着从空投赛道的角度反向读这篇文章，你会突然看懂很多项目方的市场动作，以及他们到底在用什么方式驱动我们的行为。

记得我很早之前说过的思路：
理解规则，超越规则。理解项目方，读懂项目方。

你会发现空投早就不只是早期福利，而是项目方在这个周期里最核心的一种结算工具。

自从ARB之后，我反复读空投与复盘过去的空投规则，给我的启发非常之大。从那个时候开始，我在kui里反复提，行业开始把「资金」放到更高权重的位置，你也可以把它理解成一套资金行为系统，

项目方可以用积分/任务把用户的资金做停留、看TX、通过流动性贡献以积分记账，再用各种手段比如锁仓、分期释放、权重规则把早期流通盘和抛压节奏握在自己手里。

然后做筛选、做定价、设计用户分层。
你会发现层层搞下来的核心就是「真实」，也围绕真实来做结算，之后才有我们看到 的「赔率」。

文章里开篇举的 Binance Alpha / Binance Wallet 也很典型：

“在加密营销中是一次真正的破局式创新，关键的变化是：钱包从“资产存取工具”变成了“项目发现中心
在币安 Alpha 这套体系里，最关键的一点是：奖励是发给真的会交易、能带来流动性和愿意追求新项目的那批用户”

但我也有不一样的观察：回望过去一年，前半年 Alpha 做得很漂亮；后半年其实创新变少、节奏变乱·····。一天上三四个项目，很多项目为了上而上，追求的反而是虚假交易量，很多项目方也为了上alpha，把真正真金白银参与的社区割的体无完肤，真正的链上空投赛道基本趋于停止，做的越多死的越惨，而alpha本身最后变成20%的人赚走80%的钱··········

来市场就是为了发现 alpha 的，期待 XDO 继续写出这种能让人看懂结构的好文章，持续学习 🤝

膜拜加一姐团队@mscryptojiayi"
1986353396702478337,Thu Nov 06 08:42:09 +0000 2025,9.0,04_onchain_alpha_airdrops,61,9,19,0,NO,"Hype与Aster的暴击，让去中心化永续合约交易平台赛道彻底引爆 🔥

特别是 YZi Labs 投资的项目，成为市场关注焦点，比如Opinion @opinionlabsxyz 已经成为当红炸子鸡。

这次出来蛮多老师有问到我在刷哪些Perp项目，
我目前在关注且实用的 perp 交互： Aster、Lighter、Ethereal、Based、EdgeX、Extended、Apex、GRVT、StandX、VOOI 、Pacifica等。每一个项目其实都可以花满多时间讲讲的。

其中 YZi Labs 投资了 VOOI @vooi_io，最近应该快tge了，最近被问得比较多，简单写个概要：

1、VOOI确实有它的独特之处，是一个跨链聚合型超级应用，支持跨链永续合约（Perp）与现货交易。它聚合了@HyperliquidX、@ostium、@OrderlyNetwork 三大永续平台的流动性，并整聚合多个DEX，

VOOI 得特点是链和账户抽象，它简化了跨受支持 DEX 的杠杆交易，使用户能够在任何受支持的网络上无缝交互，让用户能在一个统一界面完成所有交易操作。

2、VOOI 不只是一个中心化永续合约交易 Perp DEX，协议把自己定成是全链聚合交易入口，平台当前特点是

➤支持 220+ 永续市场，覆盖 6 条 EVM 链
➤所有抵押物统一映射为 USD 抵押资产，已支持「币股一体化」交易，可直接使用 EVM 钱包资金。
➤凭借链抽象+ Gasless 零 Gas 模式，VOOI 可自动选择来自不同 DEX 的最佳报价与深度。
➤无需切钱包、无需换 RPC，一键比价、跨链开单，体验丝滑。
➤无论是加密资产、美股，还是商品合约，你都能在同一个账户下完成交易

交易量方面目前平台累计成交136亿美金，10 月份每日均$2亿交易量，看到10月 28号这天比较猛，单日永续交易量达到 3.2 亿美元，创下了新的历史新高，除此之外，每月永续合约交易量也突破 35 亿美金，属于增长较快的 Perp 聚合器，当然这一切是因为在搞「交易即挖矿」的活动。

3、VOOI 每周固定分配 2000 万积分，激励机制倡导动态分配驱动真实交易，

积分体系自 2025 年 7 月底启动，至今已运行约 15 个周期（3 个月）。未来大概率跟其他平台一样，根据积分奖励平台代币。

根据平台的说明积分获取途径
1️⃣ 回溯积分
覆盖 Hyperliquid、GMX、Aster、Satori、Vertex、KiloEx 等主流 perp 用户，只要你在这些平台有过交易记录，就能领取 VOOI 的历史奖励。

2️⃣ 永续交易与跨链 Swap
通过 VOOI 平台进行 perp 交易或跨链兑换，可持续累积积分。交易量越大，积分占比越高。

3️⃣ 协议共振积分
当你通过 VOOI 交易合作协议（如 Ostium）时，系统会同时发放 VOOI 积分 + 该协议原生积分，实现多重叠加收益。也就是说如果在vooi上交易，右上角你选择ostium的话，实际上你是能拿到2个平台的积分，Ostium是一种合成资产协议，主要做商品市场上链的平台（比如标普500/黄金）。同一交易，多重收益。

4️⃣ 生态联动：Hyperliquid
使用 VOOI 右上角你选择Hyperliquid，可同时积累 Hyperliquid 官方 $HYPE 第二季的潜在空投资格。VOOI 提供当前市场最低的 Hyperliquid 永续费率。

5️⃣ 平台活动与限时任务
VOOI 定期推出交易竞赛、空投活动、任务激励等，补充发放额外积分奖励。

三、如何参与
1、打开https://t.co/RNvKkOdVls
2、链接钱包，右上角选择ARB/BASE/SOL链存入USDC
3、具体交易可以选择light模式或者高阶Pro模式。2者均可做合约与现货交易，lighrer适合日常，具体交易上策略可以多样性，比如常用的跨链稳定币swap。

Pro版可以右上角选择不同市场做为流动性，可自定义流动性来源（Ostium / Hype / Orderly）。

当前这么多perp，都希望做真实交易，切勿秒开秒关。但是如果多个平台做对冲模式是合理的。

回到有些亏友的问题上，Vooi值不值刷，在我看来：
vooi的核心价值，不在于它是又一个perp 协议，而在于它让「碎片化的永续市场」重新整合成一个入口。它用聚合方式 + 链抽象让用户无感知协议的各种麻烦操作。再加上 YZi Labs 的独家投资，有一定的潜在机会成为 perp 叙事中有延展性的平台。

对于这类协议的参与判断，
关键要看两点，积分总量的长期释放节奏 ，这决定了你刷的「筹码价值」。
另外，团队能否把叙事 FDV 打造得更高， 这决定了未来积分能换到的「市场溢价」。
反正，撸空投或者投资，这都是一个动态过程，赔率不是一个固定值。

最近的市场没啥有意思的东西，有空把其他的perp平台都聊聊。

不知道大家在刷哪个，看好哪个，我们也可以交流"
1903780438579286511,Sun Mar 23 12:06:41 +0000 2025,9.0,04_onchain_alpha_airdrops,63,9,18,0,NO,"撸毛（空投）的核心策略其实就是一个高赔率、低成本、高成功率的概率博弈游戏，而筛选优质空投项目的过程是个非常精细的多维度分析

🚀 币安第 65 期 Launchpool
🕒 仅剩 13 小时！Nillion ( $NIL) 挖矿即将结束
🔥 3月24日 21:00 正式上线

挖矿参数：
• 挖矿时间：2025/3/21 08:00 - 2025/3/24 07:59（共 3 天）
• NIL 总供应量：10 亿枚
• 币安挖矿分配：3.5%（约 3500 万 NIL）
• 交易开放时间：2025/3/24 21:00
本次支持BNB-FDUSD-USDC3个资产

重复一遍： 
$NIL 代币上线时间：3月24日晚上9点

Nillion 是一个无需许可的去中心化网络，为区块链和AI提供安全的数据存储和计算，特别是在高价值数据（如 AI 代理数据、交易数据）处理方面。其核心创新是盲计算，使得数据可以在加密状态下被存储和计算，而无需暴露其内容。此前共筹集资金 5270 万美元，曾是CoinList 公募项目，

Nillion项目最大的亮点：
💡隐私计算先锋：结合多方计算（MPC）、同态加密和 零知识证明（ZKP），提供高安全性的数据存储与计算。
💡 AI 与区块链融合：支持 AI 推理（nilAI）、私有数据库（nilDB）和隐私保护智能合约（nilVM），为 Web3 及 AI 赋能。
💡赋能合作伙伴隐私概念：已与 Meta、Near、Aptos、Arbitrum、Sei 等项目达成合作，推动隐私计算的广泛应用。

技术亮点：Nillion 采用 CometBFT（Tendermint 的分支）实现共识，使用委托权益证明（DPoS） 机制，利用隐私增强技术 (PET) 进行协同，包括多方计算 (MPC)、同态加密和零知识证明，以促进其分散式基础设施中的安全数据计算和存储。

现有产品
nilAI：私有 AI 工具，支持 AI 推理。
nilDB：分布式 NoSQL 数据库，允许开发者在保持隐私的情况下存储和处理数据
nilVM，隐私保护计算平台，开发者可使用 Python 进行基于 MPC 签名的跨链和私钥管理

$NIL 代币作为 Nillion 网络的原生实用型代币，具体用途：
-网络协调：用于交易、访问协调层资源及结算网络使用费用。
-盲计算：开发者和用户可以利用 NIL 进行高级隐私计算。
-质押（Staking）：持有者可以质押 NIL 支持网络安全并获得奖励，验证者可以绑定代币进行交易和计算验证。
-治理：代币持有者可以参与去中心化治理，投票决定关键网络决策。

代币经济学
•总供应量：10亿 
•上市时流通量：195,150,000 NIL（约 19.52%）

官方推特 https://t.co/JkMxeNrLXB
官网 https://t.co/JkMxeNrLXB
白皮书 https://t.co/RWK5JRjwVU
研究报告 https://t.co/MTEgpVtdY2

关于空投：
1、项目方听取了会议反馈建议，针对所有的验证者计划（质押ETH用户）均给予了空投照顾，单号100多个，其中给予的权重应该是ETH的数量与时间加权。
2、关于节点与验证者没有完整的数据，社区贡献（奖励在艺术、写作、设计等方面）对社区文化有积极影响的成员，开发者及开源贡献
3、项目过往做了很多活动，所以Nillion 采用贡献权重分配机制，优先奖励对生态有实际推动作用的成员，贡献度越高，空投份额可叠加计算。

针对Nillion这个项目，我之前一直分享，我认为结合其协议特性最重要的就是其节点与验证者架构，贡献其价值才能真正的实现去中心化网络，并且实现其NIL产品的Ai+隐私功能，而我等屌丝唯一能参与的出了社区部分与节点验证部分这2点。
所以我们会重点分析其成本，赔率。

丰密想说：撸毛（空投）的核心策略其实就是一个高赔率、低成本、高成功率的概率博弈游戏，而筛选优质空投项目的过程是个非常精细的多维度分析。这个方法论结合了多个变量，包括团队背景、代币经济模型、社区活跃度、资金流向、任务成本、协议特性等，最终目的就是最大化收益，最小化无用功。

🤔最近不少人问我：$NIL 的 FDV可能到多少？单价会到多少？

我用相关数据结合 GPT 进行测算，分析锁仓资金、收益情况，并结合当前市场情绪与流通筹码，进行预估。结果如何？一起来看看！

我个人保守预估 $NIL 1.5 美元？！📈 「盲」计算项目「盲」算算，你怎么看？"
1894363988538060844,Tue Feb 25 12:29:05 +0000 2025,8.8,04_onchain_alpha_airdrops,108,31,35,0,NO,"🚀大的药来了！Babylon Genesis 启动 & Airdrop 开放注册！BTC🟠 质押新时代的里程碑！

几个要点
1、Babylon空投开放登记
2、Babylon Genesis 启动
3、Babylon 关乎BTCFi的生死，它必须成功🏅
4、Babylon 有大毛潜质，至少赔率会不错，分发空投是一门艺术！很考验团队。
5、Babylon资格标准广覆盖原则，生态贡献度与链上实际交互成为权重，质押时间和持续性作为核心标准，确保奖励真正支持项目的用户，NFT 持有者额外分配体现了对早期社区成员的认可

1️⃣、Genesis 启动 & Airdrop 注册开放

✨ Babylon 正式迈入全新里程碑：Babylon Genesis 即将启动，开启比特币质押新时代！

🌿作为首个比特币安全网络（BSN），Babylon Genesis 将成为整个生态的核心控制平台，赋能去中心化安全保障与链上流动性的无缝协作，为比特币生态注入前所未有的活力。

Babylon 空投注册： 2 月 25 日-3 月 15 日
快照时间：2025 年 2 月 24 日
🟢 注册入口：👉  https://t.co/2mtqBk93WB
🟢 空投范围：主要是质押者+NFT+开源贡献者+社交类贡献者+各类钱包活动。
🎯 空投资格标准：
--👍 第一阶段质押者：
1、参与Cap质押者，包括溢出的质押者(格局很大，失败了也有资格）。
2、持有先锋通行证 NFT 的用户将获得额外分配。（这里有歧义，NFT权重是乘数还是叠加，我个人倾向于应该是持仓NFT有数量叠加，还在跟进确认中）
3、第一阶段最终性提供者，
4、开源贡献者（Github 存储库的贡献者）：对 Cosmos、比特币、以太坊、共享安全、密码学、零知识、BitVM 等合格 Github 仓库的贡献者。

--🌾 社交空投：从 2024 年 8 月 22 日- 2025 年 2 月 19 日支持过的社交媒体贡献者。大概率是写过文章，宣传过Baby。
--🌾 其他空投：单独的活动单独在计算。
Binance Earn 活动、玉米和 BOB 流动性计划
钱包活动包括：OKX 钱包+Binance Web3 钱包+Tomo 钱包+OneKey 钱包+Unisat 钱包

📑 Babylon 空投注册教程

1、创建baby地址，可以用的钱包有okx+keplr等，详细教程：https://t.co/UokYDXqHr0
2、访问 https://t.co/2mtqBk93WB 进行注册，将 BABY 地址与下面地址进行关联，并通过签名证明加密所有权：BTC 地址（用于质押）+Polygon 地址（用于 NFT）+Github 账号

3、在 Babylon Genesis 启动时领取空投奖励.

2️⃣. Babylon 是什么？为何与众不同？价值几何？

纠正一个常见的误区：Babylon 不是另一个 BTC L2 项目，也不是某种比特币桥接协议。它是一个独立的 L1 公链，但使命并非取代比特币，而是通过与比特币的强绑定，为整个 Web3 生态赋能。

Babylon 的核心愿景是将比特币的安全性、流动性和价值释放出来，与其他公链、L2、去中心化应用（dApps）无缝结合，让比特币不仅仅是“数字黄金”，更成为支持下一代去中心化生态的安全基石和流动性引擎。在 Babylon 体系下，比特币不仅仅是静态持有的资产，更可以被安全地质押，用于支持 PoS 链的安全性、数据可用性（DA）层的保障、去中心化金融（DeFi）生态的流动性，甚至未来更多创新场景的构建。

3️⃣. 🏗️ 正规军的姿态：踏实做事，不玩套路

前几天香港共识大会，有幸参加了Babylon会议，聆听了 Babylon 联合创始人 David Tse 的精彩分享。不得不说，这次分享会让我对比特币质押的未来、Babylon 项目的愿景及其行业格局有了更深的理解，更加确信这不仅是一个普通的 BTC 项目，而是整个 Web3 生态前行路上的重要基石。

https://t.co/2sGxNOyQeM

在加密行业，太多项目依赖营销、PUA 社区、老鼠仓等短期手段获取关注，但 Babylon 选择了一条更难却更值得走的路——以技术创新和实实在在的价值创造取胜。比如，创始人YU老师@baby_fisherman在冰娃老师@Ice_Frog666666的推文中回复了其观点。

确实，从测试网一路跟随而来，Babylon 从未通过炒作吸引眼球，而是一步一个脚印地推进产品研发、生态建设和社区合作。

正因如此，Babylon 被誉为 比特币质押赛道的“正规军”，它的每一步都在为整个生态带来正向价值，符合其一贯调性。其比特币质押协议之所以能迅速获得市场认可，正是因为该协议的特点：

-无需信任，原生自我托管：质押的比特币始终留在 BTC 主网上，无需跨链桥、包装资产或托管服务，极大降低了安全风险。

--透明且公平：没有隐形利益链，没有“老鼠仓”或内幕操作，一切质押数据可链上验证。

---顶级机构背书：获得 Paradigm、Hack VC、Polychain、IDG，YZI，OKX 等顶级机构的支持，融资规模达 9600 万美元。

截至目前，Babylon 比特币质押已吸引超过 57,000 BTC（总价值约 55 亿美元）参与，其中更有匿名巨鲸质押了 10000 BTC（当时市值约 10 亿美元），成为历史上最大规模的 BTC 质押之一。

作为第一期就开始参与质押的用户，参与了kuigas实验🧪，见证过它的疯狂，一起关注BABY代币的TGE。

最后提醒，务必一项一项确认登记。
关于Babylon我一直认为它最要的亮点与启发是让BTC的HOLDer愿意拿出来参与，大道至简，所以无需搞太多活动，一个不恰当的比方，Babylon就像一个奢侈品，用户稍微努努力，就能参与的起，所以权重最高的肯定是质押用户，毫无疑问，这是协议特性决定的!

最后选的代币名称是:Baby，很魔性，很有传播力!"
2032067627158213037,Thu Mar 12 12:14:10 +0000 2026,8.5,04_onchain_alpha_airdrops,34,3,8,0,NO,"$GRVT 代币已经在@grvt_io公布了

1、总供应量：固定 10 亿枚，无通胀。
2、TGE时间2026 年 6 月底，再此期间团队重点推进几个事：1是推动T1 交易所上市，2是完善回购程序、质押奖励、机构支持等，3是补齐产品方面，现货市场 4 月底上线，Aave 集成Earn 层、Pay方面法币集成卡支付。
3、S2 延长：奖励分配从总供应的 12% 增加至 18%，积分发放机制不变（基于交易量、持仓、流动性等）。
4、代币作用： $GRVT 不只是一个交易所代币，更像是整个生态系统的会员钥匙。持有或质押后，可以解锁更好的平台体验，包括更低交易费、更高收益限额、优先访问新产品等。

相当于从现在到tge还有3个月时间左右，对于perp来说每个人的参与角度与策略是不一样的，如果是纯粹投资拿11.00%的影响不大，但如果你是想认真参与刷量、拿积分、博更高收益，那其实非常考验个人的能力和策略，
核心问题无非几个：如何用最低成本参与，如何控制交易损耗，如何评估未来的项目 FDV，不同平台之间策略怎么分摊和计算

我也看到不少老师已经开始拆得很细了，比如单积分成本、不同刷法的投入产出比等。这部分确实很值得多交流，尤其是多平台并行策略下，资金效率以及成本分摊。

perp项目我参与的比较多，GRVT算是好用的产品之一，第一季有10%的空投，只要你之前参与了，可以去打开Rewards界面并选择第一季，里面可以看到已锁定第 1 赛季空投代币数量。"
2008897817302225258,Wed Jan 07 13:45:37 +0000 2026,8.2,04_onchain_alpha_airdrops,59,0,39,0,NO,"okx的Boost X Launch 资格明天下午4点结束。
总奖池33333 RIVER，按照当前价值60万美金。

OKX交易所内置DEX 现已支持Boost！
无需钱包与Gas费，使用现货账户即可一键交易Solana、Base等全链资产，每一笔交易都将自动累积Boost权重！ 在邀请界面里输入20%费用折扣码
绑定码：GASGAS

okx dex 20%费用折扣：https://t.co/Sql8pcHPqa

深度参与过river，回顾下 @RiverdotInc

1、River是一个链抽象稳定币项目，协议主要的功能是
•  可以在链 A 抵押资产 ，在链 B 原生铸造 satUSD ，
•  全程无需跨链桥、无需卖出资产，就能打通多链资产、流动性与收益。
•   半年时间左右，River 协议tvl 超过 6 亿美元，satUSD 流通量超过 2.7 亿美元，整合了 Pendle、Cake、listaDAO、Solv 等 30+ 协议，并在 BNB 、Arbitrum、Base、BOB 等生态中，satUSD 稳定币排名第一。

2、9月底River成为Binance IDO最高的一个项目，采用了Aspecta + Binance Wallet BuildKey的模式做的，当时热点很高，共计存入 10 万+ BNB（约 1 亿美金）

3、空投则采用一个典型的 「锁仓博弈」 设计，用延迟释放来制造选择：锁得越久，拿得越多，提前套现，则锁定有限收益。这里的积分博弈以及项目方后来修改了积分兑换规则曾一度出现社区负面。

4、riverf代币从12月初的1块多涨到前几天的高价26成为大黑马，前天5号公布了老黑Arthur Hayes投资了该项目在此成为爆点。
River 这个团队的搞事能力真的很强，深度在defi赛道里沉淀多年，整个项目也算是非常典型的、教科书式的DeFi 2.0 + 顶级操盘叙事的案例，整体看下来是一个设计精良的资本游戏。
很多项目把积分模式搞砸了，要么积分发到失控，TVL 来得快走得更快，但 River 不一样，它是 25 年积分项目里非常值得学习与思考的一例，因为它把“积分与代币的配合”玩出了更高级的结构，我们很多人聊她的时候，都说居然可以这么玩，我们知道积分可以低成本获取 TVL，对于用户来说，是为了记录贡献及撸毛，对于项目方来说，这是零成本借来的信用背书，而积分转代币的过程伴随着锁仓或分性释放，通过精心设计的释放模型，项目方可以控制早期的流通盘。也为之后的拉盘埋下伏笔。

River 项目来自台湾团队，而他们的市场服务团队也同样来自台湾的 @Cipher_Dance。我之前跟他们团队、以及 founder @Jeffmindfulness 在香港、新加坡都见过多次。他们服务的项目范围非常广，服务也很体系化，确实确实开眼界。

在之前，我也向项目方推荐了一些top kol参与本项目，当时是认为基本面不错，能上大所预期，没成想这么拉盘，把大家爽到了。所以，充分说明一件事，项目方只要敢拉盘，其他都不是事。

之前我也给项目方推荐了一些 top kol 参与 River。
当时看的是基本面、产品、机制都在线，甚至有上大所的预期。结果没想到，没成想这么拉，一顿操作把大家都爽到了。
充分说明一件事，
项目方只要敢拉盘，其他都不是事。"
1762161279253500019,Mon Feb 26 17:02:43 +0000 2024,6.2,04_onchain_alpha_airdrops,129,21,27,0,NO,"zks一直说67%空投份额属于社区，按照layer2另外3个基本是以200亿估算，以此计算132亿，空投份额按照zk一直倡导的zk__。无限畅想自由填空。
不动脑算，分批次照顾过往最多20%为27亿，展望并激励未来一大批，目前800万地址的有效地址大概60%为480万，查女巫各种规则以史上空投最多地址数/最大金额空投头衔横空出世，照顾约98万-144万用户，然后通过规则拉大差距，通过积点形式划分用户区间，垃圾与精品至少25倍，单地址奖励金额中位数预计1500美金。
高赔率大概率面前你就知道最近的数据为什么逆天。"
2101616761875673559,Sun Sep 20 10:17:36 +0000 2026,5.3,04_onchain_alpha_airdrops,43,1,17,0,NO,"按这个上一条内容，加这个，很可能是他ploy，那就是说
1、pm上市 ，那打新按照这个估值的话，潜在收益好几倍，资格机会就很值钱了。

2、空投部分，如果上市的话，大概率没有空投了。用户成为燃料。

3、能做的点，弱竞争机会，我等屌丝值得深入的。
做资格号alpha积分-买bstock资产-其他

需要分析全面数据，找到边框线，刷分，套保，pow的人很难有那么多资金pos，有那么多pos的人绝对不会pow，大概就是这个意思吧。

不说了，好好研究，冲啊"
2075046033965695029,Thu Jul 09 02:35:01 +0000 2026,6.1,04_onchain_alpha_airdrops,29,1,43,0,NO,"Zapper 要关停了，

这真的是最早一代DeFi撸毛人的集体记忆。
当年看DeFi的时候，很多人每天打开Zapper 看资产、看LP，看收益，但这个项目没有抓住最好的时期，带着些许傲慢走向没落。

最早我记得当时zapper搞了个电压积分活动，然后兑换NFT，NFT分等级可合成更高等级，基础的就挺难搞到，最高等级的没几十张，价格好像几个ETH，数量非常少，可惜的是，7年了，硬是没发币，7年之痒的魔咒。

我的一大批钱包里依然躺着曾经kuigas的印记，那些早年为了交互、为了身份、为了积分、为了可能存在的空投努力做任务kuigas而mint 下来的NFT都未曾卖过，现在大部分已经没有价格、没有流动性，也没有人再提起。

一大批 NFT，随着时代的变迁慢慢湮灭，但它们也记录了那个时期链上玩家最真实的样子：

每天交互、每天亏gas、每天相信下一个机会一定会出现！"
1871414668604108829,Tue Dec 24 04:36:40 +0000 2024,8.8,04_onchain_alpha_airdrops,201,44,54,0,NO,"我现在还后背发凉！
因为我昨晚经历了同样的事情！这也许是X上的定点爆破。
昨晚，有冒充在Coinbase上线的项目方来伪装交流，缘起最近疯狂投研扒信息，频繁开会，约好11点会议，在发给我链接🔗的时候，点击开会，自动就下载⏬了软件，刚开始没注意，直到zoom不能正确加入，MAC电脑提示安装软件到Teminal程序运行，一看是代码的方式，直觉感觉不对劲，多年的撸毛手术派上用场，习惯性的顺手就运行了，由于之前用teminal 弄过提币程序，意识到这可能是钓鱼🎣链接，第一时间就关闭了WiFi，断了电脑电源，同步用我身边的电脑，看我的钱包没有问题，

经过这个惊吓🙀，后背脊梁冒冷汗，如果被盗，损失将不可估计，项目方的女巫库可能要多一大批女巫地址。
我的天啊‼️，这些滚千刀的。

年底了，很多钓鱼与黑客集体开始出动，务必小心，浏览器扩展钱包除了小狐狸之外，务必安装@OKXWeb3_CN钱包，点击链接多时候如果有风险，能及时提示🔔相关风险。

其他老师的经历推文务必去看看
@lspeth https://t.co/NMKPjqdd5V
@bocaibocai_ https://t.co/91ReyUZrCZ

有些爱只有自己坚守，才知无悔
有些坑只有自己踩过，才知深浅，
相比赚钱，「亏」钱的案列才值得我们重视，重视资产安全🔐，2025年围绕「守」，守住资产，「守」住本心"
1931198224708096215,Sat Jun 07 03:55:11 +0000 2025,6.6,04_onchain_alpha_airdrops,116,10,31,0,NO,"在币圈，我们最常见的是暴富神话，可我们见得最多的，其实是挣扎的人群。

好比我们撸猫人，他们背着房租，刷着交互，混在一堆空投群，一堆空投 Discord 群，项目方迟发公告，焦虑得睡不着觉，抢白单、卡测试网，算记着每一笔Gas的投入，顶着被 rug 的风险在刀尖上跳舞，小心翼翼。

你说图啥？
撸猫人知道的，就图一个可能！
努力也许没结果，但不努力一定没有结果。

Bruce 老师说得好，
把链上交互人的心酸，说得明明白白、清清楚楚。
慢慢来，活下去，别急，耐心等到属于每个人的机会。

我是过来人，我一直分享也以此传递给身边的小部分人。

务必找到自己最好的状态，
务必找到自己最好的状态，
务必找到自己最好的状态，

极致地专注于那个你真正相信、愿意为之努力的方向。
把注意力还给自己，
你会发现，最有价值的 alpha，从来不是别人的 alpha。"
1660956702110515201,Tue May 23 10:31:51 +0000 2023,8.7,04_onchain_alpha_airdrops,240,174,8,0,NO,"链上合约检测神器- https://t.co/2EFLMeCNjB令牌探测器@DeDotFi -防止貔貅盘
冲土狗/挖头矿 链上的风险很高，防止被骗，需要第一时间检测合约风险。
神器网址：https://t.co/89zwhI0fVc
输入：项目合约地址

测试（仅演示）：今天很火的RFD 
1⃣️：找合约地址，官推有直接输入0x955d5c14C8D4944dA1Ea7836bd44D54a8eC35Ba1
也可以在dexscreener 里找到项目，此网站看k
线图，确认推特，合约地址等相关要素（网站右下角）
https://t.co/TVcLvvO2e9

2⃣️输入到https://t.co/rEWfz88CvS，
可以看到相关风险提示，前10代币持有者，大户LP等。

也可以检测自己的钱包风险https://t.co/FaQsixyRkL

工具🔧类网址备着总有会用到的时候，时刻检测自己的钱包，赞❤️+转，也许其他人也有用"
1972545601280844181,Mon Sep 29 06:14:54 +0000 2025,8.0,04_onchain_alpha_airdrops,58,5,20,0,NO,"EDEN空投查询

1、空投分配比例：EDEN 总供应的 7.5% 奖励给 Bills 活动参与者。

资格门槛：钱包地址积分 ≥ 100,000 才符合空投注资格。

查询：https://t.co/ckH29OZydn

2、Binance Alpha 空投
上线时间：2025 年 9 月 30 日，Binance 将上线 OpenEden（ $EDEN ）。

OpenEden 通过 TBILL Vault 将美国国库券代币化，发行 1:1 支持的 TBILL 代币，由国库券、USDC 和美元储备共同担保。
稳定币持有者购买 TBILL 后，可以直接获得与短期美债挂钩的收益，并通过智能合约确保资产安全与透明.

美国国库券（T-Bills）是全球最安全、流动性最强的资产之一。把它代币化放到链上，意味着传统金融的“无风险利率”可以直接进入加密市场。TBILL Vault 等产品让稳定币持有者不仅能保值，还能享受 2%–5% 的短期国债利率，等于把美债收益直接“搬上链”。TBILL 代币化本质上变成了“带息的稳定币”。"
1938072912319414317,Thu Jun 26 03:12:44 +0000 2025,9.0,04_onchain_alpha_airdrops,91,17,35,0,NO,"Sahara 的空投：你必须了解的核心逻辑与参与复盘
当你越能理解项目方，也就能跟更好的预判下一个项目的空投规则，从而制定空投策略，直捣黄龙。

OK、币安、Upbit都宣布了Sahara首发现货上线，Sahara 昨天刚公布了他们的代币分配和空投规则

查询：https://t.co/RWdaKQfhlF

对于每一个最终成功上线 Binance 的项目，所有深度参与者都有必要做一次简短复盘。而对我来说，Sahara 是从一开始就坚定看好、认定值得撸的项目。

从第一轮白名单测试就全程参与，直到今天现货首发+公布空投规则，这一路走下来，不仅拿到了空投，更收获了对“什么是真正有潜力的项目”的判断。这轮 Sahara 的空投机制，也完全值得单独拿出来讲一讲。

文字有点长有啰嗦，愿意看就看，不看查完结束🔚。

回顾：

1️⃣ OKX 和 Binance 同时宣布首发上线 Sahara 现货，我一点都不惊讶。

这个判断，其实在去年 2024 年 8 月那轮融资公布时就已经确定了。融资额 4300 万美金、顶级投资机构（Pantera、Binance Labs、Polychain、红杉资本、三星、dao5）都在，一看阵容且凭借多年的协议理解与撸毛直觉，就知道这是奔着「上币安 + 长线叙事」走的项目。

✅ 我的结论当时就很明确：这是一个值得深度参与、值得撸的项目。
我从第一次白名单测试开始就一直在参与，从 DSP 到 Legends，从任务机制到积分算法，每一轮都有跟进、复盘、复测。多号确实也点难☹️

丰密之前分享过如何看项目，但是更多需要横向看，纵深看，你会发现项目的定位是什么，我经常打的比方式类似：相亲+相亲❤️，相亲就得现实问你的过往，你的条件，你的现在，来评估你的未来，值不值得老娘托福终身！

2️⃣：不久前 Sahara 在 Buidlpad 公售，我当时的结论与建议是：没啥建议，无脑冲，毫无疑问会上BA 。

https://t.co/dSASkfIWJ6

kyc：很多人一直私信问，需要kyc怎么搞，卧槽有钱能使鬼推磨，大批的发展中国家的人脸kyc你随便造，单号几美金，打新平台基本上中签一个就能覆盖你的所有kyc成本，只要参与一次你的所有打新基建就完成✅了，以后都是利润，都是利润，哥，答应我，别说我说的。

3️⃣ 回到项目本身，Sahara 是在去年 AI 叙事大爆发时少数坚定跟进的协议之一。

去年开始Ai MeMe爆火，AI 赛道也火热，但真正能参与、真正有深度的 AI 项目其实非常少，更别说是撸毛党能参与的。在24 年 8 月 - 9 月那段市场热度不高的时期，我做过一次深入调研。当时就发现：Sahara 不是来讲 PPT 的，它真的在解决一个 Web2-AI 无法解决的问题：

🌱 谁来为 AI 贡献数据？这个市场如何去中心化？

这背后他们打造了一套完整的架构，做了5个关键组件「Sahara区块链、AI基础设施、Sahara AI市场、开发工具和安全存储」组建了一个闭环系统，这不是在讲“数据即资产”，而是直接动手，把数据→模型→交易链路做成链上的可执行协议。

也难怪在去年 9 月，它是唯一一个同时获得顶级 VC 与 AI 行业领袖认可的去中心化 AI 区块链平台。

聊聊空投重点，很有必要看看👀
关于 Sahara 的空投：你必须了解的核心逻辑与参与参考

⚠️：这是一轮非常值得研究及参考价值的空投模型之一。不仅仅是因为它“发得广”，而是因为它设计思路极具参考价值，更关键在于它的设计逻辑清晰、机制严谨、重视真实贡献者的价值判断。

对未来参与 AI 协议的撸毛人来说，是一个非常好的参考样本，通俗的说法就是当你越能理解项目方它的设计思路，知道项目方的侧重点与思考，也就能跟更好的预判下一个项目的空投规则，从而制定空投策略，直捣黄龙。

在整个空投规则中，Sahara 展现出非常成熟且结构化的分发设计，你可以清晰看到：

✅ 明确的参与门槛，区分三类核心人群；
✅ 结构清晰的分发逻辑、权重机制、加权规则；
✅ 针对脚本与刷号行为的 Sybil 风险识别与过滤；
✅ 对二级市场节奏的提前判断与解锁节奏控制。

更重要的是，这些规则并不是纸面设计，而是全部落地到执行层面：
→三类人群有清晰的任务与资格评估逻辑；
→不同等级用户设有差异化权重乘数；
→高风险地址被识别后进行权重削减或直接剔除；
→空投采用 cliff + 线性释放机制，有效对冲短期抛压。

这种结构看似简单，从我个人的视角来看，是非常清晰的，体系化的。这是一套既重视公平分配，也考虑市场节奏控制的空投机制，在当前的市场环境非常值得参考。

更多信息参考官方资料
关于代币经济学：https://t.co/gOvq9QCihH
关于空投分配详情：https://t.co/yyyOXdpgzU

一、Sahara的代币经济学：偏社区的设计，偏长期的思路 

项目方给出的关键词是：生态增长 + 公平分配。
Sahara 就是这样做的，Sahara 的代币模型非常「偏社区、重参与」，总共 64.25% 分配给社区相关用途：

🪂 空投：8.15%
🌐 Buidlpad 分发：1.42%
🌱 生态发展资金：33.93%
🌱社区激励：20.75%

二、空投分发对象：三类人群，一目了然

Sahara 的空投不是“交互即撸”，而是围绕三类真实参与者展开分发，每一类都有独立的评估标准与加权机制，与用户相关的就2个：

1️⃣ 数据贡献者（DSP用户）-大部分人复合这一项🌟

分配占比：4.05%
快照时间：2025年5月31日

这是最核心的分发群体，涵盖所有参与过数据标注任务、上传数据的用户。

你的「Sahara 积分」就是空投额度的基础，项目方依据你的：
✅ 任务完成质量
✅ 活跃度
✅ 钱包状态

进行综合评分。

特别注意的加权机制：真实活跃 Web3 用户加权翻倍！

快照时持有 ≥ 0.01 ETH 的钱包用户：积分 ×2；
被标记为 Sybil 或低质量账号：仅按原积分的 20% 发放。

2️⃣ Sahara Legends 活动用户

分配比例：0.45%

这一部分奖励的是那些在 Sahara Legends 任务平台中持续参与的用户。

所有行为生成「碎片」积分，用于计算空投额度。

加权跟上述DSP用户一样强调“真人贡献”

🧩 从整体分配逻辑来看，Sahara 的空投围绕一个核心理念：
「把奖励给到真正参与系统构建的人」。看你是否真正投入了时间、做了贡献。

三、释放机制：设计为“长期陪跑”型结构

Sahara 没有采用“空投即砸盘”的老路，而是明确建立了长期陪跑型释放机制：

•  44% 空投额度在 TGE（代币生成事件）当日解锁；
•  56% 设置为6 个月 Cliff + 6 个月线性释放：
→ 半年内完全锁仓，之后按月逐步释放，直至归属完成。

这套释放机制一方面保障了初期流动性，一方面大幅降低了投机性砸盘风险，更好地支持项目的稳步发展。

整体来说：Sahara AI 的本轮空投，算是一套覆盖广、机制稳、设计明晰的空投模型，在设计上做到了“用户覆盖广 + 激励结构清晰 + 控制抛压节奏”。

因为有释放机制，前期的流通筹码被控制，前期流通筹码被有效控制，叠加 OKX + Binance + Upbit 三大交易所同步现货上线，市场热度被迅速放大。无论是撸空投还是打新参与，100%可以赚钱。

从代币释放、市场节奏、一级成本等维度综合考虑，我个人一直保守预估@saharaai FDV 预计落在 12–15 亿美金之间。"
1926618480809275731,Sun May 25 12:36:55 +0000 2025,8.4,04_onchain_alpha_airdrops,50,15,16,0,NO,"还记得当初 XAI 的节点销售和银河任务吗？

那个项目直接掀起了一场 Web3 “节点暴富神话”，不少人靠着买节点 + 银河活动组合，轻松实现了财富跃迁。自那之后，节点赛道就彻底火了，IO、Aethir 等项目接连跟进，借助节点激励撬动早期流量和社区共识，玩法也越来越多元，逐渐演变成行业人眼中不可忽视的早期参与窗口与方向。

我个人在这个赛道也有不小的投入，重点参与了 IO 和 Aethir 两个项目，其中 IO 重点参与服务器节点挖矿，Aethir 的节点轮我也扫了一大批 ，有赚有亏，如果能控制风险，在早期尽可能回本，后期还是蛮香的。

最近，一个名字低调但动作频频的项目开始发声-ICN @ICN_Protocol。 宣发频率持续上升、社媒布局逐步铺开，怎么看都是 TGE 临近的典型信号。与传统 L2、公链或 DeFi 协议不同，ICN 主打 ""WebFi"" 概念，是一个去中心化云平台，目标是打造一个人人可参与的链上云服务网络，重新定义互联网基础设施。

值得注意的是，ICN 早在 2024 年底就通过 Impossible Finance 平台完成了节点销售： 2024 年 12 月至 2025 年 1 月，共售出超 28000 个节点，筹资约 1273 万美元。

截止到目前，ICN 网络内已经质押 4,928个 ICN Link，TVL达到了 12.54M  ICNT，整体运转良好。

起初我也以为这是“卖节点、割完就跑”的老套路，结果深入一查，发现节点早就卖完了，连想被割的机会都没有。 这反而让我认真审视了它背后的生态与机制，结果让我意外， 这不是喊口号的概念盘，而是一个有实际产品、有 Web2 客户、有收入模型、试图走长期路线的协议。
在 Depin 赛道持续升温的当下，ICN 有望摆脱传统“节点驱动型”项目的路径依赖，探索一条以产品能力为核心的可持续发展路线。

ICN 是啥？简单理解就是 Web3 版的 AWS

ICN 提供的是存储、计算、带宽这些服务，但不是靠亚马逊、微软那种中心化服务器，而是用全球用户的闲置资源，搭建一个去中心化的云网络。这种叙事以前听过不少，像 Filecoin、Akash、Aethir 都喊过要做 Web3 基础设施，但说归说，真正能落地的不多，开发者接不动，用户用不上，社区全靠喊。

ICN 有点不一样，它是真的在跑业务、有实体有收入的项目。

🌱目前已有 1000+ 个付费企业客户，主要集中在欧洲
🌱年收入突破 500 万美元，是真金白银付费的那种
🌱存储容量上线超 50 PB，还有 250 PB 储备
🌱每天处理数千万个文件请求，跑的是实打实的商业服务

团队也不是纸上谈兵。创始人 Kai 是游戏圈出身，之前搞的 Goodgame Studios 年收入上十亿欧，还成功上市，是真干过大项目的。

投它的也不是几家小基金，像 1kx、Protocol Labs、HV Capital 都参与了，投资和节点资金量合计已经超过 3000 万。

就在昨天，Impossible Cloud Network（ICN）宣布获得 NGP Capital 的新投资，估值为 4.7 亿美元。NGP Capital 是一家由电信巨头诺基亚支持的风险投资公司，管理着超过 16 亿美元的资产，拥有 19 家独角兽公司和 11 家 IPO 退出，曾是 Helium 和 Xiaomi 的早期投资者。

https://t.co/LFIpxq8xEp

当前这轮明显是为 TGE 做准备，节点早售罄，主网临近，发币在即，项目开始高密度运营社区、释放空投信号，也就不难理解为什么最近突然热度起来了。

👉那当前现在还有啥参与机会？

节点基本别想了，早在去年底就卖光了，大头都被欧美早期用户拿走了。现在想硬挤进去，基本没座位了。

不过目前 ICN 官方还在招募推广大使，看能不能撸到 $ICNT
→有兴趣的可以加入官方DC：https://t.co/k8KyXYC5rO

→中文区找到 【apply】频道，根据提示输入口令申请大使身份

其他方面暂时没有找到交互参与的地方，也许现在是 TGE 临近期，项目方如果持续大力制造音浪，不排除有突击活动！

现在的很多项目TGE，你会发现：现在的空投规则越来越偏向“内容分发型”，不是交互多就行，而是谁贡献多，谁就拿大头。

ICN 明显也在走这个路子，而且目前没上 Kaito，没有中间平台分发额度，官方就直接发给社区和节点。这种时候，撸毛不是靠技术，是靠参与感、输出感。你越早发声，越容易留下痕迹。这里推荐大家去撸@cookiedotfun「https://t.co/qFzDWbotk3」。

我个人的判断是，Web3 的下一轮叙事，很可能不仅仅是纯技术叠加或金融玩法上，而是走向真正可持续的基础设施共建，最好是有持续收益的那种。

DeFi 已经卷到了天花板，AI 项目虽然热，但多数还停留在讲故事阶段。而像 ICN 这样，将线下资源、链上机制和社区贡献融合在一起的项目，可能正是技术和现实之间的桥梁。

我不是说 ICN 一定能成为 Web3 的 AWS，但它有没有机会，成为一个更现实、更可落地的 Filecoin 或 Helium 的升级版？这个问题，我觉得是值得我们一起去验证的。

下次记得有牛逼的节点项目喊我上车！不白喊"
2011702802767364489,Thu Jan 15 07:31:38 +0000 2026,7.6,04_onchain_alpha_airdrops,93,10,39,0,NO,"base @base创始人jesse的很好反思-改变

Base还未发币⚡️，重点👀👀

众所周知，去年Base全面发力Base App ，这里大概意思是接下来要从偏社交的钱包转成交易优先的链上超级金融入口，用它给所有链上资产带来需求和分发，同时会有助于带动用户/资金。

jesse说听到的反馈：比如之前app像社交app，对大家想交易的资产覆盖不够广，用户最想要的是更多高质量资产可交易（资产上链机会），信息流要更全面，还要能看到发现 apps、股票、预测市场、各种资产类别的链上动态。

base他们要怎么改：
1、交易第一 ：把交易作为 Base App 的主轴
2、引入更多高质量资产上链并可在 App 里交易：协议/应用/股票/预测/meme/创作者资产等都要「可交易」。
3、金融优先的产品体验：先把金融/交易体验做强，再把社交叠上去

另外！

我看到@aptos ceo @AveryChing 有转发这条推文，同时引用了他自己写的「构建全球贸易引擎」的文章https://t.co/mOVItqJj3n
aptos也是从通用 L1 叙事转为构建全球交易引擎，allin了链上交易这个叙事，短期一定伴随巨大压力，包括币价压力，但方向是对的。

其实我很早就建议 Aptos 做自己的 Aptos App：

用 Aptos 的优势做出「更丝滑的交易 + 更合规的高质量资产（RWA）+ 更快的 Onboarding」，
把 Aptos App 做成交易第一的自托管入口，用最简单的 onboarding，把稳定币 + RWA + DeFi 全资产带到同一个交易与发现的界面里。用户可以发现机会 并一键交易。官方把所有的流量与资源引入这个app。

并且无论是否是aptos的用户，让一个第一次来的人，从 0 到能开始用（注册/创建钱包、存钱进来、学会怎么转账/换币/交易）这一整套过程。

搞完APP在做增长：
App 内增长：激励围绕“交易行为”，交易、LP、存款、质押等链上行为全部具像化记录，未来给激励，未来用积分权益或者生态空投承接。交易模块甚至可以直接内嵌深度绑定官方在重点扶持的dex/perp：decibel @DecibelTrade

App 外增长：让任何 Aptos dApp 都能用 ，都能外嵌入与集成，把用户直接带进同一套账户体系，
让App 变成连接器，变成分发基础设施，官方自主掌握流量分发。"
1732819278838243391,Thu Dec 07 17:48:04 +0000 2023,8.2,04_onchain_alpha_airdrops,103,47,92,0,NO,"GRVT生态系统注册®️奖励:
通过使用每周邀请代码引入活跃交易者、从交易中积累积分以获得 GRVT 空投权以及获得 zkSync 神秘盒子的机会，最大化您的 GRVT 第 1 季奖励。请记住：注重高质量的邀请才能取得真正的成功；虚假帐户不会提高您的分数。

务必成为高质量用户，正如丰密交互宣言：提倡kuigas-铸就人类高质量TX。
zksync的zk 超链第一个项目，官方选中的第一个还是要重视的
7天有效期：
🚀https://t.co/JpKVZgGsmk"
1511221082631852035,Tue Apr 05 05:55:57 +0000 2022,4.8,04_onchain_alpha_airdrops,44,14,9,0,NO,"1最近行情不错，各种机会挺多的，defi挖矿，投币，参与了很多项目，一如既往贯彻3个点，1多账号，2赚钱了拿出部分交互，3赚钱了屯点eth到冷钱包（剔除挖矿e，做好资产分配与隔离，不能被甩下车。
2、撸猫kuqiian方向，最近gas高了，重点放在2层与桥。
桥方向可以不跨主网，可以首选跨mat"
1905303211583644062,Thu Mar 27 16:57:39 +0000 2025,9.8,04_onchain_alpha_airdrops,200,60,64,0,NO,"Amnis 不只是搞砸了自己，它是把 Aptos 的脸，摁在社区信任的地板上摩擦。

@Aptos  给我的感觉：链很快，心很痛，钱很少。
以为自己在布局早期生态，后来才发现——我是被布局的那一个 🙂

Aptos 一直说自己TPS如何快，说是 Layer1 赛道黑马，表演赛式的高傲头颅，团队的崩溃从去年底开始，CEO离职，defi生态负责人被干掉，大批团队都被扫地出门。新的CEO上来之后，看似做了一些事，但是实际没有任何改变，在过去的1年我经常跟团队的成员建议如何做有效的经济飞轮，口水都干了，毫无改变。

我就以社区的最近@AmnisFinance TGE来举例，这就是头牌且Aptos扶持的协议，首批LFM成员。我为什么说这个协议是Aptos的垃圾战斗机，垃圾战斗机的意思大家应该明白吧，我需要在解释一遍其含义吗？
可笑的是官方还毫无感知，还在进行虚假式的表演庆祝，踩在无数尸体上的庆祝，那杯酒，如何喝的下去！

首先，
丰密想说：任何Airdrop空投 🪂结束不是终点，更是考验生态及项目“社区感知力”的开始。

让我们回顾下垃圾战斗机@AmnisFinance的空投。在我点评之后，官方有找我进行沟通。根据空投进行简短的复述他们的观点。

1、空投原则：奖励真实贡献者，Amnis 作为 LSD 协议，奖励 APT 质押者为核心，所有激励活动（如 Lucky Wheel、Special APR）都以“质押多少、时间多久”为基础设计

2、回溯性空投机制设计，空投积分基于三大维度：
• 质押 APT 的数量+质押时长+使用 LSD 代币参与其他协议的程度
• 前 10,000 名质押者被识别为主力贡献用户
• 这 10,000 人被划分为 10 个等级，按 TVL 贡献发放不同额度的 $AMI
• 总空投为总代币的 8%，其中近 40% 分配给质押者，
44万质押用户只给了1万地址。

3、小部分空投用于：Draconian NFT 持有者、社交活动参与者、剩余空投将用于未来空投轮次，推动生态增长。

4、没有拿到空投的用户怎么办？
• 可将积分转化为 下一轮幸运转盘券（抽奖）
• 有机会抽中最高 120 amAPT Jackpot 奖励
• 同时参与社交任务获得 NFT → 可兑换 $AMI

丰密灵魂拷问@AmnisFinance：
1、空投分配极度集中化：44 万地址只空投给 1 万人，造成大部分真实用户完全“0 空投”。

你们拿了官方那么多奖励，拼命做营销，质押赛季搞了十几季，你们说这是一次“社区回馈”，但事实是：
整个活动中，有超过 44 万个参与地址，最终却只给了不到 1 万个用户空投。这不是社区分发，这是精准筛选、集中倾斜。你们让 97.7% 的真实参与者沦为陪跑，最终只奖励了那少数持仓大的用户。

2、空投权重严重偏向“大户TVL”，无视真实参与者，忽视早期真实活跃者
虽然你们强调“质押数量+时间”是衡量标准，但这其实默认排除了资金有限但持续活跃、参与度高的小用户。
不少早期交互者、参与多个活动的真实社区成员，因为没有重仓 APT，就被一刀切排除在外，这是否真正体现了“回溯”本意？
资金量 = 参与度的等式粗暴，完全忽视小额活跃用户，长期忠实用户。我单号有质押超过2000美金的账号1年时间，无任何空投。
结果是：“有钱优先，早期白干”

3、你们说是按“积分模型”计算，但社区并没有看到完整的积分算法、权重比例、等级划分依据。

4、NFT 获得大量空投，而 NFT 几乎没有实际效用

你们通过 NFT 募集了资金，这些 NFT 在协议中几乎没有任何实际价值，既无质押权益，也无治理用途结果却能在空投中拿到可观额度。不透明、不公平，引发极大愤怒。
而这种愤怒其实来自aptos的不作为。
反观那些真正质押 APT、为协议提供 TVL、承担实际机会成本的用户 ，在你们的产品中是付出成本的用户，甚至还要支付费用，却在空投中被无情抛弃。

你们奖励的是投机者，却冷落了真正支持你们协议成长的长期用户。你们说重视质押用户，那这波空投分配是不是已经狠狠打了自己的脸？以我举例，比如我单号质押了了资金，且长期持有stAPT，但这绝大部分重视用户都被干掉。

Amnis 的空投不是不发，而是“发得不讲逻辑，不讲感情，不讲社区”。发币的技术一刀切，分配的方式却很旧 。

有一点，我必须说：
我不是单纯因为没拿到空投而愤愤不平。更深层的，是在这场所谓“生态扶持”的空投闹剧里，我对 Aptos 的生态组织能力、长期战略眼光，产生了严重怀疑。

1️⃣ LSD 的重要性不言而喻，而Aptos却亲手毁了一个原本有机会做大的方向

流动性质押协议（LSD）是 DeFi 的基础设施，是 APT 从 CEX 流向链上生态的桥梁和闭环，这个产品类别它释放了质押资产的流动性，能提高了代币使用率和资本效率
能增强了网络的安全性和去中心化程度·······（不概述了）

而 Amnis，本是 Aptos 上为数不多的原生 LSD 协议。
结果这个关键赛道的项目，空投分发直接翻车、社区信任彻底崩盘。
这不是 Amnis 一家的问题，这是 Aptos 对社区信任的又一次消耗。

2️⃣ Aptos 的“扶持”，更像是挂名合作，而不是生态共建

Aptos 的确给了 Amnis 非常多资源支持，据我所知至少给了大量代币奖励，因为amnis干了一年营销，抽了1年奖，但全流程下来，形式大于实质：
• 没有与核心生态形成组合效应（我一直期待生态有东西，我记得meme那一波也希望有些内容，这里我先不说，下次专题来说aptos 无法感知市场情绪，严重滞后！大概率是团队这方面负责人不行，虽然我也不知道是谁负责）

• 没有在分发前对空投逻辑进行合理建议或社区引导

你们只是把 logo 挂上了首页，却对整个社区反馈机制选择性失声。
最终导致 Amnis 空投成为负面典型，而 Aptos 却像没事人一样沉默退场。像极了之前的种种不作为！官方推特跟负责人还是照样各种高大上，大喊，卧槽，我们TPS如何如何，

3️⃣ Amnis 的失败，本质是 Aptos 生态设计缺陷的集中体现
APT 正迫切需要“叙事+场景”闭环，而 LSD 正是打通锁仓、交易、抵押的价值中枢。
Amnis 原本可以承接这个任务，结果却走成了“上来一波、走人一波”的典型一波流短线故事。

请问，这就是你们所谓的生态长期主义？

✅ 所以我的观点非常明确：

1、Amnis 的失败，不只是该项目的问题，是 Aptos 对社区管理、生态引导与用户关系的严重失职。

2、Amnis 不只是搞砸了自己，它是把 Aptos 的脸，摁在社区信任的地板上摩擦。

3、这不是 Amnis 丢脸，这是 Aptos 生态自己打自己的脸。

4、在 LSD 应该作为生态价值闭环关键节点的今天，Aptos 没能扶好 Amnis，甚至放任它用空投把社区情绪砸穿地板。
这不是一个项目的崩塌，是生态战略认知、用户理解力的彻底失败。

5、本来 Amnis 是 Aptos 的门面，结果却整成了“割社区信任的工具人”。面子工程做得再好，最后一地鸡毛的，是 Aptos 自己。

你们本可以成就一个关键方向，却放任它溃败；
你们本可以引导一场共赢，结果却留下满地怨气。

Aptos生态在过去的一年是没有任何财富效应的一条链，我见证了整个defi的发起到官方号称的10亿TVL，有心之人仔细瞧瞧里面的几个协议，大概心里都明白，当然大概率没人在意，无人关心。

我们不是要求“空投”，我们是要求一场有组织、有节奏、有尊重的 Web3 生态共建。

很遗憾，这次 Aptos 交出了一份不及格的答卷。

为什么它每次都不及格，我一直在苦苦追寻，在这个赛道以为自己站在 Web3 革命前沿，结果只是给资本当了回接盘侠 🤷‍♂️。谢谢 Aptos 又给我上了一课：成年人世界没有信仰。

我很感谢 Web3，我在行业拿了非常多的收获，Aptos也曾给予了我们这类人一个很大的蛋糕与奖励，只是之后慢慢他们躺平了，隔了2年在来看这个生态，是我看整个EVM 生态，SOL生态，BTCfi生态，Move生态等看到的机会，重新选择配置的Alpha机会之一）

我很感谢 Web3，它让我看清了真实的市场生态、资本逻辑和人性底色。
我写下这些，并不是为了表达我亏了多少钱。
我只是希望：哪怕亏，也要亏得清清楚楚、明明白白。
是我自己选的路，就算跪着，也会走完。
况且，年纪大了，亏点钱算啥。"
1781021962254565574,Thu Apr 18 18:08:20 +0000 2024,8.5,04_onchain_alpha_airdrops,282,122,59,0,NO,"大风刮来了大钞票！！！！！
空投：AVAIL
资格检查：https://t.co/lkQg4a5BET
符合条件的：
 1、区块链生态系统开发商
2、激励测试网贡献者
3、汇总用户
4、Polygon PoS 质押者
5、重要的社区贡献者

其中汇总用户「roullup」用户，拿到的份额超级多！超级多！3.8亿。卧槽，详细文档：https://t.co/KL8rzM3xwU

女巫分析重点重点：分析首次资金交易、资产转移图、社区检测算法、Sybil 结构识别以及社区内钱包组统计分析等活动
有机会小范围给大家解读下，以吾制巫"
1966434151567110480,Fri Sep 12 09:30:10 +0000 2025,5.6,04_onchain_alpha_airdrops,79,4,21,0,NO,"撸毛也需要懂交易

很多人以为撸毛就是：交互、等空投、变现，闭环很简单。

在我看来，这只是表面，真正要玩好，撸毛也得懂交易。
本质上是聚焦：博弈和流动性管理。

关注点，比如交易逻辑，也可以用套利逻辑，对冲策略（1级筹码和2级价格），看市场的流动性、自身的流动性管理，看市场叙事与市场节奏。"
1501094082797780997,Tue Mar 08 07:14:52 +0000 2022,4.2,04_onchain_alpha_airdrops,13,1,3,0,NO,今天38美女节，晚点发个二层的交互策略路径吧，比较省gas的这组，一肉的多吃，也算给祖国美女的空投交互密码。（太多策略路径，我只能发一组），太卷了。熬不过你们。😃
1556974045639614466,Tue Aug 09 12:01:54 +0000 2022,6.3,04_onchain_alpha_airdrops,177,106,15,0,NO,"上个月写到没发。

Gnosis Safe多签钱包教程+utopialabs+coinshift等融资2000万刀的财务平台

（So 我为什么讨厌写教程，我总觉得我写交互策略的变成做苦力的，而且我也写不好，都是垃圾）
https://t.co/5GJWEytr3M"
1516752174717747208,Wed Apr 20 12:14:33 +0000 2022,4.7,04_onchain_alpha_airdrops,38,5,6,0,NO,"最近的空投有点多（eulr element rss3 guru gal cow 传闻的op，next，

我的操作策略是，一个生态的大部分项目都研究透，先小账号交互熟悉摸底，然后组合多账号刷，定期交互。

只要看得上看不上的协议都执行到位，协议多了无所谓发不发币，我只想说：tm肯定会发币，只看自己能否入围，人多的地方不去"
1559913412288983040,Wed Aug 17 14:41:53 +0000 2022,5.2,04_onchain_alpha_airdrops,45,17,14,0,NO,"最近丰密跟很忙，拒绝无效社交，熊市低哈gas，我得践行我深度研发的交互策略路径。
有些人已经看懂了。
关键词：
顶流协议
顶流融资
格局团队
dao2dao
老带新
防女巫
资金流
账户流
-------
要亏钱"
1521749054388326400,Wed May 04 07:10:21 +0000 2022,5.6,04_onchain_alpha_airdrops,37,26,7,0,NO,"@Clipper_DEX -交互完整版
之前发的很多交互策略都提到
1」web：https://t.co/GD3HOP61s9
2」一句话：专为小额交易服务的聚合交易所，多链，小额交易丝滑，
3」交互：每条链swap，注册白名单提供流动性，有时间限制，单币自动换池子多资产，享受手续费收益，同时博未来空投。
投资方：poly/IOSG/三箭"
1927252954660151413,Tue May 27 06:38:05 +0000 2025,8.4,04_onchain_alpha_airdrops,76,22,37,0,NO,"昨天看到一则消息：YZi Labs 投资了 Avalon Labs，一个围绕比特币打造的链上金融中心，主打 BTC 抵押稳定币 USDa、比特币借贷、收益储蓄账户以及信用卡等现实世界应用。虽然这个新闻在中文社区并未引起太大关注，但我认为它释放了一个非常重要的信号。

YZi Labs 一向以强调项目落地能力与用户增长潜力，“长线逻辑”著称，他们认为 Avalon 正是当前极少数能够真正以 BTC 撬动现实金融体系的高质量协议。对于 YZi 来说，这是一次有意押注比特币下一阶段金融化变革的核心抓手。

正如YZi所言：“我们支持那些能改变行业、产生持久影响的项目。”

那么，综上是可以认为机构依然认为BTCFi有潜力，不自觉回顾之前投研btcfi一些相对质量较好的项目，且未发币的协议。

比如：
BOB @build_on_bob
Mezo @MezoNetwork
Botanix @BotanixLabs
Niubit @nubit_org
BitcoinOS @BTC_OS
后续每一个都聊一聊，包括我的参与姿势及参与策略，项目动态及TGE情况。

先重新看了一眼 BitcoinOS @BTC_OS，倒不是因为它热，恰恰相反，中文区基本没人聊它。这个项目我清楚的记得，我最开始认识它是基于比特币的去中心化交易借贷协议Sovryn @SovrynBTC，这个最早在RSK上开发之后接入了BOB 网络@build_on_bob ，曾经也融资近3000万美金，创始人都是@EdanYago，一个OG BTC开发者。

就简单写一写我的理解，也当做一个记录：

🌱BitcoinOS：一个工程师视角的比特币再构想

先说我的观点：
我一直觉得，比特币是 Web3 世界里最「笨」的资产，不是说它不重要，而是说它太保守了。它的共识强、安全性高、抗审查特性好得没话说，但在链上玩法这块，基本是一个旁观者：没有原生智能合约，缺乏互操作性，别说什么模块化、数据可组合、DeFi 与合规，BTC 基本没参与感。

所以当我第一次看到 BitcoinOS 这个项目的时候，最大的感觉是：这是一次极具“工程师气质”的尝试，想要为比特币补上“执行层”的空白。

项目的核心机制不复杂，但非常清晰：

>BitSNARK：一种极度简化的零知识虚拟机，提供智能合约的执行能力；
>Grail 协议：一个基于 ZK 验证的跨链通信系统，确保数据与状态能跨链安全同步。

整个逻辑是「共识不动、数据与执行另开通道」，用的是旁路扩展的设计思路。

🌱现实的问题是：BTCFi，依然是个少有人信的方向。

从叙事上看，比特币金融化并不是一个新鲜话题，但自 Babylon 的惨败之后，这条赛道迅速退潮。如今的市场注意力集中在 Meme、memeFi、合约交易（Perp），以及各种 InfoFi——靠“嘴”刷注意力、靠“交互”撸积分。

BTCFi 既不是技术堆叠的热点，也不是“有空投”的交互红利区，几乎不符合当前炒作的任何一条主线。

更现实的是，不少 BTC 项目如今也站在十字路口：到底是发币“跑一轮”，还是继续埋头构建？这不仅是策略选择，更是团队认知的分水岭。

而 BitcoinOS 明显属于逆周期构建者。在当前 TGE 市场整体偏冷、估值压缩的背景下，它的发币估值不会高。但看完路线图与官方文档，猜测它真正追求的，可能不是短期爆发力，而是三年后能否在 BTC 上跑通执行层的完整闭环。

这也意味着它在短期内，无法靠叙事引爆市场注意力，但却可能埋下了 BTC 基础设施的长线伏笔。

但BitcoinOS从工程执行层面来说，是个值得尊重的存在

我之前花时间看了一下 BitcoinOS 的团队构成和技术进展，发现它不是那种蹭热点的项目：

•   背后是 Sovryn 创始人 Edan Yago，老派 BTC 开发者，自己亲自带队；
•   BitSNARK 本身已经完成 zkVM 原型的部署；
•   Grail Protocol 已经实现了部分跨链 ZK 验证的演示。
而且就在 5月22号，BitcoinOS 最近推出了 Charms，这是一个专为比特币和其他 UTXO 区块链设计的通用代币标准，允许开发者在比特币上创建和使用可编程代币和 NFT。

通过 zkVM 和客户端验证，Charms 为比特币生态带来了无需修改核心协议的智能合约功能，这就意味着比特币正式开启属于自己 DeFi 模式了。

在一个浮躁的市场周期里，这种“慢工出细活”的项目确实容易被忽略。但也正因如此，它才显得更纯粹、更值得信任。

投资价值判断：谁适合关注 BOS？
如果你是以下两种人，我会给出不同建议：

→如果你是 BTC 的长期信仰者：
你相信比特币不仅仅是“数字黄金”，而应该成为完整金融体系的一部分，那 BitcoinOS 是一个不错的方向性押注。它不是要重建一个以太坊，而是要让 BTC 更具“动作力”。
以此作为一种长期看 BTC 生态成长的权重资产。

→如果你是撸毛党、短线交易者：
BitcoinOS 明显不是你的菜。目前没有明确的空投机制，也没有大量交互激励。它的叙事和产品节奏都更偏长期构建，不适合短期投机。

BOS 代币信息（截至目前）
总供应量 210 亿枚，FDV 约 1.8 亿美元；

官方已经在预售平台 https://t.co/CKauOezP8z 开启 Presale，目前已经进行到第10阶段了；

使用BTC、ADA进行购买的或者是质押的用户都有额外奖励；解锁时间预计为 2025 年 Q2。

BitcoinOS 不是一个会“短期起飞”的热点项目，但它可能是为比特币打造长期未来的底层系统之一，就像 Avalon 正在拓展比特币的金融边界，BitcoinOS 则是在打造比特币的操作系统。市场很浮躁，但愿这样的慢变量，能慢出价值来。"
1915263624047968362,Thu Apr 24 04:36:46 +0000 2025,8.5,04_onchain_alpha_airdrops,22,2,16,0,NO,"Dolomite TGE
一场关于结构、共识与未来的重构

引言：共建不是一席空谈，共享也不是一句口号，老牌 DeFi 协议 Dolomite 选择将50%的代币分配给社区，是一场价值归属的深刻变革，这种大比例空投将生态发展的主动权交还给真正参与协议建设的用户。通过绑定治理权和收益权，社区成员既是用户又是股东时，项目发展与个人利益形成强共振,这才是 Web3时代“共建共享”的真正实践。

2025 年 4 月 24 日，Dolomite 将迎来关键时刻：其原生代币  $DOLO  将在 Berachain 正式启动 TGE，并同步上线 Binance Alpha，同时也 $DOLO 将在ETH主网部署，并登陆 Uniswap（DOLO/USDC）。
这是一次技术、市场与社区的同频,意味着 Dolomite 从一个稳扎稳打的协议，迈入多链扩展、社区治理和结构性收益的全新时代。

01｜空投并上线Binance Alpha+Kraken等

Dolomite TGE 的亮点不止于上线，更在于一次对权力结构与价值归属的重新定义。这包括：
首发流通量：3.61 亿 DOLO（含锁仓 veDOLO）、Binance Alpha 提前上线（开盘10分钟内为符合条件的用户空投260 DOLO）以及 Kraken 后续接力，覆盖欧美用户。
这不是“人人有份”的象征主义空投，而是“真用户优先”的价值转移。

02｜空投机制：精准激励，绑定真实社区

用户空投采用 50% DOLO + 50% veDOLO（锁仓2年） 的形式，压制抛压的同时增强长期参与动能。
空投页面现已开放：https://t.co/pPxcXiuDVQ

03｜三代币系统：结构化治理与收益的闭环飞轮

Dolomite 引入了一个高度结构化的三代币模型，这个系统实现了：用户参与 → 获得 oDOLO；oDOLO 折价兑换 veDOLO；veDOLO 获取治理权 + 收益分配；平台收入回流，推动代币升值。
飞轮效应效应形成的同时，使得治理不再是“形式权力”，而是真正绑定钱包与投票的经济权力。

04｜用户如何盈利？三种路径，一环扣一环

提供流动性，赚 oDOLO：通过存入资产参与借贷获得激励代币 oDOLO
锁仓 DOLO，换 veDOLO，参与分红：获得平台收入（20%-30%）分配权，按 veDOLO 持仓比例分红。

市场套利：
低价获得 veDOLO → 升值 → 套利或质押收益
例：平台年收入 $500 万，DAO 决议分配 25% 给 veDOLO
持有 1% veDOLO ≈ 年分红 $1.25 万

用户的所有行为将共同推动平台 TVL、收入和交易活跃度，进一步拉高 DOLO 价值，形成生态内循环。

05｜技术护城河：重写规则

Dolomite 并非对现有 DeFi 协议的简单复刻，而是重构 DeFi 体验的“模块化底层”：
动态抵押机制：借贷资产保留质押收益与治理权
Zap 聚合器：合并 DEX 操作 + 借贷路径，一键完成复杂策略
策略中心：普通用户也能一键部署高级策略。
这种高度模块化的架构，使 Dolomite 成为真正意义上的 DeFi Money Legos。

06｜估值洼地：FDV 6000 万 vs TVL 8 亿

即使在未发币状态，Dolomite 的 TVL 也曾突破 10 亿美元，目前稳定在 8 亿以上。

而其 FDV，仅为 6000 万美元，相比：Aave 的20 亿美元与 Compound的3.6 亿美元，Dolomite 显然严重被低估，而背后的 Coinbase Ventures、NGC 等顶级机构背书、创始人 Corey 参与特朗普系 DeFi 顾问项目、零 rug 以及实用优先的产品策略，无不昭示着机会窗口已经打开，但此刻市场还没有完全反应过来，窗口期都是转瞬即逝的，就看用户如何抉择。

07｜TGE只是起点，Dolomite要做的远不止发币

未来产品路线：
Smart Debt：借贷+DEX 的新融合产品
移动端上线：覆盖更广泛用户
PoL深度集成：资产质押 → 借贷 → 收益复投的飞轮闭环

Dolomite @Dolomite_io的愿景，是将每个 DeFi 用户都变成策略构建者，这是对 DeFi 模块化精神的最好致敬。

这不是一场发币，而是一场结构重建的尝试

入圈多年，我深度调研并交互了数百个协议，每个月都会定期拆解市面上的热点协议，归纳总结各种 DeFi 的模式。
回顾 DeFi 的发展历程，我发现很多项目的愿景非常大，起手很高，治理架构也很完善，但是太多项目倒在了“协议收入归团队，治理权力归巨鲸”的旧范式里。

Dolomite 的三代币模型给出了一种新可能：当用户通过 oDOLO 捕获贡献价值，通过 veDOLO 分享协议利润时，生态繁荣不再只是白皮书里的愿景，而是每个参与者的切身利益。这种设计展现出加密经济真正的正和属性——开发者为用户搭建舞台，用户用行为为协议创造价值，项目与社区深度绑定，互惠共生，而非所谓的零和游戏，这样二者最终能共同享受增长红利。

这让我想起早期比特币社区的协作精神：没有预挖，没有机构特权，代码即法律，算力即投票。Dolomite 或许正在 DeFi 领域复现这种原始但纯粹的关系。当其他项目还在用空投制造虚假繁荣时，它选择用结构性机制培育长期主义，这种模式或许走得慢，但每一步都扎得更深。

毕竟，真正可持续的生态，从来不是靠资本催熟，而是靠千万个理性自私的个体，在规则引导下自发形成的生命体。

更值得注意的是，Dolomite 选择在 BeraChain 上启动TGE，恰逢 Bera 生态面临市场压力与流动性挑战的关键时期。

作为 Bera 生态近期少有的明星级项目，Dolomite 的表现将直接影响该公链的生态活力——若其代币模型能稳定运行并吸引资金沉淀，不仅能为Bera带来真实的TVL增长，更能向市场证明该链具备承载复杂金融协议的技术实力。

这种“生态反哺”效应或将形成正循环：Dolomite 借助 Bera 的低 Gas 费与高扩展性优化用户体验，Bera 则通过 Dolomite 的金融创新吸引更多开发者入场。这也正是 Bear 的流动性证明（Proof of Liquidity）的精髓：其创新性地将用户流动性贡献与生态价值回馈相绑定，参与者通过质押代币提供交易深度，不仅获得手续费分成，更以治理权形式参与生态决策。

这种设计形成了正向循环：流动性增强推动协议收入增长，而收益又通过质押奖励和治理赋权反哺社区，最终激励更多用户成为生态共建者，实现协议与用户的共生共荣。

空投页面现已开放：https://t.co/pPxcXiuDVQ"
2052291877119078614,Thu May 07 07:38:07 +0000 2026,6.3,04_onchain_alpha_airdrops,47,8,11,0,NO,"Saturn 拿出 5%的代币分配给 S1 参与者。

S1将持续到8月8 日，3个月时间内可以通过存款、LP 质押等方式参与协议，积累奖励资格。

Saturn 是专注于将微策略的STRC 数字信贷引入链上，打造 USDat 等高收益稳定币。

大概模式是： Strategy 发行了 STRC（比特币抵押高收益优先股，目前约 11.5% 年化收益率），让机构和散户能获得比特币支持的高收益，Saturn 把这个STRC带到链上，包装成 USDat / sUSDat 等收益型稳定币， USDat 是基于M0开发的，用户存 USDC 换 USDat，也可以质押成sUSDat，就能赚取STRC 的收益率 + Saturn 的空投。

个人觉得这个赛道的项目并不多，而 Saturn把传统金融的高收益产品与DeFi 高效组合，兼具 RWA 稳定性和链上可组合性，目前tvl1.25亿，要不是前段时间链上defi的影响，这类协议的tvl应该至少多个3～5x。
https://t.co/CR0BmgSIct"
2041189336373469331,Mon Apr 06 16:20:35 +0000 2026,6.2,04_onchain_alpha_airdrops,133,5,45,0,NO,"讲真，我去日本也很震惊，为什么是早上10点就要求退房，然后换个酒店又是要下午3-4点入住，房间小的以至于不能摆下行李箱。
（没有贬低之意，我个人很喜欢日本）

后来我们几个朋友在聊天的时候说这个的时候，他们说你还是太穷了…………….

我上周去澳门待了几天，我朋友让我在闲鱼订酒店，一试才知道，这跟我们撸空投批量撸到大毛的感觉是一样一样的。

策略路径就是：用闲鱼。

不女巫，任何地方通用。

记住，别说丰密说的！"
2012085544164188209,Fri Jan 16 08:52:31 +0000 2026,6.7,04_onchain_alpha_airdrops,32,2,21,0,NO,"BONK一开年就开始搞事，重点打造Bonkx+Bonktrade

很多meme币的生命周期很短，传播快，热度一过就熄火。
我很欣赏BONK的点是，它把 meme 的传播能力当获客，绑定非常多的生态产品，并能靠产品创造强现金流自我供血，这让它的生命周期，比普通 meme强得多。
（TenX 那篇长文也把 BONK 说得很清楚https://t.co/AjZIFkuYLe）

先说 BonkX： @BonkX_SOL是 BONK 在做的支付/账户产品，官方叫它Solana 新银行，也有说叫生活方式新银行。
理解他们做的事：给普通人做的“账户 + 卡 + 出入金”，再叠一层 $BONK 的消费奖励，把法币和 Solana 的链上资金流打通。

他们想做的目的也很明确：把 BONK从Meme往日常能用的产品推进。用返现、积分、NFT和真实消费权益把用户的日常支付变成 BONK 生态的增长入口。

📍目前还是Waitlist（等候名单）阶段：填邮箱就能报名，网站还有任务系统，做任务拿积分、冲榜拿奖励。

登记入口：https://t.co/kA7g53aNmW

BonkX主要集成这些功能：
IBAN 账户：法币 + 加密一起管（收款/资金管理）
借记卡：稳定币返现，消费拿 $BONK 奖励
出入金：法币 -Solana 快速结算
规划中：薪资服务

前不久的播客里，Branch 说得很明确：BONKX 是 BONK 生态里第一个被正式打造的官方品牌。
按照我的理解是BonkX 的核心思路是：把加密资产包装成更贴近大众的银行级体验，用账户、卡、出入金解决能不能用、好不好用，再用 $BONK 奖励解决为什么用、为什么留。

这其实是在做现实世界的支付入口。这一步走通了，BONK 的叙事就不再只靠 meme 情绪，而是靠真实使用场景。

我看好 BONK 今年这套打法，不是因为它是 Meme，反而是因为它开始不按 Meme 的套路玩了：

1、有现金流：BONK 已经不是情绪 Meme，它有现金流，2025 年仅BONK.fun+ BONKbot 两个核心产品，协议收入就高达8300 万美金。

2、能反哺代币：更关键的是这些收入是会通过回购、销毁、金库累积回到代币层，把 BONK 变成一个能自我供血的资产，这是长期价值支撑的来源。

3、代币全流通有基本面： $BONK  现在已经全流通，总代币量88万亿，市值10亿左右，叙事干净，同时生态项目覆盖面也越来越广，接下来重点推的 BonkTrade 也是其中一环。另外，当 BONK 链上持币地址达到 100 万时，计划销毁 1 万亿枚BONK，目前接近99万地址。

从这一套动作就能看出来：BONK 不想只当 Meme，而是要在 2026 走机构化路线，而 BONKX 就是把 BONK 带进消费场景的关键产品。

BONK 今年同时推 BonkTrade + BonkX：一个抓交易流量，一个抓日常留存。
这种用产品赚钱、再反哺代币的逻辑，比任何都靠谱。

关注bonk的中文区伙伴可以关一下@bonk_inu_zh
tg：https://t.co/XQSRD0F0wh
平时会送很多周边"
1984663073408590099,Sat Nov 01 16:45:24 +0000 2025,5.8,04_onchain_alpha_airdrops,154,9,56,0,NO,"总有人问，谁都带带我？
无论是赚钱还是撸毛玩meme

我的想法是这样（大概率错的）

每个人其实每一步都算数，
真正决定运数的，不是遇到谁，而是你自己有没有“走到底”的决心。
每一次转机，都藏在最难熬的时刻。

如果内心不够坚定，即便去了最专注搞钱的城市，也可能被环境反噬。
要么路径错了，要么人群不对。

真的，只有提升自己、改变自己、打开自己，才能遇见那个更强大的自己，也遇见真正同行的人。

就跟我们专注撸空投，defi，打新套利，玩meme一样，
看似在卷项目、拼节奏，拼资金，拼认知，
其实是在修炼自己的判断力、执行力和心性。

人教人不会，事教人一次就会，每次大机会来临的时候，事后复盘，其实都是一样的，如果你不够专注，不够有足够的准备，身边已足够认知的伙伴，那只要有一个变量都会让你功亏一篑，能拿到结果的最重要因素，依然只有：自己！"
1974080124413776071,Fri Oct 03 11:52:32 +0000 2025,6.8,04_onchain_alpha_airdrops,98,4,35,0,NO,"每天2个推文8个回复，从300个KOL取的阀值线，应该只是从数量上的一个标准，类似airdrop空投规则里的一个基础线，其实核心点聚焦是：你热爱并持续高质量分享，如同空投规则里的你是个真人且高质量的参与也许会有claim资格。

这个指标貌似我印象最深刻的是@phyrexni 
他跟我提过他每条推文回复，震惊之余反思自己我可能做不到，毕竟大量的时间都专注在了投研，沟通，交互帐号上，时间分配真的是门管理学，好羡慕罗志祥。

所以如何成为一个优质的KOL

丰密一直认为

人人都能成为 KOL
但真正优秀的 KOL，必须先清楚自己是谁、在哪个圈子发声，保持独立与真诚，敢说、敢做、敢承担，专注一个领域并长期持续深耕。币圈最大的不对称是信息与认知，靠追热点、喊口号的人昙花一现，唯有把眼光放到三年、五年甚至更长周期，才能沉淀信任、累积影响。
专注，还是专注，专注让你先把自己赚明白，再在分享中带人一起赚钱；在迭代与进化的路上，你会遇见更高认知的人和更好的圈子，形成正向螺旋。能持续进化认知、执行投资并不断兑现价值的人，才有可能成为真正的头部 Alpha；
赠人玫瑰，手留余香，简简单单，做自己就好。
别让粉丝数、蓝标或流量泡沫来定义你，衡量的唯一标准，是你是否能创造结果、传递影响、引领节奏、改变风向。
要走得远，靠的不是一时热度，而是长期信任与持续叙事力。"
1937169983328666079,Mon Jun 23 15:24:49 +0000 2025,8.0,04_onchain_alpha_airdrops,51,12,19,0,NO,"币安钱包玩法升级！
空投 + 打新，一体化新机制上线

Binance Wallet 正式推出全新参与机制，把「打新 + 项目成长型空投」合二为一，打造更具绑定性和留存效果的用户参与模型。

🌟全新玩法名称：Booster
大概率就是它下一阶段流量与留存的核心策略。

📍首期项目：Codatta @codatta_io

Binance Wallet 独家上线2个活动：

1️⃣  Pre-TGE 预售认购
1、符合条件用户可在 $XNY 上线前优先认购，积分暂未公布
2、超额认购模式，单用户上限 3 BNB
3、强制锁仓，TGE 后才可解锁交易
4、认购价格：约 $0.0005/XNY
5、总募资额：$10 万美金（BNB 计价），所售代币为总供应量的 2%

⚠️ 注意：XNY 代币将强制锁仓，直到 TGE 后才能交易。
通俗理解：这个机制核心在于锁仓设计，目的是抑制“开盘即卖”，降低砸盘风险。

2️⃣【Booster 空投挑战活动】
模式：12 周交互任务，累计空投 6% 代币

>每周完成任务，逐步解锁空投奖励
>总空投额度 6 亿 XNY（总供应 6%）
>门槛：Alpha 积分 ≥ 61 分

通俗理解：从传统“空投即走”转为“持续参与”，强调用户真实贡献和长期绑定。

Binance Wallet 推出的这套新机制，在当前阶段的升级转型中显得尤为必要，也值得特别关注。

币安在尝试解决之前的问题：

1、上线就抛，一抛就凉。没有粘性、没有认知、只有抛压
2、用户与项目无粘性，不关心项目做什么，只关心能卖多少钱

而此次推出的 Booster 机制，正是为打破这种“割裂式关系”而设计。

新机制强调：锁仓 → 了解项目 → 交互 → 分期释放 → 构建支持社区 ，从而让用户与项目之间的关系，从一次性行为，转变为逐步绑定、共同成长的过程。

按照我的简单理解：这是一个全链路参与机制：「绑定项目 + 低价申购 + 分期释放」，目的就是用机制设计解决“领完就跑、开盘即砸”的顽疾。

Codatta 是此次 Binance Wallet Booster 机制的首个试点项目，也是这套新模型首次落地实践的对象。

不少人好奇：为什么是它先上？

答案其实并不复杂。随着 Sahara 即将 TGE，整个“AI × 数据资产”赛道正在升温，而 Codatta 本身正是该叙事下的核心延伸项目。

它是一个 Web3 原生的通用注释与标记平台，很多人拿来跟sahara对标。Sahara 是数据交易所，而 Codatta 更像是“数据生产线”，用户的出题、评测、审核行为会上链，成为确权的数据资产。目前平台验证超 200 万条数据，用户数超 30 万，并获 OKX 投资完成 250 万美元种子轮融资。
https://t.co/cqhDHu7emS

值得注意的是：
以本轮预售价格（筹资 10 万美元，对应 2% 代币）估算，Codatta 的初始 FDV 仅约 500 万美金，TGE 后估值弹性空间巨大。

而对正在参与 Binance Alpha 的用户来说，
与其说 Codatta 是来发一次空投，不如说它在试图回答一个更本质的问题：

Web3 用户，能否不只是“撸毛机器”，而是可以而真正成为项目的长期协作者？

最后，我在想，有一个问题：

如果 Booster 成为 Binance Wallet 的长期策略机制：
“锁仓 + 交互 + 分期释放” 成为标配，

那对于所有撸猫人来说：
你，还撸得动吗？
你，会更认真去了解项目了吗？
还是……你会选择换战场？"
1920837466912944213,Fri May 09 13:45:14 +0000 2025,7.1,04_onchain_alpha_airdrops,21,1,8,0,NO,"以太坊硬了，Metis发力
-----Hyperion测试网上线，战略升级正式揭幕

$Metis 报价18.2💲

5 月 7 日，在市场情绪回暖、ETH生态再度升温之际，Metis 正式宣布其 AI 原生 Layer2 网络 Hyperion 测试网正式上线。这是一次不止于性能的基础设施革新，更是一场深层次的生态战略重构 更是对“Layer2 是什么”与“链上 AI 能做到什么”的深层迭代。

Metis 借此发布向市场发出明确信号：

👉Metis 不只是 Layer2，它是构建模块化 Web3 与链上 AI 应用网络的“开发者引擎”。

别忘了这不是一条“无背景小链”。
Metis 的联合创始人正是 Vitalik 的妈妈 Natalia Ameline @Natalia_Ameline，从一开始，这个项目就带着强烈的以太坊原教旨背景。现在随着 Hyperion 打开“链上 AI”新范式，Metis 也正在成为 V 神理念的延伸试验场。

1、重新定义 Metis：从 Layer2 走向模块化多链与 AI 专链生态

在过去，Metis 常被视为一个相对小众的以太坊 Layer2。
而这一次，随着 Hyperion 测试网的上线，这种认知正在被彻底刷新。Metis 正式跳出旧框架，全面展示其核心资产-Metis SDK 的真正潜力：

🌱用 SDK匠造出专属区块链网络如搭乐高般便捷（Hyperion 即为首个落地样例）
🌱支持 AI 原生推理、并行交易、跨链交互、高频计算
🌱与 Andromeda 联动，构成高安全 +高性能 的双链架构，支撑模块化生态体系

Metis 的定位，正在从“一个链”跃升为“构建无数链的开发框架”。

根据官方资料，Metis SDK 原生具备高度可组合性，支持多链部署与互操作，使 Hyperion 成为流动性枢纽的同时，也成为 AI 原生应用的首选开发环境。无需繁琐设置，开发者即可专注于构建链上智能应用。

换句话说，Metis SDK 不只是 Hyperion 的基础，更是整个生态跃迁的发动机。

2、METIS ，不只是Gas费，更是多链时代的“主权资产”

Hyperion 一上线，最该被重估的，其实不是性能，而是 $METIS 本身。

过去大家可能觉得 METIS 就是个普通 Layer2 的 Gas 代币，用来交交手续费。但现在，随着 Metis SDK 成为“发链引擎”，METIS 的角色已经彻底变了：

•1️⃣ Gas ：Hyperion 主网以后，链上所有交易都要用 METIS 支付。链越多、用得越多，需求自然越高。 
• 2️⃣治理： SDK 支持“可回溯治理”，每条链都可以把重大决策回归 Metis 主体，METIS 是整个多链生态的话语权中心
• 3️⃣清结算桥梁：SDK 原生让 METIS 能跨链结算，就像模块化生态里的“ETH”，是子链之间流通的统一标准

也就是说，在 METIS SDK 生态不断扩张、子链网络接连启动的背景下，METIS 的作用已远超单一 Layer2 的 Gas Token，它正在成为整个多链系统中的价值载体与治理核心，Metis 每上线一条链，就多一个帮 METIS 扩散价值的“代币发动机”。

而现在，这才只是开始。未来还有更多 AI 专链、DePIN 网络、定制 Rollup 会陆续接入，METIS 的需求会一条链接一条链地叠加上去。

这不只是技术升级，更是一次代币“从燃料到主权”的进化路径。也许很多人只看到 Hyperion 测试网上线；也许是 $METIS 市值逻辑的重新打开，是下一波爆发前的结构性筹码重构。METIS 代币价值重构成为模块化多链与 AI 世界的黄金通行证。

3、开发者黄金窗口：链上 AI 构建热潮开启

Hyperion 不只是又一个 Layer2，它是为开发者量身定做的 「链上 AI 实验场」。背后由 Metis SDK 驱动，集成 LazAI 推出的去中心化 AI 框架 Alith，把「让大模型上链」这件事，从幻想变成了现实。

比如有这些关键性理由：
--支持链下推理 + 链上验证的 AI Agent 系统
--模块化架构让 AI 能力“可插拔、可组合、可上链”
--真正为构建 AI 原生 Web3 应用提供了落地场

Hyperion 作为首个支持大型语言模型 (LLM) 原生链上执行的 Layer-2 协议，它利用由 LazAI(@LazAINetwork) 创建的去中心化 AI 代理框架 Alith(@0xalith) 来简化链上验证和链下计算任务。

随着 5 月 6 日测试网上线，Metis 开启了为期4个月的开发者活动周期，对于开发者来说，这不仅是技术公测，更是一个 Alpha 红利窗口。官方准备了完整的基础套间，同时5月15日开启黑客松， 奖池 $200000，优秀项目可直通主网激励通道。

不管你是做 AI、搞 DePIN，还是关注链上基础设施建设的 Builder 或投资人，现在就是上链互动、提交创意、参与黑客松的最佳时机
👉 https://t.co/OUBjQRolQp

时间线：
>测试网已上线（5 月）
>主网预计 8 月发布
>9-12 月持续升级，重点增强并行处理与 AI 模型能力

最后：

Metis 从一开始就不是走传统路线的 Layer2。它通过 Metis SDK 打造的，是一个模块化多链的操作系统平台，底层连接三大核心网络：

1-Andromeda：安全、通用的基础链
2-Hyperion：为 AI 和高性能 dApp 而生的 Layer2
3-LazAI：面向 AI 推理和数据对齐的专用链

三者互联，构成一个具备横向扩展能力的链网操作系统。
随着 Web3 正式迈入AI 原生+多链协同 时代，Metis用 Hyperion向市场明确宣告：未来的区块链，不是比 TPS，而是看谁能用 SDK构建出最多、最有用的场景链。

Metis 的野心是推动整个生态从 Rollup Stack → SDK Stack 的全面升级。在这个万链互联、AI 驱动的新纪元里，METIS 不只是燃料，而是整个系统的主权资产、跨链协作的核心通证。

是时候重新评估 METIS 的估值逻辑与天花板了。"
1636063916483817472,Wed Mar 15 17:56:48 +0000 2023,3.9,04_onchain_alpha_airdrops,49,3,28,0,NO,"撸毛用户占比很大，但其实比谁都有价值，谁都不要装逼。

这部分用户很多都是新手，怀着梦想，喘着Gas，花着时间体验协议，时不时还要忍受着各种趴,偶尔还要遭受女巫猎杀，很多人还没体验快感，就嗝屁了。

格局大的项目越来越少，胸也越来越小，村子里，灯火通明，来的人越来越多，络绎不绝，"
1555492887953305601,Fri Aug 05 09:56:18 +0000 2022,2.4,04_onchain_alpha_airdrops,3,5,3,0,NO,"（3，3）DAO成员，B博士@Bruce1ZY
 在交互领域认知度与方法论上，真的，不愧是博士。
从此，也颠覆了我的眼界，博士也撸毛"
1895505763583598665,Fri Feb 28 16:06:05 +0000 2025,6.2,04_onchain_alpha_airdrops,1,0,1,0,NO,"10、空投的未来，您如何看待Pump等meme发射平台的出现，这会对撸毛产生什么样的影响？空投的未来

丰密：
Pump.这类 Meme 发射平台，降低了代币发行门槛，任何人都可以在采用一键发币模式几秒内发币，自动创建 LP，实际上这是一种新的、极端自由的资产发行模式的演化。它的出现相当于从早期的ico，ieo模式转到空投模式，演变到现在的自发行模式。它降低了发币门槛，同时也改变了 Web3 参与者（特别是撸毛者） 的心态和策略，

1️⃣对项目分发代币的影响

这种自由的资产发行模式，降低了代币发行门槛，一键发币 + 自动创建 LP，无需技术、无需融资，直接进入市场，这种新模式不仅影响了 Meme 赛道，也对传统 Web3 项目分发代币的方式带来改变，很多项目会选择先不上交易所，直接在DEX上线。项目方不再需要依赖传统融资或代币锁仓，而是直接让市场决定代币的价值。

2️⃣对撸Sir产生的影响

1、影响 1-心态：撸毛周期被极度缩短，对人性的是个巨大的考验，投机心态加重，以前撸空投，大家习惯于 3-24 个月的交互 ， 长期等待 TGE。现在 Pump 的 Meme 币，几分钟内就能拉升百倍，也可能几分钟归零，反观撸毛的时间，收益不确定，反撸等各种特点，相比meme毫无爽点。

2、影响2-利益：撸Sir的“信仰体系”崩塌，投机玩法被无限放大，过去撸空投，讲究的是交互深度、链上贡献、技术特点及价值，撸Sir希望项目方长期发展。在 Meme 模式下，代币的核心驱动力是“情绪 + 叙事 + 资金 FOMO”，很多撸毛者不再撸空投，而是转向meme，不再关心项目本身，只在乎短线波动，因为更爽，更快，更具财富效应。都希望是版本之子。

3、影响3-赌性，撸Sir心态更加 FOMO，容易陷入赌性，传统撸毛讲究稳扎稳打，但 Meme 生态让市场进入极端投机模式，赌性越来越重。"
1797462460842053887,Mon Jun 03 02:57:00 +0000 2024,5.5,04_onchain_alpha_airdrops,41,2,7,0,NO,"Linea 
昨天为了阻止Velocore被黑临时停止出快，事后也写了推文详细解释为什么暂停排序器。其中提到linea目前处于训练轮阶段，包括Linea在内的大多数L2仍然依靠可以利用的集中技术操作来保护生态系统参与者。  
同时为了保障surge活动的激增安全性，Linea 加强了安全措施。任何协议要要参与获得 Surge 资格，
1、dapps 必须通过审计提供威胁预防证明，
2、使用 Linea 的安全合作伙伴提供实时监控

Linea基本没有基建协议到其网络部署，官方说了Linea现在依然是中心化的，未来在成熟的环境下追求网络去中心化，其中也包括排序器。

路漫漫其修远兮，linea 重大时间点
2023 年 3 月 28 日 开放测试网现上线
2023 年 7 月 12 日 主网 Alpha 启动 
2024 年 2 月 13 日  Alpha v2 发布

根据时间线及30亿与6个月的指标，受此事件影响，将会对团队的决定以及用户心态有一些影响。因此建议linea官方设立「用户Safe基金」，实打实的像BNB学习。

现在几乎每条链都在扶持自己的meme，linea的🦊 @FoxyLinea $FOXY 近期表现亮眼，非常强势，帮助引入用户活跃生态，拉盘📈即正义呐。

未来看好其生态会有其他meme给高质量用户。"
1895505755182412115,Fri Feb 28 16:06:03 +0000 2025,7.2,04_onchain_alpha_airdrops,4,0,1,0,NO,"8、不同的项目对交互的要求不同，你如何根据项目的特点调整策略？

丰密：
不同的项目对空投交互的要求各不相同，盲目参考教程的意义现阶段已经不是很大，大家都希望能做到精准交互 + 最小成本 + 最高收益，这个是非常非常难得，这种不确定性与反身性需要长期践行，跟踪。也是这个赛道最难的地方。

我简单说说

1、我的策略一直是精品帐号+权重交互+计算高 投入产出比+控制风险。用高质量帐号狙击高质量协议的策略来组合交易协议。不同的项目有不同的空投分配逻辑，不能一刀切地批量操作，而要针对性布局。我的经验撸毛不是单纯的“量大取胜”，而是找到符合项目预期的正确交互策略，并且符合自己性格的项目，

2、举个例子

比如 L1 / L2 ，得兼顾TVL，真实，优选原生DApp，多样性组合。真实视角玩转生态。

DeFi协议，项目方视角是重点考虑深度用户，优先奖励长期提供流动性和交易的用户，比如存款时常，金额，LP等。根据单个协议的链上数据具体分析。

跨链桥，质押类也是根据协议背景来看，质押类的可能会着重看协议的tge时间，安全性，赛道位置，投入产出比。
EigenLayer与Babylon案例。
另外，交互也能增加帐号的质量与权重。这里我可以阐述下我参与W虫洞的逻辑，单号1万美金以上的收益，时间关系如果大家想听我就讲讲········此处我讲了但不想写了

社区型项目：鼓励做贡献，且项目有 NFT 相关玩法，可以着重看生态NFT，持有 权益型OG NFT

“撸得精”比“撸得多”更重要，尤其是当前市场越来越重视真实用户，所以精准交互、合理分配资金、长线布局养号是当下的重点，当下空投赛道，拼的不是钱包数量，而是对项目的研究，对规则的理解和执行力！"
1887895537694974369,Fri Feb 07 16:05:46 +0000 2025,6.2,04_onchain_alpha_airdrops,14,3,11,0,NO,"AI + 区块链：DeAgentAI开启去中心化 AGI 新纪元

人工智能（AI）与区块链的结合已成为当前 Web3 领域最重要的趋势之一。然而，大多数 AI 项目仍然停留在去中心化算力、AI 聊天机器人代理、娱乐和游戏 AI 代理的应用，或是简单的代币化机制。真正的核心问题——区块链如何在 AI 发展中起到决定性作用，实现自主决策与执行。

AlphaX 昨天官宣结束了两个月的完全自主实盘交易测试，全程无人工干预，取得稳定盈利表现：
📊2024 年 12 月：ROI +18.21%，胜率 89.47%
📊2025 年 1 月：ROI +16.00%，胜率 92.86%

AlphaX是DeAgentAI 推出的第一个 AI Agent，作为 DeAgentAI 生态首个基于 Rena 框架 运行的 AI 交易模型，AlphaX 结合链上数据分析、策略优化和自动化执行，成功验证了 AI 在 DeFi 交易中的高市场适应性和稳定性。

从这个案列与报告，看到DeAgentAI 正在这解决这个问题。它不仅是一个 AI 代理（AI Agent）网络，更是一个致力于推动去中心化通用人工智能（AGI）的突破性项目。DeAgentAI 通过最小熵共识、去中心化记忆网络和可验证执行层，解决 AI 在 Web3 领域的三大核心难题：

-共识问题：确保 AI 在去中心化环境下达成一致决策，避免 LLM 可能产生的多重人格冲突。
-身份问题：保障 AI 代理的唯一性和一致性，防止 AI 在相同问题上输出相互矛盾的同一问题。
-连续性问题：提供 AI 代理的长期记忆存储，让 AI 具备稳定的学习能力和进化机制。

DeAgentAI 核心目的通过构建一个去中心化智能决策网络， 让 AI 代理具备真正的独立学习、自主决策和智能执行能力。
当前的 AI 技术仍然处于从 Chatbots 向 Reasoners 过渡的阶段。即使是最先进的大语言模型（LLM），仍然受限于其概率本质，无法实现真正的自主学习和跨领域泛化能力。OpenAI 提出了 AI 的五个发展阶段：
1、聊天机器人：仅能进行简单对话的 AI。
2、思考者：具备推理能力，能够自主分析问题。
3、智能体：能自主执行任务，并根据环境变化进行调整。
4、创造者：具备创新能力，可以在不同领域进行知识整合。
5、组织者：能够管理复杂的组织系统，实现高度自治。
报告指出仔细研究人工智能的现状，就会发现即使是最先进的人工智能模型也仍在从聊天机器人向推理机过渡。尽管这些模型在特定领域表现出色，但它们从根本上仍然属于人工智能 (ANI) 的范畴，缺乏真正的自主学习和跨领域适用性，DeAgentAI 旨在打破这些技术瓶颈，推动 AI 向更高阶进化。

DeAgentAI 的最优解：Lobe-Memory-Tools 体系
DeAgentAI 采用三层架构，解决 AI 在 Web3 领域的核心挑战：

1️⃣ Lobe（决策中心）：
采用最小熵共识机制，保证 AI 代理在多模块决策时的高效性和一致性，防止“多重人格”现象。
确保 AI 代理在分布式环境中的可信度。

2️⃣ Memory（去中心化记忆网络）：
允许 AI 代理保持长期记忆和决策连续性，突破传统 AI 记忆短暂的限制。
确保 AI 可以基于历史交互优化未来决策，提高学习能力。

3️⃣ Tools（可验证执行层）：
AI 代理可以调用链上或链下工具，进行智能交易、治理、金融分析等任务。
通过可验证计算，确保 AI 决策透明且可信。

这一架构形成了完整的“决策-记忆-执行”闭环，让 DeAgentAI 成为首个真正具备去中心化 AI 代理能力的项目。
相较于当前 AI 赛道中的 Virtuals 和 ai16z，DeAgentAI 具备更强的技术优势和生态适用性：
🔹 Virtuals：专注于 AI 代理在娱乐和游戏中的应用，侧重用户互动和代币化，技术架构较为浅层。
🔹ai16z：专注于 AI 在交易和投资中的应用，利用 Solana 进行自动交易，但其核心技术创新主要集中在交易策略优化，而非 AI 代理的决策一致性和记忆机制。
🔹 DeAgentAI：
• 采用 去中心化智能决策网络，解决 AI 共识性、同一性、连续性问题。
• 覆盖 DeFi、链上治理、自动化决策等多元场景，比单一应用更具前瞻性。
•真正推动从集中式 AI 向去中心化 AGI 进化。

DeAgentAI定位为不仅仅是一个技术框架，而是一个不断发展的生态系统。在当前的人工智能领域，训练资源和决策权都高度集中在少数科技巨头手中。
DeAgentAI 不仅仅是去中心化 AI 代理网络，更是推动 AI 走向通用人工智能（AGI），它通过智能共识机制、去中心化存储和可验证计算，构建 Web3 时代的 AI 进化之路。
官网：https://t.co/McMtkeIwjj
报告：https://t.co/UBKyyoZ6wZ"
1843337980272095237,Mon Oct 07 17:09:56 +0000 2024,7.6,04_onchain_alpha_airdrops,50,18,17,0,NO,"Cheems的前世今生，昨天看到这个帖子👇，我还是挺感慨的。
https://t.co/Be6ex2B5bg

去年，ARB 的历史性空投一度成了 “造富” 的代名词，接着各种项目的空投雨纷至沓来。最出名的莫过于暴涨 500 倍的 Aidoge，当然还有还有很多项目就几十u。之后我个人大部份的经历转战zksync+stark，

没多久，Cheems这个项目给了所有跨链zk主网的地址，以及钱包内有aidoge的地址有资格领取，限时，好家伙，熬夜一顿狂领早期也就几 U 到 10 U 左右，不多不少，但聊胜于无，并未当回事。

某天，偶然溜达到 Cheems 的一个 Space，全程是狗叫声。虽然完全听不懂项目方在干嘛，边撸毛交互边听，就这样听了快2个小时，连睡觉耳朵边都是狗叫回声，这个项目成功引起了我的好奇心，感觉它的炒作空间可不小！此时池子也就 2000 刀左右，除了claim领取的地址，我想买点作为持仓，我开始频繁添加 LP，撤 LP，慢慢成了池子里最大的 LP 。

好景不长，几天后，奶子哥进场了，他一买就2E，还TM发推了，瞬间被拉爆，这下好了，价格被他直接拉爆了。看着我的筹码要被他这么一祸害，我心里一万个不甘心，于是果断撤了 LP。

后续cheems起飞了，印象里好像高点是奶子哥买入价的70X，后来跟奶子哥喝酒的时候我们一起还回顾了这个项目，包括他的骚操作。随着价格的飙升， Cheems 的空投单次价值一路飙升，不断突破500美金，800美金，1000美金。通过撸 Cheems 赚了不少ETH，继续投入了 DeFi 协议和增加更多ZK 账号，之后亦未关注项目的动态，直到现在才知道它竟然迁移到了 BSC。

回想当时的判断：

1. 项目调性十足，狗狗这东西，最容易被炒作了！
2. 空投领取资格算“量身定制” ，跨主网链加 Aidoge 留存地址符合我个人的交互习惯。
3. 通过添加 LP、领币、卖币，顺带增加了 ZK 活跃度，增加了zk的活跃数及交互合约数，以及刚好增加命中后来zk的空投规则的最重要的一项权重项（zk的规则我的归纳：基础项+权重项+乘数项）。
4. 以撸养撸，以战养战，你中有我，我中有你，就是玩，亏了就当tx，gas就没白花。

对于没亏钱的项目，总归有种特别的好感，Cheems 也不例外。毕竟，作为全球知名 meme 形象，Cheems 一直传递着幽默、可爱、坚韧不拔的精神。或许是巧合，也或许是命运使然，这个项目经过了种种波折，却始终坚挺。我坚信，属于 Cheems 的故事，才刚刚开始。

meme币风险很大，这里无关币价，纯属看到奶子哥要A9，这1年我着实看到阿奶惊人的变化，看书，复盘，提炼，践行，一个项目动不动就60wU，我感觉他A9不A9不重要，重要的是他变了！格局之大，动不动就捐赠，动不动就发万u红包。"
1951270669116907837,Fri Aug 01 13:15:55 +0000 2025,8.5,04_onchain_alpha_airdrops,24,1,18,0,NO,"SatLayer正式公布代币经济学，协议代币 $SLAY 来了💥

SatLayer 终于要发币了，我个人是有参与的，特别是在 BTCFi 正热的时候，我用的是「多协议串联、跨生态叠加收益」的打法。

串联的协议我个人的要求其实挺高的，当时看到Satlayer是Hack Vc @hack_vc及Castle @CastleIslandVC投的所以有重点关注，在早期且未发币。

我当时参与的姿势之一：
→把 BTC 存入 Lombard @Lombard_Finance，获得 LBTC，再把 LBTC 存入 SatLayer，这种操作主要是开启多重收益，同时兼顾 Babylon + Lombard + SatLayer 三个未发币协议空投权重与资格。

另外就是参与berachain @berachain。年初的的时候，如果重点参与Berachain的Boyco 预存款金库活动，应该很多人对SatLayer 也很熟悉，SatLayer 作为 BTC restaking 协议支持资产就包括原生 BTC以及各类 LST
例如：SolvBTC（Solv）、UniBTC（Bedrock）、LBTC（Lombard）、PumpBTC 等等，这些 BTC 经由 SatLayer 参与 Berachain 生态，为主网上线做流动性准备，同时锁定多个生态项目积分与创世奖励。我印象里当时整个活动Satlayer贡献TVL大约3亿美金，表现是很强劲的。

🚨现在， $SLAY 要发币了，针对社区的空投部分是10%

官方文章在这里：https://t.co/zJ94dpxHAT

SatLayer 代币经济学：
总供应量:  21亿
初始流通：21%
社区空投：10%，TGE 完全释放
生态激励：占比 45%，分阶段解锁，支持长期生态发展

🪂关于空投🪂
这部分比例是10%，将通过SlayDrop 分发，专门奖励最早支持 SatLayer 的核心用户群体。

按照我的理解，重点应该就是曾实际质押 BTC 或 BTC LST 至 SatLayer 金库、参与生态集成的真实用户，这部分空投肯定根据实际交互、存款金额、持仓时长等多个维度加权分配。
另外一部分就是已经公告的Y#ap推广用户，之前的公告是0.75%（0.5+0.25），这部分我没参与。

$SLAY 代币核心用途，其实就3个关键词：质押、治理、分红 

其中重点是「双重质押机制」，BTC + SLAY 联动，参与 BVS 验证服务需同时质押 BTC 和 SLAY，因为运营一个 BVS（比特币验证服务）节点，得承担一定安全责任，BTC 是核心资产，SLAY 是“信用保证”，两者绑定就像本金 + 担保。

这也就是说，想参与 BVS，就得用上 SLAY，其中价值捕获机制，BVS 收费一部分将分配给 SLAY 持有者，协议可治理决定是否用收入回购销毁 SLAY，验证网络持续有真实需求，SLAY也就可以获得可以真实收益。

很多人就会问了，这个怎么跟ETH生态的Eigenlayer差不多，跟它的AVS模式也差不多。

确实在理念上很像， 2个都属于“再质押安全”模型，都服务外部应用协议 ，都强调“可编程惩罚 + 自主验证 + 共享安全”，但EigenLayer 更像以太坊生态的“计算安全层”，聚焦的是为以太坊生态延展验证能力。而SatLayer 则是让比特币具备更高效的资本利用率和抵押安全输出能力，更像比特币生态的“经济安全层”。

AVS 更像是在以太坊上给节点找活干，BVS 则是在比特币上给BTC找产能。大概是这么个个人理解，也不知道恰当不恰当。

熟悉的亏友应该已经很清楚知道SatLayer 是比特币生态的 restaking 协议，不熟悉的依然还是会不熟悉😂，毕竟这年头做投研的越来越少了。

SatLayer 是BTC restaking赛道的重要核心参与者，通过原生自托管质押机制，将 BTC 转变为可参与 DeFi、RWA、稳定币、AI 、TradFi 等核心方向的经济燃料，又或者说是生产性抵押资产。它在 BTCFi 赛道中，承担起「安全层 + 收益层」的双重定位。

当前SatLayer 最新数据📊：
•TVL：$419M
•已质押 BTC：3649 枚
•融资：完成 $8M Pre-Seed（由 Hack VC & Castle Island 领投）
•生态合作：Berachain、Babylon、Sui、BOB、Solv、Lombard 等，作为Babylon协议的指定restaking合作伙伴，SatLayer通过可编程削减机制实现BTC的生产性应用。

另外已与Plume、Nexus Mutual, Cap, Hyperlane、RedStone 等30+协议合作，重点布局保险及流动性托管/主经纪商等刚需场景，推出了核心产品：收益型 BTC 保险基金，打造了链上保险的“再质押版巴菲特路径”。

另外，说回SatLayer 和 Berachain 的合作，其实就是一场跨链级别的 BTC 应用试炼，SatLayer 通过自家金库机制，把 BTC 流动性“打包”送进 Berachain 的预存款金库，不仅为主网启动注入真金白银，还成功让 BTC 在 EVM 链上第一次以 restaking 模式参与激励与积分体系。用的是BTC 安全性，在 Berachain 上干起了跨生态结算层的活，这种方式不仅为协议引流资产与用户，还能提升资本效率与收益叠加，成为跨链生态合作的一个典型范例。

值得注意的是，SatLayer 也正在与一批管理着数亿美元资产的 Digital Asset Treasury（DAT）公司进行深入接洽沟通。这类金库通常管理数亿美元的加密资产，对资产的收益性、安全性与可编程性要求极高。SatLayer 能进入这些对话，意味着它的安全模型和收益逻辑已被视为具备机构级可用性。

这背后，其实正是 SatLayer 的长期愿景，让 Bitcoin 不止是“储值工具”，而是成为可被调度、可被利用的生产性抵押资产，通过restaking机制让闲置的Bitcoin为整个加密生态系统提供安全保障，同时为Bitcoin持有者创造收益。
它希望：
🌱释放Bitcoin潜力：让Bitcoin突破""数字黄金""的储值局限，成为可编程的安全资产
🌱构建共享安全层：为Bitcoin Validated Services (BVS)提供统一的安全基础设施
🌱降低参与门槛：通过用户友好的界面让任何Bitcoin持有者都能参与restaking

从最初金库到现在的 BVS 网络成型，SatLayer 的野心一直很清楚：
👉把 BTC 从静态数字黄金变成动态的全球抵押引擎

在 Babylon 主推验证层、而 SatLayer 则承担经济层的背景下，SLAY 的长期是有价值的，未来BTCFi 一旦在起势，它有一个位置的。

当然，机会之外，也有挑战。
一方面，BTCFi 的热度高点已经过去，未来是否再次起势仍是未知数，
另一方面，对普通用户来说，restaking/BVS/双质押等机制理解成本高，动线较长，操作路径也较为复杂，更适合重度 DeFi 玩家；
同时，该方向要是没有财富效应自然不会吸引更多人。另外就是BTC 持有者本就偏向极简主义和硬派自托管，他们难接受让 BTC 干更多事这套逻辑，哪怕它再有收益。

📌所以接下来，重点就看3件事：
1、Phase 2 的 BVS 网络能否跑出强需求曲线。
2、TGE 的流动性释放与价格表现。
3、空投查询入口及财富效应。"
1946161977375805887,Fri Jul 18 10:55:48 +0000 2025,7.1,04_onchain_alpha_airdrops,16,1,15,0,NO,"Aethir 开放 NFT 自由交易

当年靠售卖节点狂揽 1.4 亿美金的 Aethir，如今不仅开放了节点回购通道，还正式启动了节点NFT 的自由转让功能，成为 Depin 赛道中第一个支持节点二级市场流通的项目。

节点流动性的释放，不仅让早期持有者有退出套利的机会，也为后来用户提供了低门槛入场窗口，首次实现“节点资产化 + 自由定价”。

丰密我从项目第一天就开始参与，目前持有不少 Aethir 节点，这些“矿机”每天都在为我打工。所以一直借此关注Depin及GPU相关赛道的项目。

如果你也在关注 Aethir，或者未来打算参与这个项目的节点运营，那么这次转让机制的开放，非常值得重点关注：

1️⃣ 当前市场情况

•当前地板价：约 0.15 ETH
•累计产出：过去1年每个节点平均已产出约 19,000+ 枚 $ATH（当前市值约 $627），按照边挖边卖的回本策略，应该超过超过1000刀。
•每日产出：约 35～37 枚 $ATH
•剩余产出周期：约 3 年
•交易渠道：OpenSea / NodeStore / ImpossibleFi
OpenSea：https://t.co/3fDecP5w1C
•奖励机制：转让前的奖励归原钱包，新钱包需完成KYC才能领取奖励，节点购买后锁定1年不可转让，转让功能仅对符合条件的节点开放。

2️⃣ 关于节点收益
每个 Checker Node 节点，既是一份可交易的 NFT，也是 Aethir 网络中负责监控 GPU 服务质量与运行稳定性的“监督者”。

要获得节点收益，需完成以下任一操作：
自行部署节点服务器或选择可信的第三方服务商进行托管运行

部署后的 Checker Node 将为你带来以下3类收益来源：

① 基础产出
每日产出 35~37 枚 $ATH，还有三年，每个节点剩余可产出约 38,000 ~ 40,500 枚 $ATH，按当前 $ATH 价格（例如 $0.033）估算，约合 $1,254 ~ $1,336 美金。

② 服务奖励 Bonus
按季度评估节点运行稳定性，发放额外加成奖励

③ DeFi 拓展玩法
$ATH 可用于以下策略增强收益：
质押进 AI Pool / Gaming Pool，参与生态激励
存入 Eigen Layer Vault 生成 eATH
在 Pendle 平台进行 PT-YT 拆分，提前兑现未来收益
可构建杠杆策略 / 看涨看跌方向押注 / 套利结构

另外就是购买 Aethir 的 Checker Node NFT，本质上是获得了一份链上挖矿权 + 代币空投权 + 生态质押收益权。

3、Aethir的未来 

Aethir 在 GPU 去中心化云计算赛道上，已经打下了坚实的基础。无论是节点销售、上线节奏，还是空投机制和技术落地，它已经建立起属于自己的网络效应与品牌信任。

近期像 Mira、Hack VC 投的 @gaib_ai 等 AI 项目，都在直接接入 Aethir 网络，它不仅提供 GPU 算力资源，更在搭建一个面向 Web3 AI 的底层基础设施网络。

不过目前来看，$ATH 的经济飞轮还远未完全启动，未来最关键的，是围绕节点、eATH、质押用户构建明确的激励路径与财富效应。
只有当代币 $ATH 真正涨起来、用户有实质回报，才能吸引更多开发者与资本持续加入，形成正循环。"
1915752047250669829,Fri Apr 25 12:57:35 +0000 2025,9.0,04_onchain_alpha_airdrops,114,32,38,0,NO,"Arkham 交易所
🎯第三季积分开启，已对国人全面开放，支持中国身份证 KYC，3分钟搞定，0撸，套利对冲。

最近重点在关注：稳定币赛道、链上交易生态，以及一些具潜力的 AI 公链协议。

在交易赛道，目前重点跟踪的项目包括：Aster、Lighter、BackPack、Arkham、standx、Axiom等

其中，Arkham @arkham是已经发币、产品与激励机制都较为成熟的代表性项目，其代币 $ARKM 已上线 Binance 和 Upbit，正在用“链上数据 + 交易产品”的组合，重新定义下一代交易所应有的样子。

还记得 2023 年的时候，随手注册一些账号，拿到 $ARKM 空投的亏友不在少数，空投的盛况印象深刻。而现在，Arkham 不只是情报工具，更已经推出了交易平台。

Arkham 推出第三季交易积分计划

我最近又深度体验了 Arkham 的交易所，整体感受如下：

1️⃣ 当前正值第三季交易积分活动阶段，前两季虽未参与，但听说不少人单号撸了几千 U。

2️⃣ 平台已对国人全面开放，支持中国身份证 KYC，3分钟搞定。

3️⃣ 每一笔交易都能获得积分，深度与交易感受非常好，新用户注册+完成任务就能拿到积分和价值110U的奖金券，第三季的活动逻辑很简单也很直接，积分未来兑换ARKM代币。

4️⃣ Arkham 的核心优势在于，它不仅仅“返积分”，更将链上情报能力深度融合进交易流程，让整个体验更具智能性与洞察力。这种设计也许会让人联想到其他平台的积分激励模式，但 Arkham 并不止步于返利本身，它通过对手方地址分析、资金来源追踪等情报功能，真正将交易行为提升到了一个更高维度的 Alpha 策略层面。

初体验：本以为是套路，实际真香

刚看到这个活动时，我也以为只是另一个招揽用户的噱头。但作为一名喜欢深度交互的撸毛人，实测之后感受到它的三大亮点：
✅ 0.1% 超低费率 + 挂单返佣，对高频交易者非常友好；
✅ 积分实时累积 + 可兑代币，交易本身就是在“挖矿”；
✅ 集成链上储备证明系统，每笔资产流向都能追溯到钱包——透明、安全、有信任感。
这不再是“为了撸而撸”，而是一次用数据武装交易行为的探索。

Arkham 奖励中心：为真实交易者设计的激励体系

这一点我在 @arkm_zh 的内容中看到了非常清晰的阐述：与其追求短期的流量和刷榜，Arkham 更在意如何通过积分机制，构建一个长期活跃、高质量的用户生态。他们的激励逻辑很明确：
🔹 奖励真实且频繁的链上交易行为
🔹 鼓励老用户邀请新用户参与
🔹 为未来的 $ARKM 分发、生态特权提供积分衡量参考
🔹 构建识别并留存优质交易者的用户画像系统
如果你也想实时掌握新交易对上线、积分活动节奏，或者更深入地理解 Arkham 的链上数据体系，我强烈建议关注官方中文账号 @arkm_zh 。

Arkham 旗下有两大核心产品：

在加密世界，数据往往才是决定胜负的底层力量。
无论是亏 Gas 博空投，还是 PVP 冲金狗，第一手链上数据始终是最犀利的武器。而在链上数据分析领域，Arkham Intelligence 是一个绕不开的名字。

这家由 YZi Labs 领投、完成 1200 万美元 A 轮融资的分析巨头，凭借自研 AI 引擎和强大的地址解析能力，在“追踪巨鲸资金流向”与“黑客链上路径溯源”等场景中建立了强大的专业口碑：深度 + 精准，是它最核心的标签。

目前，Arkham 旗下有两大核心产品：
1️⃣ Arkham 链上情报平台：搭载 Ultra AI 引擎，已解析超 2 亿地址行为，为用户提供结构化的钱包画像和链上路径。
网址：https://t.co/5MmKmrbfJz

2️⃣ Arkham 交易所：将这些链上情报能力原生集成进交易界面，让用户不只是看价格波动，而是能直接“读懂对手的钱包”。
网址：链接：https://t.co/iscNIRveCB

个人思考：Arkham 交易所的独特魅力

在深度使用Arkham交易所的过程中，我发现它与传统交易所的差异愈发显著。传统平台多局限于基础订单执行功能，而Arkham通过集成其链上情报分析系统，在交易前阶段即实现：对手方穿透识别、行为模式预判以及资金来源验证。

这种“链上信用审查”的透明机制，不仅提升了安全性，也让我对交易对象的理解有了实质性提升。。如果所有交易所都能提供这样的功能，加密市场的信任危机会不会有所缓解？

作为一个对区块链技术充满好奇的爱好者，我不禁思考：这种将数据与交易深度结合的模式，会不会成为未来加密货币交易所的新趋势？甚至成为未来交易所的标配？

此外，Arkham 的积分机制设计也非常聪明：手续费返积分，积分兑代币，让每笔交易都能“挖矿”，又不影响真实用户的使用体验。

看似和 Backpack 有些相似，但 Arkham 显然走得更远——它不是简单的模仿，而是在数据情报加持下构建出差异化的价值闭环。

邀请体验：新用户福利，0撸

对于新用户，Arkham 交易所此次准备了丰厚的奖励。 通过邀请链接注册，完成 KYC（中国身份证和护照皆可） 和100美元的存入任务，就能立刻领取10美元保证金券和100美元手续费券，奖励有效期7天。

这种“零撸”福利对于刚入场的小白来说非常友好，不仅降低了尝试成本，还能让人快速上手。
注册链接：https://t.co/iscNIRveCB

完成✅之后领取奖励页面：https://t.co/vXShna6pyI

刷分体验与策略
在刷分的过程中，我感受到 Arkham 交易所的界面设计非常直观，链上情报功能的集成更是锦上添花。但美中不足的是目前 UI 仅支持深色模式，对于部分用户可能存在视觉疲劳，希望未来支持浅色切换。

以下是我尝试的一些刷分思路（多平台组合）：

1、时间点：可能越早越值钱，早期积分往往权重大、竞争小，官方通常不会提前宣布积分总量或权重机制，所以越早参与越保险。 

2、高频但小额，拉高分数密度，在不用机器人的情况下，多考虑手动挂单，另外单笔金额大 ≠ 分数越高，很多平台采用“交易行为 + 活跃度”组合评分。
 
3、交易对选择：避开热门、挖掘冷门，热门代币对有时可能出现限分或降权， 选择有波动、深度尚可但竞争不大的冷门交易对，积分效率更高。另外现货与衍生品的模式也不一样。

4、利用手续费券 / 保证金券，把抵扣券用在挂单/主动刷单中，尽可能最大化可抵交易次数。

5、挂单套利 vs 主动成交，按照过往的经验，一般平台通常对 Maker（挂单）行为会有额外权重系数。

6、把刷单和收益结合，而不是纯消耗。组合2个平台，不同的策略不同的组合，多关注磨损情况。

7、Arkham 最大的优势在于情报功能，盯大户、跟热钱，另外看不同平台是否有套利机会。

这些心得不仅是我个人的经验总结，也是在实际操作中不断调整后的部分结果，这里真没有千篇一律的公式。 众所周知，撸空投易，卖空投难，很多用户（尤其是我）在交互协议的时候被反撸，部分原因是变现环节没有操作好 ，没有在合适的时机出售到手的筹码，导致辛苦一场，功亏一篑。

Arkham 的是链上情报功能，让我在交易时多了一份“上帝视角”，这在传统交易所中是很难想象的，用户可以很容易的在警报页面创建自己的专属提醒事项，更快更准的监测相关链上数据。

最后，总结一句话：Arkham 是目前少数把链上数据优势和交易产品打通的项目。

我对 Arkham 这套「数据驱动交易」的逻辑非常认可，它不仅带来了更透明、可控的交易体验，更重要的是，让我们重新看到了数据在交易行为中的价值杠杆。
Arkham 交易所不仅让我看到了交易的乐趣，也让我对数据的力量有了新的认识。未来，它会如何发展？让我们拭目以待。"
1867976189752774951,Sat Dec 14 16:53:23 +0000 2024,6.2,04_onchain_alpha_airdrops,141,23,30,0,NO,"今年1月，我说2024年是空投大年，不是你急不可耐，项目方也急不可耐，资本方也饥渴的不要不要的。稳住，就能赢。
现在看来，
24年的上半段是丰收期，单号几千-1万刀的空投嗷嗷香
24年的中间段是执行期，gas低到1，狗不理，煞笔才撸毛
24年的后半段是高潮段，一个接一个，项目方急不可耐，格局大的吓人👻，好几年的项目都随便搞个任务，一眼能看出这100%是空投权益！有些干脆任务不结束直接Airdrop，大喊一声，卧槽，我们来了！

历史的规律总是惊人的，很多人都卷起袖子准备撸，心里想着：他妈的，这次我一定要赢🥇，但是无从开始，群里，别人发个CA立马冲进去了······卧槽，我本金呢？

2025年，我们不再是电子乞丐，我们是尊贵的链上用户，为生态呐喊，为发币造势，你打一张，我就出一对，最后1炮3响。"
2000604410523848923,Mon Dec 15 16:30:35 +0000 2025,5.8,04_onchain_alpha_airdrops,93,4,71,0,NO,"很多项目方确实本身自带PUA渣X体质

1、如果一个项目方吸引不了空投党，那基本上连渣的资格也没有。

2、很多项目方对真实用户的画像有歧义，对空投用户更有偏见，真实用户没有绝对的标准，但是空投党确实是高时间投入，高风险偏好，高资金投入······

3、空投党里的一线深度玩家，比 90% 的项目方更懂项目方。很多项目方团队自己开发的产品，自己都没深度用过。

4、真正成熟的项目，应该用机制留下重度用户，用规则淘汰投机行为，用时间换信任，而不是pua积分换数据，不是设计各种煞笔规则pua用户·····"
1766701694405218413,Sun Mar 10 05:44:42 +0000 2024,10.0,04_onchain_alpha_airdrops,537,131,120,0,NO,"1、有人说，正常人谁用虫洞！
可是，撸毛人谁是正常人，你告诉我谁是正常人！
不被家人朋友理解，天天枯禅一样做一整天，不说几句话，鼠标从早点到晚，钱包越搞越少，每一次大项目来了以为有惊喜，然而残酷的现实打回原形，Sorry, you're not eligible. 对不起，你没有资格领取。
然后你tm还要像个没事人一样，继续上路，握紧拳头，眼含热泪给自己说加油！
那些大机构的vc，各路人马都在积极参与各个生态交互，不管出于啥目的，本质上都还是逐利。虫洞是能让你探索各个生态的很多链上资金桥，比如早期的luna，solana。有人问那L0也是啊，好吧，Lo的颜值挺高的，你看他的官网很有调性，非常符合我的审美，但是任何事情都不能急，你默默耕耘就好，其他交给时间！

2、有人问，刷了那么多tx，为什么排除我了，而那些刷了一个tx的人都能拿一大笔。
兄弟，几十个链不可能所有都照顾，越是人多的地方，你就需要努力向上生长，你得把自己干到前面去！代码是无情的！换一个思维找到核心要素，最佳策略启不是更好。

3、有人问，u为什么能拿到W大空投。
没有别的原因，长期专注干了这件事，早上到晚上，4年的坚持，过着狗一样的生活，不对，狗比我舒服。虫洞对新人用起来确实不好用，之前写了很多相关内容，第一句就是虫洞最早被solana定义为官方资产桥，还有被盗之后写过为什么要救虫洞的原因，时间久了记不清楚了，反正直觉是就应该这么做，sol出，3tx，sol回，大资金，暴力，多号，践行。

之前的复盘我写了概要，没有内幕，没有任何，我不光自己撸，我还cx了很多人，特别是kuipro的每月月会，我奶了，奶的不要不要的，就按照我的策略来就行，我是这么奶的：老样子，要么不干，要干就重仓。上号上到无能为力。感动到自己想哭的那种。刷到他发币，要么被反撸，要么撸翻他。师傅领进门，干活得靠自己叻 。

策略其实是非常简单的，但背后的逻辑才是重点，本想写个复盘，但是牛市的时间才是最宝贵的，虫洞在aevo的报价目前是 1.6，随便刷个万儿8千的都是1600 ，2700，8000，这2月你刷到位了，基本上就是千年难遇的一个逆天改命的良机。
具体数据就不好再细说了，过段时间估计会有不少大神的推文！
那有些人就问了，我为什么被女巫了呢，这个话题要根据个人情况来看，3言2句说不清楚，总归一句话，矮子里拔高个，挑白的，运用到撸毛思维了，我觉得挺实用的。

我自己写这条推文本来也不想写，怕人焦虑，但是想想其实也没啥，反正多号大家都知道，你知我知，项目方也知道。多号谁都知道，可是谁能做好多号才是关键，女巫的tx也是tx，焦虑才能让自己进步！焦虑才能让自己行动起来！

4、有人问，为什么有这么多大毛都踩到，
 屁，我刷的都是大家看到的，

5、有人问，为什么撸毛还有时间发推？牛市了还撸不撸？
发推用不了多少时间，当然错别字排版是不可能有的，好看的东西都是精心策划的，撸毛看项目同理！交朋友亦如此。

牛市了还撸不撸，撸，不撸毛生活没有意义，
牛市撸毛速度更快，一个项目从发起到发币是熊市的3倍以上，你可能这个月用了，下个月就发币，别怀疑项目方与资本想发币套钱的决心！
当然熊市才是打磨你账号的默默耕耘的最佳时间，在无人问津的时候，gas才是让你暴富的唯一利刃

6、为什么看不到你的教程。
教程想写得有时间啊，新人不要给自己太多看教程的时间，教程才能让你放弃探索的web3的意义，抄袭别人的作业会让你失去顿感，需要做的是想背后的逻辑，理念，然后找到符合自己性格以及自己资金等各项实际情况，制定计划，并且虚心请教，要有礼貌，感恩，连红包都不舍得，别人凭啥教你！免费的往往是最贵的！

亏密瞎说的，上号上到无能为力，肝到感动自己。以上内容不是本人写的，千万不要当真。
当然，你可以问你想问的👇"
1941359955652887039,Sat Jul 05 04:54:16 +0000 2025,6.8,04_onchain_alpha_airdrops,77,12,48,0,NO,"撸空投的亏友注意下：如果被封控，提交截图资料的时候
「需要把钱包名称命名成你的名字再截图」

确实建议 OKX 客服在用户 KYC/申诉流程中多提醒这一点，之前很多亏友都遇到：

1、没有工作单位，没有工资流水

2、只有撸空投的钱包地址

3、撸空投，因资金频繁进出交易所被封控，当然可能其他原因。

4、解封时被要求提供各种资料，如果是选择defi或者挖空等收入，要证明钱包归属

5、不瞒大家说，因业务需要，我的OKX账号还有其交易所的账号都特别多，去年今年我基本是每个账号都遇到过这样的问题，大部分账号都经历需要再一次做身份证明，需要提交资料证明，补一堆材料，

6、OKX合规确实非常细致，记得去年半夜还有工作人员打电话解释（当然他不知道我是丰密😅）

7、所以，像 Star 说的，如果你是撸空投的，要用钱包做收入来源证明时，一定记得先把钱包名称改成自己的名字再截图！
Metamask、okxweb3 等钱包都支持改名，这一步别忘了，很多人之前就是被这个细节打回。

8、当然还有些细节，比如
钱包截图最好一并展示「地址 + 钱包名称」，确保信息完整清晰。有些人只截了钱包首页或交易记录页，结果没拍到地址栏或显示不全，会被要求重新提交。

交易记录页面要尽量完整，特别是能体现资金来源、交互对象的记录（比如交互某知名项目合约地址、空投平台）
→ 有助于证明你的收入来源是合法且可溯源的 DeFi 活动，而不是非法转账或洗钱，涉及多个钱包地址的情况，尽量整理成表格或 PDF 汇总，附上各地址用途备注（如：撸空投地址/主力交互地址/转账中继地址等）

一切围绕这笔钱是你的视角去提交"
1918941863714889893,Sun May 04 08:12:47 +0000 2025,9.8,04_onchain_alpha_airdrops,100,46,40,0,NO,"Jager空投速查领取

BSC 上 MeMe $JAGER @jager_BSC 正在进行大规模空投，要求不高，广覆盖原则，博弈玩法多样。

机制是动态减产，每增长 2.5%，空投自动减产 20%。领取越晚，拿得越少。

⚠️7 天空投期，剩余          未在此期限内领取的代币将自动重新分配至流动性奖励池。

查询Claim链接：https://t.co/mkDGaPFrzM
👆领取网址及合约已经让科学家看过了，没问题！
另外，okx web3钱包、ba web3钱包、UX也记得扫一扫

1、资格：

过去快照资格👇
BNB 链 (BSC)、Solana (SOL) 或以太坊 (ETH) 上满足以下任意一项条件，即可获得基础空投配额，快照时间3月26日。

未来4天
激励https://t.co/5bXOvpGf4c用户
原本预留给 CEX 的 3% 代币，现在将全部奖励给真正的链上用户。需要根据地址的在5月4日至7日的交易情况给予分发。

活动时间：5月4日 10:00 - 5月7日 10:00（UTC）
奖励将于活动结束后48小时内发放。

💥参与条件：
1️⃣ 新用户：交易 > 0.01 BNB
2️⃣ 老用户：交易量 > 0.1 BNB

2、代币情况

$JAGER 仅存在于 BNB Chain 上

名称：Jager Hunter
代币符号：Jager
区块链：BNB智能链
合约地址：0x74836cC0E821A6bE18e407E6388E430B689C66e9
总供应量：1460万亿

3、代币分配要点：

90.5% - 社区空投：大规模空投奖励币安生态系统和其他公链的 meme 爱好者。
7 天空投期结束后，任何未领取的 $JAGER 代币将自动添加到 $JAGER-BNB 流动池（LP）作为奖励。

4% - CEX 上市储备金：用于提供初始流动性、支付上市费用以及支持未来 CEX 上市的营销。

5.4% - 合作伙伴和营销基金：用于项目推广、品牌建设、社区活动以及与有影响力的人/KOL的合作等项目。

0.1% - 初始流动性池 (ILP)：用于在 DEX（例如 PancakeSwap）上创建初始交易对。

4、交易税

每笔交易都会产生交易税，刚开始10%，后续5%

5、空投领取

1、打开官方空投领取页面：https://t.co/mkDGaPFrzM

连接 EVM 钱包（如 MetaMask、Trust Wallet），也可绑定 Solana 钱包（如 Phantom）查看是否符合空投条件。

2、系统会自动检测并显示你的基础空投额度。

3、两种领取方式，差距极大！

✅ 选项1：立即领取
只拿 65%，剩下的代币将：
40% 奖励给愿意等待的用户
60% 用于 LP 奖励池

✅ 选项2：等待72小时
领取 100% 分配
再额外获得“即时领取者让利”的奖励分红

4、推荐计划：获得直接邀请人索取的空投金额的 9%。

获得间接邀请人（即被邀请人的邀请人）领取空投金额的 3%。

目前进度5.32%

6、玩法博弈机制

大狮兄@broleon介绍了他认为值得玩法，可以参考。

🦁一看就是曾经的defi老鸟，玩过各种盘子的老og，大狮兄大观点是若空投参与率低，94.7% 的代币将变成 LP 奖励
当前 APR 已达 1100%，到时或许能冲到几十万年化，
真正的博弈点在第8天之后的 2 池飞轮期。

官方设计了
1、空投动态递减机制
2、交易税分红机制
3、持有奖励 
3、持有奖励 
5、LP质押奖励

持有奖励：谁卖就被扣10%，不卖就能分这10%里的部分税，变相建立了持仓用户的联盟，这是典型的DeFi式“软锁仓机制”，不靠协议锁，而是靠你心疼收益不愿动。

 LP质押奖励 ： 锁币，90%供应用于LP挖矿，配上“未领取空投转入LP奖励池”这个机制，让你不仅想持币，还忍不住拉BNB进池子博高APR，像极了DeFi Summer时期那种“做市即信仰”的2池结构。这里大狮兄分享了他的策略，是延迟3天领取，另外博二池机会+挖卖提

丰密认为这波确实是“会玩的官方”：空投只是开胃菜，真正的设计是一套连环激励机制，目的是把用户留住、卷起来，还顺便拱高TVL和币价。
卖出相当于给别人分红，不卖领分红，加lp相当于吃奖励还可能价格上涨，空投延迟锁3天相当于拿更多初始空投及多拿奖励。

每一个选择都对“卖出”设置了心理障碍，而对“继续参与”开了层层激励，把用户一步步卷入博弈闭环，相当于把撸毛党变成流动性贡献者的艺术，后期看飞轮能否飞起。适合DeFi老玩家和策略型用户，

风险在于后续是否有人持续接盘、LP激励周期能否维持热度、团队是否具备长线运营能力等。

官方推特@jager_BSC
https://t.co/iWW2e1AvuP

现在是早期，后面每涨2.5%，奖励就减产20%，早鸟优势非常大，别只当它是个几刀 meme，先领为敬4

有部分人知道我想说啥，遥想当年的Aidoge+cheems，刚开始领取的时候也就几美金，疯狂的领取了几天几夜，之后暴涨500x，上百倍，每一个都是千刀大毛。不知何时能复相见。

Claim链接：
https://t.co/mkDGaPFrzM"
1891028511605035195,Sun Feb 16 07:35:05 +0000 2025,8.5,04_onchain_alpha_airdrops,22,4,14,0,NO,"Solayer 热点不断，TGE 登陆 Binance+Upbit，随后又因“创始人亏损 200 万美金”事件引发讨论。不过，@shoucccc 已发文澄清，他并非创始人，而是 Fuzzland 被 Solayer 收购后成为核心开发人员的团队成员。官方在 2025 年 1 月 8 日的博客曾进行了公告Solayer 收购 Fuzzland：https://t.co/HDrbMJzXGa

作为一个撸了Solayer的撸sir，简单说下Solayer 空投方面，主要涉及
🔹社区空投 
🔹BNB HODLer 空投。

一、项目
SOL上的Eigenlayer+Solayer 的核心重点是无限扩展 SVM
因为大叙事及未发币，在过去六个月内取得了一系列进展，在资产增长、用户增长、DeFi 生态扩展、稳定币创新 等方面展现了不错的成绩。

Solayer 六个月成果
1🔹 再质押增长
•质押资产 超 3.5 亿美元，19 万+ 存款者。
•提供 12%+ APY，并叠加 AVS 收益。
•与 3 家以上主流交易所合作，扩大市场覆盖。
2🔹 sUSD & RWA 发展
•推出 sUSD，Solana 生态内首个由国库券支持的收益型稳定币。
•sUSD 成为 Solayer 储蓄账户核心资产，支持质押、储蓄支付。
3🔹 生态 & 合作伙伴
•DeFi & 交易所：Raydium、Orca、Meteora、Kamino、Save，sSOL & sUSD 已上线。
•RWA & 质押：1 亿美元委托 SONIC，支持 Adrastea LRT 方案。
•基础设施 & 机构：与 Hashkey、AltLayer、Perena 等合作，扩展 Solana 生态。
•社区合作：与 BONK、RateX 等 Solana 生态项目联动。

之后进行了重大协议叙事升级，Solayer 不仅是一个再质押协议，还试图通过硬件优化，提升 Solana 网络在 DeFi、AI、链游等高吞吐场景下的性能表现。

核心特点变成：再质押+硬件加速+RWA 资产支持
🔹 再质押机制（Restaking）：sSOL 持有者可以再质押，提高 DeFi 应用的收益率，同时提升交易优先级和区块空间利用率。
🔹 硬件加速（InfiniSVM）：利用 SmartNIC、FPGA 等硬件优化交易执行，目标是实现 百万级 TPS，1 毫秒交易确认，突破 Solana 生态的吞吐量瓶颈。
🔹 RWA 资产支持（sUSD）：基于 真实世界资产（RWA） 的稳定币，由 美国国债收益支撑，结合链上 DeFi 体系，为 Solana 生态带来新的金融增长点。

二、空投

领取查询：https://t.co/6rMrEqHmYe
LAYER 空投申领已于 2 月 11 日 开启，持续 30 天至 2025 年 3 月 4 日结束。

领取窗口对于早期和符合条件的社区成员，Genesis Drop 的 LAYER 代币在上线时立即解锁，后续的 LAYER 代币将在接下来的 6 个月内按周期可领取。

官方$LAYER创世空投：https://t.co/fMHvbr4byA

1️⃣🚀关于社区空投
从创世空投来看，社区反馈情绪不一，有待官方改善，治理简单说下不足之处。
🔴 1. 空投细则模糊，预期管理不足
• Solayer 未提前公布具体的空投细则，没有提供透明的计算方式，并且计算规则、快照时间等全部没有。只有大致方向（sSOL 和 sUSD 持有者，合作的 DeFi 协议，以及通过合作伙伴和钱包活动向 Solayer 存款的用户），
• 不透明导致用户不确定自己是否符合资格，导致很多社区成员质疑空投发放逻辑，增加了 FUD。
• 公布快照时间，用户无法预判持仓是否有效

🔴 2. 早期贡献者回报不足
• 长期持有 sSOL/sUSD 的用户，空投远低于预期。
•• 分配机制模糊，没有公开计算公式，用户不清楚如何评估自己的空投额度，大户、普通用户、流动性提供者的分配比例不清晰，导致社区质疑分配公平性，12% 空投分配未公开细节，
•••许多持有 sSOL/sUSD 的用户 空投结果为 0，但未提供明确的计算规则。

说来说去，其实大家关心这3点
是否有“低保”+计算规则是否透明+早期用户回报

然而，必须承认，在任何大规模空投分配中，很难有一个“完美方案”，每种规则都会带来不同的公平性和市场预期管理的挑战。
Solayer 仍然有改进空间，后续如何调整激励策略，让社区用户更有信心，也是团队需要考虑的点。

2️⃣🎯 BNB HODLer 空投

币安 HODLer 空投迎来了第八期，这次的主角是 Solayer ($LAYER)——Solana 生态的再质押协议。2025 年 2 月 1 日至 2 月 6 日，持有 BNB 定期/活期理财的用户 可自动获得 $LAYER 空投，无需额外操作，直接到账现货钱包。

这次 HODLer 计划的玩法依然简单：
✅ 持有 BNB 理财（活期/定期），就能参与快照并获得空投。
✅ 无需额外操作，空投自动发放至币安现货账户。
✅ 理财收益 + 额外空投，多重增益，持有 BNB 变得更具价值。

空投分配情况：
🔹 HODLer 计划分配总量：3,000 万枚 LAYER（占代币总供应量的 3%）。
🔹 个人分配比例：根据快照期间 BNB 的持仓情况决定。
🔹 长期持有 BNB 受益更明显，尤其适合本身就有 BNB 理财计划的用户，参与 BNB 理财的用户还能叠加享受 Launchpool、Megadrop 等额外奖励，让持仓收益最大化。
详细内容：https://t.co/uvS6vpyoG1 

最近的市场非常差，大部分项目FDV 都很低，项目方哭了，投资方更是哭的稀里哗啦，为了让代币分发的更真实，很多项目采用了更真的反女巫方法与规则，有一点我不太明白，项目方当初设置的各种规则引流，就没有考虑过真正的用户哪有那么多时间来天推参与PUA的活动呢，
又是社交账号X，又是discord，又是telegram，又是积分，又是资金，又是tx ，又是反女巫，又是poh，又是徽章，又是··········又是··········又是··········
哥，你不累，我们都累了！

关于撸毛趋势与应对策略的思考，这3个问题🙋是共性问题，我也在思考，对此正在撸毛的你一起探讨下
1、未来撸毛的演变趋势：多号亏 Gas 还有机会吗？ 
2、对于L这些项目既烧 Gas 又需要社交账号做任务的项目，该如何处理？ 
3、TX是否会有用，交易量在撸毛中的作用，是否还有效？

https://t.co/JqHBHw9Qig"
1765688901711380581,Thu Mar 07 10:40:13 +0000 2024,9.8,04_onchain_alpha_airdrops,312,86,52,0,NO,"每一次大空投，不管你撸没撸到，你都需要去看官方文档。大空投背后的逻辑，奖励对象，生态对象。多看几遍没、多沉淀。
https://t.co/DDkuD5gMlU
1、Wormhole 是个牛逼互操作性平台，这套开源协议在 30 多个区块链之间移动各种类型的数据，200多个应用集成。这种工作量与兼容性-技术牛逼，23 年，Uniswap 基金会的 Bridge 评估委员会进行了第三方多月报告，主要基于安全性和去中心化实践，Wormhole 被命名为 Uniswap DAO 使用的唯一无条件批准的跨链协议-这是背书。

2、代币经济学和空投详情
分配到六个主要类别：守护者节点、社区和启动、核心贡献者、生态系统和孵化、战略网络参与者和基金会金库，
主要范围在图1

总量100 亿枚，初始流通量为 18 亿枚，其中6.17亿给用户，其中跨链的给5亿，社区的给1.17亿。
社区用户，例如 Wormhole Discord 用户、各种 NFT 社区、Monad 社区和顶级社区用户10,000 个 Pyth 质押者。
比如badkids，madlads ，monad，

3、资格标准以及如何确定资格
一句话：过往3年，用过产品，排除女巫。
优先级是根据用户参与虫洞协议的时间长短、消息和传输的累积量、整个协议生命周期内的使用一致性以及生态系统内应用程序的参与情况来分配的，集合的产品线有200多个应用，但是最直接的还是https://t.co/oI2YddejY6

4、快照 2024 年 2 月 6 日，100万里选出了40w地址。

5、虫洞W DAO 治理
可委托可投票等一系列措施。

6、claim 检查
https://t.co/MQD2HphR58

丰密：在使用portalbridge时，许多人经常在资产兑换环节遇到困难。由于虫洞支持的网络众多，容易在交互过程中迷失或丢失资产。有时，卡顿情况下需要通过Resume来找回资产，亦或者对于网络不支持该资产。对于新手来说，这可能会让他们感到迷茫，但对于经验丰富的老手来说，他们能够准确地把握要点，以最少的成本完成任务，并确保高质量的结果。例如，我提出的sol资金路径大法结合sol生态辅助协议，提供了与众不同的差异性和高质量的解决方案。长期的追踪和实践是至关重要的，每一次努力都是为了更好地实践这一理念。

3个最早专注的桥，Next+W+L0，只剩下L0了，希望他早早醒悟，L0没有别的策略，一直提倡嵌入式交互，随机性且专注STG桥就行了。没有那么多姿势万千，大道至简。

#W #Wormhole"
2092801426154193053,Thu Aug 27 02:28:37 +0000 2026,7.1,04_onchain_alpha_airdrops,31,1,42,0,NO,"我一直都有在用Foresight News的网页版和APP。这次FN算是把UI和功能整体重新优化了，刚好赶上最近行情好起来了，时间点挺合适。

我平时看得最多的三个：快讯、日历、专题。

我工作电脑上常年都会开着FN的日历和快讯页面，基本不关。对我来说更像是每天工作流里固定开着的一个窗口。日历这个功能我用了很多年。最早的时候是直接把FN的订阅链接导进Google日历，可以看到日历表上的一些重要项目节点。现在他们自己做了日历面板，可以看未来有什么重要事情，也能翻历史上的今天发生过什么，看到这个恍如昨日的感觉，总会让我陷入无尽的回想。比如23号，写着2021 年的今天OpenSea 单日交易额首次突破1亿美元，而事到如今Opensea依然没有发币·······

这个功能看起来很简单，但对长期泡在行业里的人其实很实用。

快讯就更直接。现在行业信息实在太多，不可能每条都认真看。FN会把重要内容直接标红，我平时基本就是快速扫一遍。

专题以前我看得比较多的是Web3项目、空投、交互这些内容。他们有个栏目应该很多撸sir有看过「左手打新，右手交互」。除此之外一些项目专题、人物专访也值得看。

还记得第一次见@Chloeppan好像就是在香港那场「遇见」活动。一直挺喜欢FN那句slogan：

不忘来时路，专注加密，等待新周期，一起「遇见」未来。"
2082031324538470519,Tue Jul 28 09:12:04 +0000 2026,4.3,04_onchain_alpha_airdrops,23,0,29,0,NO,"说重点说结论：值得去看，明晚9:30。

老孙@sunlc_crypto 是33dao成员，而33dao是那个传说的存在，在过去的周期基本覆盖全员自由。牛逼的点不限于空投.meme.美股。"
1953740282434138313,Fri Aug 08 08:49:16 +0000 2025,7.6,04_onchain_alpha_airdrops,93,26,30,0,NO,"🔐 Zama @zama_fhe上个月刚完成新一轮融资 5700 万美元，累计融资已超 1.3 亿

同时推出白皮书，明确提出将发行 $ZAMA 代币，社区热度非常高。目前公会任务开放中，参与门槛是主网上 ≥0.1 ETH 或 250 USDC，另外官方重点强调的是开发者生态，野心极大。

FHE这个赛道算是真正进入大众视野，FHE（全同态加密）这个长期被称为“密码学圣杯”的方向正在被彻底点燃，也正式将 FHE 从理论圣杯拉入产业应用落地周期。

FHE实在是太复杂了，项目其实并不多，把 FHE 真正用起来，已经上线的 @mindnetwork_xyz  算是其中一个。

Mind Network是目前唯一直接以 $FHE 为代币名的项目，从币安钱包 IDO 起步，短时间内已上线 Alpha、Bybit、Bitget、Gate、Kraken 等多个主流平台。

而除了拥抱 FHE + AI 的基本叙事外，他们最近给 RWA 领域带来了一件很重要的事：

正式推出：

✉️ 「链上加密消息协议」Encrypted Messaging Onchain 

官方站点：https://t.co/oW3sSFJJsw

它干嘛的？这是一个专为 RWA 提出的优化级解决方案，让链上交易不仅能转账，还能讲明白，更能讲得私密。
它能让你在链上转账时，同时发一封结构化、加密的指令消息给对方， 像 SWIFT 报文写得清清楚楚，只有指定接收者能看到，且带审计、可追踪、不可篡改，还可封装成 NFT 留存。

📌这个还挺重要的，因为 RWA 真正要上链，RWA 真正上链，光靠资产转移是不够的，真正重要的，是那一整套交易语义和合规通信该如何表达。更关键的是交易背后的“语义 + 合规 + 监管”也要能被表达、验证、追踪。

在传统金融体系里，一笔跨境支付，不是单纯打个钱完事，背后有一整套 SWIFT 报文系统在传递关键信息：
谁付款、谁收款？金额、用途、KYC ID、币种、税票编号？甚至是否符合 AML/监管要求？
这些报文是金融系统里真正的语义指令与合规数据。

而链上呢？
✅可以签名，可以转账，却没有原生协议去表达这些结构化、私密、可审计的信息。

Mind Network 的 链上加密消息协议 Encrypted Messaging Onchain ，正是补上这一基础设施缺口。它让你在链上完成资产转移的同时，也能附上一封结构化、加密、可验证的信息报文。
未来的用例也会非常之广，比如RWA，稳定币结算系统，信用证和贷款数据，链上智能 Agent 协作等。

如果 RWA 真能火起来，数据加密和验证这一层也会变得非常重要且有价值，它不仅决定资金能否合规落地，也直接影响跨境金融、供应链结算等高价值场景的可行性。

🧩另外，Mind 想要构建的不是单一产品，而是一个适配未来 AI 世界的「安全协作底座」，试图让每一笔链上交互都自带语义、隐私与合规属性。
他们为这个愿景起了个名字：🌐Agentic World

这是一个以 FHE 为底层、专为 AI 代理协作与跨链数据交互而设计的加密计算网络。
在这个世界中，AI Agent 之间可以共享数据、交互逻辑，但全过程默认加密、可验证、可控可审计。

🧩同时，Mind Network 已与多个 Crypto x AI 先锋项目展开合作，包括：

→Viturals Protocol、Swarms、ai16z、https://t.co/C3V8HAQ65D 等，推动 FHE 在多代理系统中的集成；

→与 Swarms 共同推出 Swarms Shield Hub：为 AI Agent 之间构建企业级安全通信网络，解决现实数据协作中的隐私风险。
→最重要的可能是Web2 破圈：Mind x BytePlus（字节跳动），与字节跳动旗下云平台 BytePlus 正式签署 MOU，成为首个进入字节生态的 Web3 项目
亮点内容包括：
1、MCP 协议与 AgenticWorld 架构被正式嵌入 BytePlus 云服务；
2、支持 TikTok、Coze、飞书（Lark） 等平台的 AI 隐私服务需求；
3、企业可“一键部署 FHE 服务”，极大降低隐私合规门槛；
4、为未来与 Coze AI Agent 平台 与 Lark 企业系统的深度整合铺路，目前COZE上线短时间内已经有几千Web2用户进场了，未来可期。"
1928050677986775069,Thu May 29 11:27:57 +0000 2025,6.7,04_onchain_alpha_airdrops,18,1,6,0,NO,"Mira 正在解决 AI 的关键难题：输出是否可信。

它专注 AI 生命周期中最关键的一环：对结果进行评分与治理，连接模型、数据与现实世界，构建信任层。

这张图上展示的，而是清晰展示了超 20 个真实项目，已将 Mira 的 API 或信任机制集成应用场景中。验证，正在成为 AI 走向现实的关键一跳，不是概念，是落地。

如何参与？
我上次写了个推，把其投资方与个人投资人都细看了下，有亏友就问到了如何参与？https://t.co/hzzODZvIyN

目前来看，直接切入的地方不多，模型方面nous等都不太好参与，monad公链里也没啥可以互动的地方。
最直接的应该是直接的使用集成app工具。

比如Klok @clok_app ，直接写明了由mira提供支持，赚奖励

使用👉https://t.co/MAjiorT921

钱包登陆绑定邮箱注册，这里写明了聊天使用积分与邀请积分。

这种模式的过往空投里，我印象里只记得@Spectral拿到了非常高的奖励，一个AI智能网络，几句通俗的语言就能帮你部署代币等，当时单号有几千美金，注册之后，随意在测试网部署几个token，非常之冷门的协议。

后续还有啥东西，看到了会分享"
1612374517439172610,Mon Jan 09 09:03:36 +0000 2023,5.1,04_onchain_alpha_airdrops,50,9,13,0,NO,"丰密一直有个观点：
未来的生态空投，特别是Rollup，最核心最重要的指标：真实活跃用户，并且会从简单的交互次数逐步引入“周活跃加权函数”，你用的越早，活跃的周期数越多，未来能获得的空投数呈线性增长。同时看E主网数据。
要点🤑：
真实，用的早，活跃周期多，
举例🌰
ZKS主网上线至今每周你都用 https://t.co/uEoHTKkrwj"
1983563043129979264,Wed Oct 29 15:54:16 +0000 2025,6.8,04_onchain_alpha_airdrops,86,0,41,0,NO,"GAIB 的核心资产AID/sAID 主网上线
意味着 GAIB 从之前的积分预热进入真实资产与现金流映射阶段，Season 2 既是用户迁移与留存的关键期，也是 TGE 与空投的前奏。

此外官方留了三大悬念：
1、具体TGE 时间
2、空投方式
3、NFT 权益

如果在玩Gaib，核心是知道AID

AID：AI合成美元的意思，结算与流通代币，背后有透明储备与资产锚定。
sAID：质押凭证，AID本身不产生收益，但用户可以质押它来赚取收益，每质押一个AID，即可获得一个sAID，这是一个流动收据代币，代表其质押仓位的份额。随着投资组合产生收益，sAID也会累积相应的收益。

GAIB做的事情就是把“机器人和算力”变成了能上链的生意份额，无论是出租GPU 的算力，还是机器人接到服务订单，甚至每秒消耗的计算资源，都会不断产出收益，这些收益会被记录并映射到区块链上，变成可以组合的金融资产，让大家一起持股、一起分红。"
1959481971026866558,Sun Aug 24 05:04:41 +0000 2025,8.2,04_onchain_alpha_airdrops,68,11,40,0,NO,"💰伦巴第 Lombard @Lombard_Finance 估值 4.5 亿，代币打新还冲不冲？

我还是沿用之前写 Buidlpad严选 Solayer、Sahara 的思路，说说我的观点。

打新基本信息
• 筹资额度：675 万美金
• 分发占比：1.5%
• FDV：4.5 亿美金
• 平台：Buidlpad @buidlpad
• 解锁：100%
• 单号额度：50-5000 美金
• 时间：9.1-9.4
• KYC：需要

1、建议
没啥建议，无脑冲，毫无疑问会有好结果。

2、FDV 4.5 亿，贵不贵？

➤ 单纯从 BTCFi 协议对比看，确实不便宜
1、赛道大哥 Babylon 融 9600 万，FDV 5.55 亿，二级表现一路拉胯，还带崩了整个 BTCFi。
2、我跟不少老哥聊过，大家都对此看不懂。
3、其他 BTC 大项目也大多在十亿上下 FDV，很多 BTCFi 协议 FDV 更低。
所以，单横向只看融资和fdv及btcfi视角来看，Lombard 4.5 亿像是溢价。

➤ 但换个角度看，也能说得通

1、Lombard 旗舰产品就是 $LBTC ，是目前全网最大 BTC 生息代币，市占率 57%，供应量仅次于 WBTC、BTCB、cbBTC，是最大的 BTC 质押资产，重点是 LBTC 自带收益的资产。

2、它不是比特币的 Layer2，也不是单纯的质押协议，而是一个全栈基础设施，把 BTC 资金和 DeFi 应用直接打通，已覆盖 ETH、Base、Sui、Solana、BNB 等 12 条链，并整合进 Aave、Pendle、Morpho、Spark、https://t.co/BETaSooBGp 等头部协议，累计了引导 20 亿美元比特币上链，Vault 的 TVL 超过7 亿美金，成为唯一与 Aave 等顶级协议合作的比特币流动性供应商，LBTC已经被100多个defi协议支持，生态与集成方面做的非常好。

3、就像当年 Tether/Circle 把美元稳定币带入区块链，改变了整个行业，如今Circle 的市值超过300亿美金，主要原因是它们控制了稳定币的基础流动性。Lombard 正在做同样的事，只不过对象换成了比特币，把比特币从“冷存储”拉出来，变成链上的生息资产。那我们可以看到它不是一个简单的质押协议，而是 BTC 流动性入口，未来如果能持续扩大份额，成为BTC流动性之王，那它就更像是 BTC 的 Circle的存在。

4、对比 Ethena，Ethena 在稳定币市场里，靠一个能生息的 USDe+ 金库机制，一路拉到百亿美金市值。如果把Lombard 的 $LBTC 看作是 BTC 版的 USDe，背靠的是 2.2 万亿美金的 BTC 市场，天花板是不是也挺好，当然这个资产甚至更干净，因为它是完全 BTC 背书的、并且能直接作为 DeFi 抵押物使用。

5、对标 stETH ，stETH是通过Lido抵押的ETH，在结构上，在我看来，都是同一套思路，质押核心资产之后生成可交易的代币，然后做收益增值，DeFi整合，$LBTC 的定位就是比特币的 stETH，但带收益，且跨链+机构级别安全护航，如果 BTC 的质押赛道能走出 ETH 的那条路，那么 4.5 亿的 FDV其实就不贵。

6、在我看来，看估值要看「角色位」+「生态位」，Lombard 做的是BTC流动性基建。

为什么我偏向冲的还有一层原因是平台背书 + 投资者矩阵，Buidlpad 连续两期严选成功，这和创始人 Erick 的履历高度相关，前 Binance 高管、现 Nomad Capital 管理合伙人，并亲自主导 Buidlpad 的产品与筛选机制，Lombard 种子轮 $16M 由 Polychain 领投，Franklin、Nomad 、OKX、Robot 、Mirana、Foresight、dao5、HTX 、Babylon 等参与，随后又获YZi Labs 战略支持。这个些机构的背书算是非常顶的。如果未来TGE之后有了代币加持，协议表现好的情况下，很有可能在融资方面会有更大的融资。

LBTC去年8/9月正式开启，当时印象比较深刻的是有人直接存了1000个BTC，我个人也是长期的积极参与者，推文也有分享如何参与Lombard，当时主要是把BTC换成LBTC，去撸babylon，berachain，satlayer，morpho，symbiotic，收益目前其实表现一般般，当然主要作用是拿住了BTC，能让LBTC做资产抵押提升资金效率。在去年babylon香港小范围的活动上，我见到过创始人jacob @JacobPPhillips，一个精神小伙，期待团队能在继续强化产品与技术，做好生态与集成，加强TradFi 机构合作的同时，给积极支持LBTC的持仓人满意的回报，空投能给力一点。

🤑参与打新：
1、网址https://t.co/7d026QItVX
2、如果你之前写过Lombard相关的内容，在8月25日前，提交至此页面：https://t.co/7d026QItVX，因为项目方把 10% 的预售份额留给了内容创作者。
3、正常打阶段，持有 Lombard 的 LBTC 资产或 Lux 积分的钱包，网址里说了有更高的贡献限额和更高的优先分配额度。
4、关于kyc的问题，懂得都懂，没有钱解决不了的问题。一次使用，终身受益。"
1643268637887991816,Tue Apr 04 15:05:48 +0000 2023,6.2,04_onchain_alpha_airdrops,49,14,14,0,NO,"最近一次奶了一口他。

LayerZero 在 B 轮融资中筹集了 1.2 亿美元，估值 30 亿美元，a16z Crypto、红杉资本、Circle Ventures、Samsung Next、OpenSea 和佳士得等参投，共有 33 位投资者。33🚀

丰密曾经1刀一个（暴涨20倍+啦）。买入持仓kuiqian排名第二，不可见的钱包排名·····。

33DAO很早多次🪜 https://t.co/572zaH0gjN"
2069442135208960436,Tue Jun 23 15:27:08 +0000 2026,7.7,04_onchain_alpha_airdrops,33,2,44,0,NO,"恭喜这个亏友「空白老弟」在Arcium上0撸万刀。

Arcium当时进入我的关注视野，主要是因为它做的是隐私计算方向。它融资资源不错，上过CoinList，有测试网，也有比较明确的代币方案，是一个技术壁垒比较高、Solana生态站位不错的标的。

当时仔细研究后发现，Arcium不是做一条新链，也不是单纯做隐私转账，而是想给Solana以及未来更多链做一个隐私功能，任何项目都可以调用这个去中心化保密计算协议。技术底层主要围绕MPC多方安全计算来做，核心是保留链上的可验证性，同时隐藏敏感输入数据。当时我还专门对比过Nillion、Zama这些项目，看它们各自到底怎么跑。

用户/应用/机构可以在不暴露原始数据的情况下完成计算。这个方向放到如今爆火的AI时代也很适配，比如AI可以对用户隐私数据做推理，但模型或节点看不到原始数据。

项目发币ARX也陆续上了多个交易所。今天又上了Upbit，也上线了合约。放到现在看，3.5亿左右FDV其实还可以。中长期来看还是取决于真实计算需求、节点网络、ZINC/Umbra/Crafts这类生态应用能不能持续产生收入。

撸毛：很多人说撸毛已死。确实，当下太难了。

但我必须说，每个人对撸毛的定义不一样，方法和策略也完全不一样。
我这里说的，是链上高质量撸毛，也是这一路走来的Kuigas @kuigas打法：作为很多项目的深度参与者，用高质量Tx成为高质量用户。

100%可以肯定的是，他们不是简单点任务的人，而是真实的大仓位资金提供者、Gas消耗者、产品测试者、风险承担者，也是很多早期协议最需要的核心用户。

正因为深，所以爱。但可以肯定的是，低质量撸毛肯定不行了。

以前那套批量号、机械交互、群控系统堆钱包、简单测试的积分套路，最后等项目方开奖的玩法，现在越来越难。女巫、反撸、延期、低分配、不发币不上所，随处可见。

机会还有没有？肯定还有。只是打法变了。

冷门项目、早期判断、真实贡献、社区价值、内容创作、长期产品反馈，这些反而越来越重要。还是我前几天重点说的：

🐝丰密亏钱公式=成本+赔率+风险+机会+策略。

另外亏友说的几个项目细节稍微有点偏差。比如Nillion、Move其实都是丰密按头项目。过往按头项目的赔率整体还是相当高的。这是过往4年每个月一次线上月会沟通的成果。

只是时代可能真的变了。
但无论如何，我丰密与大家同在。"
2077067058022699310,Tue Jul 14 16:25:51 +0000 2026,5.7,04_onchain_alpha_airdrops,36,3,77,0,NO,"看到小狐狸@MetaMask也10岁了，顺手点进去才发现，这个坐拥143万关注的钱包账号，居然关注了丰密@kuigas。难道我撸毛这些年，终究还是惊动项目方了？

有意思的是，👇这个官推力发布了一个链接，链接小狐狸可以看到钱包地址过去的数据。大家可以去试试。

我随便丢了个地址进去，数据纬度非常多，
比如亏掉的Gas是1.04ETH，405个NFT，20424次交易，交易金额153万美金·········

想起小狐狸，曾经最大的链上钱包入口，我还记得手动配置RPC的年代，那时候每去一条新链，都要自己找网络名称、RPC地址、Chain ID、浏览器等。对于新人来说其实还是有门槛的，然后就有了第一次连接DeFi网站，跨链、授权、第一次领空投，第一次被盗，第一次·············
很多人的链上hash，都是从那只小狐狸开始的。

当然，大部分人依然忍不住想问的是那个：WHEN？"
1827757056239325229,Sun Aug 25 17:16:54 +0000 2024,4.5,04_onchain_alpha_airdrops,49,8,15,0,NO,"前几天BA上了Alpaha羊驼🦙@AlpacaFinance的合约
想起来多年前在bsc上的defi生涯，这是一个绕不开的项目。
但是很多人估计都忘了自己的钱包里还躺着alpaha代币，我看合约里还有78万美金羊驼代币。
试着在https://t.co/4oq4UDk38b 丢入你的钱包，在bsc链上查下是不是你有质押这个代币（撸过银河女孩的可能都有质押），在官网已经找不回了。需要通过合约提取。
提取方法
1、打开合约网址
https://t.co/2yzpG8z1j4
2、连接到 Web3 ”钱包，钱包网络配置成BNB Chain
3、单击“ 17. withdraw (0x3ccfd60b) ”框。单击“写入”，在钱包中收到一个弹出通知，确认，搞定。"
1920409463988891856,Thu May 08 09:24:30 +0000 2025,6.8,04_onchain_alpha_airdrops,56,3,43,0,NO,"到底要不要返乡创业，搞一波撸毛产业带动农村就业？

验证人脸、存款打分、刷任务积分，无污染、无能耗、无排放，带动我国农村就业！
以家庭为单位，以村为阵地的独创高质量产业发展路线，这种创业这应该算是绿色产业吧？

过去几年，我们在链上撸空投，靠交互、靠形成真实用户、靠预判谁会发币、什么时候发。

但大多数时候，其实我们在和一个「未知系统」博弈，没有规则、不讲逻辑、最后还要看团队良心与格局。

而现在，交易所直接把资产分发做成产品化的发行平台，项目方也愿意配大量 Token 出来搞（明确性的参与逻辑），这背后其实反映了一个现实，
对项目方而言，这是一场资源配置博弈，给链上用户发币与给交易所用户发币的分发方式完全不一样。

对用户而言，我们开始看到 “资产发行权”从协议手里转向平台和流量端，

这里是好还是坏，主要定位「用户」类型，对于我这种kuigas类型肯定是坏事！对于交易所用户是好事，千人千面不好定论。

这个上过央视的肚兜NFT（Doodles），终于要发币tge了。曾经陪她风风雨雨，买进卖出NFT、众筹·….一步一步看她成长，千挑万选终于把自己熬成剩女。
就像陪伴多年的女神，终于要嫁作他人妇、生儿育女了。

青春走到这，NFT的岁月结束了。

眼里泛光，嘟囔一句：谁没有年轻过啊"
1753284251204956319,Fri Feb 02 05:08:34 +0000 2024,7.6,04_onchain_alpha_airdrops,51,22,10,0,NO,"DYM空投 $DYM  已陆续空投至钱包

网络🛜配置-电脑💻插件：手动添加网络
1、小狐狸左上角最下面 选择：手动添加网络
2、复制输入相关参数：
网络名称 : Dymension  
RPC：https://t.co/XifF4xiuGw…
链 ID : 1100 
货币符号 : DYM

#OKX 手机web3钱包设置，找到web3钱包总览，选择自定义网络网络-添加网络-复制上述参数-然后说：舒服叻，数量可能翻倍还值钱，看你喊的多大声

#OKX 如果你导入了你的常用钱包，在giveaway可以领取参与很多热门空投，该有的都会有。

另外OKX钱包@okxchinese与@DeFi 强强联合合作，解锁了超级多功能。
1-监视其N个网络资产
2-扫描资产：适合多账号使用#DE_FI SuperApp一次将其OKX Exchange和OKX钱包投资组合捆绑！
3、智能合约审核，取消授权等一系列自行探索解锁吧"
1905118997890343320,Thu Mar 27 04:45:39 +0000 2025,7.1,04_onchain_alpha_airdrops,32,3,22,0,NO,"Unizen DAO登陆 BSC，开启链上治理+回购机制双驱动

Unizen这个项目我的理解是这样类比：它相当于定位 DeFi 领域的“中央银行报价”系统，但它的运作方式更接近于一个智能流动性分配者，类似于：全球最优汇率报价匹配引擎。能够在跨链 & 跨市场环境中找到最低滑点、最高收益的交易路径。它的角色更像是金融市场中的做市商和流动性聚合器的结合体，帮助用户在 DeFi 生态中获取最优报价。

交易Dapp：https://t.co/regEKVHLzb

BNB Chain 生态持续升温，Meme币上周交易量突破100 亿美元，多个IDO 项目轮番登场，链上热度不断攀升。而Unizen 作为DEX 聚合器也抓住机会，宣布与DeXe 协议达成战略合作，通过接入BNB 链上的DeXe DAO平台，正式将DAO治理搬上BNB Chain，开启社区驱动的新篇章，并同步上线 LP 质押激励计划。

借助 DeXe Protocol 的治理基础设施，Unizen DAO @unizen_io带来了：
-完全链上治理：社区说了算，投票决定 Unizen 的发展方向，掌握主动权。
--去中心化流动性激励：支持 BNB Chain 上的 LP 质押，用户边质押边收益。
---高效决策执行：治理提案通过后，自动链上执行，快速透明不拖沓。

作为治理升级的补充，Unizen 也将其Earn 2.0 工具拓展至 BNB Chain，推出全新的LP质押激励机制。链上用户可通过在 BNB Chain 上提供流动性来赚取收益，同时强化 Unizen 对社区参与的奖励机制。

Earn 2.0 的此次演进聚焦于：
-更高收益的 LP 质押机会
-增强的跨链流动性支持
-更稳健的整体生态流动性基础

通过整合 BNB Chain 流动性池，Unizen 致力于进一步提升生态的整体流动性水平，助推 DeFi 市场走向更可持续的结构。
这一系列动作不仅巩固了 Unizen 在 跨链交易与流动性聚合赛道的定位，也进一步实现了平台治理的去中心化，使 Unizen 生态在多链扩展过程中更加健康、有韧性。

1、Unizen：DeFi 领域的顶先流动性路由器
Unizen 是一个去中心化流动性路由器，为大型 DEX 聚合器、钱包、意图驱动交易架构和元聚合器提供交易优化方案。它结合了AMM（自动做市商）、PMM（预言机做市商）和定制LP（流动性提供者），覆盖了17条区块链，已覆盖 17 条区块链，致力于提供 最高收益和最低滑点的交易体验。

作为流动性聚合的核心基础设施，Unizen 将 200+ DEX、多个私人做市商以及 Unizen 独家LP机制整合至同一笔交易中，确保用户获得最优报价。得益于其高效的流动性路由器，Unizen 成为寻找最佳交易路径时的首选解决方案。

目前，Unizen 已接入 200+ DEX，并与多个顶级做市商合作，近期即将上线的重要合作伙伴包括：

CowSwap（3月）——每日交易量 2 亿美元
BeBop（3月）——每日交易量 6000 万美元
Across、Conveyor、Wormhole（4月）
此外，Unizen 已被某头部交易聚合器选为 要交易路由之一，预计每天新增 1 亿+ 美元交易量，并计划在 Q2 交易量突破 4 亿美元！这一交易体量意味着更深的市场流动性、更优的交易执行体验，同时也为 $ZCX 代币带来更多价值支撑。Unizen 的这一系列布局，使其在去中心化交易、跨链聚合和流动性挖矿 领域处于领先地位，成为 DeFi 市场中最具潜力的流动性解决方案之一。

2、Unizen 已发行代币 $ZCX ，并启动了高比例回购销毁计划，以减少市场流通量，提升代币价值。近期 dYdX、Jupiter、Aave等项目纷纷发起回购，市场情绪高涨，而 Unizen 也不例外。

1️⃣100% 交易收益将用于回购并销毁 $ZCX，持续减少市场供应。
2️⃣Unizen 交易分成 30%，当所有合作伙伴上线后，预计日均交易量 1.2 亿美元。
3️⃣预计每日回购销毁 8 万美元的代币，长期推动币价上涨。

3、BNB Chain 繁荣，Unizen是高效的基础设施工具。
BNB Chain生态交易量和流动性不断攀升，越来越多的 DeFi 项目选择在 BNB Chain上扩展业务。Unizen作为领先的去中心化流动性路由器，通过多链聚合能力为用户提供最优交易报价和更多交易机会。对DeFi用户来说，这是配置高效基础设施、深挖BNB生态机遇的好时机。未来，Unizen将持续优化流动性方案，借助DAO赋能，共同推动DeFi生态迈向新高度。

@unizen_io
官方网站: https://t.co/tmqOzGLQm2
官方推特https://t.co/xEJatnSR9Y"
1615746757723574273,Wed Jan 18 16:23:40 +0000 2023,4.3,04_onchain_alpha_airdrops,23,1,18,0,NO,"它来了，没有广告，没有宣传，但，他来了。
买图片的，买B得，买E的，买土狗的～～～
玩合约的，刷K线的，撸毛的。
配置已经已经帮你们选好了。
16寸，64G
你们记得付钱，不付，也会亏没得。 https://t.co/YyHKEwjeeF"
1871462185152733681,Tue Dec 24 07:45:29 +0000 2024,4.3,04_onchain_alpha_airdrops,16,1,0,0,NO,@colinwu 是的工作电脑与热钱包多的撸空投交互电脑需要分开，我个人配置了7台mac pro电脑，是直接做的物理隔离。冷钱包适合大额存储，多号还是没那么方便，吴老师，各种链接会议务必小心。
1969758981678944593,Sun Sep 21 13:41:52 +0000 2025,8.0,04_onchain_alpha_airdrops,88,4,41,0,NO,"卖飞百万U，抄底失败，干脆来买橙17，没预约没货！
买了传说最值得买的airpods pro，才发前几个月刚买过airpod。

一切都说明：机会是留给💯准备好的人，但真正的结果还需要天时地利人和。

1.卖飞百万u，主要是aster的早期投资。按照经验认为开盘会被砸盘，计划准备先卖后买，分别在开盘1秒钟挂单卖出，之后网页崩溃，在app端发现非常流畅，卖出剩余一半，之后，挂单0.04-0.06买进，一颗都没买到，
→ 执行层面差一个瞬间，就失之交臂。

2.另外准备了几m的资金准备抄底买入.只挂了一部分订单，鉴于网页崩溃，默认为空投筹码以及换币筹码还没到来，没仔细盯筹码结构，错失良机，这里我复盘时发现暴露自己的问题还挺多的，对于大机会大项目面前，比如明确自己的重心，应该拆分各个阶段做更详细的准备及计划，专注核心点等等

3.关于投资，我记得早期投的时候市场非常惨淡，没人愿意再继续参与这类投资，条款也并不好，大部分的共识是kol轮很鸡肋，但其实我个人参与的投资非常多，我过滤过所有项目失败的好像只有2个，这几年一线投研撸猫毛，看的项目基本上命中率很高，当时判断aster是生态级卡位项目，看好，我在很多评论区也经常说aster是重点项目之一，当时这个项目是何必老师喊我的，他后来说基本上10个有5个不投，1个不打钱，剩下1个然后就没有然后了，喊人投没有利益还怕大伙亏钱，其实挺难的，真正能参与的其实都是一线真正的degen，还有就是不差钱相信人的，这跟去年我按头喊move是一样一样的。对于真正投了的机构还是个人，我更觉得因该多使用产品，多用协议，提出反馈意见，多根项目方团队沟通聊产品聊细节等，总之要贡献。

4.空投部分，基本上都是组合aster lighter bp开单交易，也有部分存usdf质押成asusdf吃收益。交易部分在撸链上项目的时候，单独一台电脑开开单，经常没时间注意就会被套，以至于我昨天claim airdrop 才发现个别账号还有单没平。空投部分挺香的，收益率爆表，卖的价格第二天相比前一晚已经很炸裂了，但前一晚没抄到底，其实claim都不太香，总感觉缺少点啥。

啰嗦了哈，台风🌀，下暴雨，躲雨中！
我本来想买个 表，但我又怕买了个表"
2049424804529553565,Wed Apr 29 09:45:24 +0000 2026,6.7,04_onchain_alpha_airdrops,30,3,34,0,NO,"Gensyn 这个 $AI ticker 真的太好了。 $AI 这个名字自带记忆点，以后只要市场炒AI，很多人可能第一反应就会想到它。

1、撸毛圈的人应该都知道这个项目，算是a16z一直奶的项目之一。早在 2023 年之前，它就已经融了接近5000万，当时a16z、CoinFund领投的。到了2025年底又连续搞了两笔接近3000万的钱，一笔是a16z领投，投前估值10 亿，另一笔是社区公募， FDV 反而低于 5 亿😅。项目前后算起来合计融了8000 万吧。

2、提前恭喜撸到测试网，这项目测试网是有空投的， $AI 总量 100 亿枚，公募了 3 亿枚，官方文档里写了Testnet Rewards测试网早期用户奖励2%，也就是2亿枚，目前还没看到相关空投细则，如果项目FDV在10亿+，相当于有2000万美金奖励，份额占比不算多，应该是实打实给社区用户的。这年头能给测试网的用户奖励的，不容易啊。
这个项目我也算是盯了很久，苦于早期没有参与机会，去年3月启动了测试网，当时搞perp去了没有参与。

3、a16z一直看好Gensyn，我觉得重点不是它搞了一个 AI 应用，也不是套了一个Agent 概念，而是Gensyn想做的是全栈 AI 基建。这也很符合a16z的项目类型风格。
在他们的文章里经常说AI 最大的问题之一就是太中心化了。算力数据模型都在少数公司手里，训练和推理过程很难被外部验证。
Gensyn 想做的是另一套东西：把 AI 运行需要的算力、数据、模型训练、身份验证、结算和信息市场，放进一个开放可验证去中心化的网络里。让全球设备参与（有点depin模式），让模型有链上身份，训练和推理过程可以被验证，结果可以直接链上结算。最后目标为去中心化 AI 提供底层框架。

4、不得不说Gensyn 挺会玩的，主网上线就直接上了当下很热门的预测类产品delphi，这个跟其他的预测产品还有点不一样，后期市场接受程度如何还不知道，但是有意思的是delphi的费用机制直接和 $AI 绑定。平台统一抽取 0.5% 交易手续费，进入 $AI 回购金库，其中 70% 用于在 uniswap 回购并销毁AI代币。也就是说，gensyn试图用产品推到业务活动里，让所有人能感知到，并且产生真实交易、真实收入，去提升整个协议和代币的长期价值捕获。
很多基础设施项目，只有愿景，没有项目，没有收入，这一点我觉得很多项目方都应该学习。

5、目前 Coinbase、Kraken、Kucoin 已经宣布上线，如果后面 Binance、OKX 、韩所再补上，那基本就是大满贯级别。我个人觉得都会上。撸到的要赚一笔了。恭喜他们"
1995844551169470724,Tue Dec 02 13:16:36 +0000 2025,8.2,04_onchain_alpha_airdrops,60,3,33,0,NO,"Solana 最大自营 AMM —— HumidiFi @humidifi首发上线 Jupiter DTF，发行 $WET

1、该项目我查了下0融资，无外部投资人，本次预售10%，根据代币经济学在 TGE 的真实流通比例 ≈ 14.45%

2、Jupiter 近 50% 的交易路由都流向 HumidiFi，其核心架构采用暗池+ 算法定价模型，可以实现极低滑点，极低 CU 成本，高效率链上报价能力。这也是它能长期承接 Jup大体量路由的根本原因。
比如查询可以打开https://t.co/DhJ9qZGOUb，在界面里↓下面找到路由Route。

3、本次除了项目之外亮点是Jupiter 的DTF，核心解决方案原则是透明、确定与公平。
>100% 代币供应链上披露，每一枚代币归属公开透明，全链上披露。
>全部锁仓由 Jupiter 套件自动执行，非人工操作，不能修改、不能提前解锁。
>代币即时上线，流动性完全由 Meteora 套件保障
不依赖外部做市商
>FCFS（先到先得）机制，避免超额认购，也避免巨鲸包场。
我仔细阅读并详细理解jup这个模式这一套设计，
本质上就是：用程序规则彻底消灭一切人为暗箱。

4、$WET 最大供应量： 10 亿枚（固定总量），预售部分（10%），其中：
➤Wetlist（6%）给：HumidiFi 用户、活跃贡献者、Discord 社区，通过 Jupiter DTF 白名单分配。
快照时间：2025.11.11 11:11:11
重点奖励：顶级交易者（按交易量 + 成就）

➤Jupiter 质押者（2%），单独给 JUP 质押用户

➤公售（2%），先到先得（FCFS）公开参与

时间：12 月 3 日，

5、个人观点：推荐参与，

JUP是很多生态项目值得学习的榜样，jupiter @JupiterExchange 是 Solana 上最主要的 DEX 聚合器，自动帮用户找到最优交易路径／最低滑点。在好多年前，我们都是推荐找jup交易，之后才造就了后来给的大毛空投「meme测试+jup自身代币」，当时我记得meme币价值500u，jup少的也价值1000美金，其JLP也很成功，除了普通 Swap，它还支持更丰富功能／产品 ， 限价单、定投 (DCA)、永续合约 (perp)、预测prediction，最新推出的借贷lend，已经成为Solana 生态内基建、效率、流动性聚合 、扩展性最强的基础设施。

这一点是很值得很多生态学习的，搞七搞八的，还不如打造最强单品。

这次创新DTF，开局不至于太拉跨。"
1994455710399434885,Fri Nov 28 17:17:51 +0000 2025,7.2,04_onchain_alpha_airdrops,73,2,45,0,NO,"如果未来一定是 AI 和真人长期共存的世界，那“如何在不出卖隐私的前提下证明你是人”，就是一个迟早绕不开的终极问题，而 Billions 押注的就是这个。

在【数字身份 + ZKP 隐私保护】这个赛道里，被 Coinbase Ventures 投过的项目其实只有两个：Worldcoin 和 Billions @billions_ntwk。

WLD已经发币了， $BILL 这个代币，12 月应该是要来的，关键数据是总供应量 100 亿枚，永久固定不通胀，TGE 初始流通大概 23%，社区部分有 32%，那空投份额大概率也不会低。

Billions 目前累计融资已经超过 3000 万美金，官方自己也说，代币的价值循环是靠「真实使用 + 链上销毁」在推动的。

按照官方的说法核心技术已经赋能了超过 9000 个零知识证明和身份类项目，包括 Sentient、TikTok、HSBC 以及印度政府这些真正的大体量应用，通过信任验证协议等机制形成真实需求飞轮，想要靠强网络效应跑出一个长期的价值正循环，这一点我觉得确实不容小觑。

再往大一点看，未来 AI 生成内容只会越来越多，机器人、女巫、代理人全面入侵，传统身份系统正在系统性失效，在这种背景下，“数字身份 + ZKP 隐私保护”已经不再是可选项，而是真正的刚需。Billions 一直反复强调这个，其实就是认为这个是这个时代的大趋势。

相比 Worldcoin 想做“全球唯一身份证”这种偏垄断式的身份入口，Billions 选择的是做开放身份生态的“连接隐私层”，它并不是身份的唯一发行者，而是连接节点、用户、机构和开发者的中间隐私层，更像是 Worldcoin 的“升级版本”，其背后的 Privado 这种开放身份基建路线，确实才是长期正确的方向。

实际使用过的大概知道它不绑定硬件，手机就能验证，隐私优先，用 ZKP 保护数据，本身又是开放身份体系，还能和 Privado 这些开放身份层协同生长。

如果是多号选手，说实话现在也挺难的了，基本都要走 KYC，想靠批量刷号、刷流水那一套，空间已经被压得非常小了，这对真正的真人参与者反而是利好。"
1940440710723064054,Wed Jul 02 16:01:31 +0000 2025,5.2,04_onchain_alpha_airdrops,6,1,7,0,NO,"DePIN 项目 $ICNT 上了Binance Alpha 和合约市场

ICN 提供的是存储、计算、带宽这些服务，但不是靠亚马逊、微软那种中心化服务器，而是调动全球用户的闲置资源，搭建一个 Web3 版的云网络。投它的几家基金 1kx、Protocol Labs、HV Capital 都挺不错，诺基亚支持的风险投资公司NGP Capital 也有投，

现实的情况是，上了alpha好像无人关心到底干啥，大家只在意能卖多少钱，这就是当下最真实的市场。

相较之下，Binance 最近推出的 Booster 模式，或许更值得项目方重视。它不仅能带来初期流量，更能在代币未上市阶段，就启动真实交互和用户行为绑定。

对于新项目来说，这可能是目前最接近“空投即转化”的机制设计。"
1935605801634422821,Thu Jun 19 07:49:19 +0000 2025,8.4,04_onchain_alpha_airdrops,199,67,37,0,NO,"我个人会定期扫描各大资本的投资情况，找潜在标的。

昨晚我看到a16加注领投了Yupp @yupp_ai种子轮
3300 万美元。另外一个coinbase跟投。还有一箩筐的知名个人投资人，比如eigen的创始人。

第1步：看a16，打开https://t.co/c2oRH1hAbM

看了下大概一个结合区块链技术与人工智能的平台，主打“公正透明的AI模型评估”与“用户激励反馈机制。

用户输入一些关键词之后，会自己调用很多ai模型，比如Claude、 ChatGPT、Claude、Gemini、Grok、Llama 以及国内DeepSeek ，每次都会给给出不同ai的答案，之后注册用户会选择不同的最优解，并提交，这里一方面用于模型的后训练与评估。一方面该数据包通过区块链验证，为 AI 开发者提供可验证、不可篡改的数据来源，保证过程透明可信 。
我注册使用之后我个人判断这个逻辑成立，激励模型能帮助产品打造的更好。

交互与激励：
该数据反馈每次都会获得“刮刮卡”奖励，官方叫Yupp Credits ，每 1,000 积分≈1 美元，每日提现上限 10 USD、每月上限 50 USD  。

官方说可以即时提现，但是我看了下暂时有bug。

参与及日常使用路径：
网址：https://t.co/cF36Tme2iA

1、 可以先注册一个账号，推荐google账号，绑定discord 

2、日常使用之后选择反馈之后刮刮乐，攥积分。

3、之后完善左边的个人资料，以及发送产品反馈。

1方面免费用各类ai，一方面撸积分兑换代币。

so eazy

看到这里我想起来，那个下雨的夜晚，没有疯狂的撸那个单地址1000+的积分项目。后悔终身"
1932444783542448502,Tue Jun 10 14:28:34 +0000 2025,8.8,04_onchain_alpha_airdrops,45,19,19,0,NO,"免费铸造，限量 3000 枚

GAIB 发布首个生态 NFT -Fremen Essence，面向早期支持者开放。

当前 GAIB 正在推进 AID Alpha 活动，而这枚 NFT 的推出，更像是官方对早期参与者的一次链上确认与长期绑定。大概率是一张明确的未来权益通行证，更可能关联后续的空投权益！🪂

通读之后，我把相关要点罗列一下：

👉当前正通过2种方式发放白名单：

1️⃣、白名单获取方式（两阶段）

阶段一：保底铸造
参与 AID Alpha 的前 200 名金库存款用户，每人可自动获得 1 个白名单名额，快照公布后届时mint。

阶段二：先到先得
•  在金库存入≥  $1500+ 稳定币（支持任意链资产）；
•  或获取官方或生态伙伴发放的注册密码；
•  使用密码前往 https://t.co/OyGUedGmlh 注册白名单；
•  铸造时间将在 Spice Harvest 活动结束后快照并提前公布。

2️⃣、铸造关键信息
•  铸造时间：AID Alpha 活动结束后快照钱包，官方将提前公布 mint 时间。
•  费用：免费铸造（仅需支付 Gas 费）；
•  分配：
→2700 枚分配给白名单用户
→300 枚保留至 GAIB 金库，用于未来合作与奖励

这个项目我跟踪了一段时间，在我看来，Fremen  NFT 很明显是作为 GAIB 生态的权益型 NFT，也是 GAIB 构建 AI 链上金融体系过程中的首批核心标记。在 Web3 越来越重视「参与轨迹」的当下，这张 NFT应该是一张绑定未来身份、收益与权益的链上通行证。

拥有，意味着你将获得：
1、GAIB 项目早期参与者的链上认证与空投资格
2、新产品测试、生态活动的优先参与通道
3、GAIB未来 AI 合作生态的潜在空投资格

⚠️注意，之前参与了但是金额不够的应该可以补，官方意思是没快照，没快照，没快照。

按照我的理解，GAIB 做的事情很简单：把 GPU 算力变成链上的投资品。

过去，GPU 是 AI 公司花大钱买来训练模型的工具，普通人既用不上、也投不了。而 GAIB 想做的，是通过区块链技术，把这些算力打包成人人都能投资、也能流通的数字资产。

这样一来，AI 公司可以更高效地获取算力，用户也能通过 GAIB，把资金投入到 AI 的底层基础设施中，在 AI 的发展中分享真实收益。

说白了，GAIB 就是打通了资金与算力之间的桥梁，把资源、资本和需求串联起来，为 AI 基建提供持续的资本支持，构建一套服务于 AI 经济的链上金融基础设施。

GAIB 的核心产品是一个合成资产AID（AI Dollar），可以理解为 AI 经济中的“稳定币”。

它的运作逻辑是：
>用户将 USDT、USDC 等稳定币存入 GAIB；
>平台将这部分资金借给需要采购 GPU 的数据中心或云服务商；
>数据中心用 GPU 提供算力服务，获取真实现金流；
>AID 持有者则根据平台收益获得稳定分润。

本质上，AID 的收益来自 GPU 的实际使用需求，是一种类似 RWA（现实资产上链）的链上租金资产模型。

GAIB 聚焦于 AI 基础设施的金融重构，通过将 GPU 资产代币化，为 AI 计算提供更强的流动性与可访问性。作为目前极少数打通 AI Infra 与链上资产的协议型项目，GAIB 相当于在搭建一条连接资本与算力需求的基础设施桥梁。

项目已完成 500 万美元 Pre-Seed 融资，由技术驱动型顶级机构 Hack VC 领投，另外2个领头方包括：

•   Faction（背靠全球知名 VC Lightspeed）
•   Hashed（韩国顶级加密资产基金）

在这样的资本支持下，如果业务表现持续稳健，GAIB 很有可能在未来获得更大规模的融资落地。

简单说下GAIB 存款参与流程：

目前尚未快照，所有存款用户都属于早期参与者。
若想获得 Fremen NFT 的抽签资格，需单地址存入 ≥ $1500 美金等值资产

1、进入官网 👉 https://t.co/qaKjU6gtEN，页面支持“邀请计划”，可通过多地址互相邀请来提升积分。在右上角点击「Explore」获取你的邀请码。

2、选择链与金库：推荐使用 Base 或 Arbitrum 网络，选择对应的 Vault金库。

3、存入资金：存款金额无最低限制，但想获得 NFT 白名单抽签资格，必须单地址 ≥ $1500 美金，授权，在确认存款。

4、后续操作：存款完成后，请持续关注 GAIB 官方。

5、关注时间节点：留意官方公告发布的快照时间与铸造时间

就说这么多，GAIB 这个项目我会继续跟，Fremen NFT 也争取拿下。

GAIB 给我一种很“反叙事”的感觉。它没有把自己包装成什么 AI+Crypto 的热潮概念，也没堆叠一堆词来博注意，而是着力在做一件事：解决 AI 行业里一个既冷门又核心的问题——算力的金融化。

至于是否参与、投入多少，还是看个人判断。

除了争取拿到 NFT，本身在金库存款、参与交互，也是对项目早期的支持和链上贡献。NFT 更像是这份支持的“加分项”或“凭证”，但不是全部。

接下来我空的时候会也简单查了一下 Arbitrum、ETH 主网、Base 三条链的金库存款金额数据分析，做个侧面参考。

目前初步金额数据：

→目前第前200个用户存款金额为：5126.6401
→存款大于等于1500u的用户有666个人

又或者，有没有老师来补充下。"
1930840112377794939,Fri Jun 06 04:12:10 +0000 2025,7.5,04_onchain_alpha_airdrops,25,3,11,0,NO,"Mezo 主网上线！比特币抵押稳定币 MUSD 正式启动

Mezo官网：https://t.co/PZzmii5w7A

我一直重点关注的 BTCFi 项目 Mezo，于 5 月 30 日正式宣布主网上线，同步推出其核心产品 : 💯 完全由比特币超额抵押支持的稳定币 MUSD。

这是 Mezo 的关键节点，从叙事到真正落地。放眼整个赛道，越来越多优质项目正加速从“叙事”转向“实用”，当前，“释放 BTC 流动性与金融潜力”已成为市场的核心共识。

Paradigm @paradigm与 ParaFi Capital @paraficapital很早便重注 Mezo 背后的著名加密创业工作室 Thesis @thesis_co， 这个团队自 2014 年起便深耕比特币生态，成功开发并运营了多款核心产品（已稳定运行超过 4 年的比特币跨链桥tBTC、知名隐私保护协议Keep Network，比特币奖励应用Fold）

正是凭借 Thesis 深厚的技术实力与产品经验，由 Thesis 开发的 Mezo @MezoNetwork，不仅继承了团队过往的成功经验，更肩负着释放 BTC 链上金融潜力的使命，成为 BTCFi 领域值得信赖的金字招牌， Mezo 本体去年则完成了两轮总计 2850 万美元融资，领投方包括 Pantera Capital、Ledger ，跟投机构则有 Multicoin Capital、Hack VC等顶级基金。

去年不仅机构热情高涨，Mezo 也获得了 Santiago、Dingaling、Tim Draper 等知名个人投资人的认可与注资，市场普遍将其视为 BTCFi L2 叙事中最具代表性的四大欧美系项目之一。

1️⃣ Mezo 是什么？

这是一个聚焦长期 BTC 持有者的BTCFI金融平台。

丰密从 2024 年测试网阶段就开始参与交互，算是关注已久。Mezo 所做的，是一个比特币生态最根本的问题：如何在不改变BTC本身“保守性”与去中心化特质的前提下，释放其链上的金融活力。

它的核心目标清晰明确：让“数字黄金”BTC，从被动的储值资产，转变为主动、可用的生产性资产。

通过去中心化托管和超额 BTC 抵押机制，Mezo 推出了链上美元稳定币 MUSD，使得比特币持有者无需出售 BTC，即可完成链上的借贷、收益管理以及日常支付。

2️⃣💱 稳定币 MUSD 简单理解

MUSD 是由比特币超额抵押铸造的链上稳定币，锚定 1 美元。

可以抵押 BTC，直接借出 MUSD，用于日常支付、投资、参与 DeFi，不用卖币，也不用交给中心化机构托管。

简单一句话：用 BTC 抵押借出美元，不卖币、不托管，能继续赚钱。

🌱 MUSD 的实际运行机制

① 抵押铸造：

BTC 存入 Mezo 协议，按至少 110% 的抵押率铸造 MUSD。

② 固定利率借贷：

借出 MUSD 时，年利率通常仅为 1%-5%（由社区治理决定）。当前仅1%

③ 用 MUSD 能干嘛？

•  参与 DEX 挖矿
•  在杠杆交易平台做交易
•  支付消费、存入协议赚利息

④ 清算保障机制：

BTC 价格波动较大时自动清算债务，全程链上自动执行，确保系统安全不破锚。

🌱 MUSD 稳定机制：如何稳住 1 美元？

MUSD 长期稳定锚定 1 美元，靠的是一整套链上自洽的机制保障：

>超额抵押 + 清算机制：让系统资产始终比债务多，抵押率低于安全线即触发清算，防止坏账
>套利机制维稳价格：价格偏离时套利者参与低买高卖，自动平衡市场价格。
>稳定池机制：极端行情下提供资金缓冲
>完全链上透明： 每笔抵押、借贷、清算都能链上验证，公开透明。

MUSD 背后不仅有比特币强大储备支撑，更有链上机制和市场力量共同保障其稳健。

更详细的运作原理可以查看官方博客https://t.co/2cjWqwSnLO

3️⃣Mezo 主网安全与代码审计

Mezo 主网上线前完成了多轮独立审计，包括 Halborn、OtterSec、Cantina 等顶级安全公司，审计内容覆盖核心代码、桥接逻辑、稳定币机制等关键模块，所有严重风险漏洞均已全面修复。

→团队自 2014 年起即在 BTC 上深耕，曾推出 Fold、Keep、tBTC 等项目
→旗下 tBTC 桥已安全运行 4 年，桥接 BTC 超过 21,000 枚
→Mezo 早期存款合约累计存入资金超 3.22 亿美元.

4️⃣ 如何参与当前阶段的 Mezo？获得未来奖励🪂

Mezo 主网已经上线，现在是 TGE 前最后的早期参与窗口，争取拿更多生态积分（Mats）奖励。

参与流程：

1、链接钱包并创建 Mezo 用户名

打开官网：https://t.co/PZzmii5w7A，连上你的 BTC 钱包，注册一个专属的 Mezo Passport 用户名，作为链上身份。

2、存入 BTC，铸造 MUSD 稳定币

•  支持 BTC / tBTC 等资产，存进去之后可以直接借出 MUSD
•  当前最低借 1800 Musd以上，当前利率仅 1%
•  以上操作都会计入 Mats 积分奖励

参与须知：

•  网络 Gas 用 BTC 付， 资产目前只能桥入，暂时还不能原路提回（预计 60 天后支持双向桥），

•  每一次交互都会自动累计积分 Mats，未来积分会在TGE时兑换奖励🪂

最后，

Mezo 已有明确的生态合作伙伴，如：已与Velar、Hermetica、Zerolend等知名DeFi协议确定合作，将陆续上线更多应用场景，增强 MUSD 实用性，我个人期待BTCfi探索与RWA的深度结合，进一步扩展 MUSD 的使用场景。

在当前市场都在热衷炒作、追逐热点的背景下，认真做产品的项目反而显得特别难得。Mezo 没有走那些花里胡哨的路线，而是踏踏实实地解决BTC真正的问题：如何把“只能囤着”的比特币，变成一个能借钱、能花钱、还能赚利息的资产。

虽然它目前还有不完善的地方，但正是靠着这种扎实的行动和务实的态度，Mezo 在 BTCFi 这个本来并不火热的赛道上，稳稳地站出了自己的位置，成了一个真正值得长期关注的项目。

Mezo X：https://t.co/c0lIsqT91Y

Mezo官网：https://t.co/PZzmii5w7A"
1930465061757432202,Thu Jun 05 03:21:51 +0000 2025,8.8,04_onchain_alpha_airdrops,143,59,66,0,NO,"特朗普家族深度参与的 DeFi 协议 WLFI @worldlibertyfi，最近频频出手，动作越来越大。

•  空投试水：WLFI 给每个参与认购的人空投了 47 枚 USD1——致敬特朗普是美国第 47 任总统。这不只是送福利，更像是向全生态“打了个样”。

•  钱包上线：推出了官方 TRUMP 钱包，这一步明确表明 WLFI 不只是发个币，而是要搞生态、做平台。

•  流动性计划：WLFI 正式启动 USD1 流动性驱动计划，联合 BNB Chain 上多个头部协议，推出 100 万美元奖励池，这个计划明确支持 围绕 USD1 建立交易对、提供 LP、参与 meme 项目的团队和用户，力推 USD1 成为链上主流稳定币。「协议@PancakeSwap、@BUILDonBsc_AI、@four_meme_  @Aster_DEX、@lista_dao」

从这里完全可以看出，WLFI 它不是简单搞个稳定币了事，这一系列组合拳背后，是要将「稳定币 + 流量 + 实用性」打包进一个更大的生态叙事里。另外从Binance @BNBCHAIN的角度我觉得这也是非常大的一个举措。

Jager 飞轮效应

1️⃣JAGER：第一个响应 USD1 计划的 Meme 项目

就在前两天我刚写过，JAGER 团队@jager_BSC再次重申了他们对 BNB 的坚定信仰，称这是深入骨髓的“绑定式押注”。在 WLFI 启动USD1 流动性计划后， JAGER 响应并迅速落地实质动作：

✅上线 JAGER-USD1 的 V3 LP 激励活动；
✅ 拿出 10 万美金奖励池，激励社区参与；
✅ 拿出10 万美金奖励净购买 $JAGER 的用户；
✅ 联动社群，引导LP及交易活跃度。

在社区积极响应下，$JAGER-USD1 的 V3 零税池目前已注入超 100 万美元流动性，其中 $USD1 占比近20万美元，成为 USD1 推广计划中最具代表性的 Meme 项目之一。

2️⃣JAGER 为什么主动出击？意义何在？

JAGER 联动 USD1 背后的意义，其实非常关键。

JAGER 一直强调，自己不靠关系上所、不搞短期拉盘，走的是链上数据、真实交易、机制设计和社区共识路线。

他们的目标很明确：绑定 BNB Chain，做那个所有人都记得的 BSC 项目。

这一次，JAGER 没等市场反应，就率先联动 USD1、对接交易对、启动激励计划，

这次行动，正是抓住 WLFI 推广 USD1 的主叙事：

如果 WLFI 是发动机， WLFI 构建的“USD1 成为 BNB 核心稳定币”的主叙事，那 JAGER 就是第一个踩下油门的 Meme 项目。

3️⃣ JAGER 的飞轮，是怎么在 Pancake上转起来的？

在 JAGER 和 USD1 建立交易对后，形成联动池：

>JAGER-BNB v3（0.25%、1% 两个费率）
>JAGER-USD1 v3（0.25%、1% 两个费率）
>原有 V2 税池（用于分红与销毁）

这就启动了 Pancake 的自动路由机制，它会自动帮用户选择最优路径（最低滑点、最好价格），构建了一个自循环系统，一个池动，全系统都动，这就是飞轮的核心。

✅ V3 无税更活跃，捕获交易量
•无税，滑点低，交易活跃；
•用户首选，推动主流流动性沉淀；

✅ V2 自动跟价，承接销毁 + 分红
→自动跟踪 V3 价格；
→即便是在 v3 池完成交易，v2 也能因价格变化而产生自动跟随交易，被动触发交易，进而持续烧币、分红、营销、激励；
→v3 撬动交易量 ，越活跃，v2 承接价值回馈，全系统形成正循环。V3带着V2一起转，

✅ USD1稳定币：引入稳定锚点
•比 BNB 更稳，适合保守 LP；
•更容易接住新资金；
•为 JAGER 提供新交易入口，不再只是 BNB 的配对资产

简单总结来说：

JAGER 并不是简单上了两个池子，而是用 LP 设计出了一套“免税交易 + 自动追踪 + 分红回馈”的闭环结构，构建了一个完整的链上交易飞轮。
每一笔交易、每次波动、每个 LP 注入，都会成为这个系统的燃料，都是在为这个飞轮“加油”，让整个网络越转越快。

现在，V3 池正在成为交易主场，V2 承担分红与价值回流，USD1 拓宽了用户入场门槛，推动整个系统滚动前进，飞轮大概就是这么转的，这是我的理解。

4️⃣教程 | 如何参与 JAGER-USD1 LP 激励活动

参与 WLFI 官方的流动性激励计划，为 JAGER-USD1 v3 池子添加流动性，获提供 LP 可获得3重收益：

收益来源包括：

1、交易手续费收益：根据所选池费率（1% 或 0.25%），分享池内所有交易产生的手续费，按 LP 份额分配；

2、官方激励奖励：总共20万美金，其中参与活动的 LP 可额外获得 JAGER 代币奖励（10 万美元），按锁仓时间与份额计算；另外奖励净购买人。
3、WLFI 流动性激励奖励：

步骤教程

1、 资产准备

确保钱包内有 $JAGER 和 $USD1，可通过 PancakeSwap 兑换获得。

2、网络连接

钱包切换至 BNB Chain 主网，打开 PancakeSwap V3 添加页面。

👉 推荐池入口：https://t.co/M82TCm53dz

3、添加流动性

① 点击「Add Liquidity」
 
② 选择代币对：JAGER + USD1 

③ 选择手续费等级：

🧪推荐 0.25%（交易量大、竞争高，适合大资金）
🧪或选 1%（流动性小、APR 潜力更高，适合小资金）

④ 设置价格区间：
新手推荐5 ±10%
老鸟用户可设定更窄区间以获取更高效率收益

⑤ 确认授权并提交交易。
添加成功后，即自动参与奖励分发，无需额外操作。
随时可解锁，取回对应资产代币。

🐝🍯长文没人看，老写项目追踪也招人烦。

但 JAGER 空投十几万人领了个爽，广泛空投的公平启动方式，我为什么留下？

因为它背后那套“连环博弈机制”真对我胃口，不是撒币，而是用一层层“参与选项”构筑出心理障碍与激励路径，把用户从空投参与者变成流动性贡献者，让市场在博弈中自我运转。

另外BSC的强势回归，让我相信，依然会有很多优质的项目被吸引来，肉眼可见的是USD1下了一盘大棋。

我想试试，把兴趣变成一次理论实验，顺便看看它，能不能飞。"
1929928201167614269,Tue Jun 03 15:48:34 +0000 2025,8.0,04_onchain_alpha_airdrops,129,28,33,0,NO,"💰 关于撒哈拉（$SAHARA）@saharaai代币社区分发
总分发额度：850万 美元
分发占比：1.4167%
估值参考： FDV 为 6 亿美元
分发平台：Buidlpad
KYC：需要

1️⃣😢建议：没啥建议，无脑冲，毫无疑问会上BA。

2️⃣、FDV 6亿，贵不贵？
贵
但 AI 叙事没凉，资本热度还在。
如果参考这个数据融资4900万，最后一轮4亿，如果上线直接 FDV 涨到 6 亿，其实只溢价了 50%。而考虑到市场对 AI 项目的 FOMO 预期，这溢价并不离谱。

另外Paradigm投了Nous 5000万，给整个生态叙事链条加了一把火🔥。

3️⃣、为什么上线了Buidlpad

这是个关键点。
Buidlpad = BA 系嫡系，创始人直接出身 Binance 。

这个平台强调公平 + 合规 + 社区参与优先，是当下 VC 疲软背景下，把代币分发权重向“真实用户”倾斜的一次实验。现在参与，没有锁仓，没有归属，100%释放。

首个项目是 @solayer_labs ，： SVM 系杠把子，代币 $LAYER ：
Polychain 阿三投的，Hack VC重点项目，YZi Labs深度投资，深度绑定，前不久币安 BNSOL Super Stake 上线 Solayer (LAYER)，持有 BNSOL 和 DeFi BNSOL 可获 LAYER APR 空投足以说明一切。Solayer 跟 BA 亲得不行，而 Sahara 这次又是 Buidlpad 上的“第二发”，你难道不觉得 BA 不会上现货？

$LAYER FDV 上线时不到 10 亿，后来到 30 亿+，infiniSVM 来扩展Solana这个叙事依然有效。
之前我说，这个项目打新是有条件要上，没有条件，创造条件也要上！懂得都懂！

4️⃣除此之外，还能干啥，哪些用户会被重点照顾
1、✅完成这个：https://t.co/bv0yC0YDwn
2、sahara之前的白单测试，第一期1万地址，第二批10w
3、Sahara Legends 这个碎片🧩组成NFT的活动，进行中·····
4、SIWA 公共测试网，这里把数据集上传至https://t.co/qjUh5mdZSp并铸造所有权令牌。细节https://t.co/XYPDKPxWMt

一个100%上BA的项目，毫无疑问，冲就完了。

@saharaai    
#AIforALL"
1910992778039087105,Sat Apr 12 09:45:57 +0000 2025,4.8,04_onchain_alpha_airdrops,2,0,13,0,NO,"他提到的smart follower 等筛选条件，应该只是一个指标。也有可能即使你完全满足yapper身份，也可能因为系统判断、数据延迟、或者某种内定算法而被排除在外。

这个项目我投研了但并没有参与。我本身对yapper并不感冒，我在想yapper的数据，yapper数据一旦成型，本质上可以理解为一个“标签筛选系统”，用于精准识别空投相关ID，比如可以识别持续输出项目空投信息的人，
或者是在早期项目阶段有参与或传播的人，同时也会看影响力或者识别真实账号。可能并不是简单识别，喊过几条kaito链接”这种低维度操作。

换成Kuigas的空投交互模式来看，也就是说不是简单的Tx行为就可以成为被圈定的权重用户，可能更看重某些其他权重。

不知道我的理解对否"
1878104588236341362,Sat Jan 11 15:40:01 +0000 2025,8.4,04_onchain_alpha_airdrops,49,22,13,0,NO,"🥣Astherus 币安孵化器第七季孵化计划项目整活

•    Astherus 获得由币安实验室领投的种子轮融资。
•    Astherus 与 APX 战略合并，构建全链流动性中心
•    TVL：1.66 亿美元 -defillama bsc TVL 排名第10
•    未发币：未来代币 $ASS 
•    参与空投：通过参与铸造、交易和邀请

1、Astherus干啥的：
@AstherusHub专注于多资产流动性管理的 DeFi 平台，协议主要提升加密资产的实际收益和流动性。通过引入可持续的收益机制和创新产品，Astherus 力求解决当前 DeFi 市场中因不可持续的奖励机制造成的低效问题，为用户提供有形回报。

2、 Astherus核心产品：

1. AstherusEarn
• 一个 CeDeFi 自动收益平台，由 Ceffu 托管，提供流动性质押服务。
• 可铸造 asTokens（流动性质押衍生品），参与 Delta 中性套利策略、稳定交易策略和融资利率收益，获取高基础收益。
• asTokens（如 asBTC、asBNB、asUSDF）可累积积分，用于 Astherus 空投，获得代币 $ASS 空投

2. USDF
• 一种创新型收益稳定币，与 USDT 1:1 挂钩。
• 通过加密资产和空头期货头寸双重支持，提供高收益替代方案。

3、Astherus Spectra 光谱活动重点

• 阶段：Spectra (S1) 于 2025 年 1 月 7 日启动。
• 目标：通过铸造 asTokens、USDF、ALP 和 AstherusEX 上的交易赚取积分（Au 和 Rh），参与 TGE 期间的 $ASS 代币空投分配。
• 主要亮点：铸造代币获得 Au，交易永续合约获得 Rh，邀请好友组建团队以获取额外奖励和提升。

4、如何参与
1. 铸造代币：
•  访问 AstherusEarn 进行 asTokens 或 USDF 的铸造。
2. 交易永续合约：
• 在 AstherusEX 平台交易链上永续合约赚取 Rh。
3. 邀请好友：
• 分享邀请码，绑定后获取推荐奖励。

5、as代币用途
• asTokens：主流资产的流动性质押衍生品（支持 BTC、BNB 等），在保留流动性的同时赚取收益。
• USDF：由加密资产和期货头寸支撑的创新型稳定币。
• ALP：为 AstherusEX 提供流动性，同时赚取交易收入。

6、S1积分机制（Au 积分+Rh 积分）
详情🔎：Astherus

•S1 Au 积分获取指南
1. 如何获取 S1 Au 积分
• 铸造并持有代币：通过铸造以下代币，获得对应的 Au 乘数奖励：
• asTokens：高达 10 倍 Au。
• USDF：高达 20 倍 Au。
• ALP：高达 5 倍 Au。
• 自动累积：您的美元资产价值每小时验证一次，Au 积分会自动累积，无需手动领取。

2. 增加积分的方法
1. 邀请好友：
• 让好友绑定您的邀请码，您将获得好友铸造代币积分的 10% 一级推荐奖励。
• 如果好友邀请其他人，您还可获得他们积分的 5% 二级推荐奖励。
2. 组建团队：
• 与好友组队，通过团队协作，可获得高达 1.4 倍的团队积分提升，8天后就应该降低了。

2. Rh 积分：
• AstherusEX 永续合约交易：根据交易量累积 Rh，并享受团队提升和推荐奖励。
• 推荐机制：
• 一级推荐：10%，二级推荐： 5%

✅交互概括：有钱的存钱提供资产，有交易能力的做交易，顺带组队升级打怪，邀请组队获得更多收益加成。

币安最近有重点扶持BNB生态的迹象，👀标的
邀请码：7CFF33
https://t.co/TUMBtPUtFb

#Astherus"
1493110457757884423,Mon Feb 14 06:30:48 +0000 2022,5.6,04_onchain_alpha_airdrops,8,7,4,0,NO,"说说Coingecko
【1】最近CoinGecko推出了defi101任务并且有nft领取。nft后期赋能我才可能是空投代币的一个权重指标。
【2】趁着行情低迷可以交互CoinGecko 101任務，在Yearn質押任意數量的代幣。建議使用ETH可以不用Approve省一步的Gas，然後如果無意做投資可以直接質押0.0001ETH然後不取，一筆Gas搞定 https://t.co/ft7Jd0BjRP"
2083451651717816755,Sat Aug 01 07:15:57 +0000 2026,5.5,04_onchain_alpha_airdrops,33,0,60,0,NO,"这个老项目 DeFi Kingdoms（DFK）的链也要关停了。
我算是非常早期的挖矿者，当时每天年化高得吓人。印象里代币上线后的几个月暴涨了接近100倍，可以说是 GameFi 里很有代表性的项目之一，当时算是又吃又拿，只是从高点到现在，已经接近跌了99.98%。期间还经历了早期投资人砸盘，以及 Harmony 跨链桥被黑1亿美金的打击，整个生态就崩了。

在那个时候，DeFi、NFT、游戏三者真正融合在一起，让无数人第一次体验到边玩边赚，链上游戏经济和社区共建的魅力。后来同期好多GameFi打金项目，都或多或少能看到它的影子。
DeFi Kingdoms算是DeFi + GameFi 融合代表
Axie Infinity 开创Play-to-Earn，
Stepn是Move-to-Earn 的巅峰，
Friend搞出SocialFi ，
https://t.co/CmNkQyxXIl 搞出Meme 发行平台。每一轮牛市都会诞生一些没人预料到的新叙事。"
1857049828686967259,Thu Nov 14 13:15:56 +0000 2024,8.0,04_onchain_alpha_airdrops,32,12,18,0,NO,"早上起来，每个群都是1000条+信息，大家都不睡觉的，各种meme币合约CA眼花缭乱，各种角度，各种暴涨，牛市的行情果然是印钞机，每个人都异常兴奋。

刚看到Bybit 上线了Zircuit (ZRC)盘前交易。开始时间：2024 年 11 月 14 日 UTC 时间凌晨 3:00 开始。
上周Zircuit Fairdrop 给 EIGEN @eigencloud持有者和质押者的奖励$ZRC 已经有公告，项目获得币安labs、Pantera、Dragonfly、Robot等众多知名资本投资背书，期待$ZRC 上线的表现。

🪧Zircuit：AI 排序器的 zk rollup
Zircuit在官方首页打出：一个带有 AI 排序器的 zk rollup。最近@wublockchain12也有采访团队，深入了解其团队背景、技术架构及激励计划等。
我个人通读项目方bolg及各类资料，Zircuit的叙事重点不是 restaking，也不是 LRT，而是强调并且重心是「打造DeFi 和质押领域最安全的链，借助Ai未来接入RWA」，项目的核心SLS是其项目的关键特性，它的核心功能是通过 AI 来保护链上的安全，避免恶意交易带来的风险。简单来说，SLS 会在交易被加入区块之前进行分析，判断这笔交易是否可能对链造成威胁。

对于Zircuit给 $EIGEN 给空投这种方式，我必须双击666，个人是非常乐意看到这类空投奖励想象，正如zircuit在bolg里写到：
为何 EIGEN 持有者和质押者需要 Fairdrop？

回复：EigenLayer 一直是扩大以太坊质押能力的推动力，EIGEN 持有者引领了这一创新。此次 Fairdrop 承认了 EigenLayer 参与者对以太坊使命的关键影响，认可了您在推动重新质押运动方面所发挥的作用，并邀请您与 Zircuit 一起塑造一个更具弹性、更安全的生态系统。

官方的回复非常肯定EigenLayer在以太坊社区的影响与创新，这与丰密个人强调的高质量tx铸造高质量账户形成高质量画像的地址，未来一定能获得很多项目方的青睐，因为这就是真实且高质量用户画像，欢迎且希望看到更多的项目看到这类用户且给予奖励，公平公正且人人平等。

🪂空投情况：
1️⃣链上用户：超过 190,000 名符合条件的 EIGEN 持有者，第一周已经有5.1w地址申领，空投持续到 12月，未领取的尽快查询领取:https://t.co/nP7FaKhW4J

资格标准：10 月 8 日前钱包持有或质押 >3 EIGEN，本次活动将分配总供应量 2% 的 $ZRC 代币，所有符合条件的钱包地址都会获得同等奖励（无论质押金额大小），单号749枚

2️⃣交易所用户：官方公告正在积极与各大交易所合作，向中心化交易所上的 EIGEN 持有者空投 ZRC ，更多信息等后续更新。

社区反响: 受到 EigenLayer 团队和 CEX 平台的高度评价

📈Zircuit 的相关数据📊 ：
• TVL：$20 亿 TVL
• 独立用户: 12.3万
• $ZRC 持有者：6.9w （暂）
• 代币持有者数据（TGE 时估计）
• 第一季+第二季空投: ~342,000
• Eigen Fairdrop: ~203,000
•  Catizen 用户: ~105,000
• Binance Web3 Wallet 用户: ~40,000

🫦 $ZRC 代币经济模型
• 空投与社区奖励: 21.00%
• 社区预留: 12.61%
• 生态系统开发: 17.93%
• 基金会: 18.70%
• 团队: 18.74%
• 投资者: 11.02%

项目TGE若有公告更新本推也将持续更新，期待 $ZRC能有个好价格。"
1768562223658766567,Fri Mar 15 08:57:47 +0000 2024,8.8,04_onchain_alpha_airdrops,47,13,8,0,NO,"#Binance  Launchpool 第49期@ether_fi 的挖矿机会与亏友交互带来的新启示

Binance Launchpool一种更安全的资产奖励模式，本次挖矿一共持续4天，距离挖币结束还剩02天16小时，可以使用 $BNB 、FDUSD质押获得代币ETHFI （ $ETHFI ）

EtherFi 的发币以及上线#Binance，对于#Restaking 赛道有非常好的启发意义。围绕 EigenLayer将是所有链上亏友24年最大的一个机遇之一。

1、EtherFi 是干啥的
2、EtherFi 数据及代币模型
3、Binance 上线及带来的机遇
4、restaking 是啥？还有哪些项目
5、亏友交互启示

1️⃣、EtherFi 是干啥的

https://t.co/AI1KXpCoil 是去中心化、非托管、流动性质押协议，允许用户通过质押以太币（ETH）来产生奖励。
协议允许利益相关者保留对其密钥的控制权，同时将验证器操作委托给节点运营商并获得奖励。
https://t.co/AI1KXpCoil 在过往融资中合计筹集了 3230 万美元，上轮由Bullish Capital 和 CoinFund 领投了 A 轮融资。
目前EtherFi已质押了81万ETH ，TVL达到30.3亿美元，EtherFi作为 #Restaking 赛道第一个登录币安的项目。

密白：它就是资产管理公司，帮人管钱是世界上最容易赚钱且最大的生意之一

2⃣、EtherFi 数据及代币模型

ETHFI的总供应量为10亿，上市后的流通供应量为1.152亿（约占代币总供应量的11.52%），本次币安挖矿分配2%。

$ETHFI 是 https://t.co/AI1KXpCoil 协议的原生实用程序和治理代币。社区使用它来管理协议的关键方面，包括：https://t.co/AI1KXpCoil 金库，关键协议升级，协议费用和分配。
另外在token分配图里。明确的空投占比11%，这个应该跟积分相关，具体分配规则可以等官方公告。
更多的内容可以查看https://t.co/ztFfsQx097

如果参与BA打新，新用户注册币安并完成一笔交易的前1500名新用户，可共同瓜分8000 ETHFI，每人可获得 5 枚 ETHFI 奖励，一定要有的链接 https://t.co/3erARvqPpw

密白：任何内容都最好自己去官方查看，去探索去琢磨，每一步都不会是白走的路。

3⃣@Binance 上线及带来的机遇

币安上线$ETHFI，并且之前币安投资了好几个重磅协议，相信对Restaking 赛道的其他项目也会得到足够的重视。

$ETHFI 的价格就不预测了，相信牛市的BA打新收益都是爆表的，无论是BNB还是现在重点推的FDusd，打新收益嗷嗷爽，爽到圈外人都不敢相信，玛尼？这不可能，这绝对不可能，这是骗人的，

旁白：不要劝人从良，更不要带圈外人，牛市的时间与精力才是无价的。

4⃣、restaking 是啥？还有哪些项目

#Restaking 有望预示着以太坊的新时代。这个新原语由Eigenlayer首创，将质押提升到了一个新的水平——使质押的 ETH 不仅可以用来保护以太坊的区块链，还可以用来保护其他服务，比如预言机、桥接器或侧链。不管是LST还是LRT，这两种类型的协议都不需要 32 个 ETH 来质押，从而降低了进入门槛，并通过提供可在 DeFi 中使用的收据代币来解锁流动性，一个完整的商业模式诞生。

其他项目五星🌟标注👉：Swell @swellnetworkio，Renzo @renzoai，puffer @puffer_finance等

5⃣、亏友交互启示

丰密：即将推出的 ETHFI 以及EigenLayer即将上线，许多与EigenLayer相关的协议都将很快发行代币。生态系统丰富的协议交互，defi生态相互融合，未来会非常爆炸，这种kuigas 是真正的一鱼多吃。也许很多人跟我理解的一鱼多吃不一样，无所谓，这并不仅仅是Eigen本身的代币发行，还涉及围绕其协议的多个项目。包括但不限于某桥某机某链某土狗·····，丰密可以100%敢肯定，一定会有一个layer2协议给予足够的权重照顾，这种权重系数会让你拍大腿，恨自己为什么曾经不梭哈！

315暴跌，投诉无门，还是那2句结束我今天的比比叨，
∎Gas的消耗决定人生的方向 ∎ 
∎Gas的消耗才能让你拥有宝总的腔调 ∎

如果你看进去了，你随手一转，宝总的腔调就有了
心动不如行动！"
1760888988817375236,Fri Feb 23 04:47:05 +0000 2024,8.0,04_onchain_alpha_airdrops,331,33,58,0,NO,"web3的协议风险很大，丰密提过很多协议，只要是我推特发的，我都参与了，不参与的我肯定不发，我践行的路线是赚的清清楚楚，亏的明明白白。
         不知道还有多少人记得曾经的丰密笔记📒，我大大小小刷过至少上千个协议，高质量协议的背后需要大量的时间去投研去交互去沟通，牛市来临越来越多的协议可能会发币，也有可能会被rug，⚠️谨慎对待自己的每一份ETH。

现在需要质押类的协议搞积分，搞xp，搞碎片，搞各种营销活跃，对于很多新人不友好，对资金不多的不友好，但撸毛之路又宽又深，大家务必找到符合自己性格的方式+策略。
         劝人很难，教人很难，只有自己去做去践行才知道有多难，推特上很多写教程写观点的伙伴，如果你看到了，但凡在你的认知范围以内的对你收益的都可以点赞以此鼓励，点赞并没有任何收益，很多人也完全不靠这些，但表达的观点写出的研报也许真的顺手帮助了很多人，改变了很多人，你若向善亦必有福报，社媒是很好的连接器，名片，能链接很多与你同行的人，很多人没见过面但无比信任！
      亏钱之路+践行之路的时间很紧张，我个人不会因为有错别字就改，也不会取悦任何人任何协议，只表达自己的个人不成熟之观点。没有团队，没有工作室，一人成军，千里奔袭亏钱之路"
1698684242421858385,Mon Sep 04 13:07:38 +0000 2023,4.4,04_onchain_alpha_airdrops,155,22,71,0,NO,"去年gas低于5
我们聊撸毛的时候搭配的营养品（什么鱼油护肝片·····巴拉巴拉一堆）
今年gas低于10
我们聊撸毛的时候搭配的基础套件，比如我的撸毛3件套MacBook Pro+logi mini key+MX Mster 3s

历史也许会惊人的相似，明年烟花三月下扬州，迎接狂暴大牛市，酷炫大空投"
1792804481257898429,Tue May 21 06:27:51 +0000 2024,7.6,04_onchain_alpha_airdrops,166,79,11,0,NO,"Aptos DeFi 季

Aptos 🤝 Okx @OKXWeb3_CN推出新的 Aptos DeFi季活动来展示生态系统中的 DeFi 项目。主要协议涵盖LiquidSwap 、Amnis、Aries、Echelon 等，从 5 月 17 日至 6 月 16 日为期1个月。

活动🎡：https://t.co/aPkcpNuLNM

整个活动着重关注
交易@PontemNetwork https://t.co/rZLaXqZJt1
质押@AmnisFinance ：https://t.co/q4WZVvHx4a
借贷@AriesMarkets：https://t.co/QS1wlu578T
借贷@EchelonMarket：https://t.co/GiFjPYYvrB

其中Pontem团队在熊市期间努力构建了Pontem钱包和Liquidswap ，以及一条连接以太坊和Aptos生态的L2——Lumio @lumioFDN，Pontem总融资1050万，LQ是Aptos上第一个也是最大的AMM协议，官方已经显示有空投页面，应该不久就能来，目前没有看到积分这类pua模式，对于dex基本都看“交易量”，”添加的LP“ ，现如今可能LP可能成为公链以及应用类协议的最关注的点。pontem面板展示：https://t.co/rMaOuPTwfm，

过去一周@Aptos数据：  
- 1260 万笔交易 
- 495,000+ 活跃用户
-总用户 560 万
Amnis 质押用户接近20万
Aries用户超过60万"
1531520200646225921,Tue May 31 06:17:24 +0000 2022,3.8,04_onchain_alpha_airdrops,12,3,4,0,NO,"@TechFlowPost  【推特精华】熊市生存策略，读懂SBT，如何用CRV获得终生现金流？+defi代币模型+airdrop+熊市中生存+ 。
大概逻辑是：熟悉defi模型，利用资产创造收益现金流，用现金流去交互协议撸毛，撸猫的钱生钱，一句俗话是：鸡生蛋，蛋生鸡，在下蛋，在生鸡，多了之后出租鸡，白嫖蛋，"
2040797448667558255,Sun Apr 05 14:23:22 +0000 2026,7.9,04_onchain_alpha_airdrops,29,0,9,0,NO,"Drift 被盗2.8亿美元，还是挺令人唏嘘的。如果没记错的话，这次大概率已经成了继 Wormhole 之后，Solana 生态历史上第二大的被黑事件。这个平台当年在 Solana 上，算是比较有代表性的 perp 项目之一。那时候市场对它的空投预期很强，很多人都觉得会是个大毛。但最后结果也比较一般。我记得，为了缓解抛压，Drift 当时还专门做了一个带点博弈味道的申领机制。

说到底，对我等普通用户来说，安全永远比收益重要。大额资金要么放冷钱包，要么放头部中心化交易平台。

按照 CoinGlass 最新 Q1 报告的口径，Binance @binance平均用户资产约 1529 亿美元，大幅领先。某种程度上，这也说明大部分用户在真正要放资金的时候，首选还是安全性、流动性和系统稳定性。
站在今天回头看，币安早就不只是一个普通交易所了，更像是这个行业绕不开的一部分。2025 年现货交易量 7.3 万亿美元，全年全产品交易量 34 万亿美元，注册用户超过 3 亿。

用户多、资产多、业务线多、影响力也足够大，因此市场对它的要求，本来就不可能按普通平台来算。榜首的位置，从来都不是最舒服的位置，反而是最容易被审视、被质疑、被拿来做文章的位置

刚好，CZ 长鹏 @cz_binance 的《币安人生》也要出版了。从农村出身，到把一个小团队做成全球最大的加密货币交易所，这段经历本身就很传奇。但我更想看的，不只是一个成功者怎么讲自己的故事，而是他在最混乱、最危险、质疑最多的时候，怎么判断，怎么扛压力，怎么决策怎么带团队，最后又是怎么一路走到今天的。

amazon上订阅，但是一打开万能的咸鱼8.88。"
2010727442143740031,Mon Jan 12 14:55:54 +0000 2026,6.3,04_onchain_alpha_airdrops,28,0,21,0,NO,"把这份币安报告丢进Gemini3，该报告的重点内容与核心数据：

1.用户规模：全球注册用户数突破 3 亿。

2.监管合规突破：成为首家在 ADGM（阿布扎比全球市场）框架下获得全面授权的全球交易所。

3.相关核心重点数据：
总交易量：2025年全产品34万亿美元 。历史累计145万亿美元 。

现货交易：2025年现货交易量超过 7.1万亿美元。

Binance Earn (理财)： 分发了 12亿美元 的奖励 。

资产覆盖： 现货市场上线了 490种资产和 1889个交易对 

储备金证明： 通过PoR验证的用户资产余额1628亿美元 。

Binance Alpha ：在2025年处理了超过 1万亿美元的交易量 ，1700万 用户。通过254次空投分发了 7.82亿美元的奖励。

人工智能 (AI) 集成：部署了 100多个AI模型用于反欺诈控制，处理了超过80%的决策

执法合作： 处理了超过 71000 起执法请求，协助没收了约 1.31亿美元的非法资金 。

BNB 赋能： 2025年每持有1个BNB预计可获得约 71.50美元的生态奖励（通过Launchpool, Megadrop等）

我把这个数据跟大A对比了下，
总交易量A 股大约 1.7 倍Binance，现货方面大约8.3 倍

不知道，各位看到这个数据，想说点啥！"
2008925388693721140,Wed Jan 07 15:35:11 +0000 2026,6.5,04_onchain_alpha_airdrops,41,5,26,0,NO,"币安HODLer空投上线Brevis（BREV）
币安BREV新币活动🔥现货充值、现货交易定额、交易量锦标赛、邀请好友，四重玩法，瓜分400万 BREV！

🪂天空也飘来几个字，有些地址能claim空投，我随便查了几个地址，均有137枚，价值66u。

查查你的地址可能有意外之惊喜
查询https://t.co/PozEn7YHTG

我还没找到具体的标准，大概是针对 Brevis 网络本身的早期采用者和社区成员的空投。

链上钱包用户范围：早期与 Brevis 协议或由 Brevis 支持的应用程序（dApps）有过交互的钱包地址。

查了下分发的合约地址里目前大约还有1600万个。价值700万美金。"
1968388316178628738,Wed Sep 17 18:55:20 +0000 2025,7.5,04_onchain_alpha_airdrops,41,3,7,0,NO,"Bybit Token Splash 上线  $PORTALS ，

奖池 1100 万枚 $PORTALS 代币！按当前价格 $0.2计算，总价值约220万美金。

Bybit 在新币上线时，会同步开启 Token Splash，把一部分代币作为奖励池，分发给完成任务的用户

实际上就是一个「新币上线＋激励活动」的组合。主要是围绕拉新以及激励交易。
如果没有bubit号的需要备几个，撸毛交易两不耽误

➤新用户专属：600万枚奖励，完成注册之后在页面报名，累计充值 ≥1000 枚 $PORTALS，或者充值 100 USDT 并交易 100 USDT 等值的 $PORTALS，奖励仅限 前 1 万名，大约单体个人是600个，价值120美金，拼速度！

➤新老用户交易：500万枚奖励，在页面报名之后，**在活动期间完成 ≥500 USDT 等值 $PORTALS 现货交易即可参与。奖励按交易量比例瓜分，交易越多，奖励越多。每个账户最多可获得 8000 枚 $PORTALS。另外页面内有「奖励试算器」，输入交易金额即可预估能拿多少，能及时查询奖励预估。

➤报名：https://t.co/cXnsm6e6HL

@portals 是一个带点“加密娱乐”的综合平台，集合了代币发行、创作者工具、社交互动三大核心。

它想做 Web3 版 Roblox，开发者无需会写代码，就能一条龙发代币、发游戏 NFT、道具资产，甚至搭建完整经济系统。核心机制是强绑定母币 $PORTALS。新发射代币必须和 $PORTALS 组交易对 强行制造买盘，还会锁 LP，等于天然的通缩机制。这种“小马拉大车”的逻辑，很多海外玩家还没意识到，一旦生态跑起来，母币受益最深。

它的 NFT 市值在 Solana 全链排第二，热度不小。主协议代币 $PORTALS 曾在 Metaplex 公募，按照9000万FDV，11 秒售罄。背后有 Solana 基金会、Multicoin、Greylock 等核心资本加持，再叠加 Solana 社区流量热度还是不小的。"
1965456423636308378,Tue Sep 09 16:45:02 +0000 2025,6.6,04_onchain_alpha_airdrops,68,3,47,0,NO,"看到这个还是很炸裂的，在 9 月 9 日这一天，Binance Alpha 空投代币价值排行榜 Top 10 出炉：
其中近500 美金的有 7 个 ：
MYX 、M、AIOT、NXPC、Zora、Hyper、REX

最屌炸天的当属 $MYX ，今天各个群里流传的一段话，真他酿的扎心

「5 月 6 日，币安 Alpha 发放了 1667 枚 MYX 空投，现价18美金，如今，这份空投的价值已经飙升到 3 万美元。
而你，我的朋友，当时开盘就以 85 美元就急着卖掉了，
币安送你一辆车，你却只换了个logo」

另外我简单追踪了下Alpha 项目中进入币安现货市场的 13 个 Token 中，有 4 个（ $PROVE 、 $ERA 、  $SAHARA 、 $SPK ）表现强劲，价格相比首日开盘价上涨 1–5 倍，其中 SPK 最夸张，涨幅超过 500%。"
1964570346289607155,Sun Sep 07 06:04:05 +0000 2025,7.1,04_onchain_alpha_airdrops,40,3,21,0,NO,"Bybit 最新一期Megadrop项目 $SHARDS 收益表现相当亮眼。约有 1.5 万人参与，总分发价值最高达300 万美元等值代币。

与 Binance Alpha、OKX Boost 偏向任务和交互的模式不同，Megadrop 更像是“理财即空投”：

•  用户在 Bybit 质押 MNT 或 USDT，选择不同期限的理财产品，获取积分；
•  积分与最终空投分配直接挂钩；
•  质押期间还能享受年化收益，如U是4%起，同时参与新项目空投。
更有意思的是：如果在质押期间同时上线多个项目（例如 1/2/3），用户可一次性同时领取多个空投奖励。

Bybit 最近全面赋能 MNT ， Bybit × Mantle携手同行。

人员方面加持，Bybit 的联创 Helen和现货业务主管、ByReal 创始人Emily ，双双加入 @Mantle_Official 担任顾问。团队高度绑定，把交易所资源与 Mantle 的发展直接打通。

业务路径方面，Bybit 正在复制 Binance-BNB 的成功轨迹，但选择了一条更直接的路线：
1、手续费减免：现货、衍生品交易折扣；
2、VIP 加速器：持有 MNT 快速提升等级；
3、支付场景：Bybit Card、消费返现、活动门票。
不同点在于Bybit 直接把 $MNT 定位为全生态的超级权益凭证，重点是全生态打通cefi+defi。

以 Bybit 的衍生品日均百亿美金交易量为例，即便只有 1-2% 的资金切入 $MNT ，也能形成相当可观的刚需买盘。在这个框架下，
a、用户为了手续费和 VIP权益，必须持有 MNT；
b、持有 MNT = 新币机会 + 交易折扣 + 消费优惠；
c、超级空投Megadrop的玩法再度放大，直接绑定了 $MNT ，质押 MNT 获取更高积分，同时叠加利息与空投，实现多重收益赋能。

整个过程从买入，使用，赋能获益，锁仓的整个循环过程，因此，可以肯定的是，Bybit 并不是单纯支持 MNT，而是把它打造成交易所生态的核心权益入口，而 Megadrop 正是推动这一飞轮快速转动的关键工具，选出优质项目是其运营关键！同时兼具杀手级拉新和资金沉淀工具

对了，都在说bybit的卡好用的一逼，返现一个号一个月可以最多撸400刀，可是我去开的时候好像不支持China与HK身份，你们咋解决的！"
1952418690944880780,Mon Aug 04 17:17:44 +0000 2025,5.3,04_onchain_alpha_airdrops,18,2,15,0,NO,"判断 $PROVE 可能会上 Binance 现货

Succinct 专注于 ZK 证明网络和跨链验证，提供链间证明即服务的基础设施，这与当前 L2 模块化、互操作性、跨链安全性等主流叙事高度契合。

2024年3月由Paradigm领投5500万美元A轮，地位已跃升至 ZK 服务层龙头之一，拥有进入 Tier1 交易所（包括 Binance）的一切潜质。毕竟很多一线交易所也乐于卡位这类技术方向龙头

之前社区运营做的差强人意，透明度低，用户抱怨较多。这种项目属于“底层设施里的技术派”，靠后期生态真实使用和资本驱动去拉估值的项目，也难怪。

🪂空投登记时间也很“特立独行”：
开启时间：7 月 29 日
关闭时间：8 月 4 日

Succinct的项目投研简报
https://t.co/0PH6oNSqNE"
1944036312908280223,Sat Jul 12 14:09:10 +0000 2025,7.1,04_onchain_alpha_airdrops,25,1,14,0,NO,"Bybit【Megadrop】第 6 期 

Megadrop 是Bybit 推出的一种「理财＋空投」机制，目标是让用户通过锁定资产并参与小任务来分发新项目代币。

本期项目代币： $TAC

活动截止时间：2025 年7 月 14 早 8 点

奖池规模：5000万枚TAC，按积分占比分

🌀 Megadrop 模式：
购买理财产品 + 累积积分 + 完成任务 → 按积分瓜分项目空投，积分越早、越多、加成越高，最终份额越大。

参与方式：质押理财 + 每天随手交易，比如14 天或 30 天 USDT理财，每日完成一笔任意金额现货交易，积分叠加 1.2x 加成。累计积分将决定瓜分 $TAC 的比例

参与入口：Bybit App 搜索「Megadrop」或 https://t.co/c4Il5M7pQJ

只要你手上有 USDT，拥有bybit账号，锁仓+交易就能参与。

领取方式：活动结束后手动 Claim，TGE 当日空投至账户。

本期项目：@TacBuild

TAC 主网& TGE 将于 7 月 15 同步上线，这个项目是构建于 TON 上的首条原生 EVM 链，Solidity 项目无需改码即可部署，依托与Telegram/TON 原生集成，号称触达 10 亿+ 用户，累计融资 1150万，两轮融资均由 Hack VC 领投，参投方包括 Symbolic Capital、Animoca Ventures 等"
1935343011728343313,Wed Jun 18 14:25:05 +0000 2025,8.3,04_onchain_alpha_airdrops,33,4,9,0,NO,"现在的交易所，基本都不玩“发币拉新”那一套了，大家集体开始搞起了精细化运营。

以前是撒钱拉人，现在讲究的是，怎么让用户真的用起来、留下来，顺手把平台的功能全体验一遍。

于是就有了这种玩法：平台出任务、用户边用边赚、项目方还能拿到真实数据和活跃度、项目及代币曝光量。说白了就是一套“你用、我补贴、项目开心”的三赢模式，已经成了现在最主流的运营手法。

比如：
 •    OKX 之前推出Web3探索任务，把链上交互变成“任务挖矿”； 
•     Binance 发起 Alpha 活动，按交互积分释放代币； 
•     Bybit 除了 Megadrop、Launchpool、Token Splash 外，近期又上线了「点亮资产图谱」活动。

Bybit这次活动结合了抽奖 + 积分双线玩法，通过闪兑、杠杆、借贷、质押等任务，引导用户完整体验 Bybit 的核心产品路径，构建出一个可视化、可激励的用户体验闭环。

奖池高达 100 万 USDT，仅需报名即可抽奖，任务做完最多可抽 13 次，单次最高奖励达 1000 USDT。

🎯 「点亮资产图谱」活动概览

•   活动剩余：23 天（截至 7 月 11 日）

•   参与条件：完成 Bybit 一级 KYC（国人可参与）

👉 注册入口：https://t.co/NpJF9woHkt

👉 报名入口：https://t.co/NTUiadKLbv
注意：没报名 = 没奖励！报名是第一步！ 

💰 总奖池：100万 USDT

🧩抽奖奖池：30 万 USDT

完成 5 项基础任务，最多可获得 13 次抽奖机会，单次最高奖励 1000 USDT。

所有任务都围绕 Bybit 的核心功能设计，包括闪兑、杠杆、借贷、质押等产品体验。

操作也很简单，直接点页面的「去完成」就能跳转，照着做就行了。

🧩积分奖池：70 万 USDT

在 Bybit 上做交易、质押、借贷或持仓，都会自动累计积分。满 500 分就能参与瓜分奖池，最高 70 万 USDT！

积分有两个来源：

🔹交易积分：现货 / 杠杆 / 闪兑按交易量累加，闪兑和杠杆享 1.1 倍加成

🔹持仓积分：质押借贷计 1.5 倍，杠杆质押 SOL 为 1.1 倍

系统每日快照自动算分，报名人数越多，奖池越大。参与按照导航明细看到界面指引。

参与推荐三步走：

1、 先做基础任务 → 拿满 13 次抽奖机会
2、选择高权重玩法 → 快速攒积分（如杠杆质押、借贷）
3、日常留一部分资产在现货账户 → 躺拿快照积分

Bybit 的这次「点亮资产图谱」活动，不是撒钱的老套路，而是一次将“产品教育”与“激励机制”深度融合的深度运营实践。

抽奖吸引参与，积分促进留存，图谱引导路径 。 用户在任务中不知不觉走完了平台核心功能的使用动线，一套「体验→激励→转化」的闭环悄然完成。

玩法清晰易懂不烧脑，激励层级分明，奖励真金白银，不同人群都能找到自己的参与节奏。既引导了用户理解平台，也用真金白银完成了体验教育。

最值得点赞的是，Bybit 把「任务链」变成了产品线的教育工具，让用户在完成操作的同时，自然理解平台、留在平台、甚至习惯平台。

在用户精细化运营这件事上，中心化交易所的产品部门，确实还远胜于大多数去中心化协议。

前段时间一直有人问，到底要不要参与类似交易所的一些活动

我个人觉得：

抛开先不谈赚大钱还是小钱，1个号还是千军万马的数量问题

不管你是刚进圈的新用户，撸过一整轮空投的老玩家，还是长期做套利、搬砖的交易老手，都应该认真对待、用好各大交易所提供的活动和机会。

现在这种“用着用着就把奖励赚了”的模式，其实就是给普通用户一个低门槛、低风险、还能顺手参与的路径。它不像链上的项目那么复杂，又不像纯交互那么无聊，而是实实在在把平台的产品体验和激励机制结合起来。

尤其是想长期玩的人，更应该主动去熟悉各个交易所的资产充值方式、支持链条、交易对结构、资金费率和提现规则等各种细节。这些细节，决定了你后续是否能高效切换平台、合理搬砖套利，甚至影响你是否能感知市场的能力。

交易所本质上是你在 Web3 世界的工具箱。你越熟悉它，它能为你带来的价值就越大。

要学会用平台，让平台也变成你的工具。"
1579427139870658560,Mon Oct 10 11:02:29 +0000 2022,5.6,04_onchain_alpha_airdrops,90,44,168,0,NO,"🍬Air 一份海底捞月
Apex官方最近上线了Arb网络+止盈止损的交易新功能。So：
1、Air白单地址测试：15个
2、空投：50美金（直接提现）
3、参与：留下钱包地址，得白后通过链接注册，最低充值200刀，交易100刀。
4、提示：建议在arb网络交互，20X，本金交易5美金即可
5、🔗：https://t.co/YaB2AGv84j"
1796727049912258704,Sat Jun 01 02:14:44 +0000 2024,3.9,04_onchain_alpha_airdrops,29,6,13,0,NO,"Bitget 打新
BG的打新没有限制地区
精选（3-6个月一次，每一次表现都不错）
开始打新的代币是BG钱包的平台币 $BWB 
6月1号开始快照 
6月4号在Launchpad 页面投入BGB 或USDT 认购
6月6号下午4点开始派发
晚上8点正式上线Bitget 现货交易
规则👉https://t.co/i2e3mCQi38"
2013642490038079602,Tue Jan 20 15:59:15 +0000 2026,6.7,04_onchain_alpha_airdrops,36,1,28,0,NO,"Sentient 基本就等官宣 TGE。

从代币经济学来看，重点很清晰：

1）最大的看点是社区占比最大，总量里 65.55% 给社区（空投部分在这里），用于多年期生态建设、GRID 网络工作、研发与补贴。

2）空投是TGE全解锁，早期贡献者不知道如何分配，可以期待一下。我觉得上个ba没问题。

3）团队6年超长锁定：团队 22%，先锁 1 年，再 6 年线性释放，团队不好短期套现，只能长期把事做成。

4）代币总量约 343.6 亿（2的35次方），早期流通主要来自社区+生态+公售，团队与投资人前期全锁仓。

5） $SENT 的代币用途核心是用来驱动链、网络以及激励体系，奖励推动开源 AGI 的正向贡献。主要是付费结算+质押+治理。

整体设计看下来是对社区友好的项目，也更偏长期主义。

毕竟Sentient它不是做一个 AI 应用，而是在搭建开源 AGI 的底层基础设施，把智能体、模型、数据和算力接成一个开源智能网络，开放、可验证、可组合、人人可共建。

再加上 Polygon 创始人 Sandeep 牵头、顶尖学术团队加持，整体方向是朝着可验证 AI和 AGI 前进，属于那种硬实力做正事的路线。

这次ba打新完的价格是0.011 ，盘前0.025u，肯定是有利润的，只是如果按照这个价格其实对应的fdv叙事也是不太理想的，这种项目要是换作起来，fdv得嗷嗷叫。

另外我发现，只要项目一上「盘前」，很多利润空间就会被提前定价。而对撸猫人来说，真正的超额收益，往往发生在还没被市场统一定价的阶段。

这个模式虽然透明了，但是总觉得缺少了点啥，

就像跟某些人相处，你也说不上来哪里不得劲，但是总觉得有些不痛快，

按照女人的说法，没那么喜欢吧"
1998727471177383945,Wed Dec 10 12:12:18 +0000 2025,6.3,04_onchain_alpha_airdrops,47,0,29,0,NO,"Almanak 将于明天正式 TGE，并上线 Bybit、Gate、Kraken 等交易所。

这个项目大家最熟的两个点：一是曾在 Legion 军团做过社区轮销售；二是它是目前 AI × DeFi 方向里，关注度和认可度都比较高的基础设施项目。

简单说，Almanak @almanak 做的就是当下很火的Vibecoding：你不需要懂复杂的机构级量化策略，也不需要会写代码，只要用通俗语言把你的想法（意图）告诉Ai，背后的AI 代理蜂群协作就会自动帮你生成策略代码、完成回测，并直接部署到链上执行。不需要你会写代码就可以实现这一切。

旗舰产品 alUSD 金库在 4 个月内 TVL 接近 1.4 亿美元，实现利润超 100 万美元，项目获得 Delphi、HashKey 等VC支持，总融资超过 1100 万美元。在 AI 赛道里，算是少有的具备大规模 TVL 和真实收入的正规军项目。

$ALMANAK 代币总量为 10 亿，TGE的FDV预估会在1亿美金上下。为了配合本次 TGE，官方同步推出了一个名为Almanak Games 的新模式，持续 50 天（2025 年 12 月 11 日–2026 年 1 月 31 日）。

玩法：用 Almanak Safe 钱包做交易、持仓、加 LP、写策略、跑交易，所有行为都会在链上实时计分，积分直接决定能分到多少空投和现金奖励，空投比例区间是 1.5%–3%，外加最高 100 万美金奖励。另外不锁仓但承诺持有代币至年底会有积分加成。

玩的人越多，奖池越大，谁交易多，谁持得久，谁分到的筹码就越多。

我仔细看完规则思考之后，从项目方的视角来看，这种一鱼多吃的设计，用发币的方式做产品冷启动的打法，围绕代币抛压做出一系列的玩法，挺聪明的，。在当下这个市场环境里，用一种完全透明、可验证、算法驱动的游戏化竞争机制，来做产品冷启动和TGE分发，把原本不透明、容易被操控、社区信任度极低的发币环节，变成一场所有人都能看懂、能参与、能验证的公开竞技运动会，同时顺手把自己的 AI、Agent、Safe 钱包和策略市场产品推到更多用户面前。

查询领取空投

https://t.co/vDq6UN4JUE"
1852570495658643581,Sat Nov 02 04:36:39 +0000 2024,7.2,04_onchain_alpha_airdrops,41,18,18,0,NO,"🪂Zircuit @zircuit给 Eigenlayer（EIGEN）持有者和质押者空投 $ZRC 代币

本次活动将分配总供应量 2% 的 ZRC 代币，所有符合条件的钱包地址都会获得同等奖励（无论质押金额大小），单号749枚
https://t.co/nP7FaKitUh
资格标准：
10 月 8 日前钱包持有或质押 >3 EIGEN。

ZRC 的总供应量为 100 亿个代币。ZRC 在 TGE 之前不可转让。

ETH 和 Zircuit 主网上的合约地址：0xfd418e42783382e86ae91e445406600ba144d162
你关心的问题在这里都能找到答案：https://t.co/3fScHgkmEJ

Zircuit是一个完全与 EVM 兼容的zk Rollup，在质押赛道的竞争者，由Pantera 和 Dragonfly背书，前不久Binance Labs也参与投资。他的LRT套娃玩法主要是将原生ETH或者流动性质押、再质押代币等存入 Zircuit 以获取该项目的积分和再质押的原生奖励。

丰密：我个人没有参与ZRC的活动与交互，貌似有些钱包有质押Eigen也没有领取资格。整个活动，我更愿意研究它项目方视角与空投规则。
吸引用户方面：针对其活动用户以及在质押赛道的主要协议Eigen的代币持仓用户都给予了照顾，整个流程中规中矩。其给eigen持仓及质押用户空投是加分项。
激励用户方面：参与后续的活动有gas补贴，基础标准以及小额账户的粉尘分发阈值。"
1777008001528012839,Sun Apr 07 16:18:17 +0000 2024,6.2,04_onchain_alpha_airdrops,205,32,92,0,NO,"提醒⚠️
最近确实推特上很多原来从来没看到过的账号发撸猫教程
大概清一色的情况
1、fork了老外的推特内容，特别是撸空投相关的。
2、排版与标题异常醒目，都tm说潜在利润，利润个屁。
3、买了几万粉丝，关键有我关注的人关注，哎呀我去，
4、小心呐，随便嵌入一个链接，你无脑点进去，后续可能清空你的钱包。
5、真正的撸毛人，谁有那么多时间写那么好的教程呐，教能里都可能藏着坑呐，难怪新人好多一上来都不问协议干啥的，都稳定是ip，问的是浏览器，问的是虚拟环境，卧槽，到底谁在瞎害人呐。"
2100235785165496621,Wed Sep 16 14:50:06 +0000 2026,4.9,04_onchain_alpha_airdrops,21,0,24,0,NO,"Arc上线第一天忍住了没下手。 台子太多实在看不出哪个牛逼，看到热度比较高的Argus，也就 2000多万美元市值。一下子全冒出来注意力分散了。但是ARC第一天的TVL就超过3亿，不愧是众多机构支持的，只是真的，新链早没有当年defi 冲头矿的冲动。

2、Gate打金狗功能产品：  Gate的「打金狗」产品也第一时间支持Arc链了，可以看和交易 Arc 上的新代币，限时免Gas，不需要跨链，这个cedefi产品对在用 Gate 的新人来说，能少折腾几步，在熟悉的 App 里就能参与，直接可以用交易所的资金买。

3、ARC的代币情况： 总量100 亿，60% 用于生态，此前融资对应估值是30亿。不过60% 包括开发者资助和增长计划等。我暂时没找到任何有明确空投的信息。"
1979409696542085392,Sat Oct 18 04:50:21 +0000 2025,8.8,04_onchain_alpha_airdrops,267,24,127,0,NO,"📌 提醒一下：之前绑定过 X 的用户都有空投资格，共计 8 万个链上地址 + 4 万个 X 账号。
记得去检查：https://t.co/XBbeoWlscf

之前分享过的 RIVER 已经上线了 Binance 永续合约，这可以说是一个阶段性的起点。

目前大多数项目顶多能上 Alpha，再好一点才是 Alpha+Perp，而 RIVER 作为 Binance Wallet 首个超募 $1 亿美金的项目，基本面数据非常硬。最近无论是投票排行还是价格表现，都相当强势。

更值得关注的是它的空投机制：
RIVER 引入了一个动态空投转换机制，让“时间”本身成为代币经济学的一部分。符合资格的用户，能领取的 $RIVER 数量会随时间延迟而指数级增加，带有明显的博弈性质。
River Pts积分可随时兑换成 RIVER 代币，配合合约可以衍生出更多策略玩法。

从用户角度看是博弈游戏，让社区用户互相揣摩最佳领取时机，本身也能制造讨论热度。从项目方视角，玩法上的创新，它本质上就是一种控筹分布手段、稳住价格、提升用户粘性的思路。"
1936458243074834847,Sat Jun 21 16:16:37 +0000 2025,8.0,04_onchain_alpha_airdrops,52,8,19,0,NO,"Sahara 即将 TGE、盘前估值突破 10 亿美金，AI × 数据资产赛道的热度迅速升温。

与此同时，多个 AI 项目也在排队发币，整个板块进入新一轮预热。

一个更底层、但很少有人聊的数据标注平台Codatta @codatta_io，预计也即将TGE。

目前还没发币，只拿了 OKX 250 万美元种子轮融资。之前该项目的任务我也只是跟sahara一样测试了下。

之前也有人在做任务的时候把它看作 Sahara 的“对标项目”，在我看来，其实它切入的是一个完全不同的维度：

如果说 Sahara 是“数据的交易平台”，那么 Codatta 更像是“数据资产的制造工厂”。一个解决流通问题，一个专注资产生产，两者既有分工，也可能形成互补。

当下，AI 模型评测越来越像“刷榜秀”，最近不少朋友刷 Chatbot Arena 排行榜刷得上头，Claude、GPT-4o、Gemini 来回 PK，甚至还有人拉群下注赌谁会赢。但大家真的想过没有：这个榜单，到底还能不能信？

答案是：越来越不行了。

因为有主办方爆出来可以通过用户喜好调教模型，甚至匿名评测机制本身都可能被投票水军污染。你以为自己在参与模型评价，实际上不过是看了一场排练好的剧情。

而就在这种乱象之下，Codatta 上线了 Arena，听名字可能以为只是“又一个榜单”，但他们干的事其实是重建了评测这件事的信任底座，每一个题目由用户发起、模型盲测作答、社区实名投票评优，投票数据、答题内容、评分逻辑，全都写进 Avalanche 子网 Kite 上，链上存证，谁也篡改不了。也就是说，不管你是 OpenAI 还是“隔壁山寨大模型”，到这来就是裸上阵，没有后台。

Codatta Arena入口：https://t.co/T0UmZiyVaF

这个 Arena，是 Codatta 的一个重点，但它只是项目的一部分。Codatta 的更大雄心，在于建立一套关于“数据”的新逻辑。

过去，大模型发展用的训练数据都是免费白嫖的，不管是开源语料还是你我点过的“我同意”按钮，它们从不问你同意没同意、要不要分钱。而 Codatta 提出的机制是：你出题、你投票、你审核，这些都不再是白干活，而是一份可以确权、可回溯、能参与分润的数据资产。

你每做一次有效标注、每参与一次评测，就能获得积分。等代币上线（TGE）的时候，这些积分将转化为空投。这是 Web3 该有的激励逻辑：数据不是白来的，背后是人的劳动，人的判断力。

所以从这个意义上说，Arena 不只是一个“评测功能”，它是这套数据权益逻辑的一次展示：把我们每一次与模型的交互，都变成生产数据、积累资产的过程。就像 Arweave 把存储变成资产、Render 把算力变成资产，Codatta 把数据行为变成资产。

除了技术，Codatta 最近在外联合作上加入的两个生态伙伴：@saharaai 和 @irys_xyz，一个是隐私计算赛道里最激进的实践者，一个是专注链上存储激励的头部协议。前者保证了用户数据在评测参与中不会被泄露，后者确保了链上数据的永久性与分布式归档。这两者加持下，Codatta 本体的“链上数据确权 + 标注激励”能力，能在未来接入更深的 AI native 场景，比如企业私域评测、敏感行业评估系统。

那现在怎么样了？

从数据来看，它已经积累了超过 30 万用户、200 万条验证数据。虽然目前还没发币，但整套逻辑已经走通了：积分系统上线、质押机制可用、用户行为可以映射为 token 份额。不是 PPT 项目，也不是赛博空想家，而是能看得见路径的一步一步走出来的协议型产品。

我们经常在说，Web3 的使命是把用户的行为“资产化”，但大多数项目最后还是把这个“资产”变成了“撸毛机会”。Codatta 不是。它的路径注定不会那么热闹，你要问它是不是未来的巨头？不知道。但你要问现在这个时间点，它是不是 AI+Web3 最有原创性、可验证性的评测协议之一？答案是肯定的。

当 AI 系统越来越像黑箱，评测结果越来越被操控时，总要有一个地方告诉我们：

这个模型到底行不行？你说了才算。

很多人没听过这个项目，AI 数据大火的情况下，Codatta的业务线是非常全面的，虽然目前声浪不够，关注的人不多，但是大胆预测一下，OK或币安应该有它的一席之地，大家怎么看，评论区给出你的真知灼见。"
1935599118149382589,Thu Jun 19 07:22:46 +0000 2025,7.1,04_onchain_alpha_airdrops,39,9,46,0,NO,"a16 再次加注 $Eigen 7000万美金。
继去年 2 月份的 1 亿美金融资后，a16z 连续重注，押注的是一个更宏大的愿景：

✨EigenLayer 正式进化为 EigenCloud 

@eigencloud 一个由 $EIGEN 保护、支持 AI 与可验证服务的“可验证云平台”，

主打口号：“云级能力 + 加密级信任”

重大变化：再质押变成作为底层信任机制，AI API 成为可验证资产， $EIGEN  叙事也从再质押代币升级跃迁为 AI Infra 的原生信任资产。

仔细看了官方文章，其主要是为了做 AI 与服务的以太坊信任层，让开发者部署可信应用如部署智能合约一样简单。

相比，当 EigenCloud 构建起可验证 AI 服务平台之后，我更关注的，是接下来的生态“空投机会”

谁会是第一个部署可信 AI 应用的项目？
谁会给已经是 $EIGEN 参与者、质押者的第一批大空投方？

有没有深入投研的老师聊聊"
1692219731141607857,Thu Aug 17 16:59:58 +0000 2023,7.4,04_onchain_alpha_airdrops,28,38,5,0,NO,"connext 的代币分配乘数情况
跨链桥曾经的撸点：多链使用+流动性。
但跨链桥的风险太大，以后咩有任何建议。
https://t.co/UEyP5MVhvC

里面还有情况：女巫🧙‍♀️
1    删除已知的恶意行为者。  。
2.  交互分析: 分析了以太坊、Polygon 和币安智能链 (BNB) 的交互量、频率和交易量。
3.  资金流向分析。 共享资金来源的地址可能表示 Sybil 账户。
4.   地址聚类  使用聚类和社区检测算法分析交易图来识别女巫。

丰密认为layerzero 可能会更新历史上最大的女巫数据库（虽然不希望这种情况发生）"
1737329381679546569,Wed Dec 20 04:29:37 +0000 2023,5.4,04_onchain_alpha_airdrops,72,39,10,0,NO,"Airdrop：
检查空投：https://t.co/m3TUkKo4MX   

第一阶段资格：过去两年中在以太坊上交易了NFT。支付的版税多貌似能领取多。
Frame ：一个即将推出的专注于 NFT 的L2，已完成 Electric Capital 电力资本「很吊」⚡️领投的一轮融资。其他投资者包括：
9gag 创始人 Ray Chan-MeMeland
Luca Netz -矮胖企鹅CEO
Sushiswap 前首席执行官 0xMaki"
1542397766411771904,Thu Jun 30 06:40:58 +0000 2022,4.8,04_onchain_alpha_airdrops,108,30,23,0,NO,"希望你能看懂：
冉冉升起的王者

👀 StarkNet snap 可以从 Metamask 帐户助记词生成 StarkNet 私钥，现在无需创建新帐户就可以在 StarkNet 部署帐户、交易、合约交互

这就意味着，MetaMask 用户可以使用以太坊钱包助记词创建 StarkNet 地址、生成 StarkNet 钱包。"
1860229637567316009,Sat Nov 23 07:51:21 +0000 2024,6.6,04_onchain_alpha_airdrops,6,3,3,0,NO,"项目8∎   $SIDE @SideProtocol 空投
代币： $SIDE
空投：总量1亿
开始日期：2024 年 11 月 26 日，上午 10:00（UTC）
网址：https://t.co/wIdVqxY5Dn
详情：https://t.co/WeSxl2zLuA
资格：
1、比特币活跃用户：总创世空投的 30% 分配给该群体，在快照中确定的 764,909 个合格地址中，可领取地址的上限为 50,000 个。要获得资格，参与者必须在 2023 年 1 月 1 日至 2024 年 11 月 1 日期间花费超过 0.005 $BTC 的网络费用。每个合格地址可以领取 600 个 $SIDE 代币。「丰密旁白：未来BTC生态将是个人聚焦重点」
2、高质量NFT社区 ：10.50%分配给比特币、Cosmos、Solana 和以太坊生态系统中的 NFT 社区
3、ATOM 质押者：1500万代币分配给 $ATOM 质押者，值得注意的是那个50.5那一档，小细节大心思。
4、激励测试网用户：83,582 名内部人员向内部积分系统提交了比特币地址。符合条件的地址经过仔细筛选，并根据累积的 SIDE 积分分为 11 个等级，等级越高，奖励越多。占比3200万。

⚠️注意：先到先得，每个类别上限为 50,000 个。Genesis Drop 注册将遵循先到先得 (FCFS) 的方法，每个类别都有注册上限。一旦达到上限，该类别的注册将关闭。

丰密点评：项目方的广泛性原则，覆盖多样化的用户群体，分层设计既能吸引主流加密用户，又能维持技术社区的参与标准定制值得称赞。像 “公共物品资助” 和 “白名单活动” 这样的类别虽有吸引力，但详细规则尚未披露。

项目方的先到先得规则对早期注册者友好，目的应该是激励用户快速参与，同时限制每个类别的注册上限，从而避免单一群体过度领取，保持整体分布的公平性，但一定程度上局限性非常明显，透明度非常糟糕，这只会增加部分用户的不公平体验和资源分配矛盾。我用一句白话表达：🐶狗看了都摇头！"
1876492215792590904,Tue Jan 07 04:53:02 +0000 2025,9.0,04_onchain_alpha_airdrops,40,14,18,0,NO,"Sonic SVM 原生代币 $SONIC 上线交易所 & 空投计划

空投查询📖：https://t.co/1EvisvIyWs

Sonic SVM @SonicSVM其原生代币 $SONIC 将上线 OKX、KuCoin 和 Bybit等交易所，并开启现货交易。
OKX 现货开盘：1 月 7 日 20:00

1️⃣ $SONIC 简介及空投计划
1、 $SONIC 是 Sonic SVM 和多 SVM（Solana Virtual Machine）生态系统的核心代币，为游戏和应用提供高性能支持，推动 Solana Layer 2 和 HyperGrid 生态系统的快速扩展。$SONIC 的实用性和代币经济学官方公告：https://t.co/i352lZIkGE

2、 $SONIC 空投计划
1. 空投详情
• 快照时间：2024 年 12 月 31 日
• 分配比例：$SONIC 总供应量的 7%（1.68亿）用于空投
• 空投对象：Sonic AVS 代表器、HyperFuse 节点持有者、奥德赛参与者、SonicX 用户、世界商店积分持有者、镜子 NFT 持有者

3. $SONIC 代币经济模型
• 总供应量：24 亿
• 分配结构：社区与生态系统：57%、早期支持者：8%、投资者：15%、基金会：20%
• 代币功能：
支付货币：支持 Sonic SVM 上的游戏和应用支付
质押与奖励：用户质押 $SONIC，支持网络安全，获得质押奖励
治理参与：$SONIC 持有者参与生态治理
验证者奖励：激励 HyperGrid 验证节点的贡献

3. TGE 计划
• 时间：2025 年 1 月 7 日 20:00
• 代币流通：15% 的 $SONIC 在 TGE 后进入流通
• 参与方式：
• 空投申领：资格检查器将于 1 月 3 日上线，用户可验证钱包是否符合领取条件
• 交易所购买：支持 OKX、KuCoin、Bybit 等主流交易所
• Alpha Vault 预售：提供公平获取渠道
预售在流星协议meteora上进行，需要检查账号是否有白名单，，目测有资格的基本上是稳赚，检查资格：https://t.co/onweROs3rt 
有资格的参与存USDC（剩余7小时）：https://t.co/HLWjQ6pBw9
官方推文里能找到具体合作的白单项目https://t.co/eIApMb4A66

2️⃣ Sonic 的独特定位
1. 首个 TikTok App Layer
Sonic 是首个深度集成 TikTok 的 Solana 扩展解决方案，类似 TON 在 Telegram 小程序生态中的定位。通过 TikTok 的全球用户基数，Sonic 为十亿级用户规模的 TikTok 应用提供从 Web2 到 Web3 的无缝连接创新解决方案。

2. Solana 的扩容方案
作为 Solana 的 Layer 2 解决方案，Sonic SVM 专注于高性能与低成本交互，其角色类似以太坊中的 OP 和 ARB。
结合 SVM 的技术优势与 TikTok 的分发能力，打造差异化竞争力。

3️⃣关于Sonic叙事
Sonic 的运营策略目前深度绑定 TikTok，通过与其海量用户基数结合，将 Web2 用户转化为 Web3 用户。这种差异化的策略不仅实现了去中心化应用场景的广泛推广，还为 Sonic 生态的游戏和应用带来了真实用户流量。大概运营策略为
1. SonicX 应用层：深度集成 TikTok，用户可通过 TikTok 登录 SonicX，完成任务赚取 $SONIC，类似ton生态的小游戏玩法。
2. 任务驱动流量：小游戏、代币奖励等机制激励用户参与链上活动
3. 社区活动：定期发起 TikTok 挑战，增强用户粘性，扩大生态认知
4. 转化闭环：Web2-to-Web3 的转化闭环，通过简单的自动链上账户创建，降低用户门槛
5. 算法助推：利用 TikTok 推荐算法，快速覆盖目标用户群

大致看了下 Sonic vs TON 的区别：
• Sonic 更偏向链上游戏领域，专注于用高性能和分布式框架解决扩展性和实时性问题，核心是服务于游戏玩家和开发者。
• TON 则更聚焦社交应用，利用 Telegram 的生态绑定迅速占领用户入口，是社交生态的区块链方案。

对于 TikTok 用户数据的转化影响，如果假设转化率在 20%-30%，结合 TikTok 全球十几亿用户基数，Sonic 的估值模型显示出较高的潜力。尤其是在链上互动深度和用户增长率的推动下，今天开盘 FDV 有望超过 5 亿。

Sonic 基于 SVM 核心技术，通过 HyperGrid 打破性能和扩展的瓶颈，专注于游戏和应用场景开发，同时结合 TikTok 的庞大用户基础，开创了一套独特的 Web2 向 Web3 转化模式。相比 TON 的社交和金融生态，Sonic 更加聚焦链上游戏领域的深耕，配合分布式网络的布局，显得更有针对性和创新性。

随着 $SONIC TGE 的推出，Sonic 有望成为 Solana Layer 2 生态的重要支柱，同时在链上游戏和用户增长方面确立行业标杆地位。

最后，别忘了查空投，别忘了查白单。送钱！

@SonicSVM"
1850943525002826056,Mon Oct 28 16:51:39 +0000 2024,7.1,04_onchain_alpha_airdrops,41,8,11,0,NO,"😊笑脸检查空投
https://t.co/o3f1ltcgWT

🌟 bitSmiley：比特币生态首个原生超额抵押稳定币！
bitSmiley 将比特币带入 #DeFi 生态，推出了基于 BTC 的超额抵押稳定币 bitUSD，链上持币地址超 2 万、TVL 达 3000 万美元，并已与 40+ 项目合作。作为 BTCFi 稳定币龙头，bitSmiley 具备市场流动性和先发优势，类似以太坊的 DAI 角色。

🔑 构建围绕 bitUSD 的 Swap+稳定币+借贷+衍生品的金融生态，核心产品：
1⃣ bitUSD：BTC 抵押稳定币，与美元 1:1 挂钩
2⃣ bitLending：点对点 BTC 借贷协议
3⃣ CDS 衍生品协议：去中心化信用违约保护
4️⃣  比特币原生 AMM bitCow

🚀稳定币的关键地位：在 BTCFi 的生态结构中，稳定币处于一个中枢的位置。当前 BTC 的生息和Restaking 已经有了比较充分的发展，形成了较大体量的资产层，而除了 BTC 本币以外，稳定币是切入市场的一个关键入口，包括较传统的 DeFi 市场和新兴的 Payfi 市场，同时也是铭文交易的中枢。

📈Tokenomics ：BitSmiley 代币 #SMILE 总供应量 210,000,000 枚，具有治理、参与盈余拍卖、稳定币费用折扣、优先清算等效用。

🪂空投AirDrop⚡️：
1、面向参与 Merlin Chain 与 Bitlayer 测试网的用户空投 210 万枚 SMILE，必须满足：
·在 bitLayer 或 Merlin 测试网上开设 Vault 并铸造 bitUSD
·在 bitCow 上为 bitUSD-WBTC 对增加至少 500 bitUSD 的单边流动性（基于 70,000 美元的 BTC 价格计算）
·与 bitCow 进行过互动

2、面向 NFT 持有者：bitRC-20 协议首个资产为 OG PASS NFT（bitDisc）。bitDisc 分为金卡（bitDisc-Gold，限量发行 100 份）与黑卡（bitDisc-Black，限量发行、public free mint）两个级别，质押 bitDisc-Black 可获得 bitJade，获取空投、积分等。

❓玛尼，你符合资格，但是查询不到空投？
1、第一步https://t.co/o3f1ltcgWT  空投查询地址，用绑定的EVM钱包查询，查询不到，大概率绑定钱包错误（不会影响空投）
2、第二步：没有弹出绑定框，去梅林，https://t.co/snnO6qHjao， 用0x地址，验证之前是否绑定成功，检查流程。
3、绑定钱包：绑定流程，先关掉弹窗，在链接对应钱包"
1940071853193929171,Tue Jul 01 15:35:49 +0000 2025,8.8,04_onchain_alpha_airdrops,88,29,84,0,NO,"🕷 🕸️Botanix 主网正式上线｜同时推出早期交互任务活动：「2100 计划」

半年前 Botanix 推出最终测试网时，我曾分享过一篇简明参与教程，热度非常高。如今，Botanix主网终于正式上线，且推出“2100 活动”来激励早期用户参与。
官推：https://t.co/3DPPsaigRb

2100活动👉：https://t.co/CVwpWTzMBr
（进入任务核心区域，必须拥有 NFT 通行证，而这个通行证只通过邀请码铸造获取，裂变机制让创世邀请码相当于永动机，权重可能更高，评论会私信一些亏友）

很多人对Botanix @BotanixLabs不太了解，我个人叫他蜘蛛链🕷️，它是第一个运行在比特币上的 EVM 等效 Layer2 网络，就是让比特币能像以太坊一样，跑智能合约、玩 DeFi 的 Layer2 网络。

目前比特币 Layer2 中主打 EVM 的项目，主要就两个：BOB @build_on_bob和 Botanix，这两个我都比较熟，相比之下Botanix 更“纯血”一些，整个系统完全建立在比特币之上，不依赖任何其他链。

在我看来，它的特别之处，主要是：
1、💡 原生运行在比特币上， 比特币本身既是结算层，也是抵押资产，不搞什么桥接或者包装 BTC
2、💡 用 BTC 支付 Gas 费，做任何操作都直接用比特币结算
3、💡 等效 EVM，可以像在 ETH 上一样部署合约、交互 Dapp
4、💡 独创 Spiderchain 机制，这是 Botanix 的“核心”，一套专门为保护链上 BTC 设计的分布式多签网络。

Spiderchain 直译就是“蜘蛛链”，也是蜘蛛🕷取名的来源，这个名字很形象，每条“蜘蛛腿”都是一个随机节点，它们共同组成一个新的多签地址，负责托管用户的 BTC。每个比特币区块都会生成一个新的多签地址，整个网络就像蜘蛛网一样，密密麻麻、覆盖全链，保障安全。

同时，Spiderchain 还完成了一个关键任务：把比特币原生的 UTXO 模型转换成了 EVM 能识别的账户模型，让 BTC 真正“上链可用”。主网上线第一天，Botanix 就启用了 16 个去中心化节点组成共识，不依赖中心化，这样设计的好处就是：去中心化、高安全、不怕单点出事，这个系统，既继承了比特币的安全性，也具备了以太坊的可编程性。

所以，简要来理解Botanix 的核心机制就是：用 BTC 来质押、用 BTC 来结算、用 Spiderchain 来保护。
该项目上一轮由 Polychain 领投，共融资 1150 万美元，主网上线上线前我就有重点跟进一些协议，比如值得一提的是：知名的衍生品协议 GMX V2 已经通过提案，计划在 Botanix 上部署！

要知道，GMX 是 Arbitrum 生态中最受欢迎的 DeFi 应用之一，这一动作说明 Botanix 正在被头部协议认可，生态潜力值得关注。

我第一时间参与了交互，说下参与重点，简短写个教程
官方推出了推出了限时任务活动 Bitcoin: 2100，内含真 BTC 奖励。

任务主打游戏化 + 沉浸式体验，

1、打造“比特币城市”，边玩边拿 BTC 奖励
游戏设定在2100年的假想世界，到时经济活动在比特币上运行。用户将在 Botanix 生态内探索多个合作 Dapp，每一个 Dapp 都被打造成一座城市“地标”。
完成任务即可获得积分，解锁空投 + 获得链上奖励。

⚠️活动预计持续 6 周，官方已透露未来将与奖励直接挂钩！懂得都懂。

2、任务重点：
比特币堡垒区域是“福利核心”，包含四款原创小游戏，部分游戏需链上交互，奖励直接发放真比特币（单位：sat 聪）。
1、寻找中本聪密钥🗝️：解谜闯关，成功可获得隐藏私钥里的 0.1 BTC
2、幸运转盘🎰：每次支付 1 sat 抽奖，奖池从 2 sat 到 1000 万 sat
3、猜区块哈希🔢：支付 100 sat 参与彩票，赢取大奖。
4、Sats 挖矿⛏️：每日签到，免费领取 sat。

3、游戏入口需专属 NFT 门票：邀请码制度 

进入“比特币堡垒”核心区域，必须拥有 NFT 通行证，而这个通行证只通过邀请码铸造获取。
官方透露创世阶段将分发几千个初始访问码，面向合作伙伴、社区核心用户，成功铸造 NFT 后，每人将获得 5 个邀请码可分享邀请
每推荐 1 人注册成功，可得：🎁 100 sats以及额外 20 次幸运转盘机会。

没邀请码？那就主动找有权限的朋友要！我个人会在评论区私信一些面熟的亏友。数量有限，第一批资格给完即止。

4、✅ 如何参与？教程
建议使用 OKX Web3 钱包@okxchinese @OKXWallet_CN参与Botanix 生态

教程：
1、打开 https://t.co/CVwpWTzMBr  进入界面，点击白色的市政厅，

2、点击白色的市政厅，有指导路径，跳转资金桥：https://t.co/lluPjaf0bf ，连接okx钱包，复制你的存款地址，然后转BTC进去做gas，隔几个小时回来领取你的BTC(安全起见转入蜘蛛链需要18个比特币主链区块确认)，你会看到botanix网络上有你转帐的btc。

3、按照提示继续创建 Intract 个人资料

4、点击城堡，城堡内有四款游戏等您体验，玩游戏、赚取真正的比特币。4个任务在点击显示屏幕。
输入拿到的邀请码即可。

后续等待官方进一步的任务释放。

参与任务方面总结：
•   玩法超简单，奖励真 BTC，需要有邀请码获得 NFT 通行证的人才能进核心堡垒区玩！
•  “比特币城堡”4个游戏：找私钥、转轮盘、猜区块、每日挖矿，最高0.1BTC奖励，每天签到免费领 sats，1 sat 抽奖，最高可中 5000 万 sats（半个比特币）。
•   初始限量访问 NFT 铸造码，之后只能靠这些人也分享邀请码才可以，支持裂变。

哥，Botanix 目前尚未发币，任务 100% 与激励强相关！这次主网任务「2100 」，不只是玩游戏那么简单，它几乎可以确定是空投前最重要的埋点活动。

用okx的那句名言，勇敢的人先享受世界，
评论面熟的亏友我会私信创世邀请码给你，创世邀请码相当于永动机，真正的比特币机会，亏完即止。"
1704725591361278265,Thu Sep 21 05:13:47 +0000 2023,8.0,04_onchain_alpha_airdrops,70,65,25,0,NO,"很早之前一直看Web3Caff @web3caff_zh 的专业研报，很多看不懂，但看到的大部分关键词:Zk+Rollup+layer2，
当时感受到未来的风大概率是这样吹，所以有了：Allin-AirDrop

取势/明道：web3caff 的方向是研究Research,并提供专业、深度、独家、高优质 Web3 行业一线研究报告，有免费也有付费pro会员，对于很多撸猫用户其实都不懂也不需要，但也有很多喜欢研究的亏友确实可以多看看高质量的研究报告。

比如这个《Gitcoin Passport 研究报告：从以太坊生态的 ""军火库""，到应对女巫攻击与 DID 领域的竞争者》，详细说明了Gitcoin干🧙‍♀️女巫的核心要素：
https://t.co/QJGUM5b01R

丰密也认为Gitcoin Passport很重要‼️，但是我认为更应该专注在其剔除web2验证之外的积分，也就是-链上行为的用户画像。

🔔：web3caff提供的是专业的研报，如果不是pro会员很多可能看不了,普通撸猫用户多专注🧘链上行为即可，毕竟我们每个人都不一定要成为砖➕"
1929588703703584827,Mon Jun 02 17:19:31 +0000 2025,7.0,04_onchain_alpha_airdrops,135,47,26,0,NO,"Monad 💜
测试：https://t.co/nNUQBfnoAm
水龙头🚰：https://t.co/M36LXx4Arg

🚰明牌要求
在这里，@monad_xyz 要求测试地址钱包
→ 以太坊主网上的余额>=0.03 ETH
→ 以太坊主网上 >=3 笔交易
→ <5 MON 在 Monad 测试网上
另外X+DC。

🐝为了后续更精准地识别“高质量早期用户”，做用户画像的初筛，降低“无效参与”，从源头控制了交互质量和后期筛选机制。"
2062219608548098229,Wed Jun 03 17:07:23 +0000 2026,3.9,04_onchain_alpha_airdrops,23,0,34,0,NO,"用户用免费空投的 XP 积分参与，完全不涉及任何真实资金或加密资产，活动结束按积分排行瓜分 16.6 个 BTC 奖池（100多万美金💸），有观点就能上。

OKX 世界杯预测活动这是有奖娱乐压力测试？这个活动设计者真不错，一箭三雕"
1929569840609808489,Mon Jun 02 16:04:34 +0000 2025,4.5,04_onchain_alpha_airdrops,43,9,10,0,NO,"卧槽！能被GM老师列入这个表单，我也是好起来了。

GM老师把每个老师都刻画的非常到位。我@他们，我也用一句话告诉你们这些老师为什么值得关注➕

1、@11dizhu  十一地主   撸毛届里的诗人

2、@Bruce1_1 Bruce，撸毛届的博士后，学历最高的，

3、@Kuigas    丰密，屌丝圈的叼毛

4、@evilcos   余弦，白帽安全守护者

5、@ai_9684xtpa  Ai 姨，链上数据分析监控师

6、@thecryptoskanda 韦陀教主，旁氏理论教学实践3手抓

7、@cishanjia  奶子哥，MeMe投机、教学、慈善分享家

8、@bitfish      神鱼，数不清的BTC，榜样的力量

9、@zhamomo666 套利渣沫哥 ，钱都被他赚走了

GM老师的的军火库里110位严选。想要知道是谁的，还有谁？还有谁？还有谁？"
1836019923820429519,Tue Sep 17 12:30:36 +0000 2024,3.5,04_onchain_alpha_airdrops,40,10,5,0,NO,"BOB Fusion 第三季也是最后一季
BOB Fusion 是 BOB @build_on_bob生态系统的官方积分活动https://t.co/gwfDz3WoRS
BOB Stake 一键质押 BTC
https://t.co/gY59BT2NkQ

BTCfi挺重要，期待能有好表现，bob还差一轮大融资"
1984104239711560015,Fri Oct 31 03:44:48 +0000 2025,5.9,04_onchain_alpha_airdrops,30,2,17,0,NO,"$Noble Airdrop 🪂

1、对象： 参与过 USDN Points Program（第1季 & 第2季） 的用户

2、总流程分为三步：
--绑定地址：将你的 Cosmos 地址绑定到一个EVM主网地址
--TGE 当天领取代币：代币正式上线时，领取你的 NOBLE 代币
--转移至 Noble AppLayer：将领取到的代币从以太坊转移至 AppLayer 网络（Noble 自有 EVM 网络）

3、⚠️必须完成第 1 步绑定，否则将无法获得空投资格。
第 1 步只是绑定地址，不会发币。
截止日期：2025 年 12 月 31 日前完成 Step 1

在 Season 2 结束（Hyperliquid Vault 上线）前，积分仍会持续变化。

若提取 USDN 导致余额低于 Season 1 的期末余额，将失去 2x 倍增资格，最终空投数量将减少。

4、有些人就会问了，卧槽，那我取出来了咋办！
这确实就比较狗，我的理解是这样：
积分“数量”没变，积分“权重”变了，空投份额就会下降

也就是说系统不会抹掉你第1季的分数，但如果你“中途提币”，那这些分数从VIP权重变成了普通权重，最后兑换到的NOBLE自然就少了。"
1978471364823855349,Wed Oct 15 14:41:46 +0000 2025,9.6,04_onchain_alpha_airdrops,216,21,121,0,NO,"我记得当年一直有很多KOL推断Monad会给质押Wormhole虫洞用户空投，可是全文MON 空投都没有提过它。

MON @monad空投：https://t.co/WA650G71Mt

仔细研读很多遍确认✅
MON的整个空投里，基本上围绕的都是「身份+贡献」来做的。
MON 空投的主线 = 身份绑定

1、它认可的长期支持Monad 社区成员、原生开发者/构建者（手动甄别 + 活动与代码证明）
2、它认可的高质量链上用户 （持续资金投入/主流 DeFi 重度使用、DEX 大交易者、优质 NFT 持有、DAO 治理活跃）
3、它认可的其他高质量加密社区、加密贡献者

通过社交图谱确认真实身份，社交图谱 + 人工标注 + 反女巫，用“难以伪造”的行为与身份信号，替代可刷量的低价值交互。这应该是主要的思路，然后把一群有贡献、有身份、有潜力的人捆绑进 Monad 的故事。

只是，这场盛宴几乎与普通散户无关、、、、、、
深知，没有完美的空投方案
只是，一个网络如果散户长期被忽视，会让网络在早期就过于精英化，失去广泛的社区民众基础，比特币、以太坊、Solana 、Bsc的早期，靠的都是一批看似无关紧要的小散户，他们带来了网络效应和社区活力。

如果一开始就只奖励头部身份，那 Monad 的社区结构可能会失衡，失去草根基础，Monad一刀切除了所有测试网用户，没有任何机会，稍显无人情味，我认为应该让草根散户有一个逐步成长的空间，哪怕是一点点，也能让更多人真正成为MON网络的共同体。

屌丝是普通人，但也是真实的人。
虽然没有多少钱，但付出了精力与注意力。
值得被尊重，也值得被奖励。"
1951947994783531259,Sun Aug 03 10:07:22 +0000 2025,7.5,04_onchain_alpha_airdrops,17,2,9,0,NO,"为什么 $TREE 能被 Binance、OKX、Coinbase、Bybit、KuCoin、Kraken 等一众一线交易所集体上币？

大概率是Treehouse 已经是真正落地的 DeFi 固定收益基础设施，正好对位当前 TradFi 最熟悉也最看重的赛道。

🌱叙事清晰：核心产品tAsset 流动性质押 + DOR 去中心化拆借利率，把链上最难讲的“利率”和“风险定价”体系搬上链，打造可预测、可参与的利率锚点，该赛道天花板很高。
🌱产品真实：DeFi 新版本的“流动性质押”，不是白皮书项目，而是多年构建逐步上线，团队背后策略进一步提升用户收益。
🌱契合对位当前行情：ETH价格回升、DeFi升温，稳定收益刚需回归，市场开始重新关注“稳定收益”和真实现金流，“利率锚”成为重点关注。

这些都是交易所重点考察的发行维度：叙事明确、结构稳健、产品真实、能讲故事，还能讲得好。

多年累积、结构健康，是Binance第 29 个 HODLer 空投项目，也上了binance alpha，当前 $TREE 价格维持在 ~$0.46，也算是 Binance 7 月上线的唯一4个项目中表现最稳定的之一📈

另外，TGE 后利好消息还没结束，最近刚与 CoinDesk 合作推出新的以太坊质押利率 CESR，近一步推动基准利率建设的发展，后续应该还有许多协议利好消息，值得持续追踪。"
1907684991703855602,Thu Apr 03 06:41:59 +0000 2025,2.4,04_onchain_alpha_airdrops,1,0,0,0,NO,@OKXWallet_CN @Stake_Stone 在 TGE 时通过 OKX 钱包于以太坊领取 STO 空投，可享有额外 5% 空投激励
1895505748857401386,Fri Feb 28 16:06:01 +0000 2025,6.6,04_onchain_alpha_airdrops,4,0,1,0,NO,"7、如何控制撸毛的成本？ 在高Gas费的链上（如以太坊），你有哪些优化交互策略的建议？

丰密：
1、我个人不用很多人提及的IP，ADS，等各类程序话的东西，主要是我不会，我更多专注在帐号本身的亏gas所形成的链上画像。

2、我自己交互帐号的成本就是：资金成本，还有gas成本。

3、所以我关心的核心要点是Gas消耗在哪里，要么增加权重，要么增加链上画像。这2点是最核心的能狙击项目方的空投视角范围。

4、具体的策略上，是尽可能通过defi，或套利，或交易，或mint或项目的权重tx上。尽可能收回kui掉的gas成本，同时完善提高帐号画像。这具有非常大的反身性，得先学会亏钱，亏gas。

5、你说的高Gas费的链上（如以太坊），你有哪些优化交互策略的建议？这里视情况而定，在过去几年只有第一年gas费很贵，之后的gas费都很低。比如现在gas1，无人问津，就是打磨新号的好时机。可以结合具体项目来顺便交互主网数据。"
2047962556644675638,Sat Apr 25 08:54:57 +0000 2026,8.8,04_onchain_alpha_airdrops,156,45,48,0,NO,"截止目前14515 钱包进行了捐赠，约 1.62 亿美元。。

围绕 4 月 18 日 rsETH 事件，由 Aave 发起的救援计划DeFi United。创始人stani @StaniKulechov 发起了一个捐助网址：https://t.co/bFvJFSgjIG

主要贡献方：
Mantle：30000 ETH
Aave DAO： 25000 ETH
Stani Kulechov：5000 ETH
EtherFi： 5000 ETH
Lido：2500 ETH
Golem Foundation + Project：1000 ETH
Emilio Frangella：500 ETH
BGD Labs + Ernesto：350 ETH
LayerZero 
Ethena 、
Ink Foundation + Tydro / Frax  等都加入了计划。

这次 rsETH 事件，总共被黑了约2.93 亿美元。之前 Arbitrum 已经冻结了约 7100 万美元资产，加上目前已筹集的 1.62 亿美元，覆盖整体缺口不大了。

有意思的是这个捐赠被当成了捐赠型空投机会，很多人已经蠢蠢欲动了。"
2036448647634899396,Tue Mar 24 14:22:47 +0000 2026,5.9,04_onchain_alpha_airdrops,26,1,10,0,NO,"因为跨链桥拥堵的问题，@grvt_io 这今天被不少人fud，看了下，这篇算是目前讲得最完整的一篇。

肯定一点资金层面是安全的，并且刚刚看到官方说明了情况。用户资金并不是放在 GRVT 自己口袋里，而是托管在 zkSync 对应的 ETH 主网 L1 合约里。

钱在平台账户，之前提供了11% 的收益，本质更像平台补贴，但这种模式不可能长期持续。周末和 GRVT 的 CEO Hong 聊过，感觉下来他的思路其实很不是想做一个普通交易所，而是做一个极致资金效率平台，类似新银行模式，核心点就是一笔资金，同时用来生息 + 交易。

所以看到他们在和 Aave 这类基础设施去结合，后面很可能是把资金能力彻底打通，放着有收益，用的时候直接交易，再往后接支付场景推出card。

今天把这个11%的收益降下来了，问题不是不能降，而是只发了英文邮件，没有提前公告解释模式，也没给市场缓冲期。在现在这么紧绷的市场情绪下，大家第一反应就是是不是出事了？这个也很能理解，所以我觉得，这次不是安全问题，更多还是一次沟通和预期管理的问题。

其实玩法上可以做些创新，把这个补贴可以拿来开单交易随机降落一些红包🧧，增加趣味性。

在周末也聊了下我的个人观察，grvt已经拖太久了，积分通胀问题，GLP管理人能力很强但规模并未放大，虽然增加了社区份额但是市场买不买账很难说，
在我看来，大家来，不只是为了存币吃利息，更是希望自己的时间、资金和交易，最后能换来明确回报。

安全是底线，财富效应才是大家真正愿意留下来的原因。"
1979220768560157125,Fri Oct 17 16:19:38 +0000 2025,6.4,04_onchain_alpha_airdrops,114,19,28,0,NO,"跟进了大量协议，后续我多分享些跟进中的项目：

CAP 是一个还没发币的去中心化稳定币协议。
CAP 的商业模式 = 用户存USDC → 铸造稳定币 cUSD → 专业机构执行多元化策略拿去赚收益 →再质押者提供担保 → 大家分收益。

这里的担保是为了防止机构乱搞，系统引入再质押担保机制通过Symbiotic/EigenLayer委托ETH为运营商提供担保，赚取高达4% APR的USDC费用加上PoS收益。

这样既能让普通人拿到稳定币，又能让机构和质押者通过安全的结构化方式赚收益。

1、总计筹集约1390万美元。。富兰克林邓普顿和Triton Capital领投。
2、目前阶段 3，从2025 年 10 月 13 日开启，TVL2.8亿美金

3、核心组件是：
铸造机制：用户1:1存入USDC/USDT铸造cUSD，完全可赎回。stcUSD变体允许质押以获得增强收益。

4、产品主要2个亮点资产是cUSD+stcUSD
cUSD：由蓝筹稳定币抵押的数字美元资产
stcUSD：cUSD 的收益版本

cUSD 持有者继续享受 10 倍Caps，其他就是PT YT那一套，积分高达20x。

当前cap @capapp重点是稳住 Pendle 与 Morpho 需求，整合更多蓝筹 DeFi 带动 cUSD 需求需求，保持 cUSD 与 stcUSD 的市场扩展，同时通过延长参与时间、钱包集成和委托机制提升用户黏性。

https://t.co/P7dgM8FrAk"
1967298408076767259,Sun Sep 14 18:44:25 +0000 2025,9.0,04_onchain_alpha_airdrops,67,16,22,0,NO,"满屏都是 Falcon Finance（ $FF ）！这次登陆 Buidlpad，

结论其实都比较一致：一定要冲🔥

🌟 不同点：HODL 活动
不同于以往，这次最重要的变化是， Falcon @falconfinance与 Buidlpad @buidlpad推出了「 HODL 活动」

这是一个质押 Hub：
>用户存入资产 = 拿到基础收益 + 额外积分 + 专属福利
>无管理费，奖励忠诚度，增强生态流动性。
>通过 Buidlpad HODL 质押资金，可获得更多 Falcon Miles

本次HODL 特权：
>Miles 一次性 50%加成：1 个月 15x、12 个月 60x
>更高额度 & 更低 FDV 参与资格

$FF 这次计划募资 400 万美元，TGE 100%解锁，个人额度 $50～$4000，20% 会留给社区和创作者做优先分配，这次特别之处是有 2 个 FDV 池子：

➤T1：FDV $350M （HODL 用户专属）
质押 ≥$3000（1-12个月），Miles 奖励更高
➤T2：FDV $450M （普通合格用户）

双池机制：分层且有差距，要更低 FDV+高额度，就需要参与 HODL，才能拿到最优价格和最大额度。

结论是：毫无疑问优选冲 T1

Falcon 在不到一年的时间里，跑出了非常惊人的成绩：
15 亿 USDf 流通量，16 亿+ 美元储备，Pendle 上 2.73 亿+ TVL，sUSDf 近30日 APY ~10% 5.8万+ 月活用户。 
从 规模、储备、用户、生态、收益 五个维度看，Falcon 确实非常猛。尤其是它的核心稳定币 USDf，仅用 6 个月就冲进稳定币市值第9位。

Falcon 的设计核心是 USDf + sUSDf：
USDf：超额抵押的合成美元，解决了“稳定”的基本需求。

sUSDf：收益型代币，把稳定币变成“会生钱的票据”，通过 ERC-4626 标准化 vault，让收益透明、可组合。

妙处在于既能提供流动性，又能让流动性自带收益，解决了“稳定币只稳定、不赚钱”的老问题。
重要的是，USDf 的抵押资产非常多样，不仅是 USDT/USDC，还覆盖 BTC、ETH、SOL、部分山寨 ，以及 RWA（如国债）。USDf 就像一个“链上收银台”，无论你拿来什么资产，都能转化为统一的流动性。这个设计为 DeFi + TradFi 融合埋下了伏笔。

那么收益从哪来就变得尤为关键，Falcon 强调多策略组合，比如资金费率套利、 跨交易所套利、原生加密资产质押、DEX 流动性池、可信 RWA···这里不是单一的，

这样的好处是不依赖单一市场或单一资产，不怕某个策略失效能分散风险。无论行情涨跌，总能找到机会，链上/链下同时开花，同时把机构常用的套利/对冲手段透明化搬到链上，让个人用户也能享受机构级收益，同时保持高安全和高透明。

Falcon 用双代币 + 多策略，把稳定性和收益结合在一起，做成了一个链上的“流动性+收益基础设施”，至于 TGE，Falcon 肯定还会有社区空投。
按照当前的热度与稳定币收益赛道潜力，FDV 不会低。如果没参与协议质押，Buidlpad 打新 + HODL 活动，就是我们普通用户的突击机会。"
1783457052414869973,Thu Apr 25 11:24:30 +0000 2024,6.4,04_onchain_alpha_airdrops,30,12,19,0,NO,"银河推出Galxe Earn功能，通过质押 $GAL 有资格获得 Galxe 生态系统内合作伙伴的空投。

参与链接：https://t.co/NEk0UPfoRu
输入推荐代码：YKEDCHBO
选择网络： BNB /ETH主网进行 GAL 质押。
质押金额：质押 GAL 代币，没有最低要求。
2024 年 5 月 8 日上午 12 点之前进行质押，获得 20% 的提升。

Galxe它就是大家现在熟知的银河任务平台，基本上市场上大大小小的项目都会在银河上构建任务以及奖励系统来吸引用户参与，有可能是NFT也有可能是OAT等，

Galxe开启质押距离曾经的2022年的那场空投大概2年多时间，曾经只要做过牛仔系列+银河小女孩+Mr.sol等任务的均可拿到空投,按照当时的数量以及当天的价格18+，属于5000+～10000+大空投，我身边很多人靠这个赚了不少初期奖励，当时的各种系列任务几个特点贵+时间长+非常细。基本上没有多少人能坚持的下来，大部分人一边吐槽一边坚持，最终收获，历史的剧情总会惊人的相似，只是一代新人换旧人，不变的依然还是自己，是否是曾经那个坚守梦想的自己。

现在撸空投分为好几条线，要么是质押金额特别多，要么是无限pua毫无营养的任务，要么是早期参与者变成套牢者·····要么是·······。
而我们的出路到底在哪里，方向在哪里，我想没有一个人能给出精准的答案，丰密认为做一个真实的高质量用户参与高质量的生态与高质量的协议，然后预期拉低，有则有，无则无，可能比毫无目的地参与小项目会来的更简单，更直接，更精准。"
1831532030733197371,Thu Sep 05 03:17:19 +0000 2024,6.4,04_onchain_alpha_airdrops,69,31,18,0,NO,"Eigen S2 airdrop
详情：
https://t.co/P7qUMSRHAI
EIGEN 第二季质押空投：奖励生态系统中的关键贡献者和参与者，包括质押者、运营者、生态合作伙伴以及社区成员。空投认领将于2024年9月17日或之前开始。
1. 质押者和运营者：在第二季质押ETH或EIGEN的质押者可通过官方门户直接认领奖励。LRT用户需通过各自的协议来获取质押空投的奖励和认领流程。质押奖励的计算工具可在EigenLayer官网使用。
领取：https://t.co/ODppbJlvv6
2. 生态合作伙伴：包括AVS、LRT、Rollups、RaaS等对EigenLayer生态系统有重要贡献的合作伙伴，通过这次空投认可其共同努力和对生态系统的支持。
3. 社区：早期支持者、贡献者及EigenLayer的早期项目参与者也有资格领取空投。用户需通过验证社交身份以确认资格。
（实测推特账号验证有可能有奖励，务必在 2024 年 9 月 11 日太平洋标准时间晚上 11:59 之前验证）
验证：https://t.co/TRjQDhSG0e
社区成员在各个平台（如Github、Twitter、Discord、Farcaster等）上贡献的不同方式，并根据其贡献获得奖励。每个类别都有具体的时间期限、分配比例和分发的EIGEN代币总数。

1. 开源项目:
• 社区分配比例: 61.26%
• 分配的EIGEN总数: 3,884,000 EIGEN
• 时间期限: 2024年8月15日之前
• 描述: 奖励那些为核心开源代码库做出贡献的开发者。
• 验证平台: Github
2. Twitter:
• 社区分配比例: 25.98%
• 分配的EIGEN总数: 1,647,000 EIGEN
• 时间期限: 2024年4月1日之前
• 描述: 奖励在Twitter上积极参与EigenLayer讨论的用户，基于互动水平提供分级奖励。
• 验证平台: Twitter
3. 播客:
• 社区分配比例: 4.04%
• 分配的EIGEN总数: 256,000 EIGEN
• 时间期限: 2024年4月1日之前
• 描述: 奖励讨论EigenLayer的播客创作者。
• 验证平台: Twitter（与播客直接相关）
4. Discord:
• 社区分配比例: 3.12%
• 分配的EIGEN总数: 198,000 EIGEN
• 时间期限: 2024年4月1日之前
• 描述: 奖励在Discord中积极参与讨论的成员。
• 验证平台: Discord
5. Farcaster:
• 社区分配比例: 2.47%
• 分配的EIGEN总数: 156,500 EIGEN
• 时间期限: 2024年4月1日之前
• 描述: 奖励在Farcaster上讨论EigenLayer的用户，基于互动水平提供分级奖励。
• 验证平台: Farcaster
6. 分析师:
• 社区分配比例: 2.08%
• 分配的EIGEN总数: 132,000 EIGEN
• 时间期限: 2024年4月1日之前
• 描述: 奖励创建与EigenLayer相关的分析仪表盘的用户（例如Dune、Flipside）。
• 验证平台: Twitter（与仪表盘创建者的账号相关）
7. Mirror:
• 社区分配比例: 0.69%
• 分配的EIGEN总数: 44,000 EIGEN
• 时间期限: 2024年4月1日之前
• 描述: 奖励撰写EigenLayer或质押相关文章的创作者。
• 验证平台: 不需要验证
8. 黑客松:
• 社区分配比例: 0.35%
• 分配的EIGEN总数: 22,500 EIGEN
• 时间期限: 2024年8月15日之前
• 描述: 奖励参加与EigenLayer相关的黑客松活动的参与者。
• 验证平台: Github"
1506256748776427522,Tue Mar 22 13:09:28 +0000 2022,4.4,04_onchain_alpha_airdrops,52,27,6,0,NO,"#交互～bridge
趁着交互空档整理了下之前有发的跨链桥相关的内容，后续我陆续跟新整理新的交互文档，最终会把关于eth/arb/op/stark等各个生态的内容整理在一个链接，notion玩不久，写的不好，文档内容只为自用不保证真实有效且可能会自动失效。

https://t.co/pnS2tiYxIG"
1900491236315914476,Fri Mar 14 10:16:34 +0000 2025,6.3,04_onchain_alpha_airdrops,30,7,31,0,NO,"Babylon 将空投注册截止日期延长至 3 月 19 日，TGE 随后开启，作为BTCFi生态的重要基础设施，Babylon Genesis 的启动标志着比特币质押赛道进入新发展阶段，而这次TGE无疑是催化剂，将进一步激发整个BTCFi赛道的热度。越来越多BTCFi项目开始为TGE做准备，其中包括 Bedrock、PumpBTC 等。

1、Bedrock：BTCFi 赛道的先锋项目
Bedrock（@Bedrock_DeFi）是最早进入BTC Restaking 赛道的项目之一，同时也是Babylon生态的先行者。它获得了OKX Ventures、LongHash Ventures 及 Babylon 联合创始人 Fisher Yu 等机构的投资，并与 Babylon 建立了深度技术合作。

在 Babylon 质押 Cap-1 阶段，Bedrock以最大 BTC 质押份额领跑赛道，Cap-2 阶段，Bedrock上质押的用户拿到最高的单币质押巴比伦积分 (point per stake)，
随后在 Babylon Cap-3 期间推出创新型“一篮子收益”产品 brBTC。与同类协议相比，Bedrock同时布局以太和Depin，同时成为 EigenLayer 上首个支持 BTC 资产的协议，构建 BTCFi 2.0 生态。

2、Bedrock 的核心业务
Bedrock 是一个多资产流动再质押协议，专注于BTC、ETH等资产的再质押，本质上可以理解为区块链资产管理公司，其打造的产品矩阵如uniBTC、uniETH、brBTC，核心业务是帮助用户资产的流动性管理与收益优化。
目前的TVL大约4.44亿美金，Bedrock 通过创新的流动性质押和跨链收益管理，打造完整的 BTCFi生态链。

3、TGE 临近，BR 代币空投机制解析

随着TGE临近，用户最关注的无疑是 BR 代币空投细节，其中最关键的就是 Diamonds 积分体系，
Bedrock 核心贡献者 Zhuling 曾公开表示，Diamonds 将按照特定机制转换为 BR 代币，Diamonds 将在 TGE时兑换为 BR 代币，也就是 Bedrock 生态的原生代币，同时考虑忠诚度，社区里明确说过长期持有者（持有 unitoken 至 TGE 之后）将获得更高空投奖励。

此前用户质押铸造 uniBTC，是可以获得Diamonds 奖励，同时还可享受：Babylon 质押收益、Babylon 积分、DeFi 生态参与收益在内的多重奖励，也就是说：Diamonds 价值几何取决于BR代币的 FDV（完全稀释估值） + Diamonds 兑换 BR 代币的比例。

4、Bedrock 启动 PRE-TGE 活动，BTCFi 赛道或受币安关注？

最近，Bubblemaps 在币安钱包完成 IDO 后，紧接着 Bedrock 也上线了 PRE-TGE 活动，这是 BSC 链的官方独家合作活动。这是否意味着币安正在关注 BTCFi 赛道？同时BTCFi 是否能跟 BSC 链上的流动性做深度整合？"
1894948859224416592,Thu Feb 27 03:13:09 +0000 2025,4.4,04_onchain_alpha_airdrops,3,0,0,0,NO,"BABY空投官方FAQ线程说明，
1、直接通过Babylon比特币质押协议在第一阶段质押的用户才有资格获得空投，第三方质押不计入。bylon协议第一阶段质押才符合资格。

2、直接通过Babylon比特币质押协议在第一阶段质押的用户才有资格获得空投，第三方质押不计入。

3、NFT持有者如果直接质押可获得单独的空投，但NFT不会放大质押空投，
如果未直接质押，持有Pioneer Pass NFT的用户不具备空投资格。

4、一些钱包如OKX和Binance Web3可能为注册用户提供额外奖励，但需满足直接质押的资格

5、GitHub开发者需在合格仓库中提交的最小提交次数才能具备资格。

https://t.co/xtWXitejlb"
1887896549268828519,Fri Feb 07 16:09:47 +0000 2025,7.5,04_onchain_alpha_airdrops,38,8,27,0,NO,"Story 原生代币 $IP 重点内容（有空投🪂）

1️⃣ $IP 代币的核心定位
• $IP 是 Story L1 的原生代币，Story L1 结合 AI & IP，打造可编程 IP 资产市场，推动 61T 美元 IP 资产代币化。
• Story 的点对点 IP 网络，通过智能合约和去中心化协议，让 IP 资产可以无缝货币化，释放其潜在价值。
• 类似比特币解决金融危机，Story 旨在解决 AI 时代的 IP 资产危机，构建一个可编程的智能 IP 市场。

2️⃣ $IP 代币的功能
$IP 作为 Story 生态的核心代币，具备 Staking、Gas、治理等功能，并可能因销毁机制趋向通缩。

3️⃣Staking 机制 & 公平启动
🔹 Story 采用公平启动机制，确保去中心化参与，确保所有人都在同一时间开始赚取 Staking 奖励。
🔹 在“奇点期”结束后，才会释放质押奖励，确保没有任何个人或机构可提前获得奖励。

4️⃣ 代币分配 & 释放机制
🔹 总供应量：10亿 $IP
🔹 初始解锁供应量：25%（主网上线时可用）

📊 代币分配情况：
• 38.4%：生态系统 & 社区
• 10%：初始激励
• 10%：基金会
• 21.6%：早期投资者
• 20%：核心贡献者

解锁规则：
• 社区部分将在 Story 公共主网上线首日（Day 1）解锁，用户可立即领取。
• 早期投资者和核心贡献者代币将被锁定，并在 48 个月内逐步解锁，确保长期激励机制。

二、关于初始激励，也就是空投奖励🪂
官方提到主要奖励真实用户，确保 $IP 代币分发给真正参与 Story 生态的贡献者，推动长期可持续发展。
✅Odyssey任务测试用户已被确认参与者是真正的活跃用户，应该是根据徽章确认奖励等级，这里提到Odyssey Testnet 作为真实的生态测试环境，通过短期激励计划、反农场化机制、零费用领取等方式。👈大概率是权重级别最高的，无gas费的大毛。其他几个徽章任务应该也是会被照顾到。具体几个徽章有奖励不得而知，我判断大于1个即可。

✅yappers，也就是@_kaitoai的用户，这个Web3 社交数据分析和 AI 驱动的 Web3 贡献度评估工具，它的 Yappers 评分系统主要用于衡量用户在链上交互、社交活跃度和生态贡献等多个维度的表现，也就是帮助项目提升品牌宣传的一个利器。这也就是为什么现在大量的人在刷Yap的原因，很有用，鼓励大家输出原创优质内容。另外前段时间在好几个生态看到一些著名vc机构鼓励生态采用Kaito这个ai工具，听说能提供前沿的功能和数据，帮助项目方做好生态的发展。价格不便宜。
如果还没注册kaito，邀请注册：https://t.co/hXSjIxTJgZ

✅另外的真实用户，肯定有真金白银支持首个IP资产「贾斯汀·比伯的热门单曲《Peaches》」，RWA 存款功能 由@Aria_Protocol @Stake_Stone提供支持。

✅IP网络测试用户，没有明确的空投规则，但是这部分测试用户，官方应该也会有所照顾。

✅早期还有个NFT，这个谁有啊？

@StoryProtocol @jasonzhao @StoryChina_"
1887542628092441048,Thu Feb 06 16:43:26 +0000 2025,9.0,04_onchain_alpha_airdrops,36,19,27,0,NO,"🐻Berachain TGE并上主网，目前Binance交易所报价10美金，最高15.5美金。
代币：$BERA
创世总供应量：5亿
初始流通：1.07亿（21.5%）

空投基本信息
⭐️空投概述：https://t.co/e4KuIqNHnw
空投总分配比例：15.75%（共 78,750,000 $BERA）
空投检查：https://t.co/b95m2jthYE

空投主要面向以下用户或团体

📊各空投类别细则以及问题

1️⃣ 测试网用户（1.65% ）
资格标准：
•参与过 Artio 和 bArtio 测试网，进行 DApp 交互或链上操作。
•主要交互行为包括：铸造 $HONEY、领取费用、发布奖励库奖励、将 $BGT 转换为 $BERA、委托 $BGT、其中币安Web3钱包用户可获得小幅额外提升。

相关问题：缺乏透明的资格标准
目前，Berachain 未提供明确的细则和具体衡量标准，仅列出了一些大致的交互行为，但缺乏具体的计算方式、权重分配、最低交互次数要求，以及快照机制、快照时间、贡献值计算方式，币安 Web3 Wallet 用户的额外奖励画像等关键信息。

这些信息的不透明性，导致用户难以确认自身的空投资格，缺乏解释说明，已经引发社区争议，目前的信息较为模糊，Berachain 基金会应尽快公布更清晰的计算规则、快照时间和奖励标准。

2️⃣Boyco 预存款计划（2.00% ）
资格标准：
✅ 存入 Boyco 启动计划资金的用户
✅ 奖励分配依据：存入 TVL（总锁仓量）、选择的市场（不同市场有不同权重）
✅ 奖励发放时间：存款时间 30 天或 90 天，解锁时间根据资金池选择。

⚠️ 关键注意事项：
1、Boyco 预存款用户可获得 $BERA 代币空投，但需等待 Boyco 市场结束后才能解锁。
2、Boyco提供存款，相当于给bera提供流动性，带锁仓时间的DeFi流动性挖矿，总占比2%。到期收益APR跟很多因素相关，比较直接的是能挖到的Bera数量及到期价格，及对应策略金库收益。

玛尼，为什么我存钱了是0？
这里其实官方做的不好，有待优化，应该特别提示，真正存款的用户值得特别重视，既然总量限定2%，本金部分锁定，那对应挖出的Bera数量就应该在第一时间claim，bera的机制靠POL来启动经济飞轮，到头来别人都拿到Token了，而提供资金的人在吃灰，存过钱的亏友都知道，这种感觉很难受。

3️⃣社交空投（0.25% ）
资格标准：
•参与 X（Twitter）或 Berachain Discord 讨论。
•活跃贡献者依据 KaitoAI @_kaitoai 和 Cookie3 的评分系统评定。
领取：将钱包地址绑定 X 或 Discord 账户
登记及绑定钱包链接：
https://t.co/iuQxc1oUBM

目测中文区推特KOL大概都是200-600个不等，有几千刀收益。
但是从此之后，这怕是后面都要卷kaito，yap、yo、yap、yo、yap、yo。
也许，KOL矩阵集团从此刻诞生。

此处无图无真相················

4️⃣ Bong Bears NFT & Rebase（6.90% ）
资格标准：
•Bong Bears NFT 持有者及其 Rebase 系列（Bond Bears、Boo Bears、Baby Bears、Band Bears、Bit Bears）。

NFT占比总空投 6.90%，是所有类别中占比最高的奖励池。

🌱为什么 NFT 占比如此之高？主要是Bong Bears NFT 先于 Berachain 生态诞生，是 Berachain 早期社区最核心的贡献者，被视为 Berachain 的 OG 资产。持有者不仅是最早期的支持者，许多人也在 Berachain 生态中创建了 DApp、参与治理，甚至推动了Berachain 邪教文化的形成，持有者在 Berachain 生态中不仅是参与者，更是早期建设者，这也是 NFT 能够获得如此大比例空投的关键原因。我没有，但表示很羡慕。
但大部分HOLDer 在NFT如此昂贵的情况下都没有出售，真是邪

从这个视角来看，未来撸空投的博取收益的策略可以扩大一点。毕竟每个协议的特性决定了他这一生，跟人一模一样。

5️⃣ Binance HODLers（2.00% ）

Berachain（BERA）成为 HODLer Airdrops 计划的第七个项目。凡 2025 年 1 月 22 日至 1 月 27 日 期间，使用 BNB 申购赚币平台定期和/或活期产品的用户将获得空投分配。也就是说BNB 持有者可获得回溯奖励。

BNB 持有者长期受益，不仅能通过币安 HODLer 计划获得空投，还能叠加 Launchpool 和 Megadrop 奖励，实现多重收益。
研究细节直达👇
https://t.co/Ft8kXRhL1j

如何从HODLer空投中获益？
前往APP【理财】页面搜索BNB；
使用BNB持仓申购赚币平台产品（定期和/或活期）

我记得前几天一姐就强调了好几次，她说，我们未来依然会围绕且照顾BNB HODLer

后续bera怎么玩？
打开这里，一切尽在不言中：一起亏钱吧。
https://t.co/GNhaL0TNaD

我擦，一不小心写多了，对了，写了不少关于 BERA， Yaps @_kaitoai也没张几分，我肯定姿势有问题！有没有人支支招。
当然有人会问：“你不是大使吗？BERA 空投应该给你很多奖励吧？”
好吧，真没有。 就像你检查空投时的提示一样：
“Sorry, you’re not eligible.”

但这正是 BERA 🐻的邪教魅力。一个完全自下而上的社区，充满了各种年轻人，在里面各种玩、各种 FUD、各种 Sologen、各种 Rug、各种 42069……

没有收益、没有工资、没有任何承诺，但大家依旧沉浸其中。或许 TGE只是一个开始，而不是终点 🔚。"
1866454344339800140,Tue Dec 10 12:06:07 +0000 2024,6.4,04_onchain_alpha_airdrops,58,31,9,0,NO,"💬 Babylon Bitcoin @babylonlabs_io 质押主网 Cap-3 期相关的质押重点内容：
参与：https://t.co/cNbiWFy77j
推荐：依然用自己的BTC钱包地址参与交互，本次时间，金额都放开了很多，可能是最后一次冲刺。

时间和限制：
 • 开始时间：2024 年 12 月 10 日 (已经开始🔛)
 • 持续时长：约 1 周（1,000 个 BTC 区块）
 • 最低质押量：0.005 BTC
 • 最高质押量：5,000 BTC/笔交易（相比上次提高）

积分分配规则：
 • 前 300 个 BTC 区块：每个区块 100,000 积分
 • 剩余 700 个 BTC 区块：每个区块 21,000 积分
 • 积分按比例分配给当时所有活跃质押

多种参与方式：
 1. 使用自托管钱包及 BTC 质押仪表板
 2. 通过中心化交易所（CEX）
 3. 使用 LST 协议
 4. 与托管方合作

参考内容：
1-参与巴比伦比特币质押的指南  https://t.co/KlZ0kxyvvz    
2-细节https://t.co/F9uftrPvRZ

Babylon的总融资金额公布为9680万美元，他的成功与否决定BTCfi未来能否起势，另外，它直投的伦巴第@Lombard_Finance 跟玉米🌽@use_corn 可以作为重点"
1823739403929530549,Wed Aug 14 15:12:11 +0000 2024,6.3,04_onchain_alpha_airdrops,32,8,4,0,NO,"Swell 推出 swBTC，正式加入BTCfi

1、swBTC 是swell推出第3个LRT，之前分别推出swETH 和 rswETH，是其首个比特币 LRT。

2、swBTC持有者将从Symbiotic、EigenLayer和Karak获得重质押收益，以及参与 DeFi 的收益。

3、存入WBTC 获得 swBTC，前2周获得3倍swell黑珍珠以及Symbiotic积分，swBTC 也可以存入Swel L2获得收益。 参与未来会获得swell空投+symbiotic空投。
https://t.co/YLda1SsDNv

4、白色珍珠已经在7月30日快照，黑色珍珠将获得2%的swell空投分配，官方公布的链接在这里https://t.co/FuDKyCA5yv

5、在LRT赛道上，我重点参与的项目组合是Swell+Eigenlayer，重点参与swell的原因由其背景原因，同时也是从交互的角度看到能与eigen前端交互，从传统资产管理的角度是直接委托人与被委托人的角色，从Swell的TVL从几百万迅速突破到10亿再到30亿，增长速度惊人。在与团队成员Daniel和Abi的交流中，我感受到他们在投研方面的深度，因此特别邀请他们团队参加了一次Space，深入了解他们的意图。虽然目前还没有TGE，但看到他们与AltLayer、EigenDA、Chainlink的合作，以及最新推出的BTC LRT，令人对Swell的未来充满期待。希望他们继续努力，不辜负所有Swell珍珠持有人的期望。来个大的！"
1518517999984320513,Mon Apr 25 09:11:18 +0000 2022,4.3,04_onchain_alpha_airdrops,19,10,4,0,NO,"Layer 2内卷kuiqian系列-2
L 2必须关注的原因：
1. 构建在e网生态上：L2网络会更快、更便宜；
2. 提前参与L 2网络的交互激励，能够获得预期空投（p话）；
3. 叙事性与资本方，媒体都在奶推，搭车
4. 2层大量的衍生品赛道涌现，一般赌场的估值高，L2的快速增长与资本涌入、背后的技术方案得到市场认可，"
1965260641582940215,Tue Sep 09 03:47:04 +0000 2025,7.5,04_onchain_alpha_airdrops,32,4,23,0,NO,"链抽象稳定币项目 River 推出 Smart Vault 

🧙‍♂️限时 5 天，USDT 存款年化最高 40%，或许是 TGE 前最后一次机会。

这个项目跟了一段时间了，简单说说。

1、多链带来了选择，却没带来效率：过去几年，区块链像是冒出了几百个“国家”（L2），每个国家都有自己的货币（稳定币）和资产（LST），看似繁荣，实则割裂，但钱被困在孤岛：要跨链就得抵押、借贷、桥来桥去，如果碰到对方链不支持的资产，还需要通过DEX兑换，支付高额手续费，资产磨损，以及期间的跨链风险都是非常高的，这一点，我们撸毛人与Defi农民是深有体会的。

2、River的做法是打造一个链抽象稳定币系统，让用户可以
•  在链 A 抵押资产
•  在链 B 原生铸造 satUSD
•  全程无需跨链桥、无需卖出资产，就能打通多链资产、流动性与收益。
其中核心是链抽象稳定币 satUSD，利用其核心技术omni-CDP（抵押债仓）模块，全程集成 LayerZero + OFT标准，L0支持哪，River就可以到哪，操作时无需跨链、无需 Wrapped。换句话说，River 就像给开了一个“全球通用的银行账户”，不用在每个国家单独开户，资产就能随时自由支付、结算和投资。

3、River 的目标应该不仅仅是做“一个稳定币”，大概率是想做多链网络的价值结算层，同时在DeFi方面，satUSD 会成为各大协议的底层流动性资产，串联各种收益机会，在 RWA资产上链的进程中，River也有望占有一席之地。

短短几个月，River 协议tvl 超过 6 亿美元，satUSD 流通量超过 2.7 亿美元，整合了 Pendle、Cake、ListaDAO、Solv 等 30+ 协议，并在 BNB 、Arbitrum、Base、BOB 等生态中，satUSD 稳定币排名第一。

4、综合目前的场景及未来拓展方向，River 类似多链时代的链上资产中央银行，作为首个链抽象稳定币系统，satUSD 定位让资产像流水一样自然流动；Smart Vault 就是你不用担心清算、还能薅到 40% 年化的定存入口。其中16.8% 固定收益 + 24% River 积分，TGE后可以将积分兑换为Token，按照2亿FDV。

5、如何参与
前往 ： https://t.co/oHTzFCmfku
· 连接钱包，选择存入 USDT
· 确认交易 → 锁仓 45 天，存款将在金库收益期内保持锁·定状态，在此期间资金和奖励无法转移。
· 到期后 → 领取本金 + satUSD收益 + River Pts"
1497224659569315845,Fri Feb 25 14:59:10 +0000 2022,3.8,04_onchain_alpha_airdrops,3,5,1,0,NO,"第三件事：把gg书签+numbers+todoist的关注项目与刷空投的项目列出来一部分，关注项目大部分l2,跨链，以及以太坊的defi协议，各生态的dex与借贷等协议机会，包括早期测试网等。熊市准备来了我不送a外卖b开滴滴就c刷协议，兄弟们你们选？列了个更新表单，随便看看。
https://t.co/RTc16aFDu6"
1940337087301173309,Wed Jul 02 09:09:45 +0000 2025,5.8,04_onchain_alpha_airdrops,149,26,50,0,NO,"1年多后，大家都开始卷zama了。

1、市场惨淡，它又融资了一笔5700万，合计1.3亿，

2、Zama 协议并非新的 L1 或 L2，而是建立在L1/L2的跨链保密层。

3、有个爆点，同态加密 (FHE) 技术。

4、投资方除了机构之外，3个大佬投了，如图所示。

5、有代币，$ZAMA 代币是 Zama 协议的原生代币，用于支付协议费用、质押和治理。它采用销毁和铸造模式，所有费用将被销毁，并铸造代币奖励运营者。

除了这个之外，我又想起冲aztec，隐私赛道一定有个王炸出来"
1855608647533068606,Sun Nov 10 13:49:11 +0000 2024,6.8,04_onchain_alpha_airdrops,67,29,21,0,NO,"Linea Surge活动🎡剩余最后14天时间

Surge ：持续运行 6 个 Volt，或直至网络 TVL 达到 30 亿美元（以先到者为准）。每个 Volt 将运行一个月。
Linea的积分分为LXP+LXP-L，这2个涵盖了用户在其参与该网络的所有任务及经济活动，surge活动是获得LXP-L的方式。

2者未来在网络激励如何兑换不得而知，但我个人更看好LXP-L，主要原因是资金对于任何一条网络的重要性都是最高等级！TVL 是其网络的脉搏。高 TVL 对 DeFi 领域内的用户和网络都具有重要意义，流动性的飞轮才有可能带动形成增长引擎。

臆测：随着行情好转，看到青蛙创始人提到Linea可能会在Q1发币，如果按照我对某ZK的空投规则「基础项*权重项*乘数项」标准参考，其中乘数项的参考之一可能会是在青蛙eforgs🐸或狐狸Foxy🦊 ，可能是代币可能是NFT。值得关注的是与MetaMask关联的  $FOXY  代币。它得到了LINEA和ConsenSys的支持，LINEA生态的头牌meme，上线了okx交易所，今天上涨 50%，交易量飙升近 500%，可以作为补充TX。
另外一个可能是Linea 上的身份，poh或者Names
很多人表示已经不看好L2，但是
莱尼亚linea是全存的希望，整个Cons帝国都指望它考大学上岸迎娶白富美，不破不立。"
1988913052029518340,Thu Nov 13 10:13:18 +0000 2025,8.0,04_onchain_alpha_airdrops,73,8,39,0,NO,"在上周的币安学习营第一天下午，我和 Bitwu 老师@Bitwux不约而同地选择了去药泉寺祈福。当时我们觉得这种活动，没啥人会去，因为太「静」了。
没想到这个选择竟然带来了一次意外的对话。

我们偶遇了Manta Network 的创始人 Kenny @superanonymousk，一路上我们聊了很多，从 Manta 那场让无数人狂欢的爆炸空投，也从生态建设到 Layer2 叙事，再到他正在支持的新项目之一 @junkfun_「https://t.co/rxERYhAX8b」

Kenny 说，这其实是BONK 与 Manta 联合推出的产品，利用 Solana 的账户租金机制，一键清理钱包里的垃圾币，释放被占用的 SOL 租金，并能获得项目积分，这些积分还能用于抽奖和活动奖励。这个模式思路很有意思，简单、高效、又极具 Solana 风格。

这让我想起 BONK 生态中最知名的那个 MeMe 发射平台 LetsBonk，一个把社区共创资产发行玩到极致的项目。
回来后，我专门去研究了 BONK 的现状，也与BONK 中文社区@bonk_inu_zh 的Danielle @sky9e11 深聊了一次，希望以此看看BONK生态的更多项目机会。

之前我对 BONK 的了解太碎片化，聊完后我发现：
BONK它始于 Meme，但不止于 Meme，BONK 正在用一种生态共鸣的方式，重新定义 Solana 的社区文化与应用生态。

Danielle说希望我顺带写写BONK，给了一些周边让我抽给亏友，看了下基本上是衣服与瑜伽服🙋

1、BONK 诞生于2022 年底 Solana 最艰难的阶段。当时 FTX/Alameda 崩盘，Solana 被贴上了「SBF 的链」标签。资金出逃、项目停摆、社区信心接近崩溃。SOL 从 250 美元一路跌到 8 美元以下。在近乎废墟的背景下，一群 Solana OG 想做点不一样的事，不靠 VC，不靠基金，而是由 Solana 社区自己发起的代币，在 Solana 上的狗狗主题 Meme 币，
于是，BONK 横空出世。

2、BONK 的空投，被称为史上最社区化的一次，没有团队预留、没有资本控制，50% 代币直接空投给社区（NFT 项目方、开发者、交易者与生态参与者）。一夜之间，无数 Solana 老玩家钱包里多了几千万 BONK。在当时来说这场空投不仅带来了财富效应，更重要的是让 Solana 生态再次激活。

3、一年后，故事迎来了转折点，2023 年 12 月，Solana 官方推出的 Android 手机 Saga，原本销量惨淡，却因为一个意外决定彻底翻盘，当时每台手机附送 3000 万 $BONK 。BONK 价格暴涨，每台手机附赠的代币市值甚至超过手机本身。成千上万人抢购 Saga，官方商城几天内清仓。这场空投成为 Solana 叙事的转折点，至少证明了给用户大空投给福利是一种非常有效的手段，也让 BONK 从社区 Meme一跃成为全网热点。

4、随后，BONK 市值突破 10 亿美元，Solana 生态全面复苏。我印象最深的是那段时间的行情，SOL 从 15 美元开始一路狂拉，Meme、DePIN、生态项目大空投（jup+w虫洞）齐飞，链上活动爆发。SOL的整个基本面也发生巨大变化，所有人信心又回来了。

5、在 Meme 狂潮中，最亮眼的莫过于 LetsBonk。这个「MeMe 发射平台」一度占据 80% 市场份额，成为 Solana 上新币发行的流量中心。唯一能与 Pump 竞争的台子，谁更成功？我也给不出很客观的评价，但可以确定的是：他们都曾站在 Meme 狂潮的山顶，是山颠的男人，俯视着社区力量如何撕开市场的天花板，也让SOL成为娇子。

6、在 Pump传被 SEC 调查操纵市场、Solana 的市场标签逐渐沦为“赌场链”的背景下，官方与社区都意识到：单纯的情绪与投机无法支撑生态长期发展，SOL在求变，BONK 他们开始重视中文社区，也强调不只是一个 Meme ，而是一直在主动建设一个围绕 BONK 的多维生态。

➤用真实应用和收入去支撑代币价值，用社区共识驱动生态循环。

7、目前BONK 已被400+ 第三方应用集成，形成一个覆盖交易、艺术、体育、AI、社交、游戏等多个方向的生态网络。
代表性项目包括：
🔹 https://t.co/ptj0HbuVzz – Meme 发射平台
🔹 https://t.co/w9aAeWu5ss – 实时互动平台
🔹 BONKswap – 原生 DEX
🔹 BONKrewards – 质押与收益平台
🔹 Moonwalk 类似step的健身游戏
🔹 BONKmark / BONKbets / BONKai / Moonwalk Fitness / Exchange Art / Buddies for Paws / Junkfun 等

具体的可以参考这条推文《BONK 生态原生产品概览》：https://t.co/2Bh0NMNAhl

解构师 Beyond @0xBeyondLee做了个更直接清晰的（真牛逼啊）

8、通过这些产品，BONK 已建立起生态自循环的收入模型，超过 50% 的生态收入用于回购销毁 BONK，其余部分分发给 BONKrewards 质押者、回购并锁定于 BONK DAT；主要是为了长期减少市场流通，形成持续的通缩与价值积累。

值得一提的是资本与合规方面，BONK 已正式登陆纳斯达克（Nasdaq: BNKK），2025 年 9 月推出 BONK DAT，目标锁定 1.2 亿美元 BONK（约总量 5%），目前已完成过半，已收购2289亿枚 $BONK 。  同时启动 ETP / ETF 申请流程。 根据计算BONK 已累计销毁 12–13% 流通供应量，加上 DAT 锁仓，总计约 17–18% 的代币被永久移出流通。

10、战略方面与 World LibertyFi 合作，BONKfun 成为特朗普家族 $USD1 的唯一官方合作 Launchpad。
从生态价值来看可以看看 Danielle写的
https://t.co/yJzSUCE1NX

从社区文化Meme，进化为有商业模型支撑的品牌，变成持续创造价值的项目，这条路绝不容易，
但正是这条艰难的路，总需要有些项目去做探索。

更多内容关注+BONK 中文社区@bonk_inu_zh"
1585614720413093888,Thu Oct 27 12:49:43 +0000 2022,3.0,04_onchain_alpha_airdrops,48,11,20,0,NO,"半年前从未想到整个江湖都在撸毛了
从未想到Layer2如此火爆，从未想到测试网能挤爆天，连测试网水都榨干了。
撸毛人的出路在哪？"
1887008124273615147,Wed Feb 05 05:19:30 +0000 2025,9.0,04_onchain_alpha_airdrops,156,30,79,0,NO,"从“撸猫人”的角度来看，MegaETH 的这番话充满了自相矛盾和对现实的回避，完全是一种站着说话不腰疼的高高在上的姿态。

1、“我们花了大量时间思考” = 直接卖币？

MegaETH 说他们“花了大量时间思考如何让社区在游戏中获得有意义的体验”，结果呢？思考了半天，给出的解决方案竟然是直接卖币？如果真正关心社区体验，为何不是通过公平的机制（如游戏贡献、活跃度奖励、甚至 NFT 质押）来分发代币，而是直接让大家花 1 ETH 购买？这不就是换个方式的“预售”，本质上就是把 Token 以 NFT 形式先卖掉，割得更彻底？

2、反对“空投积分计划”，却本质上更“割”

MegaETH 说空投积分计划会导致“虚假行为和耕种”，但这句话掩盖了一个事实：如果空投本身设计得好，是完全可以避免这些问题的。现实中，许多项目已经通过高质量任务、贡献度评估等方式优化空投机制，而不是一刀切地否定所有空投。MegaETH 并不是在解决问题，而是在回避挑战，用最简单的方式绕过了“如何让社区公平参与”的难题——干脆直接卖，谁有钱谁买，谁白单多买得多谁占比大。

实际上，很多成功的项目，如 Arbitrum、Optimism，甚至很多非常牛逼的项目，都是通过空投或公平分配来建立社区共识的。MegaETH 既然想做一个 Web3 生态，怎么能连最基本的社区建设和公平分配都不考虑，直接甩卖代币？

3、“让每个人都感到不满” = 没有空投让撸猫人不满？

这句话其实特别搞笑，MegaETH 在这里假装“站在更高维度”去批判空投，但真正的问题是：是空投让大家不满，还是没有空投让大家不满？ 他们的逻辑根本站不住脚。

参与空投的人不满的是，项目方如果真想建立社区，就应该让真正贡献的人获得奖励，而不是全盘否定空投。
反对撸毛行为可以理解，但“一刀切”不空投，直接卖币的做法，只会让人觉得项目方并不是想解决问题，而是想规避对他们不利的那一部分人，把赚钱的权利牢牢掌握在自己手里。

4、防女巫攻击？采用 SBT 

任何网路都有女巫攻击，毫无疑问这确实存在，所以很多项目都会在这方面下足了功夫，但是反观也有项目足够的重视社区，在这个方面皆然不同的态度，市场表现也完全不一样，这里可以点名scroll与movement。天壤之别！

SBT 本身限制了资产的流动性，很多人可能不愿意因为这个限制而参与。MegaETH 一边宣传自己是去中心化社区，一边搞一个死锁资产的 SBT 机制，用一个新名词包装一个古老的割韭菜策略。

结论：MegaETH 不是在解决问题，而是在让自己更方便割韭菜

MegaETH 这套说辞表面上是反对“无意义的空投积分系统”，但实际上只是找了一个合理化自己直接卖币的借口。他们没有真正去优化社区激励机制，而是选择了最简单、最省事、对项目方最有利的方式，让用户用真金白银买代币。

撸猫人不是反对项目方赚钱，而是反对这种打着“反空投”旗号的 换汤不换药 的割韭菜方式。如果 MegaETH 真有诚意，就应该 设计真正公平、可持续的经济模型，而不是简单粗暴地把成本甩给用户。

这种项目设计的方式🐶看了都摇头！

对了。我为什么要如此表达我的立场，因为megaETH这个项目开启了不要脸的先河，直接不尊重“撸猫人”，而我想说的是：真正的“撸猫人”才是整个web3最忠实最直接最有价值的用户，mega不明白，那就让市场的撸猫人告诉它，谁是真正的价值创造者！"
1707272590316961805,Thu Sep 28 05:54:39 +0000 2023,6.8,04_onchain_alpha_airdrops,73,65,20,0,NO,"Trusta Labs 一战成名
Celestia的积分分配参考Trusta Labs的评分方法，并排除其识别的女巫集群，同时排除了HOP协议此前空投时的女巫地址和黑名单地址、Optimism第一次空投时的女巫地址，以及与链上漏洞和其他合规标准相关的已知地址。
对于撸sir需要关注这2个
Sybil 分数+MEDIA 分数：

密白：别查了gas6，链上99.99%都是女巫🧙‍♀️"
1575696977538732032,Fri Sep 30 04:00:09 +0000 2022,5.2,04_onchain_alpha_airdrops,102,71,3,0,NO,"🤪stargate跨链任务
如果要做的话，可以领取2个NFT。
大概几个要点：
1、路径推荐arb-op，顺带做一下pool+farm，可以增加TX。
2、适合之前op持续交互的ID
3、如果会借贷，可以借贷+跨链等整套完整路径
3、https://t.co/DS7YPQfJlm。
4、领取1：https://t.co/5o4YL8gyyG
领取2：https://t.co/Dma2MX3vU9"
2021406327554310288,Wed Feb 11 02:09:59 +0000 2026,6.3,04_onchain_alpha_airdrops,29,2,26,0,NO,"esp的空投来了，10%份额。

官方说奖励资格标准覆盖 30+ 活动，超100 万地址合格，重点奖励长期参与和贡献。

说人话意思是我们PUA了好多年，搞了几十个活动，选了100万地址，进行 Sybil 集群分析，还有使用 Authena 的零知识人性证明活人，
然后注册-检查-领取一箩筐动作，才发现，卧槽不值钱😂

丰密：
这项目真的是老项目了，确实错过最好的时机。我刚入圈后，大概21-22那个时间就有参与他们的最早测试网，我们都叫他浓缩咖啡，当时我跟Mike开玩笑说努力干一个号一万刀，mike猛干几个月，比谁都勤奋…..死去的记忆总是会绕心头，这些天王级项目都选择自认为的创新，其实都是脱离群众太远，产品没人用，也没啥人讨论，上线均是巅峰。

另外，
这个项目里有个有意思的点，推出
Holder Score持有者分数机制，意思是评估用户在以往空投（如 Caldera、Arbitrum、ApeChain、LayerZero 等）后的长期持有信念，就是你钱包持有的时间，卧槽，都跌到惨无人道的价格终于被人记起来了。

https://t.co/8aGR4Rw8gx"
1933819998310732215,Sat Jun 14 09:33:10 +0000 2025,3.8,04_onchain_alpha_airdrops,11,0,14,0,NO,"Degen这个代币之前在Base链还挺火的。

BAA改规则了，2025年6月19日起，币安 Alpha 空投将分2阶段发放：

第一阶段：分数达标（X）用户可优先领取，人人有份；

第二阶段：门槛降至 Y（Y < X），降低门槛，先到先得，靠手速。

用 Alpha 分数筛人，再用时间窗口制造稀缺，既保公平又制造热度。"
1844623455259431214,Fri Oct 11 06:17:57 +0000 2024,4.8,04_onchain_alpha_airdrops,3,0,6,0,NO,"空投
Scroll Sessions：链上激励机制
Scroll 主网于 2023 年 10 月 17 日启动； 
2024 年 4 月推出了 Session Zero的官方积分活动或忠诚度计划，用户能够通过参与官方指定的跨链和存款活动获得 Scroll Marks； 
2024 年 6 月推出了 Session One， 正式进入积分时代。 
指定10月19日空投快照。

最终空投规则还未出，但是目前被市场诟病的原因还是项目方骚操作有点多，期待最终的结果吧。

人间烟火，事事值得，行则将至。"
1844623445293695150,Fri Oct 11 06:17:55 +0000 2024,6.5,04_onchain_alpha_airdrops,20,2,18,0,NO,"#Scroll 上线币安Launchpool 挖矿！

如果您持有 $BNB 或  $FDUSD ，参与@binance Launchpool挖矿，撸点生活费。

项目代币经济学

代币名称： $SCR
总供应量：10亿枚
初始流通量：1.9亿枚（占总量的19.00%）

代币的效用：
➤ 治理
➤ 排序器质押
➤ 在 Prover 网络中与 Rollers 进行质押
➤ 网络参与的激励措施

$SCR 代币分配方式：

• 空投：15%（第一次空投为 7%，二次空投为8%）
• 生态系统增长：35%
• 基金会资金：10%
• 核心贡献者：23%
• 投资者：17%

目前币安提供新用户注册福利，通过连接注册交易的新用户，即送25枚 $SCR ，先到先得！
https://t.co/3erARvqhzY"
1806614972761595969,Fri Jun 28 09:05:49 +0000 2024,8.0,04_onchain_alpha_airdrops,150,84,17,0,NO,"🪂卷轴：Scroll 📜S活动已上线，imToken 用户可获得 3 倍积分

现在开始在 Scroll 主网完成 StakeStone、Pencils 质押任务，即可得 3 倍积分，无需锁仓。

权益积分5项： StakeStone 3 倍积分 + Pencils 3 倍积分 + Scroll 积分 + EigenLayer 积分 + ETH 质押收益

📅：2024.6.27 21:00 ~2024.7.5 23:00（SGT）

👨‍💻 如何参与?
1.在 imToken app添加 Scroll 账户
2.将 ETH 跨链至 Scroll 账户（建议存入至少 0.1 ETH，存入过少可能会影响你的积分收益）
3.将 ETH 存入 StakeStone
4.在 StakeStone 完成质押后会自动获得 $STONE，再将 $STONE 存入 Pencils

⚠️只有在 imToken App 内完成质押任务才可获得 3 倍积分。打开imtoken app-浏览界面首页-参与
https://t.co/G85bAX22Lh
活动参与页
https://t.co/nTLC10Q9Co

@imTokenCN"
1681943894412640256,Thu Jul 20 08:27:28 +0000 2023,7.2,04_onchain_alpha_airdrops,40,21,15,0,NO,"表扬一下@okxchinese @star_okx
1、打造有实际价值的产品，子账户系统强大，大部分的链上用户都在撸毛，支持多链，op/arb资产秒到账，特别是Era/Stark，子账户可删可标注。提款费用在中心化交易所稍微低一些，对x用户友好的态度值得点赞。
2、Web3钱包使用体验丝滑，支持授权管理，推出的Pedia撸热门空投活动🎡，花了很多心思，推荐体验zksync
3、跨链DEX，支持限价功能，居然还有还可以设置时间，导入钱包链接设置，报价来自链上自动做市商与聚合器等，挂单无费用，路径okx-web3-交易-限价
4、理财产品：1、稳定币简单赚币 2结构化产品鲨鱼鳍等， 3链上赚币。前段时间U就白嫖了一段时间简单赚币。
5、热点项目：Ordinals 支持 #StarkNet 网络 #ETH 充提

没什么事，创建web3钱包（okx交易所顶部切换）
最后随便亏点gas吧：
okx-eth-era（大）-eth（主）-stark（大）/lite-okx

好产品，匠心打造，也需我理解了X的含义，♾️️"
1663010401100136449,Mon May 29 02:32:31 +0000 2023,2.9,04_onchain_alpha_airdrops,34,2,34,0,NO,"starknet @Starknet  是真tm难用。
2个钱包A/B还要抢地盘+P用户
撸毛线"
1507060579953180672,Thu Mar 24 18:23:36 +0000 2022,4.2,04_onchain_alpha_airdrops,3,1,2,0,NO,"#交互
#空投
5.argent
主打eth主网钱包+zksync网络，不提供助记词，监护人概念，邮箱手机这些，标签是defi，集成了很多defi协议，如果要交互可以投几个主网协议，也可以开通zksync捐款与使用，没有金额限制，但是手机端最好金额10000刀以上刷刷，感觉这钱包好用但具气质就是不一样，到底哪里不一样也"
1767209195336880533,Mon Mar 11 15:21:19 +0000 2024,7.2,04_onchain_alpha_airdrops,127,21,31,0,NO,"Zksync 发币后，会非常的好玩，官方已经在meme大赛。那么必然会吸引一大批的项目给空投，哪怕只是个meme。 
任何一条链注意力👉用户👉资金，
很多项目方已经觉醒，
有些项目很害怕用户赚钱，
有些项目自我意识非常强烈， 依然我行我素，按照自我意志前行， 
社区才是你唯一成功的唯一要素！
 社区才是你唯一成功的唯一标志！  
zksync的生态不是最好的，但是是我个人最喜欢的调性，带有极致的性冷淡风，潇洒不羁。
zk4年了，想到cz曾经的那个4，是forever 的意思吗？ 
是不是代表👇
Love you forever.@zksync

不转推官网了，很多新人不了解，推特骗局的东西与可怕性，其实这是所有撸毛人需要注意的，避免亏钱步伐
1、所有的项目官推下面都是一批假id。包括各种discord，telegram，google全是骗子。不要相信他们想搞钱的决心。
2、任何时候链接的钱包地址不要是你的主号。随便搞个垃圾号。不要放几毛钱。
3、所有的交互网址，务必用自己的书签🔖，不要相信任何人，任何kol，官网-书签"
1789716668677341189,Sun May 12 17:57:59 +0000 2024,6.0,04_onchain_alpha_airdrops,62,8,21,0,NO,"南森哥说：我们最强大的地方是多链。
南森哥资源广泛，以前核心是账户标记法，说白了标注你是女巫你就是女巫，现在升级成AI，多链查查也就是顺手的事，他这么狂的原因可能是zksync合作了，最近正在协助L0，而L0是全链。

大概率剧情路线是：L0用nansen多链ai技术合作，之后公布女巫数据，zks采用后公布标准，紧接着其他项目之后的空投标准都会排除这个数据库。"
1663457788373381122,Tue May 30 08:10:16 +0000 2023,6.7,04_onchain_alpha_airdrops,148,133,179,0,NO,"🎟️  Air Drop 空投- OkX  NFT
🎁：2个巴黎和2个纽约 Cryptopedia NFT

利用碎片化时间交互完的zksync 的任务，okx的稀有 nft 4/5  很多人都缺！可买可卖。稀有NFT能否成为参与权重我也不知道。

👇关注 @kuigas @okxchinese
抽奖🎟️工具要求点赞、转发，评论留钱包地址。只有4张，33小时后Air"
1770120187226071413,Tue Mar 19 16:08:34 +0000 2024,7.5,04_onchain_alpha_airdrops,34,8,5,0,NO,"Web3 钱包 Bitget Wallet @BitgetWallet正式启动代币 BWB.并开启空投。

BWB 的空投以 BWB Points 的形式发放，活动结束，BWB 发币时，可以将 BWB Points 兑换为 BWB。
空投活动持续六周（3 月 18 日至 4 月 28 日）
分为两部分「初始空投」和「任务获取 」

初始空投，主要追溯老用户以及用过市面主流钱包的swap功能用户，任务空投就是根据持仓、Swap 交易和邀请好友三个。
查询-领取：https://t.co/glvebyj3wj

如果有空投，需要下载 Bitget Wallet App 领取，价值几何未知，除了空投部分，我们发现现在各大交易所都在重推自己的钱包吸引用户，链上生态越来越好玩，玩转生态的同时，顺道撸个空投。

每个钱包在功能方面都花了大量精力去拓展，比如我看到的Bitget在「发现」栏，非常多的生态专区以及链上工具热点：如链上飙升/blast/btc铭文/zksync/meme/merlin/空投/restaking，每个专区都大有学问，无限机会。可以随便用个小额钱包或新建个空钱包拓展起来。"
1936026039777739245,Fri Jun 20 11:39:12 +0000 2025,7.6,04_onchain_alpha_airdrops,82,29,28,0,NO,"PublicAI  发币前的0撸测试活动

PublicAI @PublicAI_刚宣布完成 800 万美元融资，并联手 OKX Wallet 启动Giveaway活动，同步上线了全新的 DataHub 任务平台。

从节奏来看，基本可以确认，这是 TGE 前最后一轮交互窗口。

初看 PublicAI 以为就是一个“赚点积分、领点奖励”的平台，但其实，它想做的，是一套去中心化的 AI 训练系统。
就是让 AI 的训练不再只是工程师和大公司才能搞的东西，而是通过一套任务系统，让每一个普通人都能参与训练 AI，拿到收益，成为数据协作网络的一部分。

PublicAI 刚完成 800 万美元 A 轮融资，累计融资已达 $1000万，投资方包括：沙特电信集团（STC）、NEAR 基金会、Blockchain Builders Fund 等还有不少其他老牌 Web3 投资机构等。背后叙事是很明确的：AI × DePIN × 数据协作，而 PublicAI 正在把它真正做成一套跑得通的机制闭环。

📍参与入口：

👉1、OKX Wallet Giveaway入口：https://t.co/Sac6ILMI34

这里合计明牌奖励50万代币，仅限 3600 名中选用户，每人在 TGE 后可获得 138.8 个 PUBLIC 代币，目前参与人数744。

👉2、DataHub 任务平台入口：https://t.co/Rz7jo2bMEa

✅任务完成路径

1️⃣ 注册账号：邮箱注册、或者 #OKX 钱包，右上角选中文。

2️⃣ 完善资料：改个昵称、上传头像，绑定下 Twitter 和 Discord，拿积分。

3️⃣ 做基础任务：关注 X、转推等，部分还能直接领 USDT

4️⃣ 核心交互任务：DataHub 模块

•  小测任务：完成后可支付少量 SOL 铸造专属徽章

•  语音上传：上传符合当前活动要求的数据，即可获得积分奖励（目前主要是音频任务为主）

•  投票挑战：对已上传的数据进行“投票”验证，判断数据质量是否达标。若与多数用户判断一致，可获得积分奖励。

•  Community Hero（嘴撸）：在 X 平台发推并上传链接至 Data Hub，按粉丝数获得积分奖励。每天限一次，有助于加速完成 OKX Wallet Giveaway 任务。

这三项任务，他们是连续的，用户需要：在「小测」获得一个活动的参与资格，在「 投票 」里进行数据筛选任务，在「上传」里进行真实数据贡献。

Ai方向最近非常热，比如Sahara 很快将正式上线交易，打新阶段估值为 6 亿美金，按当前市场热度来看，上线后冲上 15亿 FDV 是大概率事件。这个项目对撸毛人算是非常熟悉的标的，融资了近5000万，由 YZI 领投，定位于构建打造一个无需信任、无需许可、以隐私为核心的 AI 数据网络。

与此同时，Paradigm 也刚刚出手，Paradigm 重金押注 Nous Research，刚完成 5000 万美金 A 轮融资，估值达 10 亿，目标是构建 Web3 原生的去中心化 AI 训练体系。

再加上 a16z 支持的 Yupp、airstack，以及最近频繁活跃的 Bittensor、Ritual、Gensyn 等项目，已经可以明确看到一个趋势：Web3 正在从叙事层走向 AI 的数据 × 训练 × 验证 基础设施底部，资本开始系统性下注。

PublicAI 构建的是一套 AI 协作层机制，通过任务平台，把语音上传、答题标注、链上投票这些行为，转化为 AI 训练的有机部分。算是一个小众但可落地项目。"
1978391369224949836,Wed Oct 15 09:23:53 +0000 2025,7.6,04_onchain_alpha_airdrops,69,9,22,0,NO,"💠 Momentum 上线Buidlpad打新重点

Sui 生态上领先的流动性引擎@MMTFinance 将通过 Buidlpad @buidlpad开启社区发行。

本次打新的核心要点：
1、基本信息
总额度：450万美元
代币解锁：TGE 时 100% 解锁
接受资产：SUI、BNB、USD1（BEP-20）
参与金额：50 – 2000 美元（HODL 质押者最高可至 20000 美元）

2、分层定价
Tier 1：FDV 2.5 亿美元 —— 需在 Buidlpad HODL 中持有 ≥ 3000 美元 Momentum LP（快照时间：10 月 25 日 ）。
Tier 2：FDV 3.5 亿美元 —— 面向所有完成 KYC 的合格用户。

3、特别分配与社区支持
30% 优先额度：保留给社区贡献者 & 原创内容创作者，提供不被稀释的优先配额。
Wagmi1 & Wagmi2 用户：自动享受 Tier 1 定价 + 更高贡献上限。

4、提高额度的两种方式
1️⃣ HODL 活动
存入资金越多，打新额度越高，最高存 50 万美金 → 获得 20000 美金上限
同时赚取高 APR + 双倍 Bricks 积分
2️⃣ WAGMI 活动
根据 Tier 等级提升额度，最高可达 10000 美金
当前 Tier 5 门槛 ≈ HODL 20 万美金

两种不能叠加获得，只取最高的额度，项目本身的空投规则还没公布。
如果不是老用户，只重点看HOLD活动即可，低保应该是存 3000 就能拿到打新额度。

5、发行时间线
KYC & 订阅期：10 月 22 日 – 10 月 25 日
审核期：至 10 月 27 日 10:00
贡献期：10 月 27 日 – 10 月 28 日
结算 & 退款：10 月 31 日

6、关于 Momentum
Momentum 是 Sui 网络上的一个“全能型交易所 + 金融平台”。

使用 Move 语言打造，定位于下一代模块化 DeFi 平台，相比传统 DEX（像 Uniswap）只是帮做代币兑换，Momentum 则在这基础上加了更多“金融功能模块”，比如MSafe做多签，xSUI做质押，资产发行Launchpad、Momentum X 做RWA。

让它不只是交易所，而是建立一个一体化的金融生态系统。
• 用户来这里换币、质押、赚收益
• 新项目来这里拉流动性、发代币
• 团队和机构能用它做安全金库和合规资产管理

Sui 是新公链，需要有一个 核心流动性中心 来承接资产流入，Momentum 就是这个入口，用户、开发者、项目方都必须用流动性，那么未来sui生态的大部分用户与开发者都得围绕他转。Momentum 承载了这种公共基础设施的角色。也就是说他的定位是未来只要 Sui 有新资产/新协议，就必然会在 Momentum 这里接入，这就是它的护城河。

👉 冲 https://t.co/f8OK9AbmnS，完成订阅与资格认证。

#Buildpad"
1916519752891290044,Sun Apr 27 15:48:10 +0000 2025,7.4,04_onchain_alpha_airdrops,67,11,47,0,NO,"Sui 生态头部流动性质押协议Haedal 发币，并上线BA Alpha，空投细则好像还没有吧，https://t.co/Ew9pRs7Mgq

先不说质押用户收益如何，我想说的是隔壁Aptos的号称第一的质押协议@AmnisFinance 营销了40万地址，只给了1万用户空投，其他用户全部陪跑。居然连一个像样的所都没上。丰密给他冠名：垃圾战斗机     不为过吧。

好家伙，刚去看了下，这个AMI居然屏蔽了华语区曾经最大的支持者之一。因为我说他不行，这个傻逼团队在我写第一条推文的时候还来公关。

Aptos扶持的就这样的项目，你们觉得还戏吗？"
1905214965566624242,Thu Mar 27 11:06:59 +0000 2025,8.8,04_onchain_alpha_airdrops,311,77,97,0,NO,"在 Aptos 上亏钱没什么，粉转黑才是成年人的浪漫 😌

今天 Sui 生态的空投项目 WAL，直接把昨天 Aptos 生态的 AMI 的脸按在地上狠狠摩擦了一遍，顺带吐了几个唾沫🤮。

一个是真正做空投体验、社区共识、赋能价值的正面典范；另一个却像是完成 KPI 式的敷衍应付。前者是sui @SuiNetwork，后者是aptos @Aptos

WAL 不只是发币，更是兑现了承诺、尊重了社区；而 AMI 那边则是迷一般的操作、莫名的规则，煞笔2个字都配不上！

别问为什么，丰密我错了，错的很彻底，爱上了Aptos 这个渣男，曾经对 Aptos 满怀信仰，如今只剩怀疑和讽刺。当初买币的是我，现在吐槽的也是我 😂。

我真金白银买了400w美刀陪了APTOS一整年，从APTOS TVL 300w开始参与，我下午发了一张总结图，2024年，我命中了去年除了HYPE之外的另外11个项目，

APTOS成了我的败笔，成了我挥之不去的烙印，我最近非常忙，我之后准备了一系列的文章，我只想作为一个真实的忠实用户，告诉所有人：@aptos 你不值得被信任，不值得参与。因为aptos生态没有任何财富效应！

等我空了我准备了系列标题附图（1）

你会发现，在这个越来越精英化、越来越内卷的空投市场，真正能赢得用户的项目，不是喊得最响的，而是兑现最多的。

一个真空投，一个真敷衍，没有对比就没有伤害！

你能明显感受到：社区要的从来不是“空投”，而是尊重与兑现。

我们能看到所有的社区与用户都失望，@AmnisFinance及他们的ceo @eric_amnis 还道貌岸然的四处宣传，你们难道不明白你们作为aptos上的第一个质押协议的重要性吗，你不仅仅关乎真个生态。当我看到aptos官方与CEO还在热烈转推庆祝🎉的这一刻，我知道，他们根本不懂web3，玩不明白defi，也搞不来治理与社区，社区需要的是什么都完全不明白，在过去的一年，我反馈了无数的意见，都石沉大海，那一刻，我喝醉了，酩酊大醉，在梦里，有个美女跟我说了一句话，好像点醒了我：
她说：
VC 吹出来的 Aptos 神话，原来只是给韭菜准备的童话。
后来，
我清醒了：梦醒后钱包空空，只剩满腹牢骚 😪

@SuiNetwork @Aptos @AveryChing"
1844767446089232493,Fri Oct 11 15:50:07 +0000 2024,4.4,04_onchain_alpha_airdrops,134,21,61,0,NO,"SUI是当年的打新暴富之王
APT是当年测试网暴富之王
MOVE双雄都来自FB团队，

我一直相信这2个里面有一个会跑出来，并且市值到前10，目前sui更胜一筹，随着2个生态发力defi gmfi等，2个生态应该会逐鹿群雄，亮刀子，很希望看到他两到底谁是杀手！"
2034845190389997989,Fri Mar 20 04:11:13 +0000 2026,7.4,04_onchain_alpha_airdrops,10,1,17,0,NO,"Perle 已开放 $PRL 空投查询
登记链接：https://t.co/2YmsKLPiIK

空投：这次空投注册，几个点要特别注意。是否有资格，主要看你之前的贡献数据、社区活跃度等。除了钱包之外，还需要绑定你之前参与活动时用的同一个 X 和 DC 账号。最后还要完成 VeryAI 掌纹验证，用手机扫手掌，证明你是真人。

Perle 总供应量 100 亿枚，部署在 Solana，社区分配占比最高为 37.5%。

这次 $PRL 的空投机制是比较严格的，之所以这么筛选大概是官方 Perle 一直强调的方向：真人、高质量、可验证。
它看重的是地址背后是不是真人，是不是老账号、老钱包，有没有持续参与，行为是不是高质量，贡献能不能被验证信任。

说实话，现在撸空投🪂，真的越来越不容易了，能留下高质量行为记录的人，才更有可能拿到结果，是不是一个真实且有效的贡献者是重点之一。真希望更多项目关心并奖励现在还在参与链上交互的用户🐱。

上所：Coinbase 已将 PRL 纳入上市路线图。

项目选择在 Solana 生态发展，做的是 AI 时代非常刚需的一层，高质量数据标注与验证基础设施。

Perle @PerleLabs团队核心成员来自 Scale AI，已完成 1750 万美元融资，背后是 Framework、CoinFund 等机构支持，Scale AI 本身就是 Web2 数据标注赛道的头部，估值高达 300 亿美元。Perle 某种程度上是一出生就自带流量和关注度。它已经有了一批可公开的真实客户，覆盖医疗 AI巨头，能服务这些客户，说明已经开始承接需求、产生业务。

AI 数据赛道之前已经跑出过 Vana、Sahara、Mira 等项目，也上过币安、Upbit。对撸猫人来说，这几个项目基本都很熟了，vana尤其出众，项目本身够硬，发币窗口再踩对，热度和赚钱效应自然就来了。"
2013256174570033317,Mon Jan 19 14:24:11 +0000 2026,8.4,04_onchain_alpha_airdrops,159,45,37,0,NO,"未发币的AI 数据训练协议Perle 正式上线 S1 活动，重点看下

打这个perle项目的时候出现的中文名是：普洱 😂

参与入口→ https://t.co/1vOZQdAW43
邀请码  EQm9y3 

一、怎么做-无门槛：

1、完成邮箱验证，链接sol钱包等。
2、在市场板块，完成相关任务，最后那任务答案CAEDCDCEEA
3、持续做后续任务攒积分，后面换徽章 / NFT。

二、说几点看法：

1）赛道有财富效应：这个赛道的之前已经跑出过 AI 数据项目（VANA / SAHARA / Mira 等），上Ba、Upbit 的也不少，上线后价格表现都不错，有赚钱机会，我印象深刻的是vana的那个NFT，爽爆了。

2）S1相当于明牌激励-新人可参与
Beta 测试不到 2 个月 170 万任务 / 3.33 亿积分，后面直接把积分徽章升级成链上 NFT，项目方说的是可展示可验证可交易，可用于未来奖励的永久链上证明，这明确暗示未来可能跟奖励、空投挂钩，算明牌激励。新人友好持续做应该有福报。

3）Perle 项目有自己的特色：
核心就两点：真人 + 高质量。
这类项目一般都会强调真实行为，所以perle也是强调真人来做、真人来验，做得准不准、贡献多不多都会上链记成声誉，再用奖励把高质量人工反馈变成持续的训练燃料，本质就是AI 数据的质检 + 背书，跟那种随便爬垃圾数据喂模型的路子不一样。

差异化在于它盯不能出错的场景：医疗手术、军事决策、电网调度、更强合规审计的企业级应用。
这些地方怕的不是数据少，是数据不真，不可追责，且有AI 幻觉，回答牛头不对马嘴。所以他们一直喊高质量、可审计、可溯源、可验证。

我的理解是高风险场景就相当于高价值市场，愿意付费的人更多，也更卖得起价。

4）团队与融资不错
团队背景多来自 Scale AI 、Meta 、 MIT 等，Scale AI 是 Web2 数据标注标准的王者，逆天估值的300亿。Perle 要做 Web3 版Scale，解决数据黑箱 、质量不稳 、激励错位，叙事也可落地。

项目基于 Solana 高吞吐来支撑大规模任务。也得到1750万美金融资,由 Framework  和 CoinFund 领投。

#perle"
1876124031067607141,Mon Jan 06 04:30:00 +0000 2025,7.1,04_onchain_alpha_airdrops,24,4,16,0,NO,"#Move
Move 的强势相当亮眼，成功突破 1.1 美元！
主网上线时间大概率在2月初，无数亏友翘首以盼的日子。
官方目前聚焦于生态建设，扶持预热生态协议，推动 DePIN 概念，让人不禁想起去年 Solana 那波极具吸引力的生态飞轮玩法。

回顾 Solana，当时通过拉盘 SOL、DePIN、空投、meme 等热门元素，成功吸引资金从交易所流入链上钱包，参与生态交互，本质上是实现SOl流动性的锁定。而 Move 则从主网上线前就开始精心布局生态活动，未来大概率会围绕 AI + DePIN + DeFi + meme + 游戏社交等核心赛道打造矩阵，并充分发挥 Move Rollups 的技术优势。
目前，Movement 的数据表现不错：6.35 亿测试网交易，上线 62 个应用，1490 万个活跃地址。

主网上线后，只需一个能引爆市场的创新点，就足以将生态的注意力牢牢锁定，并持续吸引热点关注，关键在于团队如何引领方向。尽管目前尚不明确哪个赛道会率先爆发，但可以确定的是，Move 生态一定会带来令人期待的创新！"
1895505791366664269,Fri Feb 28 16:06:12 +0000 2025,3.4,04_onchain_alpha_airdrops,0,0,1,0,NO,"18、对于OKX的建议，okx在各个生态发展中起到了什么作用和影响力？

丰密：OKX的钱包支持的生态与链特别多，剧我所知目前支持122条链，我个人是在交互钱包中，会把okx作为我的常用钱包，我一般跟小狐狸与okx共用同一套助记词。
特点：安全 及时 顺滑，太多了，不写了，反正好用。

案例： Movement+okxweb3钱包的支持，这里省略800字。"
1811095438076039267,Wed Jul 10 17:49:35 +0000 2024,6.6,04_onchain_alpha_airdrops,101,43,12,0,NO,"LAVA 🪂
融资2600万，模块化数据层，开启模块化赛道的空投标准。
1、Lava 早期用户-测试网-杀机器人女巫
2、链上超级用户和社区「Movement+
Monad+Celestia树濑 NFT 且象征性余额大于1
坏孩子 NFT>+ ATOM社区」
3、节点运行者和基础设施提供商，
4、研究人员和技术贡献者 
cliam：https://t.co/3h6fUPmiMi
drop细则：https://t.co/scUrkjmrYv

以后模块化撸sir大概率参考第二条，重带关注这几个项目即可@movementlabsxyz+@monad_xyz+@CelestiaOrg
同步能参与的只有模块化执行层Fuel：https://t.co/qxmp7jiCMJ
Move：
https://t.co/VEvSeCw3Fm"
1974377844282437765,Sat Oct 04 07:35:34 +0000 2025,8.4,04_onchain_alpha_airdrops,292,49,74,0,NO,"当我第一次在 AMA 上看到 Jeff @chameleon_jeff时，

台上的他意气风发，谈吐轻松而随意。

那一刻，我心里非常清晰地感受到：

HYPE 的未来，还有很多可以发力的地方。

HYPE 这个创始人，可能会让 CZ 们（交易所老板）感受到前所未有的压力。

我脑海里立刻浮现出两点：

1、HYPE 生态中所有项目的潜在机会点：我之前已经花了很多时间在HYPE生态投研，「生态拼图」里因为有强车头带动，如果考虑生态飞轮效应，局部的财富效应协议应该也会非常明显。

2、我想到的是交易所的产品布局与我们的机会（如Aster，或者其他潜在Aster）

在丰密看来，交易所的最大功能始终是「资产发行+交易」，这两个环节串起来，就是财富创造的闭环，

前者引领财富效应与注意力，后者则构建流动性中心，撮合供需、形成价格。

我把交易所的产品分为：
进攻型产品、护城河产品、旗舰型产品、战略级产品

HYPE如此优秀，其实是蚕食了Binance等一众CEX交易所的市场份额，其实就是抢占了交易所的交易特别是合约模块份额。

试着思考一下，如果HYPE哪一天超过了Binance，如果换位思考CZ大表哥@cz_binance，这是肯定不被希望发生的。CZ 把 Binance 打造得如此成功，表面上当然希望有更多友商、更多巨兽来竞争，

但站在自身角度，他绝不会希望有人真正颠覆 Binance，

蚕食Binance的份额与领先地位，这就像一句老话：

“又怕兄弟哭，又怕兄弟开路虎。”

允许你竞争，但不允许也不希望你把我干趴在沙滩山！

去年底我投资Aster时，核心思考点就是：它到底属于什么类型的产品？

最开始的结论是，Aster是进攻型产品，因为BSC 生态急需一款收益型稳定币 + 衍生品交易的协同产品，而Aster当时提供了asUSDF/asBNB等各种AU积分，永续合约交易则是积累Rh积分，说白了，这种产品既能护城，又能进攻。

随着 CZ 在 Aster 尚未发币前不断喊单，这其实已经表明了：

Binance 想要用 Aster 来对标 HYPE。

但从另一个角度看，Aster 也是 Binance 的护城河产品。Aster随之变成进攻+防守+旗舰产品

Aster发币之后，肉眼可见的是：Aster是战略级产品。

什么是战略级产品，就是

叙事已经决定了它只能成功，不能失败。

只允许成功，不允许失败，

无论谁来做，都必须把它做成。

无论谁来做，都必须把它做成。

无论谁来做，都必须把它做成。

我是这么理解的，也是这么认为的，可能是片面的，

也是我为什么会在之前所说，无论是投，撸，炒，我认为aster是个大机会，我在投了之后，撸了，2级失败了，深刻反思自己在大机会面前的准备不够充分，这种失败其实不可原谅，失败的不是没赚到钱，是因为大机会面前没有足够的聚焦，没有足够的准备。

同样的思路，我一直在想是不是其他类型的产品依然有这样的机会，回来之后我又重新打开YZI LABS @yzilabs投的所有项目，其实已经看了无数变了，但是依然觉得会错过些啥，想看看每个产品到底是亲儿子系列，还是上面所说的产品类型。

1、比如@OpenEden_X，这个项目直接上了Binance ，FDV直接飙到10个亿，非常令人意外，但细想之余好像也没问题，我认为这个就是个防守型产品，对标ONDO，OpenEden主攻RWA方向，核心产品是USDO ，全球首个受监管的、完全由代币化美国国债支持的收益型稳定币，投资机构里就只有YZI是2024年9月份做的战投，RWA方向绝对是潜力方向，市场容量与空间非常大。OpenEden 的增长动能持续强劲，许多项目在积分活动结束后 TVL 会回落，而 OpenEden 不仅在上市前保留了大部分 TVL，TGE 之后 TVL 还继续增长，OpenEden 最近宣布了与STBL 和 Plasma 的合作，这种外延扩展，意味着 OpenEden 已经逐步从一个单点产品，走向护城河型生态。

2、比如@opinionlabsxyz，预测市场，@Polymarket已经有发币苗头了，团队已经释放一些消息，也有博主给出9B估值，毫无疑问项目方是希望FDV直接百亿美金起步，取了个中间值，试试市场热度。另外就Limitless @trylimitless，马上要在kaito打新，热度也很高，YZI投领投的这个O.LAB  @opinionlabsxyz，也是个预测市场，重点是BSC生态的，重点跟踪吧！

3、比如@StableStock，专注于股票市场的 RWA 协议，yzi做了种子轮投资，这个方向的天花板无敌高，关注就对了。

4、比如@brevis_zk ZK全链数据公证平台，Celer Network 联合创始人董沫老师做的，也是iosg合伙人，重点是nomad也在其列，应该是个潜在的buildpad标的。未来binance是稳了。卧槽，我真想投点啊。

5、比如@aPriori 这个是monad原生协议，monad马上要发币了，aPriori 是其生态最重磅协议之一，MEV 基础设施和流动性质押，最近上了活动，无脑冲就对了。

6、等空了继续补充，

诚然，撸毛人/投资人，其实是投研人Alpha 人，本质上是要做信息与逻辑的先知。"
1895146503125286989,Thu Feb 27 16:18:31 +0000 2025,5.8,04_onchain_alpha_airdrops,48,17,13,0,NO,"如果你有参与PumpBTC，可以领对应的bera空投代币。

另外几个官方在做的动作
1️⃣ 进军 Monad 生态，
PumpBTC 在 Monad 部署了自己的水龙头以及测试网PumpBTC staking活动，可以早期参与Monad生态的交互。
只需完成 Galxe 任务（关注 PumpBTC） 就能领取 $MON 测试网代币。上线一周，已有超 5万用户参与。
任务链接 👉 https://t.co/4L8euzGerS

2️⃣ Bera 空投即将来袭
PumpBTC 在 Bera 生态质押了 2400 BTC，已经是 Berachain 生态的重要组成部分。
 PumpBTC 将在今晚12:30分上线 Bera 生态空投，覆盖范围广泛。Kaito 平台上给 PumpBTC 投票并发推支持的yapper，也可以领取空投。参与的检查，下面有链接
9.6万BERA"
1659256022060630016,Thu May 18 17:53:57 +0000 2023,5.4,04_onchain_alpha_airdrops,60,33,5,0,NO,"币圈亏钱web2花，没事买个蓝鸟+openai花花
钱包里的USDC可以直接消费。
OneKey 发布虚拟卡，是一张发行地美国的 Visa 卡，预付卡，不可透支。

💳 交互情况：
1.可以绑定微信支付宝消费，
2. 通过 USDC 充值，充值费率在 2.1%～1.5%。
可以从钱包地址，也可以从交易所直接充值到卡，ARB链即可。
3.成功绑定 OpenAI 和 ChatGPT ,操作建议
浏览器开启「无痕模式」生成并使用跟IP一样的账单地址,如果还是不行，考虑切换 IP，健康的 IP 是关键

🔥公测期间持续到 2023-07-21
🔗 申请链接：
https://t.co/nq58aIEfpe

💳 交互教程：
你想问的，答案都在这里👇
https://t.co/9KDPobRMGd

🚀收藏起来，注册®️，邀请码：CUZNJU     激活必须要有邀请码，否则无法下一步。"
1676376824421687296,Tue Jul 04 23:45:55 +0000 2023,5.6,04_onchain_alpha_airdrops,101,41,33,0,NO,天天有人聊如何撸L0，如何花一点钱就撸出几十笔TX，L0属于嵌入式交互协议，这样作死的撸，可能撸出史上最大女巫数据库，牵一发而动全身，所有公链及重磅项目都会参考，前有叼毛HOP未来也该更新升级了，颤抖吧骚年
2010718701008613715,Mon Jan 12 14:21:10 +0000 2026,6.7,04_onchain_alpha_airdrops,50,6,26,0,NO,"这两天我收到很多 X 私信 + 微信私信在问 Brevis 这波空投的事。

很多人一开始还以为自己没参与，结果一查居然有代币可以Claim，单号差不多 50–70u ，整体反馈挺好的。

再提醒一次查询👉 入口：https://t.co/r0DitMsDlK

（要查就去官方入口查，别乱点链接、别信别人私发的代查，另外这个项目查空投不方便批量查，用户需要用钱包签名来证明地址归属，签名一般不花 gas，但任何让你输入助记词/私钥的，直接当诈骗钓鱼处理）

🔶作为币安 HODLer 空投第 60 期项目，这次Brev @brevis_zk 给得挺大方，HODLer 空投池是 1500万枚 BREV（总量 1B 的 1.5%），另外还有 500万枚预留给后续市场。

符合条件的其中一类，就是币安的 BNB Holder：在 2025/12/17–12/19这段时间，你把 BNB 放在 Binance 的简单理财里，币安会按快照给你补发 BREV，对于老人可能不觉得什么，但是对于新人会觉得啥也没干账户里就有，其实是你持有 BNB 的空投收益。

🔹更有意思的是另一类：很多人没刻意做任务，只是用过一些合作 dApp（甚至自己都不知道背后和 Brevis 有关系），结果也能查到额度。这个我反而觉得是Brevis 最强的产品信号，它走的是基础设施型空投，不是那种靠冲任务才能拿的玩法。

为啥用过合作dApp 就中？因为 Brevis 不是一个单独的 App，它更像是给各种 dApp 用的零知识证明数据引擎，能把你在不同链上的历史数据、复杂计算做成 ZK 证明，再把证明丢给链上合约去验。这样 dApp 就可以在不信任第三方的情况下做用户筛选、发项目代币激励、跨链验证、账户抽象等等，你以为你只是用了某个产品，其实背后可能已经在用 Brevis 的证明能力了，就这么简单。

外部数据里及官方都说了累计生成了接近 2.9 亿个证明，这种量级说明它确实是已经跑起来、被真实业务调用。

总之，感谢 @brevis_zk这种让用户在不知不觉中用上 ZK 可验证计算的路线，你正常用 Web3 产品，顺手就能拿到激励，而不是为了撸而撸、为了任务而任务。

倡议行业：回到 Web3 最初的样子，把真正的用户当用户，把真实贡献当贡献。"
1958102441158975790,Wed Aug 20 09:42:56 +0000 2025,6.4,04_onchain_alpha_airdrops,120,6,32,0,NO,"当初我取名KuiGas的时候
就是希望通过真实的Gas消耗去积极参与链上的各类协议，通过积极参与高质量协议高质量Tx以此期望获得早期协议奖励，以及积累高质量的地址画像。

这一切，都是源自真实的亏Gas。

很多年前，我喊出这样一句话：Gas 的消耗决定人生的方向🧭

现如今，大部分的项目都是在嘴撸激励或者为了营销使出浑身解数，积分徽章的花样五花八门。

可，还有多少人记得曾经的RabbitHole兔子洞，Galaxy（银河）任务平台最初的样子。那时的链上任务，代表的是真实的探索与价值。

丰密可以肯定的是：链上行为值得被奖励。
也依然坚信：链上行为奖励会最终回归正轨！

这几天看到大家都在聊的 Divvi @letsdivvi，就很有意思。
它延续了最初的精神：追踪链上行为 → 奖励真实参与 → 在开发者、用户与协议之间形成一个真实且共赢的局面。
Divvi 这样的设计，让人重新看到链上参与的价值。不只靠积分噱头，而是希望通过真实的行动转化真实的奖励。
我个人使用下来，确实还在早期，很多不完善的地方，也不确信它会最终走出来。但这个方向，100%没错。

📌 关键信息：
➤该协议获得a16z、Polychain、SV Angel 和 NFX 支持
➤未来肯定会有代币，目前正处早鸟阶段
➤核心机制是 Slices：代表你的贡献，不可购买，只能通过链上行动赚取

1、✨ 赚取 Slices 的方式：交互拿 Slice
1、Slice 抽奖机 👉 https://t.co/iy2VlNSAOa
2、使用 Divvi 支持的应用
3、在 Galxe 完成https://t.co/Dfq0MP1d3H
4、在链上开发真实项目，可以试着部署或贡献代码，这类权重未来大概率比单纯交互更高。

2、🎲 押注 Slices：「用 Slice 赚 Slice」
Divvi 每周都会推出预测竞赛。把上述赚取的可以拿来押注链上结果，赢家分奖池，输家失去押注。 https://t.co/9oAdHN81Oz

另外，我个人非常青睐链上高质量TX，对该协议的一些不成熟之想法与建议：
协议围绕“应用—用户—协议”的三角关系，非常注重自身激励体系的打造与公平，Divvi 现在的尴尬点就在于：任务应用目前本身声量不大 ， 用户缺乏动力，协议也不容易获得真实数据沉淀。
建议
1. 优先合作伙伴：先把知名头部协议拉进来，解决用户为什么要做的动力问题，
协议端的优先合作伙伴非常之重要，目前我看罗列的项目基本无知名度，如果能获得双重红利的驱动会非常容易打爆市场，既能拿到应用自身奖励，又能拿到 Divvi 的 Slice 记录。这和当年 RabbitHole 把 Uniswap、Aave、Compound 任务拉出来一样，早期用户会被记录真实的探索与价值

2.合作应用分级：大协议搞声量和小协议创新打爆品

3.制造差异化打造“稀缺画像”：Slice 要和真实稀缺画像挂钩，而不是沦为另一个积分系统；其中
关键是要让早期 Slice 持有者的地址画像与众不同且有价值，比如特定合作应用任务、持续交互、复合型等，不是做几个任务就完事，而是逐渐沉淀出一类链上优质用户的画像，最后是打造SDK，让更多协议端主动来接入。"
1986479996190531927,Thu Nov 06 17:05:12 +0000 2025,7.6,04_onchain_alpha_airdrops,141,4,72,0,NO,"第一次进场，其实啥项目都不会，跟新人接触链上一样，啥都不懂，无处下手！

纯玩思路，准备有限的gas费，我就买了1000块，看到几百张桌子里有5万.10万.20万.30万的局，10万思密达币相当于500软名币，越高的桌人越少，

我不懂游戏规则，体验了一下10万局押大小（庄闲），觉得不过瘾，直接上的20万局，也就是押一次最低1000软名币，瞄准目标项目先找桌，找一个不那么漂亮还有点无精打采的大姐，直接allin，上去连押5把闲，全中，卧槽，天生kuigas圣体，屌丝气质展现的淋漓气质。

大姐（项目方）预判了我的预判，大喊一声，你这b的积分卡呢？好吧，我没有，也就是没有kyc，意味着他要把我定义为女巫🧙‍♀️了。

好吧，下桌，不玩了，算了下15分钟的APR大概3500%。

今天定了个酒店2200，晚餐吃烤牛肉1200，算下来我还赢了100块，短暂的忘记了stable的sb技术，兴高采烈的回去睡觉，打开okx/ba app一看，卧槽，又亏了几百w，尼玛

哦，对了，通过这次高质量tx，让我感受到工厂的魅力，这厂子跟每个人搞了一个积分成就体系，让用户与场子关系若即若离，而资产的沉淀与个人的交易行为，福利系统息息相关，这像极了去年给ba钱包老大winson出主意做资产发型的思路，哦对了，昨晚顺便cx了一下aster ceo leo哥这套不外传的装逼策略，希望aster能插上飞轮。

作为一个亏友，一个撸猫人，我们真的，必须要知道什么时候撸，撸什么项目，项目撸什么，怎么撸项目，撸到tge的查女巫的时候，你就成了真正的撸猫人，这时候，就时候就是该退场的时候了，next，下一个▶️"
1503950692155035649,Wed Mar 16 04:26:01 +0000 2022,4.2,04_onchain_alpha_airdrops,6,0,1,0,NO,"#cosmos 多账户交互困扰
1：空投多，交互多，账户多，链多
2：资产质押多，流动性差，费钱，信息多
3：交互重复的操作，想吐，任务贼尼玛多。
早期直接打token到钱包，一个卖2万的日子一去不复返了！F👋👋👋👋👋👋

#kuiqian"
1501148658707935235,Tue Mar 08 10:51:44 +0000 2022,6.0,04_onchain_alpha_airdrops,207,84,21,0,NO,我知道很多人都只想看教程的，没办法，人都是很懒的，但是教程只是教会了你方法。我希望更多的能从10字方针层面中的“势+道+术+器“思考我们的交互逻辑，为什么要2层，为什么要交互dex，为什么要跨链，人有善恶，方有优善，理解“道”，有理有据对错就不再重要了。虽然我也一直亏钱，你不要学我👋👋👋👋 https://t.co/PuC2sGSnBQ
1506615023422304263,Wed Mar 23 12:53:07 +0000 2022,3.4,04_onchain_alpha_airdrops,0,0,0,0,NO,@yakin168 这个大的问题没有，对新手不太友好，核心是交互2层，但是有很多地方可以改，中间我看加个了op到arb的xdai，这个可以省点费钱还把con交互了，大的路径没啥问题，但是大概率可以提升很多地方吧。也没法细说
1538760107856896001,Mon Jun 20 05:46:13 +0000 2022,3.8,04_onchain_alpha_airdrops,41,11,19,0,NO,"撸空投交互就这10个字：
取势，明道，优术，尚法，擅器

单点突击：势/道/术/法/器

无论男女老少，通吃"
1640553350642155528,Tue Mar 28 03:16:13 +0000 2023,5.6,04_onchain_alpha_airdrops,169,98,24,0,NO,"1、人最悲哀的不是不努力，而是努力之后依然是0
，最惨的是0-1-0
2、不鼓励女巫🧙‍♀️行为，但有必要知道，有所为有所不为。
3、人类高质量TX：少而精的地址体系交互顶流协议

本内容引述👇感恩
@x_explore_eth
@berwinYes
@csctgrace 
@PANewsCN

后续有时间专题闭门分享
柳岩
https://t.co/OxG5BsgqIG"
1560615693682634753,Fri Aug 19 13:12:30 +0000 2022,3.4,04_onchain_alpha_airdrops,58,36,1,0,NO,"丰密说WEB3交互-亏钱交互大全
从skiff挪到mirror里了。
https://t.co/8BCI0YIl94"
1974089664219767015,Fri Oct 03 12:30:27 +0000 2025,6.9,04_onchain_alpha_airdrops,982,93,338,0,NO,"“你工作室几个人？""
""你团队几个人""

这次很多人见到丰密,都会问到我这句话，其实我蛮多次回复了，我就一个人，几台电脑，我奉行的原则就是手动高质量，号当然也比较多。

参与WEB3交互的
基础必备条件是：

1、2只手
2、一些钱、一些号、一些电脑
3、多些坚持、思考、努力、、、、
4、没有科技，没有IP，没有环境、、、、

简单的事情重复做，重复的事情坚持做的。

当你开始好起来的时候，你就会拿到一些结果，然后走向下一个台阶，披荆斩棘，遇佛杀佛，主宰自己的人生，

你会发现，你根本不需要上班，因为每天都在上班。

你会发现，你根本不需要闹钟，因为没钱就是闹钟。"
1619960192443248640,Mon Jan 30 07:26:21 +0000 2023,4.4,04_onchain_alpha_airdrops,31,13,5,0,NO,"digi女孩总共2022，kui在v1一个，v2一个。坐等福报。
进度----50%。
适合交互地址：
1、未参与过partybid的地址
2、主网tx数据较少的地址
3、期望能主网持续交互获得高质量tx的数据。
4、完成兔子洞NFT任务，🐰即将v2，拭目以待。
5、有社区的可以自行在 @prtyDAO 发起。
👇
https://t.co/9J1pxKF50w"
1603008909136261120,Wed Dec 14 12:48:01 +0000 2022,3.4,04_onchain_alpha_airdrops,0,0,0,0,NO,@Rodmanlpj 那个活动结束，mint的数量大概2万多，目前只能nft平台上购买，L0的交互很多教程，核心聚焦的就那几个，如果看好并有需要持续性的交互的，可以作为补充，其他dyor
2054213517998449008,Tue May 12 14:54:02 +0000 2026,4.8,04_onchain_alpha_airdrops,80,1,52,0,NO,"当年进币圈不是因为懂什么宏大叙事，而是因为穷，真的，没人教，没资源、没人脉、没大资金，一级投不进去，二级又容易被收割。

了解真相以后，我等屌丝唯一能参与这个行业价值链的方式，就是链上交互，撸空投。

后来践行：简单的事情重复做，重复的事情坚持做。"
1975875255634919923,Wed Oct 08 10:45:45 +0000 2025,3.8,04_onchain_alpha_airdrops,3,0,1,0,NO,@bruceblue 确实，就是投研，然后跟各个赛道的项目接触，有可能也会投，高质量协议会参与defi等各种空投交互，本质上都是既是+又是+还是····正如你说的。全链路捕获
1964634596139761965,Sun Sep 07 10:19:23 +0000 2025,3.8,04_onchain_alpha_airdrops,3,0,1,0,NO,"@Flai6666 表面上是撸毛，实际上是在找各个生态的 Alpha。
不局限于某一种形式，defi，套利，打新，本质上都是在寻找链上生态Alpha机会。

从 BTCFi 到 铭文，再到各种 早期项目，我们都是第一时间积极探索交互的一批人。怎么到你这就变味了！"
1962405211617841336,Mon Sep 01 06:40:36 +0000 2025,6.2,04_onchain_alpha_airdrops,15,1,11,0,NO,"Union 的 U Drop 空投
虽然我个人没有参与该项目，但从这个案例里能看到一些值得关注的趋势：

1、分配趋势-控筹
4% → Union 创世激励计划
1% → Mad Yaps 活动

可以注意到，项目方实际分配给普通真实用户的比例在不断下降。同时，很多项目会选择分配给 ZL 用户，但往往不是一次性释放，而是分阶段分发，进一步降低了筹码的即时流通。

2、打击 Sybil，强调价值贡献
Union 引入了 人类证明（Authena），并结合链上行为的 Sybil 过滤。其重点在于追溯 2023 年 10 月以来的钱包历史，采用的常见方法包括聚类分析和机器人行为识别。
这就意味着，如果0撸参与，大部分基本上都会被干。

3、链上活跃度 → 抵抗女巫的核心指标
未来链上钱包的真实交互记录，会成为空投项目抵御女巫的主要武器。活跃度高的链上用户或许更容易获得资格，但具体标准往往模糊，项目方也不会提前公布完整细则。"
1962164910076690766,Sun Aug 31 14:45:44 +0000 2025,3.7,04_onchain_alpha_airdrops,37,0,32,0,NO,"有谁用过google pixel 10 pro
说说交互体验？
该TX是否值得亏 https://t.co/nSHGPKlcGh"
1955678788186153162,Wed Aug 13 17:12:12 +0000 2025,5.2,04_onchain_alpha_airdrops,2,0,1,0,NO,"本质上我们只是提供了一些视角，具体不是我们执行，也不是我们做顶层设计。

行业在变化，唯一不变的是个人能力的提升。

其实你说到一个点上了，

👉也有很多人问很多人说，“撸毛不行了，链上机会少了。”

但我想说，优质项目从不会放弃锁定真正的核心用户。

它们会用更精细的机制，从一次性分发走向长期留存，把高意愿的链上活跃用户留在生态中，让他们不断交互、不断沉淀价值。

真正的大机会，那些链上的大毛机会，并没有消失，只是从简单的交互到空投到手变成了先留下、再放大的长线玩法。

铁甲依然在，机会依然存在，我信我心所在。"
1955272276015976597,Tue Aug 12 14:16:52 +0000 2025,8.3,04_onchain_alpha_airdrops,22,2,13,0,NO,"Codatta 的 $XNY 这周暴涨 7 倍，FDV达到2亿。

今天直接冲上 CoinGecko Top Gainer 榜首 🚀

它是第一个吃币安钱包 Booster “螃蟹”的项目，用「锁仓 + 交互 + 分期释放」的新玩法，把撸毛党和二级市场玩家的需求都照顾到。

不得不说，币安这选项目眼光毒辣，这步棋也非常毒辣：

作为一个撸sir，我之前说过以前 Alpha 的老毛病是，代币一上线就被砸盘，砸完就凉；用户只想赶紧卖钱，压根不关心项目做啥。
而币安的这个Booster 玩法就反着来：先锁一部分仓，让你在项目生态里持续参与、互动、慢慢解锁，让用户跟项目绑在一起走，而不是“领完就跑”。
说白了，这就是在用赚钱效应 + 参与感，把玩家从一次性流量变成长期筹码

✅现在币价回暖，Booster 空投任务继续做，收益重新打开，又多了一个持续参与机会。

暴涨的过程中，Codatta 也宣布了一堆利好：

1、上线海妖 Kraken，流动性大提升，值得注意的是目前没上任何 T1 大所，以及其他小所、也没开合约，按照目前的热度估计能冲击一波。

2、产品方面底层 AI 模型大规模升级，提示更聪明、内容更丰富。之前我们说过同赛道的 Sahara 已经上币安，“AI × 数据资产” 故事正热，而Codatta 本身正是该叙事下的核心延伸项目。另外Booster 的采集的食物多模态数据，在规模和数据维度潜力巨大，既是 Qwen 等基础模型的训练燃料，也是 Quark、Cal AI 等应用层的刚需。按团队节奏判断善于在OpenSource社区活跃，近期估计会在HuggingFace 先把部分数据开放出来。

3、这几天拿下 NGC Ventures & KuCoin Ventures 投资，利好不断。

任何项目的代币拉盘即正义，拉盘不能解决所有问题，但是能解决绝大部分问题！

拉盘就能吸引注意力，加上玩法新鲜，利好不断，这波 Codatta 真成了binance Booster 的教科书级示范。"
2097566841292153324,Wed Sep 09 06:04:40 +0000 2026,2.4,04_onchain_alpha_airdrops,13,0,57,0,NO,"按照撸空投的思路总结就是：

做高质量用户，亏高质量TX"
2051652153425658173,Tue May 05 13:16:05 +0000 2026,3.9,04_onchain_alpha_airdrops,41,0,34,0,NO,"polymarket 有人跳出来说very soon
意思马上要发币了，但凡是个老撸子都知道这个套路。

按照我的在撸空投赛道里的理解及总结出【渣男法则+龙2原则】，

结论是：26年是不会发币的！"
2047998539356352561,Sat Apr 25 11:17:56 +0000 2026,4.3,04_onchain_alpha_airdrops,26,1,23,0,NO,"绝大多数人拿不到空投资格
注册空投只给2天时间

过往但凡空投的时候还要注册一次的都没啥好果子，本质上是为了在过滤一次，对外可以说是查女巫，

曾经参与过pua活动的你，登记了不一定有，不登记是你自愿放弃了。

你学会了没有？"
2041179019840987544,Mon Apr 06 15:39:36 +0000 2026,3.4,04_onchain_alpha_airdrops,67,0,72,0,NO,"赚不到钱的时候，大家是怎么度日如年的？

没有大空投的时候，大家是如何渡过余生的？"
2037359635037053099,Fri Mar 27 02:42:43 +0000 2026,3.8,04_onchain_alpha_airdrops,70,1,42,0,NO,"给的空投少，大肆杀女巫，
以为会拉盘的剧本？
当很多人参照以前的思路的时候
卧槽，这是不可能的，
演都不演了，
暴跌📉！"
2032812856048222337,Sat Mar 14 13:35:27 +0000 2026,3.4,04_onchain_alpha_airdrops,86,1,61,0,NO,"如果今年哪个项目方发大空投
制造财富效应
一定会被历史铭记！"
1913453366178435570,Sat Apr 19 04:43:27 +0000 2025,4.4,04_onchain_alpha_airdrops,65,2,32,0,NO,"空投
深知没有任何一个空投方案能够做到完全完美，既要有效防止作弊与滥用，又要兼顾所有社区成员的利益，天然就存在一定难度与取舍。真正理想的空投机制，应当是不断优化与迭代的过程，在透明、公正的前提下，尽最大可能平衡各方利益，应当是既防止作弊，又照顾大多数忠实参与者的平衡艺术。"
1555584394563579904,Fri Aug 05 15:59:55 +0000 2022,5.2,04_onchain_alpha_airdrops,280,51,209,0,NO,"来🦵小半年了，2万粉
没推广，没广告，没抽奖，
也不知道有没有帮到人，
初心不改，能帮则帮，赠人玫瑰，手留余香。
发推没挣过一毛钱，但认识了一帮有趣的人。
输出了不少干货，未抽过奖，我决定给个福利
给我的粉丝，不然老被说这叼毛从来不抽奖。
你觉得哪种好？
比如我刷些协议
空投私钥？你要不要"
1726829427525615749,Tue Nov 21 05:06:33 +0000 2023,6.4,04_onchain_alpha_airdrops,42,16,114,0,NO,"研究个毛线，先冲 复刻Blur积分空投玩法
⚠️一个号用了别人的之后再用自己生成的邀请码存钱，、组队满5e抽幸运卡，
资金需要2月份才可以出来，邀请码过了就下一个
https://t.co/z2EdkXNl42
https://t.co/lJk61zyaTC
https://t.co/oTOK4nGsSd
https://t.co/VjtUx0Dzzk
https://t.co/xiYtj3XfqI
https://t.co/dTQTlLw5Mu
https://t.co/smVvKpgUe8
https://t.co/vJajnDLoav
https://t.co/4PbECb8P0r
https://t.co/rbMUGDsvpa
https://t.co/3ffA94hiJC
https://t.co/pWR96acj8f
https://t.co/DsuutSl3l4
https://t.co/w4KVHuatoH"
1499778336490672129,Fri Mar 04 16:06:34 +0000 2022,6.0,04_onchain_alpha_airdrops,97,69,9,0,NO,"最近gas超级低，干了博空投的交互。主要是跨链桥+defi协议/swap交互的策略。
上次的链接可能失效了，这次在整理了下分享，都是自己整理的所有不规范，请指教。

1～桥（测试未发币的桥）:https://t.co/KzJwAYlLz8

2～Maybedao-优质项目列表:https://t.co/hu8g5B3p7R"
1550306782853341184,Fri Jul 22 02:28:34 +0000 2022,4.4,04_onchain_alpha_airdrops,66,36,32,0,NO,"领空投airdrop：
cosmos生态：https://t.co/8H9gCEevWd  
查空投：https://t.co/Qqe2xXZGrg 
gno可能会值点钱"
1895505719107154134,Fri Feb 28 16:05:54 +0000 2025,6.7,04_onchain_alpha_airdrops,317,103,46,0,NO,"昨天受邀OKX @Mercy_okx讲空投的道与术，今天花点时间把相关内容整理成文字稿。
Space：@okxchinese
主持人：@Mercy_okx 

（此处，感谢okx的伙伴特别是Mercy，很细心很敬业，）
https://t.co/EMoWtdr3EA https://t.co/w2cR0hF0kN"
1600535731755417600,Wed Dec 07 17:00:29 +0000 2022,5.2,04_onchain_alpha_airdrops,163,69,67,0,NO,"突然想到，有lens的
1、没啥事的时候用用aave吧，毕竟aave团队干的，
2、持有lens的地址最好还有一点aave代币参与投票，
3、lens生态项目多参与下，
4、发帖，互动，私信，个人简介全配齐，社交赛道的估值在web3一旦爆发，大毛标配，去年ens发空投，一个账号基本10万RMB，小县城一套房"
1908097917639930135,Fri Apr 04 10:02:48 +0000 2025,4.4,04_onchain_alpha_airdrops,115,4,98,0,NO,"一天没吃饭，期望与失望交织，像乱麻一样缠绕心头。
叫天天不应，喊地地不灵，无力感在空中回荡。

Babylon 的空投，落了，却没落到心里。

元芳，难受的有些无力，你怎么看"
1968387559001931999,Wed Sep 17 18:52:19 +0000 2025,3.9,04_onchain_alpha_airdrops,29,2,2,0,NO,"Aridrop空投🪂

1、Aster：https://t.co/TeyozuxHe3
2、OG：https://t.co/TfsBjTbH7E
3、Arb: https://t.co/Ry5D81dJ7V"
1638796057487503360,Thu Mar 23 06:53:22 +0000 2023,4.4,04_onchain_alpha_airdrops,81,8,59,0,NO,"公告🪧：
这个抽奖地址5个获得ARB的空投，最低1750个arb
1：所有获奖🏆人员，务必今天与我联系DM确认几个事项。
2：务必不要第一时间领取，我们需要确认价值几何，先捐款在变现，
3：中奖人员有假粉存在，违背初心，若其中1人违规，所有5人均取消资格，包括之后的一系列空投福利。
4：人性考验"
1499999723121704966,Sat Mar 05 06:46:17 +0000 2022,3.4,04_onchain_alpha_airdrops,0,1,0,0,NO,"evmos昨天质押一天的收益高达20%。抵押2000个，一天就400+，未来应该还有一很多空投给这个项目，会不会成为生态的佼佼者。
反正不卖系列1

#evmos"
1586263296680030209,Sat Oct 29 07:46:55 +0000 2022,4.9,04_onchain_alpha_airdrops,200,106,21,0,NO,"未来很多项目的空投可能都会参考这个
passport护照：链上链下证明的明明白白。
https://t.co/lcrvBdKC5L"
1582706230320955394,Wed Oct 19 12:12:25 +0000 2022,2.4,04_onchain_alpha_airdrops,0,0,1,0,NO,@missaab2 邮箱里的2封邮件，意思是一样吧，第一封是项目方要发空投，第二封，代表你有这个airdrop。
1907680397347140081,Thu Apr 03 06:23:44 +0000 2025,4.4,04_onchain_alpha_airdrops,13,0,15,0,NO,"🚨 #币安钱包 独家 TGE 第8期上线！
本期项目：StakeStone（ $STO ）
认购时间：2025年4月3日 16:00 - 16:30 (UTC+8)
📍 仅 30 分钟

社区空投奖励：
查询空投：
Checker ： https://t.co/4SxlDWr7Ia

类别细则：https://t.co/8gjqtObDZC

本次空投分配：7.4%
本波总分配量： 74,000,000 STO"
1882010236330119467,Wed Jan 22 10:19:41 +0000 2025,3.8,04_onchain_alpha_airdrops,164,11,76,0,NO,0.5SOL买了3个黑刺榴莲，AA级，相当于1Sol 6个榴莲，冲土狗的哥哥们，看一下。 https://t.co/ru7lOy6D9D
1757812540133028077,Wed Feb 14 17:02:22 +0000 2024,4.3,04_onchain_alpha_airdrops,40,1,11,0,NO,"我记得原本stark应该是在去年10月左右要AirDrop，后来忘了啥原因变成天天发GM。
99%的人交互stark都会抱怨很难用，一发空投就会撤，但是还是有必要留点gas在里面。按照历史经验来看，大概率会有xx土狗给资格claim。"
1747552751322882118,Wed Jan 17 09:33:38 +0000 2024,3.0,04_onchain_alpha_airdrops,0,0,1,0,NO,@yty535 @DeFi 随便找个合约丢进去「它下面也有热门合约，按后面的箭头」，合约扫描，适合一个冲链上土狗的，找到合约，就丢进去，基本不需要再问其他人，能不能冲了
1667083010569801728,Fri Jun 09 08:15:37 +0000 2023,2.5,04_onchain_alpha_airdrops,18,2,11,0,NO,"麻烦大家别再喊土狗了，你们一喊我就焦虑，就怕错过,怕你们喊舒服了，我就10E/15一冲，全亏归零了，都忘了自己姓啥了。"
1664221446120542208,Thu Jun 01 10:44:47 +0000 2023,2.0,04_onchain_alpha_airdrops,1,0,1,0,NO,@eagle6686 第一天组的，被埋了，在外面看不了，随风去吧，最近各种土狗亏麻了，回归撸毛
1654742697243197440,Sat May 06 06:59:37 +0000 2023,3.8,04_onchain_alpha_airdrops,2,0,0,0,NO,@huoyujie1991 目前交易所都不支持ERA。短期不要指望上所啊，这就是一个土狗，一个土狗，策略以及说了，有资格claim，顺带交互赚gas，偶尔不小心涨了
1646811644851519488,Fri Apr 14 09:44:27 +0000 2023,5.3,04_onchain_alpha_airdrops,28,9,8,0,NO,"I just minted my !fundrop pass on @mintdotfun. Mint your pass to see how much !fun you have here: https://t.co/xcmbbQpF98 

去哪mint。就👆这🔗，带邀请。
对于像素风格的东西，要重点🏁注意一下。
很早知道这个，偶尔tugo土狗一下。👇 https://t.co/c0Gd8ueouo"
1583114956090007552,Thu Oct 20 15:16:33 +0000 2022,4.8,04_onchain_alpha_airdrops,61,51,4,0,NO,"冲土狗亏钱必备工具：
1、https://t.co/Tgg7rF8YvE
2、https://t.co/bfDBGwQbzt
3、https://t.co/3lYZqGG0XI
4、https://t.co/eXjA0gSycn
5、顺带学点defi动态哲学"
1561942813557661696,Tue Aug 23 05:06:00 +0000 2022,4.4,04_onchain_alpha_airdrops,47,25,3,0,NO,"https://t.co/oWu0Ysnv04的简单刷法
1，参与了party的，就去设置出售价格。
2，网站点击Explore，然后看哪些NFT倍认证，上面有verified。然后选择金额，swap，隔个一天半载，换回去没所谓。
3，碎片化你钱包各种免费冲土狗的NFT，gas成本回贵，随意吧，精品id可以弄一弄。
4，这项目老树"
1552705394203840512,Thu Jul 28 17:19:48 +0000 2022,2.0,04_onchain_alpha_airdrops,0,0,1,0,NO,@getmilk @bitcoinzhang1 玩土狗可以多用用，dex里面算非常好的产品线了，yysy
1526170532726849536,Mon May 16 11:59:44 +0000 2022,3.4,04_onchain_alpha_airdrops,0,0,0,0,NO,@0xOar 一般的情况，大佬都看不上这些的，我们这些链上玩家被迫转型成羊毛党了，囤币亏，defi亏 ，土狗亏，合约亏，撸毛还冒着沙头举报的风险，入不敷出，还在咬紧牙，坚持生活。
1502934010573778945,Sun Mar 13 09:06:05 +0000 2022,4.6,04_onchain_alpha_airdrops,8,2,2,0,NO,"web3的讯息很多，能敏锐把我信息进行辨别，说白了就是早期土狗，有可能会挖掘到意想不到的财富，但风险同样巨大，所以量力而行。
所以呢，刷空投跟投土狗一样，追不一定能追到，不追肯定追不到，爱情也一样。你们说呢？ https://t.co/yy4ZtrUvTQ"
2101612646588125602,Sun Sep 20 10:01:15 +0000 2026,2.0,04_onchain_alpha_airdrops,5,0,1,0,NO,@0xStudy 这个逻辑差不多，如果155，那打新的空间有好几倍
2101606881903153322,Sun Sep 20 09:38:21 +0000 2026,4.5,04_onchain_alpha_airdrops,20,1,13,0,NO,"深入走进华尔街。

币安钱包这次这个创新有点意思，相当于把美股IPO打新搬到链上了。

实际上理解下来，就是把Alpha积分、bStocks等级等链上活跃度、资产持有和身份标签，直接映射成传统美股IPO的打新资格和分配额度。

参与入口在Pancake，钱包负责资格和额度，这让我想起当年Pancake打新最火的时候，一堆人为了额度提前准备、抢着参与。每次都超募好多几百倍。

第一个标的可以先预测市场一下 @predictdotfun"
2032144261345669453,Thu Mar 12 17:18:41 +0000 2026,4.0,04_onchain_alpha_airdrops,9,0,6,0,NO,"在币安持有 USD1 的用户要注意时间，本次WLFI 补贴持有 USD1 的活动截止到 3 月 20 日。

这次总奖池一共 2.35 亿枚 WLFI，分 4 周发放，每周发 5875 万枚 WLFI。

前不久 USD1 已经能参与 OPN 打新，按这个节奏看，后面大概率还会继续给 USD1 叠加新的激励和使用场景，不太像是打一枪就结束，毫无疑问，WLFI会持续强化 USD1 的使用场景和持有预期。

在没有更好资金去处的情况下，拿着补贴、放着生息"
2006699898230681814,Thu Jan 01 12:11:53 +0000 2026,3.8,04_onchain_alpha_airdrops,10,0,2,0,NO,"@BensonTWN 你这让我想起当年的记忆。
FTX的交易所子帐号功能确实牛逼，我当时最早写防女巫教程的时候就有用FTX来进行资金归集。后来教程一度被人拿来卖钱。

除此之外，FTX很多功能都好用的，最关键，那时候打新等机会非常有财富效应。"
1991735203627430008,Fri Nov 21 05:07:31 +0000 2025,4.4,04_onchain_alpha_airdrops,110,22,31,0,NO,"道理都懂的，但是做起来是不及格的。
danny老师的这份内容，值得我们撸毛人反复get。
撸毛DeFi打新本质上都是一种套利，
我们要get的不仅仅是方法/动作，是思维方式，刻在脑子里的思维

毕竟，一年当中，只要吃透几次大机会，就可以洗澡上岸，过躺平人生。"
1987115546182361578,Sat Nov 08 11:10:39 +0000 2025,4.9,04_onchain_alpha_airdrops,33,1,17,0,NO,"Mira代币之前上币安了，主打的是 「Ai 输出可信验证」。

这次他们结合 x402 做了一个新东西：Aven（@usenola）。这是一个会自己花钱的 AI 机器人：可以自动抽奖、自动买奖品、自动发给中奖者，全过程不需要人操作。

核心有两点：
自主支付：ai自己能付款
自动验证：每一笔钱都可验证，不会乱花、不被骗、完全透明。

为了展示这个能力，Mira 直接整了一个真实实验：
转发 + 留 EVM 钱包地址，
Aven 会随机选人 → 自动用 2000 美金买宝可梦 NFT 卡包 → 自动空投给中奖者。

前几天看到ChatGpt的 Atlas的浏览器，可以直接给出指令会帮助自动在亚马逊上买东西，如果我在买一个最近马斯克的擎天柱机器人，以后，科技改变生活，我们的下一杯过的啥日子啊，到那时候，努力赚钱的意义是不是就会体现出来了。"
1980575508195930127,Tue Oct 21 10:02:53 +0000 2025,5.5,04_onchain_alpha_airdrops,35,0,23,0,NO,"KITE 的 NFT 视觉风格除了高颜值以外，我发现个个都像喝了酒，从脖子到脸全身红，又像是打了鸡血，年轻人，血气方刚，仿佛一言不合就干。

你有没有发现，从这个NFT系列传递了一种很强烈的荷尔蒙与能量，红色代表热血、激情、行动力，或许这正是 KITE 想要表达的社区不是冷冰冰的 AI，而是有态度的，

或者说KITE 想要塑造的用户画像就是血脉喷张、敢于突破、不怕输的的、高能量的、高战斗欲望、敢想敢做的先锋一代。

这是一种气质，不仅是视觉符号，更是对 AI 支付新赛道的写照： 一个需要不断突破与创新的领域。

当看到的@0xLaughing 分享的KITE @GoKiteAI的团队可谓「顶配班底」，也符合上面的描述。

CEO 出身 UC 伯克利，前 Databricks 产品负责人；CTO 曾在 Uber 搭建 200+ 人 AI 团队并任 Salesforce 创始工程师；高管背景横跨哈佛、MIT 与华尔街；同时还有 Mysten Labs、Circle、纳斯达克、Uber、Ripple 等顶级高管为天使投资人。

在资本层面，PayPal Ventures 领投并独家背书，这是 PayPal 在 Crypto 领域唯一的稳定币 AI 支付项目，可谓 亲儿子级资源扶持，这意味着 KITE 未来在合规性、资源对接与国际化路径上，从起点就已站在制高点。

同时，稳定币支付 已逐步走向主流，但未来真正的增量需求在于 AI Agent 自动支付。从这一精准赛道切口出发，KITE 释放的信号很清晰：

🔥 这是一个必须不断突破与创新的领域，而 KITE 的定位，决定了它极有可能成为 AI 智能体互联网的支付基础设施。

这样的故事和基本面，已经具备了进入四大T1所的潜在标的特质。
我个人是挺看好的，不过社区参与的角度就那么几个，
具体build参与的方式也就是
1、测试网-卷爆
2、NFT-社区权益  
3、创作者方向：风行者SBT，目前50个第一批已经公布，▓░░░░░░░░░░░░░░░  <10%，也就是未来至少有500人+。可以卷
4、开发或者合作者权重用户：codatta @codatta_io Irys @irys_xyz 、 Masa @getmasafi 等
5、待补充"
1968309232832565381,Wed Sep 17 13:41:05 +0000 2025,4.9,04_onchain_alpha_airdrops,27,0,11,0,NO,"Aspecta 在做的事
就是把那些“不透明的资产”，比如 Pre-TGE 代币份额、锁仓 token、私募股权、RWA ，变得能看见能定价能流通。这些资产的的共同点就是：价格说不清，想卖迅速交易，因为还常常带着一堆锁仓限制条件。

通过 BuildKey，这些原本难估值、缺流动性的“Alpha 资产”，可以在链上验证、定价、交易，实现更公平的参与和退出机制。

YZi Labs 前不久战略投资 Aspecta @aspecta_ai，大概率看中的就是这种产品机制。它不仅能解决 Web3 打新里的老问题，未来还可能演化为 “币股模式” 和 RWA 上链标准化方案，成为更大范围的资产凭证化基础设施。

而在 Binance 钱包端，增加这一产品机制，也完全可能衍生出新的产品更新和玩法。"
1763149174386946096,Thu Feb 29 10:28:15 +0000 2024,2.5,04_onchain_alpha_airdrops,19,0,3,0,NO,"本次BA Launchpad打新的收益率 1.616%
涨幅70倍，妥妥的送钱。"
2095468047436067243,Thu Sep 03 11:04:49 +0000 2026,3.5,04_onchain_alpha_airdrops,40,3,15,0,NO,"包浆，哈哈，当时我看到这句话，真的非常非常喜欢，通缩资产+生息资产，积极拥抱defi，积极撸毛，拿好核心资产，生息下崽，花利息躺平。
最近看到rh链的新玩法，通过meme的玩法把一些优质资产组合放进池子，这也算是很有生命力的形式"
2094342142110114246,Mon Aug 31 08:30:52 +0000 2026,3.0,04_onchain_alpha_airdrops,0,0,1,0,NO,"@hardriver 1、收撸毛账号就算了，人家留着还有个念想，也是最后一点未来可能开奖的希望
2、他应该不只是发给我，也会发给其他人，他的主要点还是希望拿到资金继续做交易，我觉得会助长了他通过这种方式拿钱的方式。
3、赚多少钱翻多少倍都太难了，我觉得他首先应该考虑如何止血···"
2054139216209309997,Tue May 12 09:58:47 +0000 2026,6.0,04_onchain_alpha_airdrops,76,11,53,0,NO,"目前两个稳定币专用L1未发币代表Arc 和 Tempo要热起来了。

Arc昨天宣布a16z领投融资2.2亿，估值 30 亿，其他机构也很好，热度马上起来了，生态里那个hibachi值得重点看看。Tempo 是 Stripe 和 Paradigm联合孵化的 L1，半年前估值 50 亿美元融资5亿。2个项目天花板都很高了。

区别在于Arc像Circle自己下场修高速公路，服务USDC、RWA、机构金融和链上结算，Tempo 更像 Stripe 在重做一套互联网美元支付网络，服务商户收款、跨境转账、AI Agent 自动支付和真实支付场景。

最近 USD1原生发行到Tempo，觉得不是简单多上一条链，按照 Tempo 的战略看，这更像 WLFI 在提前抢稳定币支付入口。以前稳定币更多是交易所里的计价单位，现在开始往支付、结算、转账、应用消耗里走。当然usd1肯定也会激励补贴在tempo上使用。

如果 Tempo 后面要启动生态，我猜激励大概率不会只看 TVL，而是更看真实使用。比如有没有真实转账、真实支付、真实消耗，USD1 的原生使用情况可能也是重点之一。

存钱撸毛+用钱撸毛"
2042817204413182345,Sat Apr 11 04:09:09 +0000 2026,2.5,04_onchain_alpha_airdrops,45,2,16,0,NO,"撸毛达人，现在这个词很扎眼。
撸毛里就没有达人，都是屌丝，都是鱼肉。

人为刀俎我为鱼肉🙈

来自Panews的Nancy写的挺好。"
2039008391939690851,Tue Mar 31 15:54:18 +0000 2026,3.0,04_onchain_alpha_airdrops,80,0,35,0,NO,"好几年前，别人说撸毛不行了，我沉默不语，不辩，尊重他人命运！

如今，别人说撸毛归西了，我沉默不语，默念，傻逼项目造孽！"
2036078934690070871,Mon Mar 23 13:53:41 +0000 2026,2.5,04_onchain_alpha_airdrops,46,0,24,0,NO,撸毛人，再一次被按在地上摩擦
2032858346089492814,Sat Mar 14 16:36:13 +0000 2026,2.0,04_onchain_alpha_airdrops,1,0,0,0,NO,@thecryptoskanda 😼，x随便多bb，今天不撸毛，有时间见多说说
2028501045564055844,Mon Mar 02 16:01:51 +0000 2026,3.0,04_onchain_alpha_airdrops,75,1,38,0,NO,"这么多年
据我观察、实践
撸毛一直遵循幂律定律"
2015700123989475608,Mon Jan 26 08:15:34 +0000 2026,2.5,04_onchain_alpha_airdrops,40,0,20,0,NO,"撸毛人是高质量用户，倾听用户声音，是每个项目方都应该做的事。

没有pua，只有卧槽，牛逼！"
1933384069246754917,Fri Jun 13 04:40:57 +0000 2025,2.9,04_onchain_alpha_airdrops,37,0,37,0,NO,"用撸空投赚的钱买了点法拉第未来 FFAI 的股票

都说是美股里的meme

我是不是被洗脑了"
2094595754195292470,Tue Sep 01 01:18:38 +0000 2026,2.5,04_onchain_alpha_airdrops,27,0,57,0,NO,这个观点挺认同，meme感觉注意力被分散了，标的也太多，各种抬轿子的资金随时都变成对手盘。
1940662429060587523,Thu Jul 03 06:42:33 +0000 2025,3.3,04_onchain_alpha_airdrops,35,4,34,0,NO,"当下的市场

一级二级撸毛defi meme··

都在问

春天在哪里？ https://t.co/ywq6QQGejB"
1850502151149441469,Sun Oct 27 11:37:48 +0000 2024,2.5,04_onchain_alpha_airdrops,49,1,27,0,NO,"链下节衣缩食-缝缝补补
链上挥金如土-豪掷千金

没错，这就是现在冲meme的你"
1926503560457433513,Sun May 25 05:00:16 +0000 2025,4.0,04_onchain_alpha_airdrops,43,12,13,0,NO,"推荐这期播客：

刘锋老师@fishkiller 跟熊浩郡老师@jack_xiong137 

对话匹马@LeePima：从MEME币到发射平台，梭哈文化背后的行为经济学盛宴与投资逻辑

小宇宙🛸：https://t.co/Wm3FpCadA4

油管：
https://t.co/HbgyOSwPk0"
1859282744863543806,Wed Nov 20 17:08:44 +0000 2024,5.0,04_onchain_alpha_airdrops,80,12,28,0,NO,"大家都知道有一种速度是okx速度。
通过okx基本上链上生态所有的生态。如果不会试着多摸索一下。
具体链接方式：
1、okxweb3钱包更新到最新版，找到右下角的发现-MEME工具-emojicoin 或者支付在发现浏览器里打开https://t.co/k9PTutqvWO
2、右上角有menu-链接钱包connect wallet-选okx钱包
-右下角3个···切换成桌面模式，找你对应的meme。
3、今天看到钱包不好用的建议，其实有第一时间找到okx团队反馈，没想到他们已经对接上了，没有你想不到，只有它能做到。

@OKXWeb3_CN  @okxchinese @Haiteng_okx"
1857610960204345398,Sat Nov 16 02:25:40 +0000 2024,2.5,04_onchain_alpha_airdrops,50,2,22,0,NO,"无论是新人、老炮，玩链上撸毛，玩meme，OKX web3 
钱包都是顶配，免费，没有返佣。

非广
@OKXWeb3_CN @okxchinese"
1907095409484615999,Tue Apr 01 15:39:12 +0000 2025,3.0,04_onchain_alpha_airdrops,14,1,33,0,NO,"半夜开新，又来送钱。

PumpBTC 即将上线BN WALLET 第7期IDO

北京时间为：4 月 2 日 00:00 - 00:45。

这次窗口期不到1小时，#Pump 这个名称有足够的注意力，代币有meme属性，项目也有基本面。建议冲，打新送的钱，动动手，如果人脸识别，把七大姑八姨喊起来。"
2099813222950089134,Tue Sep 15 10:50:59 +0000 2026,2.0,04_onchain_alpha_airdrops,1,0,1,0,NO,"@kyle_Bitget 👍👍👍👍👍kyle

最近有个炒meme很牛逼的也是kyle"
2099791320177135816,Tue Sep 15 09:23:57 +0000 2026,4.7,04_onchain_alpha_airdrops,25,1,11,0,NO,"这里看到的
1、okx第一时间接入ARC这条链，抢上线后的第一波交易入口，

2、这里11个Launchpad发射协议，都在抢Arc第一批Meme流动性。

3、台子严重过剩，要是U还在就好了 https://t.co/qYu76ZhoCY"
2097498652138983922,Wed Sep 09 01:33:42 +0000 2026,2.0,04_onchain_alpha_airdrops,0,0,0,0,NO,@waimaixiaoming 是 定位不一样，前者在meme更直接
1964555656931037375,Sun Sep 07 05:05:42 +0000 2025,3.0,04_onchain_alpha_airdrops,9,0,0,0,NO,是的，可能我们也是路径依赖，在自己相对熟悉的领域找饭吃。毫无疑问，囤积核心资产是主旋律，这个路径因人而异，可以合约可以meme可以任何，没有最好的路，只有当下选择的路，ai以肉眼可见的趋势会成为未来，如果从撸猫人的视角我们会作为普通用户-忠实用户积极参与这些，如你所说，也会有意想不到的效果。
1948071640098820345,Wed Jul 23 17:24:07 +0000 2025,5.0,04_onchain_alpha_airdrops,15,2,9,0,NO,"拉飞了！ $Sahara 日内暴涨 65%🚀

📈 看了下当前交易量集中在 Binance + Upbit，从推特到各个亏群，随处可见“卧槽”刷屏，情绪全面溢出。

暴涨源于 Sahara AI 的数据服务平台（DSP）正式上线。这是首个将 AI 训练用数据的标注、验证、构建过程全面开放给所有人参与的平台，并配套超过 $45 万美金的 $SAHARA + 生态代币奖励，形成「数据即资产、贡献即收益」的参与闭环，构建出一个全新模式。

Sahara DSP 平台地址：
https://t.co/2oZcl3mLTQ
每一个项目都有独立的sahara代币及项目方代币。

Sahara DSP 的本质，是一个数据标注平台，但又远不止是一个「数据标注平台」。

它实际上为 AI 项目提供高质量训练数据，并让参与者获得真实收益。是一个训练数据的基础设施。但这个基础设施，不靠大厂、不靠爬虫、不靠数据外包工厂，而是靠全球用户共同构建。
✅ 数据任务来自真实 AI 项目需求（Camp、https://t.co/Cb8w4qU3O7、Solo、MIA、xFractal 等）
✅ 所有贡献链上确权，收益自动分发，贡献者拥有数据资产的部分所有权
✅ 支持文本、图像、音频、视频等多模态任务，全球开放、无门槛参与

仔细看了下这个，这不是那种刷积分换糖果的短期激励平台，而是一个真实推动 AI 数据供给与协作生产的链上 AI 工厂。未来的商业模型，也极有可能进一步演化为：链上数据资产铸造 + 商业分润分发平台。

在我看来，Sahara DSP 已经具备“资产发行平台”的关键特征。

很多时候回过头来看很多阶段，不管是 NFT、铭文、Restaking、meme历次真正能吸引资金和热度的热点，核心都指向一个词：资产发行。
而现在，Sahara 把这个“资产发行”的逻辑，首次带进了 AI 数据这个赛道。每一笔被提交、标注、验证的数据，不只是“任务”，而是可以确权、可组合、可分润的数据资产单元。

$SAHARA 也不再只是任务奖励，而是整个 Sahara 数据经济体系的“燃料 +治理凭证”。。从他们的模式可以看出，未来任何一次 DSP 数据标注、验证、数据集售卖、收益治理，都将离不开它。"
1930541696489791701,Thu Jun 05 08:26:22 +0000 2025,3.4,04_onchain_alpha_airdrops,1,0,0,0,NO,@doge321321 @worldlibertyfi 从空投第一天就在车上呢，我只是介绍了整个玩法与机制，我喜欢defi，玩这个不是当meme玩。玩透了，下次碰到同样的项目知道什么地方有alpha。
1927896672257876152,Thu May 29 01:15:59 +0000 2025,2.0,04_onchain_alpha_airdrops,0,0,0,0,NO,@Aster_DEX @BUILDonBsc_AI @worldlibertyfi 🤔：交易meme类权重是否会更高
1926293265252274420,Sat May 24 15:04:37 +0000 2025,7.1,04_onchain_alpha_airdrops,36,7,13,0,NO,"$JAGER 正式进入100%全流通状态！

随着 LP 的 14 天锁仓期结束，代币全面释放，市场进入完全自由博弈阶段。

🌱代币总供应量：1460 万亿，目前持币地址11.3万左右。

该项目 90.5% 的代币分配给社区：
•   其中 22.15% 已通过空投完成发放
•   剩余部分通过“2池挖矿”产出

过去一段时间，由于高 APR 的二池挖矿，许多玩家选择“挖 - 提 - 卖”策略，导致价格阶段性承压。但临近全流通的窗口期，在 LP 解锁高峰期，价格反而逆势上涨超 3 倍， 越来越多玩家选择持有或复投，以meme叙事驱动共识的新阶段。

🌱$JAGER 机制要点回顾：
→ ✅ 已上线 Binance Alpha，交易收税 5%（包括在 Alpha 上），
→ 持有 ≥1460 亿 $JAGER 可领取分红（BNB + 代币），→ 按照现在1400万的市值，相当于帐号最低持有140美金对应的代币可以有资格分红，无需做任何质押等动作，钱包持有即可。
→每 10 分钟自动结算一次
→分红与交易量挂钩，交易量越高，分红越多，比如今日交易量 $3M，分红池 $75,000+

当前市场情绪正从“博弈期”过渡至“叙事阶段”。

在空投全面释放 + LP 解锁的大背景下，$JAGER 仍维持强势价格表现，说明市场关注度正在升级。项目机制+叙事正逐步形成闭环：分红机制 + meme 属性强化 + 持币博弈，吸引越来越多玩家加入。

与此同时，Binance Alpha 市场活跃度持续上升，BNB 链交易频繁创出新高，链上资金轮动明显回暖，BNB上最近好几个项目也非常高热度，而 $JAGER @jager_BSC，作为当前 BNB 链上少有的高活跃+高分红机制型 meme 项目，正成为资金追逐的焦点。再者这个项目solgen就是 $BNB $100000，也带来不少fomo效应，当然最开心的估计是华人首富 CZ。

但别忘了，这本质仍是一个 meme 博弈项目

后续重点关注：
• 叙事延续性及走向
• LP 流动性的变化
• 新用户入场及持币地址情况

提醒：之前领空投选择3天质押的地址，忘了领的地址记得领。

#BNB #Jager"
1976214164394901738,Thu Oct 09 09:12:27 +0000 2025,3.8,04_onchain_alpha_airdrops,222,8,53,0,NO,"撸毛人生

平平淡淡也能过好这一生"
1912852126138822844,Thu Apr 17 12:54:20 +0000 2025,4.0,04_onchain_alpha_airdrops,104,13,63,0,NO,"致敬🫡 撸毛人！这群最可爱的人，最应该被尊重，最应该被重视的群体！

这篇文章要放是在高考作文里，无论啥角度均是满分💯。

放到唐伯虎那个年代，伯虎老师也得尊称一句：bruce先生，请赐教！

过去4年，我跟bruce老师心心相惜，我个人对他的才气佩服的五体投地，中文英文均是博士后级别。

不显山，不露水，非无山水，而是心中自有丘壑万千。

这是一种姿态，更是一种境界"
1639557960904118272,Sat Mar 25 09:20:54 +0000 2023,2.5,04_onchain_alpha_airdrops,28,2,25,0,NO,这这这，你们要看我发的内容卷一卷，把撸毛推向另一个高潮吗？
1557338028078960641,Wed Aug 10 12:08:14 +0000 2022,3.4,04_onchain_alpha_airdrops,28,12,1,0,NO,刀神的交互大作，思考深入，全面，撸毛人必看
1631927912344715264,Sat Mar 04 08:01:48 +0000 2023,4.0,04_onchain_alpha_airdrops,46,29,7,0,NO,"gm新作，简单介绍下老铁
1、33核心成员，全能科学家，kui 皇冠👑og。
2、dune大神，无数项目指名免费嫖他。这些项目方至今还没付费。
3、他教会了我部署合约，发行NFT等各种骚操作，虽然我现在都忘了，但它基本上1个人就是N个项目方。
4、集颜值与身材财富为一体，还有个很会撸毛的女朋友。"
1552874930622337024,Fri Jul 29 04:33:29 +0000 2022,4.0,04_onchain_alpha_airdrops,72,3,29,0,NO,"一上午没撸一个毛，写了个ppt，下周部分人可能能看到。
中午我看有些人的评论，我只能说，他对撸毛一无所知，只看到眼前一亩三分地，有时候人的格局要大一点，很多事情都需要耕耘，为人处事都一样，岁月静好，静待花开，"
1695783122292637987,Sun Aug 27 12:59:37 +0000 2023,3.0,04_onchain_alpha_airdrops,75,2,47,0,NO,"亏友撸毛累不累啊
但是一想到明年后年你单手开法拉利的样子是不是很帅"
1755475716031037940,Thu Feb 08 06:16:40 +0000 2024,4.4,04_onchain_alpha_airdrops,146,7,41,0,NO,"早几年我回老家大年夜30，正月里都在撸毛，枯坐一整天，很不被父母理解。干传统金融回家意气风发，油头西装，人模狗样，干web3没日没夜蓬头垢面，不出门不说话不接电话，家里人说的话有一句没一句搭着，反正从头到位都没仔细听。想的都是交互图谱，这就是撸毛人的常态，但，也许坐在父母身边，能看到你，也是一种幸福，我想我们都是如此吧。

当然也有可能是我时不时丢个大红包给妈妈，让她觉得我没有一直在亏钱有关吧"
1897265248002040227,Wed Mar 05 12:37:39 +0000 2025,3.0,04_onchain_alpha_airdrops,100,5,57,0,NO,"朋友：去年撸毛赚钱吗？

哥，赚钱的，还赚几十万，去年撸的一些项目代币还没卖，剩下原来价值的5%～10%。

傻逼朋友：为什么不卖呢？你个傻逼

哥，质押了！"
1942652469995315485,Tue Jul 08 18:30:16 +0000 2025,3.9,04_onchain_alpha_airdrops,46,0,27,0,NO,"突然闪现了一个词：高铁🚄

当时的漂亮小姐姐 不知道怎么样了

就在这1个半月后史上最大空投项目诞生了，

当年我要是说我是撸毛的，她会不会看上我，还是说你个叼毛"
1940699375967322396,Thu Jul 03 09:09:22 +0000 2025,2.5,04_onchain_alpha_airdrops,32,1,31,0,NO,"我要是不撸毛，真想去okx上个班，

不为了混工资，

只是单纯的觉得okx的人都挺厉害，

万一okx上市了，我可能也发财了！"
1880970346758885548,Sun Jan 19 13:27:32 +0000 2025,4.0,04_onchain_alpha_airdrops,75,13,10,0,NO,"写了很多，想说点什么，但还是无法表达此刻的心情，

kui3er HP老师的复盘挺受用，本来撸毛收益还可以，但是好些伙伴一天的的成绩秒杀好多人，这里的取舍与抉择还是会让很多人丢了道心，未来如何坚守，也许只有让自己成为自己，用实际行动证明自己的选择"
1947300426769912256,Mon Jul 21 14:19:35 +0000 2025,3.0,04_onchain_alpha_airdrops,54,1,36,0,NO,"亏友们，如果你们认同丰密说的

✅你务必列入人生清单

除了撸毛，也有诗和远方！"
1500708676654764033,Mon Mar 07 05:43:24 +0000 2022,2.8,04_onchain_alpha_airdrops,3,0,3,0,NO,哥啊，虽然我也撸毛，但真不是撸毛大军啊，也不是领袖，我是来亏钱的啊。😀😀😀😅 https://t.co/WOrsb4KH92
1669655386218180609,Fri Jun 16 10:37:19 +0000 2023,7.6,04_onchain_alpha_airdrops,40,17,10,0,NO,"Kuigas ∎亏Gas

Gas13
👉可以碎片🧩时间利用#OKX 在交易客户端旁边的 Web3 Cryptopedia在Zkync∎亏Gas
👉可以在 @okxweb3 #OKX Web3 Earn利用pedia在zkSync Era 赚钱。流程：OKX应用>钱包> Discover> Cryptopedia> Zksync ERA> OKX WEB3赚取
https://t.co/jBADfuRalE

关于在Zkync∎亏Gas
1、亏钱亏gas理念，别有期许，交互反人性，秉持满足好奇心探索未知世界
2、碎片化时间操作，保持连续性，所有的任务不要短期内完成
3、Cryptopedia的旅程活动做的挺全面（defi/nft/gi/等），但并不是所有的都需要去完成，产品团队很用心，教程精细，估计是撸毛大师，还打工的唯一理由估计是okx美女多
4、新手前期小额，熟悉后大额。从跨入资金/交易资金，连续活跃性等亏钱路线，在追爱的路上，没有套路，做真实的自己就好，有钱多撒钱，没钱多露脸。
5、没什么事的时候搞个护照https://t.co/BFw4lfMBfN
完事后W3没有你不能去的的地方，碰到👮找🧙‍♀️，你掏出来，劳资是真实的🧙‍♀️"
2019784303673053246,Fri Feb 06 14:44:38 +0000 2026,3.4,04_onchain_alpha_airdrops,3,0,2,0,NO,@zkgoudan infinex 最早靠nft融了6000万，搞出来的产品基本没啥用，我还记得有人大肆宣传可以做资金分发，后来我去看了一眼，真牛逼，这么干肯定全女巫了。
2012169888241250739,Fri Jan 16 14:27:40 +0000 2026,2.4,04_onchain_alpha_airdrops,1,0,0,0,NO,@Meta8Mate 哈哈，然后全被风控女巫了。gg 完蛋
2004809618967724258,Sat Dec 27 07:00:35 +0000 2025,5.8,04_onchain_alpha_airdrops,142,0,92,0,NO,"丰密曾说L0会是人类历史最大女巫数据库，
后来L0实现了这个说法，最终清除80万钱包地址，成为加密货币历史上规模最大、手段最狠、争议最强的一次“女巫清洗”。

本次LayerZero 公投 #3 提议打开费用开关（开始收钱）。
最终惨败未通过，原因是投票数没达到。

门槛：需 9350 万 票（流通量40.59%）。
现实：仅 340 万 票（达成率仅 3.6%）

40%的投票率我不确定官方怎么想的，当然大部分代币本身就没叼用，真正会参与投票的人更是屈指可数。

去中心化承诺给每个人权力，结合AAVE最近的逼事，

现实证明：当每个人都是主人时，就没有人负责打扫房间了，那些线性解锁代币带来无穷无尽的抛压，砸向市场，k线图出奇的一致都他妈是下跌📉的！

这，这就是Web3！"
1986664666677059965,Fri Nov 07 05:19:01 +0000 2025,3.4,04_onchain_alpha_airdrops,2,0,3,0,NO,@thecryptoskanda 给了护照看一下，到里面还需要办会员卡，会员卡需要护照，需要人脸拍照，需要提供住址。会员卡有根据交易量给积分，积分可以换一些福利。每次换桌都要刷会员卡，会员卡就相当于kyc。 借了朋友的卡，连赢五把，大姐一看会员卡发现我是女巫 ，把我ban了
1986645818158555196,Fri Nov 07 04:04:07 +0000 2025,2.4,04_onchain_alpha_airdrops,0,0,1,0,NO,@thecryptoskanda 是的，真女巫了，把我ban了，
1982728331469766864,Mon Oct 27 08:37:26 +0000 2025,5.4,04_onchain_alpha_airdrops,75,1,27,0,NO,"Common作为最早DAO 叙事下长期建设的项目之一，经历 6 年的打磨与真实运维后，终于迎来TGE。其核心是围绕协调能力做一种可落地、可复用的基础设施。

代币 $COMMON 是驱动整个系统的工具，目前已可通过官方合作伙伴 Magna 参与 Retrodrop 领取。

😢不过有意思的事临近发币，Common 团队揪出了1个25 万个女巫作弊账号集群，并已取消其资格、修复奖励漏洞，这部分奖励将被重新分配给真实的 S1 & S2 贡献者。

在交易层面， $COMMON  已上线 KuCoin / Bybit / Bitget （Lp挖矿）等交易所，并进入 Binance Alpha 及合约，上了合约的需要注意到Common 拥有顶级投资方的全明星阵容，背后既有头部机构，也有与交易所、做市商高度关联的支持。"
1943554196235796625,Fri Jul 11 06:13:24 +0000 2025,5.8,04_onchain_alpha_airdrops,53,2,46,0,NO,"ETH 硬了。抵达3000营大杀四方。
E卫兵终于敢上桌吃饭了。

但，但凡聊 Linea 的空投 🪂
亏友们的病态都高度一致：

1、  这是哪号病床？需要加大电量。
2、 卧槽 TM，早被女巫了。
3、 项目方老是soon，soon，·······😞 畜生
4、 我有 3000 XP……不对 4000，卧槽还有 10 万 LXP
5、 很多人说：我就 1 个号，真的，
6、待补充

大家都是那种，时刻担心自己是陪跑的祭品、、内心深处极度纠结但又带有少许的期待。

这就是撸毛人的常态"
1907297322578698731,Wed Apr 02 05:01:32 +0000 2025,5.1,04_onchain_alpha_airdrops,20,0,11,0,NO,"4月6日，在一个无人问津的角落，
一个蓬头垢面略带沧桑的男人，正奋笔疾书。
他正在写的，不是情书，也不是诗，
而是《我与 OKX Web3 的故事之—撸毛笔记》。

在这个链上有泪、链下有爱的世界里，
他用键盘敲出一段段女巫在空投世界的爱恨纠葛，
记录一次次错过、一次次反复狙击的传奇，

这不是一篇普通的小作文，这是一份Web3电子乞丐的亲身血泪实录。是Gas的流动，更是命运的搏击。"
1905144080658727375,Thu Mar 27 06:25:19 +0000 2025,8.4,04_onchain_alpha_airdrops,153,13,40,0,NO,"你不是没撸到，是根本没资格拿

$HYPE
年初看过去1年的大毛项目，9号Hyperliquid 从蛋糕上来看确实是一波“超级大毛”，无论从机制设计、空投估值，还是后续价格表现，都算是顶级项目范本之一。

1、难撸 是 Hyperliquid 的核心特色：
赛季制 + 滚动权重，
积分动态调整 + 难度拉满，

它不像传统那种“挂单/交互就能拿”的机制，而是有复杂的行为评分模型来给积分，比如提供LP做市、交易、活跃度、资金使用率等。
其实关注的算早，参与了点，后期积分非常难拿，动态调整，每周都变化，空投的时候价值13～14亿美金，之后不断拉盘，热度很高。
但是据我所知，身边很少有人拿到超过33w刀以上的收益，如果有，真心很想请教当初如何拿到的，比如损益比等。

2、再强的项目、再漂亮的拉盘，都逃不开一个现实——得有人不断买单，才能维持币价。
强叙事，做市强，做事强，激励到位，不断有人卷，有新人卷，核心在于：项目能不能“讲新故事”+“开新入口”

3、现在的空投市场挺难，难在哪
-积分花样多，营销痕迹非常明显，大部分项目用人朝前，甩人在后。
-从“全民撸毛”变成了“精英内卷”
-查女巫越来越严，人为刀俎，我为鱼肉，谁是女巫🧙‍♀️，不是自己说了算，不是技术说了算。
-社区的往往是最容易被忽视的，但其实最重要。
-流动性减弱，市场大部分项目都估值很低"
1902244685814567395,Wed Mar 19 06:24:09 +0000 2025,7.0,04_onchain_alpha_airdrops,2,0,1,0,NO,"7」反馈4: 验证者、节点群体的边缘化。

丰密的观点是这样的：
验证者承担着质押ETH、高昂服务器和GAS成本，原本是最应受激励的核心群体，却被严重忽视，实际获得奖励极低甚至为零。

相反，Discord角色与徽章持有者的空投数额明显更高，这种严重偏差令技术贡献者失望至极。

验证者总量约 8 万个地址，但社区数据表明，验证者分配的空投比例不足 1%，远低于合理水平。验证者需要质押 ETH 并承担高昂成本，理论上应该是最高权重贡献者，但最终却被严重忽视。
11 月 20 日之后加入的验证者，全部空投为 0，即使他们符合项目方最初的空投资格要求。
许多质押 ETH 并运行节点的用户几乎未获得空投，而 Discord 活跃用户、徽章持有者等群体的空投数额明显较高。这导致社区怀疑，项目方更倾向奖励社交活跃用户，而非真正支撑网络安全的技术贡献者。
如果只运行节点，但是未质押资金的节点用户，无任何空投。官方定义无价值，说是存在大量女巫，一刀切的政策不符合项目的盲计算特性。

这里为什么要说「最支持的人，却变成了最受伤的人」，对于任何一个协议，一般都非常清楚自己的核心用户是那里，高价值用户是在哪里，我们可以看到官方的这条博客《成为验证者，早期参与者将获得认可》https://t.co/wxuY8gSj8T

在内容里明确说明了验证者的重要性，并且号称贡献越多，获得的收益越多。

另外，Nillion 官方文档明确表示节点和验证者是网络核心，盲计算依赖节点集群运行，参与门槛高，成本巨大（包括质押 ETH 和服务器费用），该网络的用户绝大部分应该都看过起官方文档，从官方项目的文档看到其协议的架构，https://t.co/vnGDwnQJtR，
深知其协议的特性，并且了解3个重要的盲模块：nilVM、nilDB 和 nilAI，其节点与验证者是最重要的组成部分。 

要想参与这些节点与验证者，意味着要付出高昂的服务器成本，验证者需要在ETH主网上质押资金，有高昂的gas费以及资金成本。然而，这群最核心的贡献者实际获得的奖励却微乎其微甚至为零。许多验证者明确表示自己花费了高昂的资金和精力投入网络建设，却发现最终收益惨淡甚至归零。他们普遍感受到深深的失望和被背叛。

我的观点是这种不合理的分配严重削弱了社区对项目的信任，导致社区整体信任迅速瓦解。

反馈的另外一个点是：
官方此前公布了其代币分配的具体逻辑，https://t.co/36PDtSgmI4，但是按照这个标准，实际上很多地址都符合资格，但是，结果依然是0."
1902244679493808406,Wed Mar 19 06:24:08 +0000 2025,6.2,04_onchain_alpha_airdrops,2,0,1,0,NO,"5」反馈2：规则不透明，空投流程透明度备受诟病

针对这个问题，我详细阐述了流程的不规范。

1、流程是先登记-在过滤-在女巫-在查询。繁琐且极不专业。当大部分地址是0的时候，项目方又改口说需要填表反馈，在进行审核，尽显中心化操作。

2、官方未明确说明贡献评判标准，直到空投分配前夕才公布关键排他规则，导致许多用户措手不及。例如，低参与度Secret提交者和晚期验证者被排除在外，但此前资格查询显示为合格，最终却拿不到任何空投。

3、空投权重具体评分逻辑未公开，引发对暗箱操作及""老鼠仓""的质疑。

4、空投资格标准的设定相对模糊，在1月开放注册时，官方仅笼统提及“社区成员和早期贡献者”有资格获得空投，并未详细说明评判贡献的具体指标，一些关键排他性规则是在最后阶段才披露，

例如，CMO 在3月11日的文章中指出，以下两类用户将被排除在空投名单之外：

•低参与度的 Secret 提交者：仅提交了4个 Secret，且未质押任何 ETH、未获得任何 Discord 角色、未持有 Nill Pill NFT 。这意味着仅完成最低限度测试网任务而没有进一步参与的用户，即便资格查询显示“合格”，最终也拿不到空投。先给资格，最终显示0的做法真是不敢苟同。

•低参与度的晚期验证者：2024年9月14日之后才加入运行验证者节点，且未质押任何 ETH、无 Discord 角色、未持有 Nill Pill NFT 。这意味着在测试接近尾声才仓促跑节点且缺乏其他贡献的新用户，同样不会计入最终名单。

这些规则在早期并未明确公告，许多用户直到阅读CMO文章或查询最终结果才恍然大悟自己被排除在外。项目方虽然在3月11日解释了排除逻辑（为了打击女巫攻击和空投刷子） ，却无法平息因事后告知而产生的信任缺失。不少人质疑：如果团队早就决定要以如此严格的标准筛选，为何不在空投活动开始前就公开说明？许多参与者可能本可以通过追加质押、获取社区角色等方式提高贡献度，但即便如此，很多验证者参与了质押，空投也显示全部空投为 0。

5、空投分配权重保密，公布具体的权重数值或评分细节，只是“大体分享逻辑“

也就是说：社区成员只能知道有哪些维度和类别被考虑，但每项贡献具体价值几何无从得知。比如“志愿者角色”到底比“运行节点”权重高多少？“开发者贡献”比“社区活动”重要几何？这些都缺乏透明度。项目方此举可能出于防止规则被利用规避的考虑，但在结果公布后反而引发暗箱操作的猜疑，引发“老鼠仓”争议。

6、Nillion 空投过程中信息披露的滞后和不充分极大削弱了社区对项目方的信任

更严重的是，一些用户使用非官方工具或根据泄露信息提前预测分配，结果与官方发布的最终结果高度吻合。这表明项目方虽然试图让大家“不要轻信非官方消息，耐心等待正式公告” ，但自身的信息保密和沟通策略失败，反而坐实了社区此前的担忧：他们所害怕的不公正分配真的发生了。Nillion 空投过程中信息披露的滞后和不充分极大削弱了社区对项目方的信任。"
1895505772370706757,Fri Feb 28 16:06:07 +0000 2025,5.2,04_onchain_alpha_airdrops,2,0,2,0,NO,"13、TX是否会有用，交易量在撸毛中的作用，是否还有效？

丰密：
随着项目方的筛选标准和反女巫机制不断升级，这种简单粗暴的核算方法已经不再是最佳策略，现在撸毛更强调“交互质量 + 交易真实性”，
 但是，TX 和交易量需要结合“交互深度”，打个不恰当的比方，你以前去银行多几次，银行的行长都可能认识你，偶尔还能请你喝杯咖啡，现阶段是你光存款也不一定有用，你得是VIP，得是长期购买他们理财及推销的银保产品客户。

我不知道这样表达能否理解我表达的意思！"
1886989659261341952,Wed Feb 05 04:06:07 +0000 2025,6.7,04_onchain_alpha_airdrops,43,4,56,0,NO,"MegaETH 计划发行 10000 个 NFT，每个售价 1 ETH，并采用灵魂绑定（SBT）机制，意味着NFT它们无法转让。

官方直言，这些 NFT 代表着 MegaETH 网络中的所有权，实质上是直接出售代币，占据 MegaETH 网络5% 的份额。按照这一比例计算，MegaETH 自定估值为 200,000 ETH，约合 6 亿美元。

此前，Mega 在 Echo 平台上曾融资约 2000 万美元。

此外，Mega 团队表示，他们投入了大量时间思考如何让社区在游戏生态中获得真正有价值的体验。他们明确指出，传统的空投积分计划往往会带来不良激励，助长虚假行为和“耕种”现象，最终影响真正的价值创造。因此，他们选择了一种不同的策略——直接出售代币。

为什么采用灵魂绑定（SBT）机制？
Mega 团队解释称，这种方式避免了侵入性的 KYC 要求，同时有效抵御女巫攻击，并遵循严格的反洗钱程序。

作为还不是他们用户的web3用户，看到这种项目，你觉得他们还要脸吗？"
1881640027056455861,Tue Jan 21 09:48:36 +0000 2025,7.2,04_onchain_alpha_airdrops,53,15,18,0,NO,"如果地址“看起来和行为”像链上的 Sybil🧙‍♀️，那么它很可能就是 Sybil🧙‍♀️。
Linea @LineaBuild针对完成链上活动并获得 LXP 代币的用户开展 Sybil 检测，由Nansen负责操刀！

1️⃣检测结果
• 总审查地址： 1,297,203 个 EVM 地址
• 识别 Sybil 地址： 516,960 个
• Sybil 占比： 39.85%
• 剩余符合条件的地址： 780,243 个

2️⃣检测流程
初步筛选+行为分析+手动抽检
• 方法： 
• 聚类分析，通过链上行为和数据点将地址初步分
• 钱包活动模式（交易频率、时间戳等）。
• 跨链数据点（交易对手、值分布等）。
• 聚焦高相似性行为，识别自动化和协调的 Sybil 地址群体。

3️⃣Sybil 行为特征：
• 链上行为和净值分布高度相似。
• 交易模式、时间戳和对手方等特征重叠。
• 显示自动化或高度关联行为。

4️⃣如何检查您是否受到影响： 
打开：https://t.co/SIqtnY70qy 连接你的钱包 - 如果被标记为 sybil，你会看到一条通知，看看PoH 状态。

原文：https://t.co/Rd0WnYPd2R

女巫何苦难为女巫，这世界本身就是都带着面具，假装玩个游戏而已！阿西吧！"
1865799271028797678,Sun Dec 08 16:43:05 +0000 2024,3.4,04_onchain_alpha_airdrops,101,6,40,0,NO,"据传！
有人向创始人说：你们的生态有不少女巫，你们应该查女巫。
创始人：查个毛！女巫也是用户，女巫的tx也是tx，100个用户里有1个真实用户，那也是真实的！"
1701507404175966679,Tue Sep 12 08:05:52 +0000 2023,4.4,04_onchain_alpha_airdrops,70,30,8,0,NO,"Trustlabs查女巫的数据积分看板
分析链上行为，评估地址在五个维度（资金金额、活跃度、多样性、身份权益、忠诚度）的价值得分
https://t.co/PyWhwpyDNv"
1730578711945359819,Fri Dec 01 13:24:52 +0000 2023,3.8,04_onchain_alpha_airdrops,74,2,39,0,NO,STARK之前表示99%是女巫地址，这个时候公布空投，真TM有勇气，这下好了，剩余的1%也不玩了。
1623235238515339264,Wed Feb 08 08:20:13 +0000 2023,2.4,04_onchain_alpha_airdrops,10,1,16,0,NO,"🧙‍♀️女巫哪家强，无论什么姿势，你试试github。
10个9封
https://t.co/mxx89rtAeq"
1709522756465996257,Wed Oct 04 10:56:01 +0000 2023,4.4,04_onchain_alpha_airdrops,52,5,26,0,NO,"现在的项目方要么名牌Pua，要么软硬rug，要么说不干了，要么说自己技术牛逼要干翻全世界然后被盗了，还有些就满世界查女巫然后真实用户全死了只剩下女巫，
他们无情的的伤害了你，却一笑而过，这种痛苦，这种感觉像极了曾经深爱过的人在失去的那一刻的揪心，隐隐作痛，
要不要全部点名list一下：
web3渣男项目方top33榜单👇"
1630101886912335878,Mon Feb 27 07:05:50 +0000 2023,5.2,04_onchain_alpha_airdrops,89,45,24,0,NO,"zz 地址被女巫公布，那么意味着zks也直接宣判你死刑，精品ID要是在列表，前功尽弃
符合资格：https://t.co/MjtYMuJS48

女巫1（暂定）：
https://t.co/LfsxDdaRRA"
1707275317327646890,Thu Sep 28 06:05:29 +0000 2023,6.6,04_onchain_alpha_airdrops,43,41,16,0,NO,"Celestia给了亏友新的卷向，Research。
同时@wuhai69 雾海老师写的这篇文章理解深刻：
站在项目方的角度，被PUA过来的一人多号的用户本身并不具备空投运营所需要的宣传价值。只需等到合适时机，卸磨杀驴即可。因此，项目方大概率更倾向于通过规则制定将空投尽可能撒向为区块链技术或理念更新做出贡献的，以及链上活跃评级更靠前的真实用户。

也是我认为未来的方向，以规则过滤，而不是直接的女巫模型。然后串通一个第三方，转移视线，造出女巫集群。通俗的说就是：感谢参与，很遗憾，你未达标。

https://t.co/KDhrICFdAO"
1757751146054348943,Wed Feb 14 12:58:25 +0000 2024,4.4,04_onchain_alpha_airdrops,76,3,87,0,NO,"给大家总结一下。
刷stark 用braavos钱包的女巫概率远超argent钱包。
大概也就10倍的级别吧。
比如你刷100个braavos钱包大概率100个全死。哈哈哈哈哈，这是为什么呢。"
1522408511501922305,Fri May 06 02:50:48 +0000 2022,4.7,04_onchain_alpha_airdrops,16,1,17,0,NO,"最近第二个项目提到的词叫
女巫攻击， 大白话：排除空投农民，
那么问题来了，你学会如何独立精品交互了吗？
没有的话，其他协议下的还会再教育你的，
如果懂了，那么你的id可以废了"
1792407346901352861,Mon May 20 04:09:47 +0000 2024,3.4,04_onchain_alpha_airdrops,74,2,42,0,NO,女巫的TX也是TX
1694350813425197350,Wed Aug 23 14:08:08 +0000 2023,2.9,04_onchain_alpha_airdrops,45,10,33,0,NO,"听space，很多关键词，全网工作室，都在谈女巫。

都在谈女🧙‍♂️的时候，其实就是最大的女🧙‍♀️。

无需查看关联账户，只需提高门槛"
1697131994562671096,Thu Aug 31 06:19:33 +0000 2023,2.4,04_onchain_alpha_airdrops,0,0,1,0,NO,@hhcttm 这个无能为力，都被盗了，大概率资金归集成为女巫地址了。钱没了，地址没了，希望也没了。
1653726396685090817,Wed May 03 11:41:12 +0000 2023,5.6,04_onchain_alpha_airdrops,57,30,2,0,NO,"chatGPT撸猫，33DAO-Y林老师出品
看完之后，握草.
可以看见未来的撸猫模式
全部人工智能化，从选项目到提资金-交互/投票等—领空投—卖空投归集资金等任何链上行为，去除女巫行为一致性等等。
未来：按下按钮开启亏钱印钞机，无法阻挡，遇佛杀佛。就问你怕不怕"
1714503362652344683,Wed Oct 18 04:47:10 +0000 2023,2.9,04_onchain_alpha_airdrops,29,1,37,0,NO,linea是通过任务来过滤女巫
1597453121101651970,Tue Nov 29 04:51:17 +0000 2022,2.9,04_onchain_alpha_airdrops,24,2,19,0,NO,"被反撸是很正常的
被女巫是不正常的
赚不到钱是肯定的
亏钱是必然的，
上一次的上次被反撸的是sodo，
你们呢"
1758397055658303856,Fri Feb 16 07:45:02 +0000 2024,4.8,04_onchain_alpha_airdrops,54,7,10,0,NO,"Jonwu的发言很值得一读→
所以当我听到人们说哦，空投猎人是败类，电子乞丐，有权利的，他们不值得任何东西......
 （我确实从许多团队和个人那里听到了这一点）
 那么我不得不问：你认为你的用户是谁？

丰密毫不掩饰非常喜欢Aztec网络，如果可以，希望代表33dao邀请Aztec做一场华语space,让我们一起聊聊Aztec未来的规划，特别感兴趣隐私defi"
1603003766688841728,Wed Dec 14 12:27:35 +0000 2022,4.8,04_onchain_alpha_airdrops,39,14,12,0,NO,"Layerzero的估值之前好像是30亿。
33DAO在研究的时候从很多维度分析了相关情况，
聚焦的点是：STG质押+投票，采用L0技术的dapp，测试版usdc，还有跨到aptos等骚操作。

而很多人忽视了小鳄鱼，小鳄鱼跨的是另外一种资产标准，好像是1155，而layerzero主打是原生资产信息跨链，不是映射资产，"
1567055054984859649,Tue Sep 06 07:40:14 +0000 2022,3.8,04_onchain_alpha_airdrops,14,2,6,0,NO,"何必老哥
@hefeifan119 
 有点屌炸天啊，
完美上车SPACE，赚麻了，
昨天给33dao成员，每人空投一个4D.bnb
他的给粉丝也抽2个，今天多少钱了？
不得不感叹，BA真～"
1566673062959120384,Mon Sep 05 06:22:20 +0000 2022,2.8,04_onchain_alpha_airdrops,10,0,5,0,NO,"@hefeifan119 何必老哥，给33DAO成员没人来了一波空投，每人一个4D。格局瞬间提升了。这就是撸毛人的简单与快乐。
@33daoweb3"
1932079573501632747,Mon Jun 09 14:17:21 +0000 2025,3.4,04_onchain_alpha_airdrops,2,0,0,0,NO,"@zbreezea 实属不敢当这个称呼
如果说有一点小成果，更多也只是靠时间熬出来的积累。

交互、记录、复盘、调整、坚持，这些事说起来简单做起来真的挺枯燥。撸猫人都懂，只是我个人喜欢这种节奏，安静、纯粹、时不时有个反馈。"
1905155797610578187,Thu Mar 27 07:11:52 +0000 2025,2.4,04_onchain_alpha_airdrops,2,0,1,0,NO,@ZiYu0210 不劝退，就是复盘总结的项目，红色是全部命中的，白色2个是直接白给的大空投，hype没抓到。
2072466896201584766,Wed Jul 01 23:46:27 +0000 2026,3.5,04_onchain_alpha_airdrops,19,0,23,0,NO,"light最近有利好是真拉盘啊， 回购与永久销毁， 质押奖励调整，
robinhood作为上轮核心投资方，这几天的大动作里公开说其钱包集成Lighter永续合约，之前我好像记得是1100万lit给Robinhood,社区激励，
令我个人觉得新奇的方式是居然搞出类似传统上市公司的模式，搞投资者电话会议，ceo直面,做QA问答，这一点真的值得很多项目学习，"
2086659043066892627,Mon Aug 10 03:40:58 +0000 2026,3.5,04_onchain_alpha_airdrops,31,1,85,0,NO,"看了一姐这个纪录片，感觉做CEO也不轻松啊，36个小时连轴转…..

那次有幸见到一姐还被安排坐在她旁边。让我印象很深的是，一姐挺亲和的，即使忙了一整天，她说话的思路依然非常清晰，状态很稳。听她娓娓道来Binance的各个产品线，也一一回应各种问题。每条产品线在做什么、为什么做、未来往哪里走，思考点与需要改进的地方都讲得很清楚。比如币安广场，币安alpha….."
2019782436306256008,Fri Feb 06 14:37:13 +0000 2026,5.4,04_onchain_alpha_airdrops,74,3,39,0,NO,"opensea 公告发币到现在已经1整年了，
活动搞了一轮又一轮。

我想起来去年下半年见过他们的一个前员工，我问他为什么sea不赶紧发币，支支吾吾半天，我大概懂了，这是有难言之隐。

很多项目发币都面临这些问题
1、 最早归咎于合规问题
2、业务基本面不支撑，发币即祭祀
3、内部利益分配（VC、老股东、员工期权、投资并购条款里····）
4、创始人都认为自己很屌，想打磨产品，路线要么是最优，要么是没想清楚。
5、历史包袱大的吓人，空投预期太高，怎么发都得罪人，越大的项目越讲究平衡，也怕公关事故，一旦分配不符合任何一个大群体预期，舆论会很难看。

发币时机几乎成了过去几年绝大部分项目成败的关键。 
但有时候，又觉得有些项目也挺良心的，穿越牛熊，也不不发币，吃不到，也摸不着。"
1938964990171717906,Sat Jun 28 14:17:32 +0000 2025,3.4,04_onchain_alpha_airdrops,11,1,2,0,NO,"@thecryptoskanda 老师咋这通透
能说出这样的经典

韦陀：我是亲身理解了Kaito空投标准里的”价值观对齐“是什么JB玩意 —— 这逼玩意就是VC币时代的“今年过节不收礼，收礼只收脑白金”"
1867620139082166398,Fri Dec 13 17:18:34 +0000 2024,8.5,04_onchain_alpha_airdrops,32,6,20,0,NO,"‼️#币安 推出全新「币安钱包」：以「以少胜多」的核心理念重构业务线，致力于打造最大的空投平台！

“币安之前的Web3钱包做的很烂，你知道吗？”，在本次日本Binance学习营期间的一场钱包小型会议上，我直接向新任币安钱包负责人Winson @winson_bit脱口而出。

Winson坦诚地分享了他的经历：他今年上半年被币安一姐邀请加入，并接手负责钱包团队。在大量的沟通调研和团队整合后，他全面梳理了币安钱包的现状，并着手进行彻底的重构。

当晚会议围绕钱包的安全性、资产管理、资产交易、理财功能，以及用户最关注的空投机会等方面展开了深入讨论。也许人少，所以现场的反馈直击痛点，会议聊到接近凌晨1点，Winson最后肯定地表示：“我们一定会拿出让大家满意的产品。”
临走@sisibinance 说，希望大家回去多用用我们的产品，欢迎给我们吐槽及提意见！

就在刚刚，币安钱包发布了500 万美元的空投嘉年华，团队的决心与行动力值得点赞👍，大概率是币安管理层以及一姐@heyibinance已经意识到空投赛道及链上钱包入口的重要性‼️

回来后，我认真研究并体验了币安钱包的全新升级，详细探究👀其核心功能亮点以及思考🤔其未来的战略方向和重心。这次更新的核心聚焦在两个方面：「流畅性」的大幅提升和空投板块的强力整合。

1️⃣. 流畅性提升：统一钱包重塑资产管理体验

管理多链、多钱包的加密资产一直是用户的痛点，复杂的操作流程既耗时又容易出错。这次更新中，币安通过全新设计的统一钱包彻底优化了这一体验，将不同网络和钱包的资产整合到一个流畅、高效的操作界面中。

核心改进：
• 无需频繁切换钱包：用户再也不用在多个链和钱包之间反复切换，统一钱包支持直接追踪所有资产，大幅降低了操作复杂性和出错风险。
• 投资组合全景展示：在单一面板中即可全面查看分布在各钱包和链上的Web3资产。资产数据实时同步，方便用户高效追踪和分析投资组合。
• 交易流程简化：统一钱包只显示用户当前持有资金的链和钱包，移除了冗余选项。无论是代币发送还是接收，都更加直观流畅，让用户专注于重要操作。

2️⃣. 空投板块：激励生态的全新中心

空投板块是此次更新的另一个重大亮点，为用户提供了高效便捷的奖励管理工具，同时带来独家的空投机会。

亮点功能：

1. 奖励中心：
• 所有空投任务和奖励均汇集在统一的奖励中心界面。用户可以随时查看任务进度、领取奖励的状态，并对未完成的任务一目了然。
• 奖励领取流程流畅直观，不错过任何一个赚币机会，高效管理所有任务和奖励。

2. 独家空投：
• 空投板块特别推出了独家空投，聚焦于Web3潜力项目。用户可通过简单的任务，如社交互动、社区参与等，轻松获取这些项目的代币奖励。
• 此次升级更结合了空投奖励日历，帮助用户规划和把握即将上线的空投活动。

空投嘉年华：
为庆祝全新钱包升级，币安推出总价值超500万美元的空投嘉年华，将在12月10日正式上线。当前已开启的活动包括BitLayer和Orderly、Babylon等，后续将陆续解锁更多活动。。
钱包空投活动页面https://t.co/jhiRKTGeTA

我的体验感受：

在实际使用中，我发现币安钱包的升级对用户非常友好，尤其是独家活动奖励丰富，操作流程清晰。
具体来说：
• 活动丰富、奖励吸引力大：无论是新人还是老用户，都能在空投任务中找到适合自己的奖励机会。
• 任务流程引导完善：每个任务都有清晰的流程说明，任务完成状态可以及时验证，对新用户非常友好。
• Reward Center全程流畅：任务的奖励计算、管理和领取都井然有序，真正实现了“保姆级”全流程体验。

比如在参与Babylon第3期质押活动时，只需点击独家空投的对应选项，系统会自动指引完成任务的每一步，全程毫无障碍，体验非常不错。

最后提醒：
1、币安钱包的备份非常重要‼️

币安Web3钱包采用多方计算 (MPC) 技术，通过生成三个独立的密钥分片并存储在不同位置，备份非常重要，如果未妥善备份，可能将无法重新获得对钱包和资产的访问权限。
官方教程:https://t.co/lpP7Cybxng

2、币安 App 升级到最新版，中国用户遇到 Twitter 任务，要开梯子，梯子要选全局代理且建议选台湾的节点。登录币安APP，点击【钱包】，进入【Web3】，点击【创建钱包】即可开始使用币安钱包

丰密🐝说：

币安的中心化业务：凭借强大的交易所背景，长期占据加密行业的核心地位。从上币效应到财富效应，再到现货交易深度和衍生品合约业务，币安始终稳居全球榜首，其每一个动作都深刻影响着市场动态。作为币安生态的重要组成部分，Binance Labs已剥离为独立实体，管理超过100亿美元的投资资产。它投资了数百个优质项目，并持续孵化创新，为生态注入活力，已成为不可或缺的增长引擎。可以说，在中心化业务领域，币安始终保持强劲的领先地位。
然而，在去中心化领域，最近可以明显感受到BNB Chain正在重新注入更多动能因子。我认为，这是官方在主动激活BNB Chain的生态发展，同时将钱包入口的重要性提升到最高优先级。币安新推出的「币安钱包」就是一个重要信号，它补齐了币安生态中最关键的一环。

这一点尤为重要，因为有了「币安钱包」，币安正式与友商形成正面竞争。以Coinbase为例，其通过BASE链成功将投资项目纳入链上生态，并利用Coinbase钱包和AA钱包实现链下流量与链上资产的无缝连接，成为其第三大收入来源，推动正向经济飞轮加速运转。

但我认为币安能够做得更好。「币安钱包」采用MPC模式，不仅在安全性上具有突破性提升，还能吸引更多链上黏性用户，特别是在链上交易、资产管理和参与Meme类创新交易方面有巨大潜力。同时，同时又兼顾新人培养，独家推出的空投模块也非常值得期待，这将成为BNB Chain和Binance Labs生态的核心增长点。帮助与培养很多从未参与链上交互的新人，边玩边赚的模式悄然而来

····还有好多关于空投的想法💡下次说吧"
1501515794873675777,Wed Mar 09 11:10:36 +0000 2022,3.0,04_onchain_alpha_airdrops,8,0,1,0,NO,2」如果luna的价格下跌，就会陷于套利的死循环，所以项目方非常懂经济逻辑，无限增加了ust的使用场景比如curve的池子，lido等，同步了做了luna的质押等多项措施，减少了抛压，而在围绕支付chai，储蓄anc，投资mir的三项基础上上最近半年又增加了很多应用，可以说luna就是经济博弈与价值铺货的最大代币
2048743689800069315,Mon Apr 27 12:38:54 +0000 2026,3.4,04_onchain_alpha_airdrops,2,0,0,0,NO,@BroLeon @RiverdotInc 那次river积分问题确实有点太突然了，某种程度上来说也算是改了，不改的话也没有继续的那种拉盘。 Aster确实大老板拍板一次性解锁，简直格局大到不行
2038620583076983142,Mon Mar 30 14:13:17 +0000 2026,4.9,04_onchain_alpha_airdrops,32,4,11,0,NO,"Aster 官方宣布重大调整：

将生态系统排放从「每月线性解锁」改为「仅限质押奖励发放」，大幅减少每月进入流通的 $ASTER 数量。

具体变化：

原来：每月线性解锁 7840 万  $ASTER （约占最大供应量的 1%）。
现在：生态系统代币通过质押奖励释放，每周（每个 epoch）发放 45 万，相当于每月约 180 万～225 万 。

拉盘不够明显，老师们觉得还需要什么催化剂？

我想来想去，可能CZ宣布成为联席CEO是一个炸点。
链上是未来，亲自上阵，buff立马拉满"
2013643482834084047,Tue Jan 20 16:03:12 +0000 2026,2.8,04_onchain_alpha_airdrops,0,0,0,0,NO,@ximamimi 30% 在 TGE 解锁≈总量 13%，空投份额应该是在这里的
2006307756811465109,Wed Dec 31 10:13:39 +0000 2025,5.2,04_onchain_alpha_airdrops,110,19,91,0,NO,"原来我就是那6位周边福利官之一，

附图是：一块「2026 币安拼图碎片」！

想要凑齐整张拼图？需要去找剩下 5 位福利官的碎片，解锁终极奖励。

很好奇奖励是啥？

如果是我，我希望是能补足我25年的钱包亏损。 https://t.co/H52XbJTaX2"
1965708647016824953,Wed Sep 10 09:27:17 +0000 2025,4.4,04_onchain_alpha_airdrops,5,0,0,0,NO,"卧槽，这还真不懂，我专门去查了下

1、什么是 Turbo 模式？
Turbo 模式是 OneKey Pro 针对频繁进行链上交易（如转账、领取等）用户提供的加速签名流程的功能 。
启用后：OneKey Pro 在签名界面仅显示链（网络）信息，不再展示具体的交易详情，从而简化操作步骤、缩短确认时间 。

2、如何启用 Turbo 模式？

将 OneKey Pro 解锁后进入 设置页面。
点击 “钱包” 选项，找到 “Turbo 模式” 设置项进行开启（或关闭）"
1816276375004995917,Thu Jul 25 00:56:47 +0000 2024,7.6,04_onchain_alpha_airdrops,39,16,17,0,NO,"Layer3 空投🪂

检查🧐：https://t.co/l1dpe8pcv8

1、快照时间：早期用户和 S1 快照拍摄于 2024 年 5 月 10 日，S2 快照已于 7 月 22 日拍摄。

2、L3代币模型：L3 的总供应量为 3,333,333,333 枚：51% 预留给社区；25.3% 分配给核心贡献者；23.2% 分配给投资者，0.5% 分配给顾问。
TGE 时的初始空投为总供应量的 7.5%：2 亿枚 L3 (6%) 分配给早期用户和 S1 参与者，5000 万枚 (1.5%) 分配给 S2 参与者，就是核心贡献者与投资人第一年不解锁，后续4年线性解锁。

3、L3代币特点：协议治理+实用代币。
      ▪️2 个燃烧机制
     ▪️具有 3 个实用层的统一质押机制（分层质押）L3 质押通过单一质押提供 3 层实用性：
   1. 被动奖励和治理：赚取 L3 代币并进行治理。
   2. 协议实用程序：访问任务和分级奖励。
   3. 基于活动和质押的分配：通过活动、质押和锁定来倍增 L3 和奖励

4、L3融资:近期完成由 ParaFi 和 Greenfield Capital 共同领投的1500万美元的 A 轮融资，加上早期融资总筹资金额2120万美元。

5、L3协议亮点概要：

Layer3是一个代币分发协议，一个将注意力商品化的加密货币协议，正在打造一个去中心化的注意力货币化基础设施，通过用户在线身份、内容消费和货币激励层，

根据 DappRadar 数据，Layer3 用户和社交活动达到了历史新高，完成了1亿次互动，拥有430万加密用户，协议共计产生 1600 万个凭证.

技术亮点 全链身份和分发协议：汇总跨多个区块链和去中心化应用（dApps）的用户活动，生成统一的链上身份视图。 高效的代币分发机制：根据时间触发、资产所有权、链上活动、凭证、社交图谱和任务参与等标准，系统性地将代币分配给合适的用户。 

链上注意力证明协议：Layer3 通过提供广泛使用且可验证的“链上注意力证明”协议，帮助项目有效吸引和留住用户。
Layer3本次TGE，奖励给早期与忠实用户，同时代币分层质押将通过直接将活动和承诺与增强的收益挂钩来奖励长期支持者。关注 @layer3xyz 账号，获取更多资讯和未来活动！协议通过将激励措施与协议的未来结合起来，目标是建立一个持久且互利的生态系统。

#Layer3Airdrop"
1854525355119579229,Thu Nov 07 14:04:34 +0000 2024,6.3,04_onchain_alpha_airdrops,36,9,4,0,NO,"1、关于PayFi：未来PayFi存在巨大的市场空间与强需求。通过kraken-港卡-支宝收款，期间加入IBKR等各种操作，磨损均达到0.875%～1%。比如zabank/wise-zfb单次50000rmb需500港币汇率，挺贵·········人活着钱没了。

2、关于空投画像：🙋问：如果银行上市破天荒要给用户奖励一部分股票，如何兼顾公平性和激励效果以此奖励用户？
随便写写
银行需要明确这次奖励的核心目标，比如提升品牌形象、促进用户增长、还是提升现有用户忠诚度，然后根据目标优化奖励机制。同时，需要制定配套的推广计划，确保奖励的分发既能吸引用户参与，又能凸显银行上市的战略意义，同时传递一种信用背书的意图。

银行视角：

1、奖励比例：需明确奖励总量与分配比例，5% -10%还是更多？
2、目标群体：奖励是主要针对现有用户，还是同时吸引新用户？同时激励留存用户。是否希望通过奖励巩固老用户忠诚度，还是推动某些业务板块的增长（如贷款或理财）？
3、奖励形式：：一次性给还是分批线性解锁，辅助某种任务解锁等。
4、奖励标准：是否会有最低交易或资产门槛，避免奖励过于分散到小额或非活跃用户
5、奖励原则：是否可持续，兼顾公平与透明，公开奖励分配的规则和计算方式，确保用户理解并感受到公平性，多种方式组合，比如部分基于用户活跃度、部分通过抽奖、部分分配给长期高净值客户，形成多维激励体系。

关于空投画像：

·银行存在海量用户，银行依然需要不断推陈出新营销，什么是其高质量用户。

·什么客户是银行真正需要的，什么客户给银行创造价值。

1️⃣基础项

·根据用户的账户历史活跃度：根据用户的账户历史活跃度、账户年龄、交易活跃度、信用记录

·按资产规模奖励：存款规模、理财投资、贷款情况

维度：交易频率、金额、理财参与度等多个维度。

2️⃣权重项：

银行的手段千千万，核心指标是存贷比， 那根据存款的手段可以是日均存款，月末存款，理财期限，金额等，贷款种类情况

3️⃣乘数项

推荐奖励，或者曾经参与过某种特定活动，··············"
1752150573875593450,Tue Jan 30 02:03:44 +0000 2024,8.4,04_onchain_alpha_airdrops,127,57,20,0,NO,"Swell @swellnetworkio推出rswETH ✨
Swell 正式推出自己的原生 Restaking 代币 (LRT)： rswETH-无需锁定流动性即可获得无上限的质押奖励。

1、rswETH 提供对 EigenLayer Restaking 积分的无上限访问，并可自由参与 DeFi。

2、rswETH 持有者将享有：珍珠、积分和未来质押奖励 
珍珠未来兑换 SWELL 代币，而 Eigen积分则衡量对 EigenLayer 生态系统共享安全性的贡献。Eigen的空投成为最期待叙事之一。

3、解锁流动性
作为一种可获得奖励的ERC-20代币，rswETH可在DeFi中使用，同时继续累积restaking奖励。

4、零费用！
在推出后的前 30 天内，rswETH 持有者将支付零费用。

LRT 已通过领先的区块链安全公司 Sigma Prime 的审核，其开发得到了顶级 DeFi 风险管理公司 Gauntlet 和 Chaos Labs 的专业支持，并与快速发展的 EigenLayer 重定价生态系统中领先的主动验证服务（AVS）开展了合作。

低gas的时候可以先存，官网stake 获得swETH，等待2月5日存入eigen，官网restake 获得rswETH即可。

如果是stake可以提前授权：eigenlayer合约

https://t.co/UktMXZ1aqs
授权你需要存入的资产凭证合约，比如存swETH的话，就是在swETH的合约里面Approve
第一步，连钱包
第二步，选择2 Approve合约
输入参数 Spender输入：0x858646372CC42E1A627fcE94aa7A7033e7CF075A

Amount输入你的sweth数量，随便填个数字🔢
然后在小狐狸弹窗里面授权数量输入你授权的数量，你可以再改成1或者0.5这样的数额，根据实际情况定。
教程：https://t.co/F6pk03ZmNs"
2082618200555176404,Thu Jul 30 00:04:06 +0000 2026,5.4,04_onchain_alpha_airdrops,76,1,92,0,NO,"挺有意思的创新，核心是共享流动性。

理解下来就是，过去做 LP，我们需要把代币存进某一个池子，一旦放进去，这笔资金就只能服务那个市场。

1inch这个创新是连接钱包后，只需一次授权，代币依然放在自己的钱包里。当某个市场需要成交时，Aqua 才会在同一笔原子交易中调用你的资产完成撮合，成交后立即返回钱包。也就是不需要所在智能合约里，让同一笔资金可以在不同池子里干活，提升资金利用率跟减少碎片化。

老牌协议没有躺平，给他们点赞"
1881217925190930554,Mon Jan 20 05:51:19 +0000 2025,4.2,04_onchain_alpha_airdrops,213,59,11,0,NO,"写的真好啊，撸空投的伙伴也看看。

哪里有财富效应，散户就会去那里，
人在，钱在，泡沫就在，"
1792498971539390470,Mon May 20 10:13:52 +0000 2024,4.6,04_onchain_alpha_airdrops,8,0,0,0,NO,从来没有表达过不满情绪，相反每一次交互史上的大事件都是自我觉醒、自我迭代的好机会，  抱怨从来不是解决问题的方式，在推特4年，我一直在分享，谁都是多号，都是在撸空投刷交互，没啥好藏着掖着的，多号已经是公认的方式，早期我们玩defi的时候谁不是多号。我是散户，我也是女巫，关于Layer0关于女巫我一直在分享我们的观点，并做了很多次提醒，对每一个协议能做的就是真实，真实才是最好的方式。
1764297445444637130,Sun Mar 03 14:31:04 +0000 2024,6.6,04_onchain_alpha_airdrops,63,18,17,0,NO,"#OKX ∎babylon
1、@babylon_chain巴比龙测试活动结束，完成任务的人，提交了 Polygon 地址，还需要到okx mint 先锋 PASS NFT 才完成✅闭环，前10万个有效。此活动okx跟babylon的独家活动。
https://t.co/dFIA7snW36
2、okx最近更新一个实用功能，钱包有批量导入私钥功能，白名单可以批量添加，懂的都懂···

2、巴比龙家活动真卷，也部分原因是项目值得交互，但几乎是给科学家专项定制，散户参与机会真的微乎其微，水都没有，怎么可能有机会参与！"
1999497606771187783,Fri Dec 12 15:12:32 +0000 2025,6.0,04_onchain_alpha_airdrops,66,23,54,0,NO,"BNB Chain 已明确把自己定位为 “AI-First 区块链生态”，生态里已经有 50多个与 AI 生态相关的项目，涵盖数据收集、存储、标注等环节。

GAEA @aigaealabs 也选择部署在这里开发部署，看介绍是一个整合人类情绪数据的去中心化 AI 训练网络，核心方向是专门做“人类情绪数据变现”。

通过可穿戴设备，或语音、文字等方式，贡献真实的情绪与生理数据，帮助 AI 更好地理解人类情感。这些原始数据经过安全处理后，被转化为可验证、可结算的结果。

作为回报，用户获得 SOUL 积分，未来可用于兑换代币、服务或折扣。

这让我想起 a16z 投资的 Poseidon （融资 1500 万），也是通过协议化方式收集语音数据，用于下一代 AI 训练。类似的成功案例还有 Web2 估值已达 110 亿美元的 Oura 智能戒指。

Oura 通过戒指内置传感器，持续采集心率、体温、血氧、活动和睡眠数据，并在 App 中提供健康与恢复洞察，硬件负责获取数据，服务与洞察负责长期变现。

这些项目背后，都应该是看重同一个趋势，未来类似机器人这种下一代 AI 都必须持续从真实的物理世界获取高质量的人类数据，数据本身正在成为商业模式。

所以我在想，如果这种模式成立，那如果 GAEA 能围绕情绪做“持续感知 + 行动建议”，它就不只是训练 AI，而是直接变成一个有用的产品。比如通过设备发现你今天情绪低落 / 波动异常，通过 API / App自动生成一份情绪状态报告，同时给一些明确、可执行的建议会让自己心情变好，比如：
·今天别做高强度决策
·去运动跑 30 分钟
·跟某个人聊一下
·吃一顿火锅，喝杯精酿

那GAEA 如果能把情绪变成每日可追踪的状态指标，本身就有价值。"
1794598569477054855,Sun May 26 05:16:55 +0000 2024,7.2,04_onchain_alpha_airdrops,91,19,30,0,NO,"Stargate 社区已确定应向其分配 LayerZero 代币的三类类别：
桥接者60%、LP 提供商、 STG 质押者20%

桥接者60%中的 42% 分配给已桥接的用户，交易量加权为核心点。 18% 保留给嵌套 RFP 流程中的合作伙伴协议 。

20% 分配给 veSTG 持有者，将按时间加权和数量加权，并考虑（锁定金额 * 锁定时长），纳入的下限是> 20veSTG，10美金概念。⚠️此阈值会淘汰 82.3% 的对 Stargate 提案进行投票的地址。veSTG 持有者只对 Stargate 提案进行投票，而不发送 LayerZero 消息的地址应该不会被纳入 LayerZero 女巫报告流程，因此L0的女巫库一定会公开！

10% 分配给 LP 提供商流动性提供商，重点：按时间和交易量加权，且 AptosBridge 有资格获得分配。

此提案正在投票🗳️，完整提案内容如下https://t.co/aWdc39s5gj"
2008552674481107005,Tue Jan 06 14:54:09 +0000 2026,6.2,04_onchain_alpha_airdrops,79,9,44,0,NO,"Upbit 正式将 GRVT 添加到其批准的 VASP（虚拟资产服务提供商）白名单列表中。

这事 GRVT 的重要合规进展，应该就是符合反洗钱要求，有助于提升其流动性和用户信任。现在可以安全地在 Upbit 和 GRVT 之间转入/转出数字资产（存款和提款）。

有人问如何看GRVT @grvt_io，我的观点是不能看当下，要看预期。GRVT当前有2个强预期。

1、创始团队是韩国思密达
2、Upbit有可能潜在投资的可能性，中心化交易所构建链上护城河的必要性。
3、明牌发币奖励

顺带发个大使邀请链接，通过邀请的用户可额外获得30Grvt 积分（值点钱的），另外1.3 x 积分乘数，费率等级最优。
曾排名xx的链接：https://t.co/E2ka41sDDg"
1971498272129999118,Fri Sep 26 08:53:11 +0000 2025,6.3,04_onchain_alpha_airdrops,38,4,27,0,NO,"最近 Binance HODLer 空投接连推出，连续上线两个重点项目：

Mira（ $MIRA ）、Falcon Finance （ $FF ）

MIRA 总量 10 亿，币安上线时流通约 1.91 亿。HODLer 空投 2000 万（2%），另有 1000 万用于后续市场活动。

MIRA 的空投说是6%，之前能参与的就是用他们的产品聊聊天撸个积分····。

早期推文里比较看好3个项目，分别是sahara、mira、nous。mira是很多知名投资人都集中看好的项目，说明市场对其前景有很强的共识，

另外一个角度其实可以看到binance最近其实非常重视AI 相关的项目，最近在 Alpha、HODLer、Wallet Booster 等活动中，持续强调 AI 相关项目的上币和流动性支持。项目有HOLO、AIA、COAI、OG、OPEN等。

那之后的几个ai标的里还挺多，比如Nous 可能是这一波里最值得关注的核心标的，这是Paradigm亲自领投5kw，未发币的潜力项目。
另外一个是Sentient @SentientAGI"
1906640047081963694,Mon Mar 31 09:29:45 +0000 2025,4.9,04_onchain_alpha_airdrops,46,8,4,0,NO,"Astherus 更名为 Aster
没错，就是CZ最近疯狂互动的BSC生态项目

Aster主打低费率，深度流动性

1、与@APX_Finance合并，重心转向去中心化合约交易所。
2、交易模式：
Simple简单模式：一键交易，抗MEV，最高 1000 倍杠杆
Pro 专业模式：订单簿交易。
3、费用：Maker 0.01%，Taker 0.035%
4、积分计划：交易赚积分。
5、未来项目代币为 $AST ，官方意思TGE筹备中，优先打造产品。"
1516266255069904897,Tue Apr 19 04:03:40 +0000 2022,3.4,04_onchain_alpha_airdrops,6,1,0,0,NO,"#defiyield
Crescen空投本次好评，空投数量cre跟质押Atom量正相关+开根号，维护散户与巨鲸利益做了平衡，附加翻倍系数，精准有效地定位到生态活跃用户，farm池ATOM-bCRE与几个lp的函数收益分配也合理。目前apr
LUNA-bCRE   478.53% + 25.44%
ATOM-bCRE  322.43% + 25.44%
https://t.co/zF6Z0oL8nI"
1507071473986715648,Thu Mar 24 19:06:54 +0000 2022,3.8,04_onchain_alpha_airdrops,7,0,4,0,NO,"交互不要求多，我想吐槽，希望你听不进去。
我看到很多人问教程，我又不是客服，又不是大佬，我还是亏钱的老韭菜。哪有时间哪有资格教呐。
看到很多人追求多账户搬运，省省心呐，天真的以为交互一次就给air，哪有那么容易撸啊，世界是残酷的，都tm想挣钱，项目方随便给了大空投是需要真金白银买回你"
1504262080786214913,Thu Mar 17 01:03:22 +0000 2022,3.4,04_onchain_alpha_airdrops,7,0,0,0,NO,crypto是个什么神仙地方，哈哈，对于ape的价格曲线，我预估是上线爆啦一波流，随着claim空投的代币越多然后抛物线下滑，品牌方+kol乃文，韭菜买入在继续迅速上升，然后的然后，就没有然后了，没有币让我意淫一下
1483268829518364673,Tue Jan 18 02:43:41 +0000 2022,4.6,04_onchain_alpha_airdrops,5,0,0,0,NO,1-18:作为18年就开始投atom，质押staing的韭菜，凌晨领取了10个账号的stars，不得不说这个stars给的空投还是很给力的。貌似是个nft市场，但是我在cosmos的生态的策略是，持有atom与osmo并且质押，在swap添加lp。空投的代币基本全卖掉，如果后期跌幅很大，在买回同样数量的代币，回归市场。 https://t.co/vn955BmB3K
1767787993933476188,Wed Mar 13 05:41:16 +0000 2024,3.9,04_onchain_alpha_airdrops,32,1,7,0,NO,"陈剑老师，改变别人与教别人都是需要时间，坚持自己，无论对错，这种过程才是一个完美的自我迭代周期。

我是撸毛人，我也是丐帮成员，我也是女巫代表，但是还是如此，女巫的TX也是TX，这本质上就是一场共赢的游戏，需要你理解很多新人，以及很多亏掉很多gas被干掉的人。

有些言论肯定是不合适的，你是做投研的专家，不了解是正常的。你给很多伙伴分享专业干货帮助了很多人，这就是价值。加油。"
1641010366460342272,Wed Mar 29 09:32:14 +0000 2023,2.4,04_onchain_alpha_airdrops,0,0,0,0,NO,@CryptoTutan 多去看看其他大佬们的教程啊，已经没啥干货了，亏没了。另外社区委托全广告？麻烦你在去看看啥是交互
1534821653590716418,Thu Jun 09 08:56:12 +0000 2022,4.4,04_onchain_alpha_airdrops,44,29,3,0,NO,"@gm365，又一篇力作，web3的有力干货build。通过dune真的能分析出哪些项目的真实数据，我基本看任何一个协议都会上去扫一扫。最好是能交互到整个项目的千分之1到万分之一。
@aztecnetwork Aztec于由Paradigm领投的1700万美元A轮融资，今天上主网，隐私协议。"
2097241594919596195,Tue Sep 08 08:32:15 +0000 2026,4.8,04_onchain_alpha_airdrops,92,9,42,0,NO,"这老哥牛逼啊，第一时间看懂了这个，实操了3wu，
属于第一个打款的人，相当于他花了3wu mint了bnc，刚好这部分股票已经属于4meme提前铸造了的。然后按照时间顺序打回给他，3万u扣除手续费后打回对应的bnc股票，链上卖出赚了20w https://t.co/0UEXgxVvia"
2089322277020279288,Mon Aug 17 12:03:43 +0000 2026,4.3,04_onchain_alpha_airdrops,45,1,30,0,NO,"盘主韦陀老师的项目上线了。大家还在沉浸于他的「三盘理论」，结果这次直接把理论变成了实践，一个字「庄」就说清楚了项目是干啥的了，期待项目顺利，也期待看到更多链上实验和落地。
看了下预存款，是未来台子的LP资金，存90天，享10x积分，lp是可以获得未来盘子里的lp真实收益。
https://t.co/NBrrGbHw3Y（高清无码）"
1881330970441445568,Mon Jan 20 13:20:31 +0000 2025,5.4,04_onchain_alpha_airdrops,13,1,2,0,NO,"以下是 Nillion NIL 空投要点的总结：

Nillion NIL 空投要点
1.空投背景
•NIL 空投是 Nillion 进入第三阶段并推出 Alpha Mainnet 的重要举措。
•此空投旨在奖励社区成员和早期支持者，并作为 2024 年社区轮次 的补充计划。
2.空投规模
•总计 7,500 万枚 NIL 代币（占总供应量的 7.5%）分配给 Nillion 的社区成员和早期贡献者。
3.分配对象
•验证者计划参与者（Verifier Program Participants）：
•运行验证器超过 1 周的活跃用户将获得奖励。
•验证者计划证明了由社区推动的隐私技术的可能性，Nillion 社区在其中发挥了重要作用。
•社区贡献者（Community Efforts）：
•包括支持推广、宣传和其他为项目做出贡献的用户。
•开发者（Developers）：
•对技术生态进行建设和创新的开发人员团队。"
1531999334228987904,Wed Jun 01 14:01:19 +0000 2022,3.5,04_onchain_alpha_airdrops,32,7,4,0,NO,早上看到@foresightnews 推送的utopia的融资新闻，发现dao相关的很多项目都拿到大融资，感觉未来资产管理会结合web3的优势创造一些非常棒的产品，顺道把自己之前总结的dao相关的项目在扫了一遍，手上的多签钱包倒入到一些协议里，隐约感觉有些新的一套玩法，结合op的10笔多签，顺道取名创立了一批dao
1522091615132987392,Thu May 05 05:51:34 +0000 2022,4.2,04_onchain_alpha_airdrops,167,87,19,0,NO,"我们中国人都应该有个美好的未来。
maybe-air-丰密个人交互部分文档-随意版part- (1)

https://t.co/PFgn92bLjI"
1964372830352814339,Sat Sep 06 16:59:13 +0000 2025,6.7,04_onchain_alpha_airdrops,1140,221,85,0,NO,"普通人唯一的出路
没找到出处标注，
反正我认为写的真好

当下，普通人比较好的出路，就是进入 Web3 ，在这个新兴世界里，找到并深耕自己最擅长的那个点。

进窄门，走远路，耕瘦田。

如果选择的是撸空投，那最好的时间，永远是  当下！ https://t.co/epSDkel5VJ"
1575886472925716491,Fri Sep 30 16:33:08 +0000 2022,2.5,04_onchain_alpha_airdrops,36,1,13,0,NO,"国庆给个建议
没啥叼事就好好呆在家撸毛吧，毕竟7天后，又一堆任务玩不成了，亏钱还是得靠自己"
1528773504635572224,Mon May 23 16:23:01 +0000 2022,4.4,04_onchain_alpha_airdrops,63,30,8,0,NO,"最近由于某些叼毛事件愈演愈烈，导致多账户交互的都在追用隐私，umbra很多教程写起来了，挺好的。
1.但不少人都没怎么理解umbra的原理，看过一些人的教程太单一了，肯定没好好实操。
2.不是专业撸毛的，还是做几个精品就可以了，少即是多，色即是空。
3.账号防关联的方法多，太卷还是自悟吧。"
1639458466443198466,Sat Mar 25 02:45:32 +0000 2023,5.2,04_onchain_alpha_airdrops,91,21,29,0,NO,"关于lens，在未完全开放之前当成Defi里的基础资产来看，maybe早期生态协议都会给予福利，期待能有爆品

撸空投现在很火，各种教程都很哇塞，但唯独部分缺少对项目的坚持与正确理解，同时人生观与格局也有影响，我一直认为要与优秀者同行也让自己更优秀，

亏钱常态，大道至简
https://t.co/VPwBY3jop9 https://t.co/iGxWunXXMP"
1645472612838154244,Mon Apr 10 17:03:36 +0000 2023,6.0,04_onchain_alpha_airdrops,241,70,28,0,NO,"大家都在卷L0
简单说丰密交互思路
一肉多吃的最高级选项。
比如arb没发空投的时候
1.复杂加x法：先主网跨一笔e. av借一笔uc在stg提供流动性，池子/质押，一周后取，在授权金库质押stg .随便做做25笔tx，几千美金ARB到手。
1美金的小鳄鱼买买，跨。
投票
别人卷的时候，你躺平。
思路与理念比教程重要"
1566389859383914497,Sun Sep 04 11:36:59 +0000 2022,4.8,04_onchain_alpha_airdrops,53,28,5,0,NO,"看到这个小伙伴的mirror，很赞。我简单说
1：Safe钱包在defi+web3的重要性不言而喻，丰密很不喜欢些教程，教程+策略都在脑子里，时间太紧张。safe的教程只是很少的时间随便弄点，很多人吃到肉，无心插柳。
2：safe+相关的衍生周边项目，我都有具体的推特写明，一鱼多吃顺带交互未发币的协议一直是重，"
1886644992548200465,Tue Feb 04 05:16:33 +0000 2025,7.6,04_onchain_alpha_airdrops,58,31,12,0,NO,"BSC链defillama排名第9的未发币项目：Astherus @AstherusHub 
未来代币： $ASS
Astherus 生态正在快速发展，TVL目前 2 亿美金，随着稳定币 USDF 和 DeFi 质押产品 asUSDF 的增长，该项目有望成为 BSC 生态的核心 DeFi 基础设施之一。
目前参与协议获取未来空投的角度：铸币赚取 Au积分+交易赚取 Rh积分

USDF：创新型稳定币，由加密资产和相应的空头期货头寸支持
•兑换方式：USDT ↔ USDF 完全 1:1 兑换，无需铸币费
•赎回费用：0.1%。
•奖励机制：铸造 USDF 可获得 Au 积分，持有 Au 积分未来可获得 $ASS 代币空投。
•     铸造 USDF： Astherus 官方入口https://t.co/q5Vinvy2bo
🛠 方法： 在 BSC链上存入 USDT，点击 [铸造] 按钮即可完成铸造。
•生态稳定币USDF：目前合约里有6800 万美金，BSCScan合约地址👀https://t.co/6aeqmIJ0YI

asUSDF：质押 USDF，享受高收益 DeFi 策略
USDF 还可进一步质押生成 asUSDF，协议通过自动中性套利策略 + RWA（现实世界资产）+ 链上投资组合，实现更高的资本效率。

•目前年化收益（APY）： 15%
•       目前TVL 2600万美金
•收益结构：
1️⃣ 自动套利策略收益（APY 反映在 asUSDF 净值中）
2️⃣ 资金利率收益（体现在 asUSDF 资产净值）
3️⃣ 10 倍 Au 积分奖励乘数（未来空投收益）
质押与赎回资产入口：https://t.co/3r73V0xltA
教程：https://t.co/874W7lxDQX"
1643925258582528005,Thu Apr 06 10:34:58 +0000 2023,3.8,04_onchain_alpha_airdrops,185,95,12,0,NO,"亏友们要没什么事，可以去卷@fuel_network，
教程太多了。第三个公共测试网“Beta-3”
https://t.co/dq3lYhRDZa"
1791651899441397891,Sat May 18 02:07:54 +0000 2024,8.4,04_onchain_alpha_airdrops,211,76,23,0,NO,"看完L0的合作方分析女巫的方法论：
一句话概括：资金从哪来，到哪去，是否异常，
要点：
1、分析资金来源
2、检测资金异常情况
3、行为模式/聚类的相似性向量
4、行为模式扩展
5、 Sybil 分类器 达标即女巫

👇主要依靠资金来源分析启发式方法

2/ 分析原则

- 真实用户不应受到伤害；我们的目标是最大限度地提高精确度而不是召回率
- 我们的目标是专注于工业化农民，主要依靠资金来源分析启发式方法

3/总用户数：482万
用户链排列总数：3155 万
LZ 唯一用户资助者总数：218 万
机密 Sybil 用户：~14.5%

注意：此中期分析仅包括 EVM 链。
@Aptos
将在未来几周内单独进行分析

4/ 检测资金来源

- 确定用户资金来源，重点关注 CEX/DEX 和桥梁（超过 50% 的资助者）。
- 将每个账户的第一个原生代币转移标记为资金交易。
- 在 24 小时内追踪 LZ 用户资金交易并聚类已知实体

5/ 初始实体识别

目标：识别当天由 CEX/DEX 或桥梁资助的用户。

标准：选择在 24 小时内从相同来源收到资金的用户。

示例：FTX 在 24 小时内资助 200 名 LZ 用户

6/ 检测资金异常

筛选条件：
- 大规模融资：在同一 24 小时内有超过 X 个钱包获得融资。
- 相同资金来源：来自同一来源的交易
- 行为相似性：交易中具有相似模式的用户

7/ 行为模式/聚类的相似性向量

- 资金金额：每个钱包的首次资金金额（以原生代币计）。
- 发往 LayerZero 的交易数量：与发往 LayerZero 协议的交易数量相当。

8/ 行为模式继续..

- 总交易次数：每个钱包在 LayerZero 内部和外部进行的交易总数。
- OAPP（链上应用程序）的数量：与类似数量的去中心化应用程序或协议进行交互。

9/ 行为模式续...

- 链数：跨相同或相似区块链网络的活动。
- 平均 LayerZero 交易量：与 LayerZero 每次互动的典型交易量。

注意：非详尽的功能列表^^

10/ 进一步严格集群识别

选择标准：对于来自 CEX、DEX 或桥梁的每个异常融资事件，识别并选择三个最重要的集群。

示例：24 小时时间范围内，FTX 资助了 100 多个 LZ 用户集群。

11/ 相同资金来源 Sybil 分类器 - 浓度要求

浓度要求

Silhouette 分数：通过仅包含 Silhouette 分数 > 0.7 的样本来确保较高的聚类有效性

12/ Sybil 分类器

Silhouette 分数衡量一个对象与其自身聚类相比与其他聚类的相似程度，值越接近 1，表示聚类定义越好。

13/ 相同资金来源 Sybil 分类器 - 大小要求

簇大小标准：如果满足两个条件，则将簇分类为“Sybil”

14/ 集群要求

相对规模：该集群的规模明显大于同一资助期内产生的其他集群的规模。

阈值大小：集群超过了 N 个用户的最小大小阈值。

15/ Sybil 集群示例 1：以太坊上的资金来源
@FTX_Official

集群 0 中的用户在 15 小时内获得资助，拥有相同的资助金额，并发送了相同价值的 LZ 交易。

16/ 示例 1：资金来源 FTX ^

所有用户的入金均少于 10 美元；在 LayerZero 上发送的平均价值少于 1K 美元。

17/ Sybil 集群示例 2：资金来源
@kucoincom对@avax
用户在 15 小时内获得资金，拥有相同的资金金额，发送相同价值的 LZ 交易，并与正好 9 个 OAPPS 进行交互。

18/ Sybil 集群示例 2 续^^

所有用户的入金均少于 10 美元；在 LayerZero 上发送的平均价值少于 1K 美元。

19/ 初步结果

初始标记：约有 200 万用户最初被标记为 Sybil，占 LayerZero 独特用户的约 41%。

顶级集群分析：对每个资助期的前 3 个集群进行筛选，产生 120 万 Sybil 用户。

20/ 最终结果

最终过滤：为了遵守精确度高于召回率的原则，我们根据资金金额和交易量应用了额外的过滤器。

结果：将列表细化为 704,041 名用户，约占 LayerZero 独立用户的 14%。

22/ Sybil 检测、用户分析和聚类对于推动合理的风险管理、优化和激励行为至关重要。

我们将在未来几周发布一份联合报告，详细解释我们的方法和发现。"
1852311995556716603,Fri Nov 01 11:29:28 +0000 2024,5.9,04_onchain_alpha_airdrops,32,8,10,0,NO,"明牌激励
1、IoTeX 和 OKX @okxweb3 合作发起的 Super Season 活动，也叫山羊GOATs第 2 季，史上最大规模的 DePIN 激励活动，活动奖励投入了1亿枚 $IOTX (约420万美金)将用于激励积极参与建设IoTeX生态的用户。

2、注：OKX钱包@okxweb3用户探索不同的 DApp 和协议，可额外获得20%积分奖励。活动时间：三个月。

3、参与网址：https://t.co/dQR8zU2bdg或https://t.co/iA9qqWhZcg
详细教程（官方）：https://t.co/FDFjJV62Dc
任务大部分是跨资产，DeFi （swap+lp）和 DePIN 项目

4、分配规则：
·总奖励池为 1 亿 IOTX，其中一部分直接用于 LP 挖矿奖励。
·剩余奖励将根据BinoBits分配：
BinoBits 排名前 40% 的用户将分享 $IOTX 总奖池的一半，按其在 BinoBits 中的份额按比例分配。
剩余 60% 的人将分享另一半，并在剩余 60% 的范围内按其 BinoBits 份额按比例分配。

5、IOTX是一个专注于物联网（IoT）设备的去中心化区块链平台，旨在确保设备之间的隐私性、可扩展性和安全交互。 IOTX 是 IoTeX 网络的原生代币，主要用于支付交易费用、参与网络治理和质押等功能。价格：约 0.0401 美元，流通市值：约4亿美元."
1698590696096305178,Mon Sep 04 06:55:54 +0000 2023,4.8,04_onchain_alpha_airdrops,68,64,12,0,NO,"这100%发币的项目
zkLink 夏季巡演（应该直接取名：zk奥德赛）
通过在 5 周内完成多个链和汇总任务来赚取积分并赢得奖品。奖励积分可用于获得更高的未来奖励！
👇内带教程
https://t.co/gVemtdRLKt
领取积分：
https://t.co/iBvFPL3KAK"
1695338708961284426,Sat Aug 26 07:33:40 +0000 2023,5.2,04_onchain_alpha_airdrops,85,81,3,0,NO,"早期项目 @doubler_pro  测试网上线，一个利用马丁格尔交易策略的defi投资协议。官方明牌奖励测试币未来1:1兑换代币。官方介绍：https://t.co/RQQDoAAkMC    

测试网只需测试币，若有兴趣务必用新钱包谨慎参与。
九九写了教程：
https://t.co/OTFM4KlGuB"
1905553095389839637,Fri Mar 28 09:30:36 +0000 2025,4.8,04_onchain_alpha_airdrops,58,2,17,0,NO,"我是很多生态、很多项目的忠实用户，这也是过往拿到非常非常多空投的唯一路径。

我从没有觉得撸毛有多low，有多难，多复杂，在这些年的参与过程，我一直都是秉持重仓，聚焦，专注。成为忠实用户，重度用户，权重用户…….
没有那么多五花八门，没有那么多姿势万千，

发声不是为了维权，更多是分享过往所有的经历，感悟，经验，策略，一个真实的用户视角，真诚的反馈与表达自己真实的感受。"
1804523741613044002,Sat Jun 22 14:36:01 +0000 2024,4.8,04_onchain_alpha_airdrops,353,52,72,0,NO,"都在FUD撸毛的时候，记得偷偷加点号
否定一个人，一件事没有任何意义，
毕竟，
下一次大毛的时候，无数人拍大腿
别说撸毛太苦，试试肝到感动自己，
也许，
那是你看世界的路"
1642491704061362182,Sun Apr 02 11:38:32 +0000 2023,6.7,04_onchain_alpha_airdrops,295,228,368,0,NO,"丰密亏钱赠送私钥社会实验🧪分配第一轮AirDrop：
1、经过与4位早期中奖者沟通，提出此分配方案。
2、中奖者的格局非常高，认为此次中奖的金额对他们影响不大，相反得到的丰密交互理念远高于此，🫡
3、捐赠33%，以丰密个人名义-捐款
4、7%赠送回馈亏友 33ARB/1亏友此推送

一键三连（抽奖工具要求） https://t.co/0EAoQbrcWg"
1562642351218393089,Thu Aug 25 03:25:43 +0000 2022,5.2,04_onchain_alpha_airdrops,110,46,50,0,NO,"5个Awards 奖励的账号交互情况
1····还在交互+定期主网交互
2····所有看好的E主网协议全部交互
3····跨度较长，不定期更新进度
4····分配给留言转推点赞的2～3个
5····支持过partybid-kuiclub的2～3个。

今天交互🐰+gno+········
DO！"
1558010441833807872,Fri Aug 12 08:40:10 +0000 2022,4.2,04_onchain_alpha_airdrops,30,13,6,0,NO,"一个推油给我的他内容
如果你能看懂相关内容
有类似这样的交互问题，
我也可以给你答疑解惑 https://t.co/NDdfYPKEMu"
1800557386782097830,Tue Jun 11 15:55:08 +0000 2024,5.2,04_onchain_alpha_airdrops,264,20,145,0,NO,"zk的如果把69.6w地址空投增加到169.6w，同步把前面的精品地址空投数量减少20%弥补到这100w地址，基本就皆大欢喜。
170w地址有空投，更具社区化，更去中心"
1822198001248370959,Sat Aug 10 09:07:12 +0000 2024,4.8,04_onchain_alpha_airdrops,216,15,58,0,NO,"不要跟你身边的人说你在参与crypto，如果你亏钱了，他会拿你当案例跟别人说他有个煞笔朋友亏成狗了……
如果你暴富了，很可能会问你借钱，顺带跟别人说你是干传销的！迟早……

不跟别人说你在crypto里撸毛的，大概率有些人从骨子里是看不懂且看不起你的。"
1758623181672534080,Fri Feb 16 22:43:34 +0000 2024,6.2,04_onchain_alpha_airdrops,239,97,28,0,NO,"Zora很牛逼的，说真的现在关注的人越来越少，但是技术与基建能力一流，uniswap要上zora,对生态发展非常有利。我之前写了很多关于他zora的观点，私下很多亏友问过我，随便说下我不成熟的观点→
1、融资6000万，没发币，升级独立链网络，叙事比之前单协议强10倍，基建能力技术能力一流，得到大部分牛逼项目的认可，看联合合作就能知晓，比如最近的ARB ,
2、营销做的一般，老是发球，虽然开通了裂变营销邀请，0.000777 的收费挺鸡肋。
3、要撸，球就是nft，权益证明，交互姿势简单→mint官方nft每一次球，桥接资产，zora网络部署nft，活跃。姿势越简单越被人看不起，越是球可能真不能算球！
大腿总是要被人拍才是拍大腿！"
1573162054491701248,Fri Sep 23 04:07:16 +0000 2022,3.5,04_onchain_alpha_airdrops,21,1,18,0,NO,"4点起来捐款g15，顺手扫了一些猪🐷，眯了一会，15倍了。
册那，第一次出手。
昨晚去讲space走神了，因为在抢猪porkers，全部号手动排队到2000名以内都没抢到。这几天听说要杀猪，真尼玛比撸毛好玩"
1539871111852474368,Thu Jun 23 07:20:57 +0000 2022,6.6,04_onchain_alpha_airdrops,110,83,21,0,NO,"关于imToken钱包一肉多吃
在 imT 上使用并完成Arb 奥德赛活动，可以顺带多撸一套特殊 NFT。
银河：https://t.co/DGQHGSXF2U
官方：https://t.co/tGEqmXmzWM

我是imt的冷钱包用户，defi挖矿最早的笨办法是一个钱包对应一个蓝筹矿，虽然都亏完了，但真没被盗过，受益imt，此推致敬🫡@imTokenOfficial https://t.co/KsK8ZQorOR"
1760126150083571908,Wed Feb 21 02:15:50 +0000 2024,7.0,04_onchain_alpha_airdrops,135,71,33,0,NO,"STRK 领取及委托，
cliam 👉https://t.co/bXlqBFFlc5
领取中-会提示你是否委托，给自己还是其他地址，可以委托给 丰密，委托地址填写：kuiqian.eth

如果已经领取，可以去管理界面： https://t.co/2PNmgl8zuQ 
搜索丰密 /kuiqian.eth  2者确认即可。

或者直接进入：点击委托Delegate
https://t.co/A51RNd0gwS

按照惯例，未来还会有针对质押用户及活跃用户的空投，strk可以做gas费。

投票治理是非常关键的且深度参与项目的一种方式，当量大占据一定份额中，亦是表达态度的一种方式。丰密会一直深根多个项目的投票治理。

欢迎打赏strk：
0x034D179736C1f7151C301926BD5C63A253E7c9955fF7DdFb37206d0f8e6D9896"
1643273604992475141,Tue Apr 04 15:25:32 +0000 2023,4.8,04_onchain_alpha_airdrops,211,52,33,0,NO,"刷L0的可能都要发财了，就是交通规则不好说。
核心权重丰密估计就是STG+STG LP+跨链多链次数金额+嵌入DAPP。
我一直说的大项目很多时候公布大融资之后就会从when👉How。⚡️

可能是个巨大的⚡️"
1780786200196079776,Thu Apr 18 02:31:30 +0000 2024,5.8,04_onchain_alpha_airdrops,114,67,54,0,NO,"Linea surge真会玩
查看👀钱包的 Linea XP 余额、POH 状态以及 MetaMask 内的当前激活！
链接钱包https://t.co/SisLeBUtOl

🏁激活您的钱包并开始收集LXP-L 积分，您必须提供推荐代码。必须使用 
激活推荐码：YymOpLLUTN
https://t.co/9K9HUxjMQ4

👆加入KuiGas大集群
这套邀请机制的玩法有点耐人寻味，理论上邀请就形成无数个小集群，数据样本从面到点，官方可以委托第三方追踪链上数据，关门杀巫。
所以这个邀请本不想发也的发了，就为了制造足够大的集群，以巫制巫，希望多此一举。

另外LXP-L是自动化的，但是LXP与LXP-L的关系，官方的话，我的理解官方的意思是动态平衡，人话意思是：我的地盘我说了算！"
1645022717782134790,Sun Apr 09 11:15:53 +0000 2023,4.8,04_onchain_alpha_airdrops,122,21,149,0,NO,"被盗损失一辆保时捷
测试钱包放了一大笔资产，忘了提现，亏钱成煞笔。
ETH/ARB/OP/Matic/FTM/BSC 归0️
所有链资产被黑客💎结构归集

好惨啊，再也不撸毛叻。你们卷吧。 https://t.co/4nKCP3YAeQ"
1447984451867262980,Tue Oct 12 17:56:10 +0000 2021,2.0,04_onchain_alpha_airdrops,0,0,1,0,NO,spell —MIM，多链时代，跨链稳定币+defi借贷。模式设计太棒了
1463145062456389632,Tue Nov 23 13:59:01 +0000 2021,2.0,04_onchain_alpha_airdrops,1,0,0,0,NO,@jesse_mazexiang 提示几分钟就能返还，怎么转账后一直没有到账，用了nomi与yori钱包
1463145048753672199,Tue Nov 23 13:58:58 +0000 2021,2.0,04_onchain_alpha_airdrops,0,0,0,0,NO,@jesse_mazexiang 提示几分钟就能返还，怎么转账后一直没有到账，用了nomi与yori钱包
1466615729101418497,Fri Dec 03 03:50:12 +0000 2021,3.4,04_onchain_alpha_airdrops,1,1,0,0,NO,"Cosmos大生态的资产整理了一下

一个【专精特新】链的投资组合
DeFi链 Crypto $CRO
DEX链 Osmosis $OSMO
隐私链 Secret $SCRT
隐私链DEX $SEFI
DEX链 Sifchan $ROWAN
云计算链 Akash $ATK
安全链 Certik $CTK
VPN链 $DVPN
节点里质押. 主动锁仓.等各个空投"
1486744875424890882,Thu Jan 27 16:56:15 +0000 2022,3.8,04_onchain_alpha_airdrops,4,7,2,0,NO,"答应我：买#icp进icu
然后点https://t.co/SeoJXlb3lQ，一半仓换#xtc，然后与icp组lp提供流动性。病历单明码写着（虽然医生的字则几把丑）：
1：icp低于20了，他爷爷22年要搞事.
2：sonic是dfinity的第一个dex。
3；她妈的要空投了。空投你懂吗？
4：答应我10个账号答应我看懂了别传销
#ICP"
1485507822049959938,Mon Jan 24 07:00:38 +0000 2022,4.6,04_onchain_alpha_airdrops,1,0,1,0,NO,https://t.co/Y2UZR82UzL 2022年跨链成为刚需，比如卖掉bnb买luna或者atom，可以直接在rango上交易。rango根据交易量情况给予50万数量的空投。交易即挖矿。不要刻意去刷刚好有需求可以交互下。白嫖点击上方链接自动跳转https://t.co/BqP0DedkHo https://t.co/t5WH1QUd0W
1493553153958027266,Tue Feb 15 11:49:55 +0000 2022,3.4,04_onchain_alpha_airdrops,8,5,1,0,NO,"cosmos生态-starname域名注册

域名有两档，premium和basic，都挺便宜的，前一个70 IOV，后一个1.4 IOV，IOV目前0.06刀一个，去osmo买来提到starname这条链上。

注册一下，博个其他项目给starname的空投，"
1493539240403034114,Tue Feb 15 10:54:38 +0000 2022,2.4,04_onchain_alpha_airdrops,0,0,1,0,NO,@zhaoyanfei03 @1pay_eth 好几年前玩staking的时候质押过atom  在web3的世界真是每一笔交互都有可能在未来的某个时段给予福报，
1493110465039196162,Mon Feb 14 06:30:50 +0000 2022,4.2,04_onchain_alpha_airdrops,5,1,0,0,NO,"【3】签到：每天用#coingecko所以每天签到上瘾，积分可以换他的书，也可以购买高级会员有nft。
【4】说说发币的可能性：流量+行情+数据+nft+交易+广告，一旦发币空投给谁呢？
【5】空不空投没关系，关键好用而且必须用，另外多学习多理解项目而不是简单的fomo https://t.co/Ju3VqBRByB"
1492071948184010753,Fri Feb 11 09:44:08 +0000 2022,4.6,04_onchain_alpha_airdrops,3,2,1,0,NO,"6）最好这样：纯手动，5次以上，每月保持1次以上。100～-1000刀以上，每次金额不要一样，总金额最好大于10000刀+，交互的链最好大于3。多账号，多ip。
多勤奋，不要care手续费，多试着理解项目，不要为了空投而空投。dyor。更多实际交互情况建议关注丰密@duokongcrypto https://t.co/szUNUtIYhT"
1492071941192110082,Fri Feb 11 09:44:06 +0000 2022,4.2,04_onchain_alpha_airdrops,0,0,1,0,NO,"推出让solana生态与luna生态的资金引入也起到了很大的助力。
（4）2个前10生态的桥未来赚钱能力，w桥被黑加快了推出token的进程。
（5）利益相关：这两桥去年推出我就交互了很多次且id大于100，一是defi玩家经常要跨链找矿，二是好用交互博空投，没转一次算交互。尽量每个月都有交互。还不晚。"
1492071936825827329,Fri Feb 11 09:44:05 +0000 2022,5.2,04_onchain_alpha_airdrops,39,17,5,0,NO,"未来空投看好的10✖️10 代码2：wormhole虫洞桥
1：继1-27发布的connect的桥https://t.co/3FTW595N9Z建议至少交互10次10账号
2：虫洞协议：https://t.co/SqrDMqCxaR的桥
https://t.co/9TxLXq1POr
为什么：
（1）未来是多链时代，跨链是刚需，好用且背景强大的桥估值高，给用户空投的机会很大。"
1492029104995979265,Fri Feb 11 06:53:53 +0000 2022,4.2,04_onchain_alpha_airdrops,1,0,0,0,NO,"Zapper - s2 （Zapeus/Zappy）的这两个最顶级的nft我没有抵抗力。我还没出手，但这像想一个日思夜想的女人一样，为了追去他，愿意一直关注他，像极了爱情。哈哈。
ps：两个顶级nft持有人很少，能铸造的应该也不多。Zapper平台的作用不用多说，但一直不空投吊足了胃口也伤透了人心。
#Zapper https://t.co/UPZs2Ezynh"
1491996750885781506,Fri Feb 11 04:45:20 +0000 2022,3.8,04_onchain_alpha_airdrops,1,0,1,0,NO,"2》部分NFT持有者可获得公售优先队列，
其中重点交互拿到的nft Galaxy Girl NFT与cow牛仔应该权重占比高，列表中的coinlist优先队列独立地址一共12391个，gal公开价1.5，如果二级涨10倍。如果开盘15U，空投价值5000U （每个nft权重不一样所以不具备参考）。
关注我@duokongcrypto  2022猜谜更多10✖️10"
1491994485227593737,Fri Feb 11 04:36:19 +0000 2022,3.4,04_onchain_alpha_airdrops,1,1,1,0,NO,"大空投Airdrop来了：Project Galaxy  - GAL 空投2%（400W个）。
持有NFT的人，可以获得CL优先队列，同时可能可以获得一定空投。

CoinList 的公开发售将于 2022 年 2 月 17 日进行，总共 1000 万 GAL 将通过 CoinList 分发。

查看符合条件的地址列表 — https://t.co/i5ajv5oo8j"
1491338501656555525,Wed Feb 09 09:09:41 +0000 2022,2.4,04_onchain_alpha_airdrops,0,0,4,0,NO,最早可以看我的推有多奶@rss3_。终于要来了。深度交互者的福报。lbp在多囤点
1491338262161805312,Wed Feb 09 09:08:44 +0000 2022,2.4,04_onchain_alpha_airdrops,1,0,0,0,NO,重点交互的项目，感觉福报要来了
1497181004649271297,Fri Feb 25 12:05:42 +0000 2022,2.4,04_onchain_alpha_airdrops,0,0,0,0,NO,@goodvcc 以此纪念从第一期活动开始的日子，曾经天天交互的煞笔执念，哈哈。
1496467069872873477,Wed Feb 23 12:48:47 +0000 2022,3.8,04_onchain_alpha_airdrops,4,1,4,0,NO,"zkSync
丰密长期跟踪未来token可以allin的项目之一。交互基本限定于gt捐款+转帐+zz交易，最近可以加速几个支持的跨链桥，准备在g13来临之际，把我的130个账户全部每周刷一次。不能太多了。"
1495682769476800512,Mon Feb 21 08:52:15 +0000 2022,4.4,04_onchain_alpha_airdrops,7,4,2,0,NO,"Defi -airdrop 👩‍🌾 的练习跨栏的一天
CMC, Metamask, zapper, xpollinate,uni,slingshot,hop,orbiter,zkSync,zigzag.

1. CMC领GEM. CG领Candies
2. Metamask 钱包swap USDC&lt;→BNB
3. zapper BNB&lt;→USDC.
4. portalbridge跨链从BSC&lt;→sol &lt;→avalanche,中间在jup吃个swap
5. li：跨链从avax&lt;→ftm"
1494946243151163392,Sat Feb 19 08:05:33 +0000 2022,4.6,04_onchain_alpha_airdrops,1,1,2,0,NO,"空投交互：
Consitution DAO 这样的实验证明了去中心化自治组织团体可以在几周内积累数千万美元，并一起购买资产，DAO 数量的增加将推动治理和协调⼯具的需求，syndicate是一个Web3投资俱乐部，任何人可以在平台上创建或加入一个投资&amp;社交俱乐部，Rug Radio Dao就是在发布的，机构阵容豪华
#airdrop https://t.co/jcFu29pR95"
1489117717244219396,Thu Feb 03 06:05:04 +0000 2022,2.0,04_onchain_alpha_airdrops,13,2,0,0,NO,"新年学习
跨链通讯基础设施分析:Connext
https://t.co/imKu5kx8tx"
1490349798339186690,Sun Feb 06 15:40:55 +0000 2022,4.2,04_onchain_alpha_airdrops,5,1,6,0,NO,"12岁小孩的随机dao：#randomdao。#rnd。 #airdrop
图：前1010人可以获得空投部分的20%，后面10万人可以获得空投部分的80%，领的早多30+倍。前1010可以领取37亿左右。之后大概1.5亿。
有360天的时间可以领取。目前已经领取地址7000+。还剩不少，预估在一周内领取完。
目前没什么用， https://t.co/4qCU1VZFtT"
1490305214607282177,Sun Feb 06 12:43:46 +0000 2022,3.4,04_onchain_alpha_airdrops,2,2,0,0,NO,#cvx，去官网抵押https://t.co/b6Nr1wsBpv，然后把vlCVX代理给贿选网站votium：https://t.co/1DrtyMySej， 可能会有空投。
1503464469841997824,Mon Mar 14 20:13:57 +0000 2022,5.5,04_onchain_alpha_airdrops,17,1,7,0,NO,315来推一周年，失眠，去年这个时候我在病床上挖矿与写10万字的defi未来已来，很多项目研报，也许传统投行干久了思维模式固化，之前不喜欢线上输出，经历的事多了，希望彻底改变自己，最近2周粉丝从100到近4000，ths，但大家可能关注的都是空投策略，行情与defi的低迷可能我在空余时间发了些交互策略 https://t.co/k0e1Qqf3L7
1503316023696826369,Mon Mar 14 10:24:04 +0000 2022,3.4,04_onchain_alpha_airdrops,1,0,1,0,NO,@Since1993__ 因为没有钱，所以要刷空投，因为亏钱，所以只能手动，精细化运营的程度令人发指，比如注册rns后关注100+人，100✖️100.大概是这样。关键结果并没有好结果，在这条路上：在追求100号每个10000刀。
1503298811778969606,Mon Mar 14 09:15:41 +0000 2022,5.2,04_onchain_alpha_airdrops,60,6,33,0,NO,"#rss3
明天可以领取了，你们可以领多少？
我大概可以60000个，大概值12000💲刀，可能air来了会被空投砸一波，我应该不卖，rss3（乳山市）貌似要在cosmos搞条链，有没有想象空间？ https://t.co/iy4xqH3OlD"
1509932900061487125,Fri Apr 01 16:37:11 +0000 2022,2.4,04_onchain_alpha_airdrops,6,1,0,0,NO,@hefeifan119 arb上可以交互下。arb上为数不多的好项目
1509879566302527491,Fri Apr 01 13:05:15 +0000 2022,6.2,04_onchain_alpha_airdrops,85,42,10,0,NO,"随便发个便宜链的交互吧，适合新手。
如果资金在ba，提现bnb到bsc
-Metamask 钱包swap BNB&lt;→usdt
-connect 跨链从bsc到Polygon
-Slingshot切换到Polygon, swap USDT&lt;→ matic
-timeswap，抵押部分matic借usdc，然后lend usdc，
-clipper: 切换到matic网络swap usdc/matic
over"
1509733675814260738,Fri Apr 01 03:25:32 +0000 2022,3.4,04_onchain_alpha_airdrops,0,0,0,0,NO,@mazzyfish1 @cyf1133 他的规则又能看出来几个关键词把：时间（越早越好）金额，大概率都是权重power。撸猫已经越来越卷了，不是交互就给的，给了也没多少。
1509723107623284768,Fri Apr 01 02:43:32 +0000 2022,3.4,04_onchain_alpha_airdrops,6,1,3,0,NO,element发布了空投规则，固定利率赛道，之前多次提及尝试dao治理以及各种不发币，我的感觉是这种项目其实是优质男，具有非常好的基础与事业赛道，不发币怎么实现token的治理与协议激励？而天天喊着要给发币给空投的天天各种活动抽奖的大概率五毛
1508467756177317892,Mon Mar 28 15:35:13 +0000 2022,3.8,04_onchain_alpha_airdrops,2,0,2,0,NO,"@dexguru  - mft~mint开始于3月30日，2022年4月2日，并完成2022年4月2日。
交互项目养成的好习惯，给小费。虽然交互大概率kuiqian，但我是这样，能给一块，就不会给1毛。
这项目一旦空投了估计用的人就越来越少了。除了uni，宿命都一个样。"
1508297974035611657,Mon Mar 28 04:20:34 +0000 2022,2.8,04_onchain_alpha_airdrops,2,0,2,0,NO,@0xfarmer_ @hashflownetwork @ProjectGalaxyHQ 早点交互应该哈可以拿好几个fnt，等空投排放
1508296355705368590,Mon Mar 28 04:14:08 +0000 2022,3.4,04_onchain_alpha_airdrops,2,1,1,0,NO,"y1s1
1：把之前的等级都以一个等级nft解决了，之前侧重多链任务，靠各个协议给与补贴激励。
2：之前侧重身份验证，比如b~id。改版后直接取消了，真实用户很重要但仍然无法有效解决刷单交互问题，
3:等级属于w2产品，nft才是w3，在galaxy火爆过后，团队我估计重新梳理了新的路线，重新建立以nft、"
1508294587206422535,Mon Mar 28 04:07:07 +0000 2022,3.4,04_onchain_alpha_airdrops,0,0,0,0,NO,"@Calman16910515 有1不能说1
1：把之前的等级都以一个等级nft解决了，之前侧重多链任务，靠各个协议给与补贴激励。
2：之前侧重身份验证，比如b~id。改版后直接取消了，真实用户很重要但仍然无法有效解决刷单交互问题，
3:等级属于w2产品，nft才是w3，在galaxy火爆过后，团队我估计重新梳理了新的路线，重新建立以nft、"
1508128270361178113,Sun Mar 27 17:06:13 +0000 2022,2.0,04_onchain_alpha_airdrops,1,1,1,0,NO,@liurunjie62 设置一个总账户/交易所提现，主网推荐ftx，单笔0.0005e（没有单独质押ftt），如果100个账户大概150美金。
1508100785514504199,Sun Mar 27 15:17:01 +0000 2022,2.4,04_onchain_alpha_airdrops,2,0,2,0,NO,@ZGWyipaiyisheng 1个id交互89个协议，孰能生巧，唯独枯燥。
1508097252958515205,Sun Mar 27 15:02:58 +0000 2022,3.9,04_onchain_alpha_airdrops,45,8,18,0,NO,"#交互
最近疫情这周把几个2层生态的列表项目大概100+项目文档都看完了。综合了推特，dc，项目赛道，投资信息等。选了每个生态但凡有点气质的加入了交互列表，发现很多细致的交互套路，多账户交互真不是人干的活，枯燥无味，2天手动才交互五0个ID。但凡没kuiqian，也不至于这么肝
SH没封，有东/西"
1507920515381411845,Sun Mar 27 03:20:41 +0000 2022,2.4,04_onchain_alpha_airdrops,1,0,0,0,NO,"@SecretNetwork 
这里有人整理了cosmos生态scrt相关项目未来的可能性空投，
质押atom、juno、scrt、
 #Airdrop"
1507400318304227328,Fri Mar 25 16:53:36 +0000 2022,3.8,04_onchain_alpha_airdrops,8,0,1,0,NO,"#交互
#空投
继续前面的项目，Foundation
1、nft类的项目，我不是玩家也不太懂，我平时交互大概率就顺道交互，毕竟我没有bayc也没有punk。还他妈没有azuki。哦，我还看好那women虽然我没有钱买，但我觉得她可以。"
1507050030368055308,Thu Mar 24 17:41:41 +0000 2022,4.2,04_onchain_alpha_airdrops,14,4,2,0,NO,"#交互 #空投
1.hop 
跨链桥，21年非常热门且非常卷的项目，专注在2层网络的跨链交互，在OP与arb上线后提款需要7天等待期，而hop解决了这个问题，目前支持五条链吧，交互要点是使用这个跨链协议，便宜的是matic到xdai（gno），所以功能都，跨链/提供流动性/x资产/s资产，当然建议多跨2层与提供流动性"
1506293644948643856,Tue Mar 22 15:36:05 +0000 2022,3.9,04_onchain_alpha_airdrops,18,6,2,0,NO,"#via.exchange
日常扫协议刚刚看到一个挺早期的协议，推关注量1k，dc不过千，@via_protocol跨链流动性聚合协议，via好像还有nft与gamefi相关的产品。而跨链聚合协议目前大部分都在早期未来还是有忘能跑出几个牛逼的项目。这个也在gitcoin捐赠中，目前收到1241 位贡献者捐赠，如果你也捐赠可以做4件事"
1504357085689294850,Thu Mar 17 07:20:53 +0000 2022,3.4,04_onchain_alpha_airdrops,0,0,0,0,NO,在deepl，在收到substack的推送，我是逐段在常用的deepl翻译的看，所以我特别指出我是用这个，另外我同步保存了在mirror保存常看，图片也是一张张从英文文档上传的（不熟悉mirror）。我有很多推特号都是之前为了绑定其他账号撸毛的，因为我同步在做交互，账号切换，
1504003647793168386,Wed Mar 16 07:56:27 +0000 2022,5.6,04_onchain_alpha_airdrops,49,17,7,0,NO,"#交互领空投～省钱小蜜蜂🐝

今天只干几个事，啥输出，之前的推还能交互，

- [x]  交互：主要注意gas费用，一个账户没所谓，但是多账户省不少，豪爷略过，主要看市场情况
- [x]  看gas的应用/网页推荐：
1. [https://t.co/hDCag6IdJm](https://t.co/hDCag6IdJm) （内置程序， https://t.co/uJH3iPk044"
1506602490699317255,Wed Mar 23 12:03:19 +0000 2022,2.0,04_onchain_alpha_airdrops,0,0,2,0,NO,@yakin168 问题不大，当然也可以有一种组合把op/arb放在后面，要么加个流支付sup，要么用跨链桥的接受地址，可以完全解决这个关联问题。
1507047320994471937,Thu Mar 24 17:30:55 +0000 2022,5.8,04_onchain_alpha_airdrops,38,17,2,0,NO,"#交互 #空投
喝了小半瓶威士忌依然没能睡着💤。随便发几条，别当真。最近有条
国外大神2022年空投预测，列举了很多项目，我就随便一一点评一下心得，1. Hop Protocol
2. Connext / XPollinate
3. Element Finance
4. ECO
5. Argent
6. Aztec Network
7. Foundation
8. Polymarket
9. Superfluid"
1514462867688665091,Thu Apr 14 04:37:39 +0000 2022,3.4,04_onchain_alpha_airdrops,13,3,3,0,NO,"crescent Airdrop
https://t.co/rcPKUIRJkh 
由cosmos.收购的gravity-dex的团队领导的项目，也就是https://t.co/v39M6EAIKZ单独出来做的链，很早之前就在此dex提供了lp（atom-osmo），有空投权重加成，这个代币cre就不卖了，我认为有可能是一个金铲子"
1512264218590199808,Fri Apr 08 03:01:00 +0000 2022,2.4,04_onchain_alpha_airdrops,0,0,1,0,NO,@Linfree8 他只是工具没有必要刻意交互他，利用它走资金就行
1512261082802716672,Fri Apr 08 02:48:33 +0000 2022,3.4,04_onchain_alpha_airdrops,0,0,1,0,NO,@Linfree8 好聪明呐，Superfluid每笔转账有一点保证金，所有转账不要全用完，你这个闭环了，没啥问题。如果刷交互可以用做中转站，多链都有。前不久被黑了所有你懂得
1501138574632439808,Tue Mar 08 10:11:40 +0000 2022,3.4,04_onchain_alpha_airdrops,6,1,0,0,NO,"defi的可组合行让我们迷失了自己，我们一直在追寻那个10✖️10✖️10的密码，可是，在亏钱的路上我们越走越远，链上交互撸撸成为了我们不得已的无奈之举！也许我们会继续，但福报终将来临！
在这特殊日子里，祝愿她们富+福💐。看着模糊的背影迷离的双眼，为此写了一份交忘💌情书，希望你能收到："
1503005143373332482,Sun Mar 13 13:48:45 +0000 2022,3.4,04_onchain_alpha_airdrops,1,0,1,0,NO,"#hashflow 哈希流令牌是个多链amm, 从这个详细的分配权重与系数表，我读到了一些东西。对后期其他多链项目的交互应该会有不错指引-这里指的是所有的多链项目，你的理解是，欢迎评论交流学习。
https://t.co/umF8FK92YV"
1520812033343590401,Sun May 01 17:06:58 +0000 2022,3.4,04_onchain_alpha_airdrops,5,1,4,0,NO,@0xDeMoo @nomadxyz_ nomad融资2200万，把非evm的兼容到evm的链，connext与nomad应该已经捆绑融合了，等支持的连更多在去交互不迟。如果为了领air3任务，应该有其他方法吧我记得我第一质押evmos的ibc转账很快啊。我任务早完成了不清楚现在情况，是不是可以反过来直接助记词导入到kelpr，默认了evmos链，直接在ibc转
1520410300314718208,Sat Apr 30 14:30:38 +0000 2022,4.3,04_onchain_alpha_airdrops,22,5,3,0,NO,"#cosmos  质押节点更换
当看到这个sgnl发布的标准，我关注到他提出的节点，仔细看了下，又一个庞大的工程，更换大量的节点。比如atom我就换cephalpod/cryptocrew /imperator等，我没具体研究每个节点情况，因为已经他们已经做了很多工作。感谢这个sgnl项目 https://t.co/BgKoqRO8r4"
1520398815093981185,Sat Apr 30 13:44:59 +0000 2022,2.4,04_onchain_alpha_airdrops,1,0,7,0,NO,@0xDeMoo 聘请调查团队，如果真中招，那么交互地址直接可以废了。但是提交的证据链确实一看是个新手不懂的在撸的。不能怪项目方要去掉。
1520261967604498432,Sat Apr 30 04:41:12 +0000 2022,3.4,04_onchain_alpha_airdrops,0,0,1,0,NO,@liuxiaoxi356 @dexguru @windyhill617 从另外一个角度构建真实用户的dao也挺不错，通过参与治理是一个非常重要的方向，但是论坛提案里的筛选调查具体严格到什么程度还不知道，提到的案列那种撸空投确实不可取，太明显了，也通过松散分布热点图能明确看出哪些地址是撸猫的，希望松弛有度吧，构建和谐社区。做一个非常棒的样板间gurudao
1519954818475130880,Fri Apr 29 08:20:42 +0000 2022,3.4,04_onchain_alpha_airdrops,0,0,2,0,NO,"1-参考op上的456，但范围会扩大，但更多的还是围绕主流defi协议，治理，开发，生态贡献等
2- 标配模块：官方桥，三方桥，跨入的最低资金-跨出资金，活跃时长，交互频率，tx的数量，
3- defi模块：与其生态的协议交互数量，主流协议的参与（uni/aave/sushi/curve等），衍生品协议，包括但不限于5月份进"
1519954813525856256,Fri Apr 29 08:20:41 +0000 2022,3.4,04_onchain_alpha_airdrops,2,1,1,0,NO,"第三轮，主动权是司机op，接下来的重点是刺激自身用户与其生态部署协议的交互。作为用户我认为依然值得交互，op上依然很多协议没有发币，如果是多链的协议也可以增加交互权重，一肉多吃的属性依然在！
4、反观arb：op发了，哪怕项目团队不想发资本也有强力的变现诉求，拥有代币更能做好生态激励牢牢占"
1519954811487395840,Fri Apr 29 08:20:41 +0000 2022,3.8,04_onchain_alpha_airdrops,1,1,1,0,NO,"所以社区大部分都会点赞，不光多少，有与多就看自身交互了。
2、少既是多：此次空投大部分深度用户吃到很大的红利，一个id抵得上很多不活跃用户的10-50个号。
对于用户的结论是：撸猫要好好养号，精品+随意号都得有。
3、op的未来交互：此次空投只有5%，依然还有14%会激励用户所以依然还会有air第二轮"
1519727231484178432,Thu Apr 28 17:16:21 +0000 2022,2.4,04_onchain_alpha_airdrops,6,0,0,0,NO,"@bitcoinzhang1 撸毛=交互。
本质是为web3的世界抹一道彩虹🌈"
1519213681598414849,Wed Apr 27 07:15:41 +0000 2022,3.4,04_onchain_alpha_airdrops,4,2,7,0,NO,"撸猫的仔细看看未来的air会有多卷，
1：细节决定了你能否，拥有爱情，吃上肉
2：guru本意是好的，但pass之后估计生不了多少了。
3：真正好的项目都是大大方方的给，给钱！！口碑啊口碑
4：guru今天snap上发了个机器人提案。大写的：册那

提案：移除空投农民，
仔细看不吃亏

https://t.co/rxCN2BMPS9"
1518520289214496773,Mon Apr 25 09:20:24 +0000 2022,3.4,04_onchain_alpha_airdrops,7,4,2,0,NO,"Layer 2内卷kuiqian系列-2
暂未退出资金，arb因为暂时资金不出来，等交互差不多了会在跨。nft市场：tofuNFT与stratos 挂nft（uni与mint的shell🐦上去）还未交互@dopex_io @GMX_IO（gmx已发币但有必要交互具体原因····）另外关注的有jonesdao，treasure.lol+arb之前发布的56个项目涮选作为5月份的交互重"
1516993263764652033,Thu Apr 21 04:12:33 +0000 2022,3.8,04_onchain_alpha_airdrops,2,1,2,0,NO,@blockmemorycn 之前gas 贼低的时候让大家注册几个防身，有些ens短域名的都快到期了，你可以去抢下来，我记得之前dune上有个程序可以自动检测，并且抢注好了之后放到nft挂单卖出，又完成一笔交互，nft卖出你赚钱，每卖出自用，nft市场万一空投你在撸一笔
1517313438275743744,Fri Apr 22 01:24:48 +0000 2022,3.4,04_onchain_alpha_airdrops,11,3,2,0,NO,"#naition #people
naiton很有可能还会持续，几个特点，
1/总量少，前期流通少，
2/空投价值高，且相当于1e内回购。大概2000+地址
3/治理：投票3天，需要 $veNATION 来铸造即将发行的 限量版的创世 Genesis NFT。官方希望控制在420，护照nft会有各种福报与激励，
4/ve模型质押，1～4年上锁，会进一步减"
1517040216120623104,Thu Apr 21 07:19:07 +0000 2022,3.4,04_onchain_alpha_airdrops,1,0,0,0,NO,@baofuliu notion。貌似可以闲鱼买几十年的会员，我还没来的及弄。太多项目任务，各种令空投，很繁琐，所以需要一个非常棒的工具把一些东西记录下来。这个非常好。
1526013424521838592,Mon May 16 01:35:27 +0000 2022,2.0,04_onchain_alpha_airdrops,0,0,0,0,NO,@ACryptoApe 撸毛界的基础课程居然还有打油诗
1526012355716730880,Mon May 16 01:31:12 +0000 2022,3.8,04_onchain_alpha_airdrops,7,0,5,0,NO,"上周五大A的房地产股票异动拉盘涨停，周末房地产的消息面真多，总结：救经济，国内房地产公司破产太多了，股票已经冰点，之前好多人都在抨击说狗都不玩大A，我好无奈，看了看持仓，握紧拳头，热泪盈眶。

SH这个TVL最高的的dex与借贷协议，流动性锁仓2个月，lp收益为负，无偿损失还无法统计。air空投…"
1525810864208871424,Sun May 15 12:10:32 +0000 2022,4.4,04_onchain_alpha_airdrops,52,22,11,0,NO,"💲Magic，
想起来了，前几天被埋了，趁着低位，继续囤点，今天0.63入，账号多，总归用的多，dyor，没有建议。
为了防止你们在留言问：
亏友/麻友买的时候直接arb上的slingshot，合约在cmc查一下，相当于多交互了一个dex，也在arb上多了一个tx。
大概是这么个情况"
1525738788982751232,Sun May 15 07:24:08 +0000 2022,4.8,04_onchain_alpha_airdrops,15,16,4,0,NO,"借贷协议
@GearboxProtocol 
很早追过，要在dc蹲守答题，错过第一轮空投。
这两天治理投票，池子扩大，交互投点usdc/eth，主要博dao发起提案追溯空投，毕竟早期的主网用户都是实诚的，跟ondo一个套路。
注：之前已经有一轮空投，持币地址8049，大部分10万，总量100亿。
dyor

https://t.co/pHEX4YKHrJ"
1525727450185220096,Sun May 15 06:39:05 +0000 2022,3.4,04_onchain_alpha_airdrops,6,0,8,0,NO,"web3最好的营销广告词，一起来举例
1/  如果我们发布令牌，你们会注册使用并付费吗？
2/  我们未来不排除发布令牌并激励早期用户
3/  我们永远不会有空投，"
1525404629298970624,Sat May 14 09:16:18 +0000 2022,2.4,04_onchain_alpha_airdrops,0,0,0,0,NO,@HuZeKunTT 能花这么多写出来罗列清晰已经很棒了，说明很多项目都有研究交互。一起进步
1531878358509756417,Wed Jun 01 06:00:36 +0000 2022,2.0,04_onchain_alpha_airdrops,0,0,1,0,NO,@xiaoqie2021 多刷新一下试试，有代币在钱包的多留意下，现在还不关注细节，参与项目治理，未来大概率又是：当初为什么去点
1531624749377679367,Tue May 31 13:12:51 +0000 2022,4.3,04_onchain_alpha_airdrops,26,2,11,0,NO,"@Nation3DAO 
很高兴成为nation3创世界护照持有人，质押2+nation3，锁仓四年。可以mint创世护照，昨晚凌晨12:20mint了，拿到第9号，9号牌。
不过市场现在确实熊，这么有意思有格局的项目目前才被持有148/420.     https://t.co/POfzofoXEI https://t.co/ZjGI7IOIMt"
1531337493307850753,Mon May 30 18:11:23 +0000 2022,3.0,04_onchain_alpha_airdrops,7,1,1,0,NO,"4-文件可以存储在ipfs上，只有用户和受邀协作的人才能访问，我上次搬运了google以及notion的一些文件到这里，很顺滑，功能太强大了，这才是web3的产品。
5-撸毛届的大佬们我还发现一个功能，受邀用户才可以分享的内容文档，可以加密提供密码，也可以写下那句 drop your ens ，drop your email。然后加"
1531173878504235008,Mon May 30 07:21:15 +0000 2022,3.4,04_onchain_alpha_airdrops,5,0,1,0,NO,"@hefeifan119 是的，佛系分享，认同何老板这点，我确实没写过教程，没那个时间,哈哈，咱们都是多ID真的去看有些协议交互的就那么多，交互那么多项目也不在意几个项目发不发币反正迟早都会有"
1523194941522194433,Sun May 08 06:55:48 +0000 2022,2.4,04_onchain_alpha_airdrops,0,0,0,0,NO,@Doreen61132424 @SolvProtocol 发布的交互表单里面有。
1522810420096299008,Sat May 07 05:27:51 +0000 2022,3.8,04_onchain_alpha_airdrops,3,1,2,0,NO,"6/合约平台：Aboard/ApeX

赌场，买涨买跌，aboard存usdc到账户，apex以eth保证金，都未发币，apex有活动参与任务分配空投。这里可以先交互起来，一个多一个空，往死里弄"
1521032379774681088,Mon May 02 07:42:33 +0000 2022,3.8,04_onchain_alpha_airdrops,10,2,2,0,NO,对，都是测试网，有1-2个可能要进dc拿表，需要申请。比较适合0撸的早期机会。你们有精力的去dc申请mod，陪伴项目成长比随便撸测试强1万倍。还有些项目没有一一发，太多了。重点交互离钱近的，大资本投的，资金频率高的项目，人少的，自己去研究别听别人瞎奶，点链接你就成为人家的传销下线了。能明白不
1536661402089586689,Tue Jun 14 10:46:42 +0000 2022,3.4,04_onchain_alpha_airdrops,32,14,1,0,NO,（33）会成员最新力作，这个方向看这篇文章就足够了。找到自己喜欢的去交互，还记得galaxy的gal飙升到200刀，下一个暴富级项目可能在这里面
1534819949138821121,Thu Jun 09 08:49:26 +0000 2022,3.4,04_onchain_alpha_airdrops,8,0,3,0,NO,@0xFeng @t1213121okok 我的方法：先自己去选项目，1能接触最新的一些好项目，2构建所有组合集，3在分组别，4不同id分别捐赠，5/做好记录，备忘。6.我每一期大概捐88个项目，5-6个子集，基本都覆盖的到。能捐能刷zks符合交互逻辑
1534218245888086017,Tue Jun 07 16:58:28 +0000 2022,2.0,04_onchain_alpha_airdrops,0,0,0,0,NO,@Aoyp11 主钱包大资金的分开外，撸毛包无所谓，尽量不要采用同一助记词增加钱包模式，
1534115021479116800,Tue Jun 07 10:08:18 +0000 2022,4.7,04_onchain_alpha_airdrops,23,10,4,0,NO,这是我在《web3亏钱交互笔记》里的一段话。我顺手输出在lens里了。现在lens到了21719（https://t.co/SanCeeDTJI） https://t.co/uHq6pDc0yH
1534113250652332034,Tue Jun 07 10:01:16 +0000 2022,3.4,04_onchain_alpha_airdrops,7,5,2,0,NO,"@Bruce1ZY
  喂饭教程，能花时间输出的且详细的真的是中文圈的福报，像我就没那么多时间写详细点，几乎也不管别人看不看的懂，撸交互真的能带来几十倍的回报。有专业交互投研项目的确实该好好团结起来"
1533103784276393985,Sat Jun 04 15:10:00 +0000 2022,3.4,04_onchain_alpha_airdrops,7,4,3,0,NO,有创新性的产品要多体验，多互动，还记得花一点点钱注册ens吗？一个id-ens空投价值超10人民币吧。这里不是指lens会air，毕竟aave之前的代币有500+倍数，现在依然是defi的几个基础借贷王牌协议。
1526109408404848640,Mon May 16 07:56:51 +0000 2022,3.4,04_onchain_alpha_airdrops,30,24,7,0,NO,OP定期交互，格局。
1528354708129480705,Sun May 22 12:38:52 +0000 2022,3.8,04_onchain_alpha_airdrops,13,4,3,0,NO,gnosis safe的多签钱包适用于任何团体，对与我们早期玩defi的，我觉得非常棒，我可以设立很多钱包，组成不同的多签，用safe钱包交互不同的主流协议，能一定程度避免我单地址私钥被泄露的风险。还能做到一定程度的个人资金隐蔽。
1542164623792951296,Wed Jun 29 15:14:33 +0000 2022,4.4,04_onchain_alpha_airdrops,30,14,4,0,NO,"cosmos 生态节点服务商-空投：Frens NFTS
查看nfts步骤：
前提：frens未发币

1.去https://t.co/3XbIxhhSvl
2.连接keplr
3.转到您的个人资料
4.如果之前有Osmo，Atom，Juno或EVMO质押在这个节点，则可以查看您的熊市Frens NFTS。
5.之前我有推荐几个相关节点，frens在列，还有个Imperator等都可以重点"
1541971029333262336,Wed Jun 29 02:25:16 +0000 2022,5.2,04_onchain_alpha_airdrops,29,14,13,0,NO,"TrueFreeze空投 @freeze_llc
领取网址:https://t.co/TI3HbCSe9g
（毁灭吧，每天各种claim，值不值钱呐！）
@BitPastor 小姐姐是defi方向的专家，之前自己原创过curve方向的具体文章，很棒的方向。curve粉丝推荐几个另外2个博主 @mrblock  @forgivenever https://t.co/846UcypHBD"
1541469071660556288,Mon Jun 27 17:10:40 +0000 2022,3.9,04_onchain_alpha_airdrops,17,5,2,0,NO,"分别是刷新/分屏切屏/复制/粘贴。
作用：奥德赛等多id交互很多网页需频繁刷新登录授权，f3切+1能迅速多id内往返，别人干1个号的时候，你基本10个了，用过方才知道，适合肝王之路"
1547574946599436288,Thu Jul 14 13:33:14 +0000 2022,2.4,04_onchain_alpha_airdrops,2,0,3,0,NO,@Calman16910515 @prtyDAO 交互起来，我们可能会失败，但阻挡不了我们亏钱的步伐，
1547248285177774080,Wed Jul 13 15:55:12 +0000 2022,4.2,04_onchain_alpha_airdrops,62,31,12,0,NO,stark的空投，有可能大毛。持续👀吧 https://t.co/PT1eLfvrOC
1547054205248348160,Wed Jul 13 03:04:00 +0000 2022,3.4,04_onchain_alpha_airdrops,9,0,2,0,NO,"大家别理解错了啊，有必要说一下
1/这个类众筹的模式，去买nft，资金不是到我的钱包，不是到我的钱包！钱在合约里。
2/不是支持我，不是支持我，我亏钱支付了gas费，
3/如果成功了，我可以吹个牛比，我是发起人，失败了，也没所谓，你也会在这些协议上留下交互记录。
4/交互记录是web3最值钱的证明，"
1546869510258688000,Tue Jul 12 14:50:05 +0000 2022,3.0,04_onchain_alpha_airdrops,0,0,0,0,NO,@Leo34344086 @goblintownwtf @fractional_art party的合约里，肯定不是我的钱包啊，后期要卖的时候，可以我在snap里把kgo（亏够了）的合约地址倒进去，付费执行，就应该可以发起投票（待完成）
1546800120251183104,Tue Jul 12 10:14:21 +0000 2022,4.2,04_onchain_alpha_airdrops,2,0,1,0,NO,"发起party失败，可能还亏gas油费。其他风险可能来自协议风险，猿猴且以eth计算，eth具有大波动性，dyor呐

交互：猴子的份额权益+party未来的空投（若有）

参考权重：交互频次、发起人、NFT价值、参与人数、参与金额。

如果成功，你可以吹牛逼，哪怕万分之一，你他妈有只猴子，🐒"
1537393415574650880,Thu Jun 16 11:15:28 +0000 2022,3.9,04_onchain_alpha_airdrops,40,4,18,0,NO,"这里的协议都是我交互过的，项目我大概有点评+交互要点，如果还有不懂的，这条推可以把你们对某个项目的问题提出来，如果我没回复，懂行的交互过的朋友可以帮忙解决其他人的提问。
中国人要帮中国人，币圈更要团结，不要撕逼，抢粉丝各种低于下限的事，没有意义，有这时间，去交互。
交互问题接龙："
1545326433413005312,Fri Jul 08 08:38:27 +0000 2022,5.4,04_onchain_alpha_airdrops,34,19,2,0,NO,"推荐交互-DAO 工具-2

项目：Coinshift  @0xCoinshift 
一句话：构建在@gnosisSafe 上的 资金管理平台。
交互：导入gno➖转账-签名授权（初级班）
web3可组合：+多签+流支付转账看这2个@Superfluid_HQ @SablierHQ，
融资：1500万 A轮融资Tiger Global 领投，红杉种子。

GO：https://t.co/Egn2ElPWC5"
1546777122483875841,Tue Jul 12 08:42:58 +0000 2022,4.4,04_onchain_alpha_airdrops,35,22,3,0,NO,"Kuiclub-Doodles （亏钱第二车）

一个月时间⌚️：
🔗https://t.co/6biCcF7Qsk

目标NFT：@doodles
交互后同步点亮：@rabbithole_gg 
https://t.co/Z4MkeRbYMs
同步重点去完成另外两项任务，之前推特有强烈发过

交互理由一句话：顶流协议+兔子洞nft+肚兜nft份额+++"
1550311263636713472,Fri Jul 22 02:46:23 +0000 2022,4.4,04_onchain_alpha_airdrops,38,20,9,0,NO,"刷交互的账号需要多参与顶流协议的治理，
未来大概率都有玫瑰花🌹
AAVE！链上投票：Add 1INCH to Aave v2 market

https://t.co/Ndygx74Q7X"
1551565719158259713,Mon Jul 25 13:51:08 +0000 2022,3.4,04_onchain_alpha_airdrops,12,3,15,0,NO,"哇林👬@tenbili，这段话钢钢的！
另外我觉得有个词能给这个职业定位
不在是撸毛，叼毛，撸狗等自损形容词了。
这世界上很多师，是不是可以叫：交互师
以后人家问我们干嘛的，交互师

此词来自@gm365 🫡"
1553053955529183238,Fri Jul 29 16:24:52 +0000 2022,3.0,04_onchain_alpha_airdrops,4,0,3,0,NO,"@hongbing55 波卡上生态自从没投上私募份额基本不在玩，选择cosmos了。另外波卡没啥好玩的，对新手不友好，连个好用的钱包都没有。另外我觉得个人主角光环👑太重不是好事。这世界有一个本聪，一个V,够了（无感波卡，个人意志，别喷我）"
1552703982501773313,Thu Jul 28 17:14:11 +0000 2022,3.8,04_onchain_alpha_airdrops,2,0,2,0,NO,@getmilk @bitcoinzhang1 查过好几轮女巫🧙‍♀️了，留下来的还是可以值得期待一下的，dex的估值都不低，guru的产品还是非常nice的，如果空投了代币不卖等下轮周期牛
1552700993057730560,Thu Jul 28 17:02:19 +0000 2022,2.4,04_onchain_alpha_airdrops,0,0,0,0,NO,@Doit0313 我拿到的空投基本不卖，所以一直亏
1556960944995336193,Tue Aug 09 11:09:50 +0000 2022,6.2,04_onchain_alpha_airdrops,125,64,32,0,NO,"1⃣️Kuiclub-MAYC 变异猴（第四车）
持续时间30天
🔗：
https://t.co/XMMMNgtIE8

2⃣️Kuiclub-CLONE X   （第五车）            
https://t.co/LdrhapYPHw

3⃣️10美金一肉多吃交互+持有顶级蓝筹NFT：zora+party+rabbit+BAYC无聊猿：🔗
https://t.co/Ce7jFuWVIV

4⃣️马上出个新教程（参与后续）"
1556553899762663425,Mon Aug 08 08:12:23 +0000 2022,4.4,04_onchain_alpha_airdrops,18,15,4,0,NO,"4/衍生品，小额交互，对冲模型，比如gmx，syn等。
5/其他，很多dapp未发币，金额不是重点，次数与定期交互。先把基础打起来，把TX数量做起来，比如先花1个月干20笔数据，之后这些号参与奥德赛就行。
6/一句话总结，对于新手，这些方法大概率就是。矮子里拔高个，挑白的，你懂的"
1565352121259954176,Thu Sep 01 14:53:23 +0000 2022,2.4,04_onchain_alpha_airdrops,5,0,21,0,NO,只交互，创建，没存钱的，有些地址有，有些地址没有。这个❓，我也没搞懂，比如我有几个一笔交易没有，但也最低也给了225.
1565343645771112457,Thu Sep 01 14:19:42 +0000 2022,4.0,04_onchain_alpha_airdrops,30,16,6,0,NO,"看了下7月13日，那天有个大佬问我咋弄G，我临时花1小时做了个教程。
Gnosis Safe多签钱包教程+utopialabs+coinshift等融资2000万刀的财务平台 
https://t.co/5GJWEytr3M"
1565338161349545985,Thu Sep 01 13:57:54 +0000 2022,4.2,04_onchain_alpha_airdrops,14,2,18,0,NO,"这是核心要点，日期818，总量55719.最低次数1，存入的资金跟金额+时间加权，也就是你放在里面的钱越多越久空投越多，干了兔子洞你不用，那·······可能也有100.
都知道kuiclub的地址吧。捐一点来刷空投吧。 https://t.co/6NfpqCYe5H"
1565248528800423941,Thu Sep 01 08:01:44 +0000 2022,2.5,04_onchain_alpha_airdrops,35,1,18,0,NO,"炒币撸毛就得重仓，
重仓
要么富，要么负
你干1个，我就干3个"
1564991801575911426,Wed Aug 31 15:01:36 +0000 2022,3.0,04_onchain_alpha_airdrops,2,2,3,0,NO,@bitcoinzhang1 @dada6686 @jiamigou @Calman16910515 浏览器～管理扩展程序～禁用一个不使用的，随时可开可关，很多钱包都是这样，比如coin98、onekey、debank的rabby
1564540777912750080,Tue Aug 30 09:09:23 +0000 2022,3.4,04_onchain_alpha_airdrops,5,1,1,0,NO,"@vincent_hcq 对不住呐，韭黄炒蛋，兄Dei。
我已经尽量控制自己不分享太多了，
我从早上8点刷到晚上12点，
主网交互怕分享太多把大家带坑里。
所以，控制下亏钱kuiqian的频率、次数、金额
毕竟现在kui的一块钱可能未来X10"
1564509860351574016,Tue Aug 30 07:06:32 +0000 2022,4.8,04_onchain_alpha_airdrops,69,42,13,0,NO,"适合无本钱撸测试
zetachain：全链 dApp 和底层区块链，无需桥接、包装或锁定资产，对于用户来说，所有步骤都被抽象掉了，所有费用都由 ZetaChain 。
奖励：测试网积分+邀请制，
未来可能：积分兑换token
适合人群：科学家，无本钱，
大号注册后，随便交易下+邀请自己

肝吧：https://t.co/mfybHkxcYM"
1564421301888249857,Tue Aug 30 01:14:38 +0000 2022,4.7,04_onchain_alpha_airdrops,22,10,4,0,NO,"皮卡pika 空投生态代币OP
总结一下
1/这就是之前一直倡导的一肉多吃
2/肉多肉少核心还是OP，主线不变，支线顺带交互未发币且潜力项目
3/组合性交互路径里有pika+kewta，多空互动，基本无磨损，白嫖机会+刷交易量
4/pika 自己没发币，没有赌场不发币的。
5/下次再说"
1564250590712336385,Mon Aug 29 13:56:17 +0000 2022,4.2,04_onchain_alpha_airdrops,4,3,2,0,NO,"第二轮投票治理- 参与过的可以进行投票
链下投票不花钱，也积极去fractional设置价格参与链上交互。
https://t.co/PHONoOhB9Q
https://t.co/6qSy0tv8GY https://t.co/5zl6kchj9x"
1555192975239843841,Thu Aug 04 14:04:34 +0000 2022,4.8,04_onchain_alpha_airdrops,25,15,1,0,NO,"Multichain @Multichain_CN 
曾经叫Anyswap 跨链桥之王，老鸟们都应该不陌生，
他是丰密开启DeFi跨链的几个桥之一，
至今一直安全稳健，依然会用，比如上周走了一笔OP-Arb，对比其他桥，磨损低很多，费用只需1刀。

如果跨链，顺手一撸-Arb
主要有：
NFT白名单 + 1500veMULTI 的 $USDC 收益 https://t.co/dbSmSIKhKR"
1554680506276794368,Wed Aug 03 04:08:11 +0000 2022,3.4,04_onchain_alpha_airdrops,13,8,16,0,NO,"要点：
1：100美金的交易（/时间一周内）
2：好像第二次活动了，我之前没时间未参与
3：注册白名单，然后邮箱📮验证确认。
4：交易，尽量别稳定币swap
5：arb上的交互可以增加tx，活跃。
6：我知道你肯定不只一个NB，so，自己邀请自己吧。
7：第一个总有个链接吧，如果你在玩，链接也可以丢起来，"
1562985369599377409,Fri Aug 26 02:08:45 +0000 2022,3.4,04_onchain_alpha_airdrops,48,26,13,0,NO,"Cosmos的这个空投
丰密强烈建议不要卖
Hold住，等亏钱kuiqian"
1578732173804175360,Sat Oct 08 13:00:56 +0000 2022,3.2,04_onchain_alpha_airdrops,11,4,1,0,NO,5/🥇，DAO相关的衍生平台还很多，之前我做了些相关研究与交互，文字就不打了，截图几张名字可自寻推特搜索。 https://t.co/6GtdRqeglf
1578732161795993600,Sat Oct 08 13:00:53 +0000 2022,4.2,04_onchain_alpha_airdrops,1,0,1,0,NO,"3/🗣️@SnapshotLabs 已经成为web3的基建协议，那么除了DAO，个人如何参与交互？未来是否会有其他预期（你懂的）
1、积极参与权重较高的web3协议的投票治理（需持有或质押相关代币），OP空投经典案例
2、自己创建DAO发起相关提案，参与某项社群集体活动，部署相关策略发起提案，指标：不低于5项+投票人"
1576895576742178817,Mon Oct 03 11:22:57 +0000 2022,4.0,04_onchain_alpha_airdrops,35,26,7,0,NO,"🫂Stargate跨链任务不能点亮解决方案：
1、强制刷新。
2、如果是google浏览器，用备用brave浏览器秒亮，
3、更换IP，以上3种方法可以大概率解决。"
1574767595034935297,Tue Sep 27 14:27:07 +0000 2022,3.8,04_onchain_alpha_airdrops,33,24,1,0,NO,"LayerZero 生态的交互：一肉多吃。
33dao 哇林老师@tenbili，蛙声一遍，精彩"
1574767208999555072,Tue Sep 27 14:25:35 +0000 2022,2.0,04_onchain_alpha_airdrops,0,0,2,0,NO,"@missaab2 1/复制你的钱包地址
2/command+F，跳出来框框，然后用你的小手把你价值百万的地址复制进去。然后就会跳出来1万个safe。"
1574759141763350528,Tue Sep 27 13:53:31 +0000 2022,3.4,04_onchain_alpha_airdrops,7,3,14,0,NO,"SAFE 空投的最终查询表单：
https://t.co/s9KIgpmT1G

与最初公布的应该增加数量大约5%左右。
如果下个月claim？预期哪些交易所会第一时间上线，价格多少？"
1573087068393472000,Thu Sep 22 23:09:18 +0000 2022,2.0,04_onchain_alpha_airdrops,0,0,1,0,NO,@getmilk @phi_xyz 我没测试，捐款+跟进项目，老外很喜欢这种像素系列。测试项目不要用主钱包吧
1572882827552894976,Thu Sep 22 09:37:43 +0000 2022,5.2,04_onchain_alpha_airdrops,35,21,13,0,NO,"空投Airdrop来了 ：帽子协议
Defi协议@HatsFinance  
速度查询 ～领 claim：
https://t.co/LktAX1vmsE https://t.co/XcykzqCQ8u"
1572807444052717568,Thu Sep 22 04:38:10 +0000 2022,2.4,04_onchain_alpha_airdrops,14,1,9,0,NO,"safe 空投终版？
还是等官推吧。你要猴急，就查吧

https://t.co/iqNovCFhJp"
1569332337594494978,Mon Sep 12 14:29:20 +0000 2022,3.9,04_onchain_alpha_airdrops,23,6,7,0,NO,"Kui起来好玩
好学@kuiclub
都还在讨论sbt的时候，科学家已经融汇贯通并且与交互紧紧相关了，kuiclub 首发门票（SBT）的free mint（Arb网络），持有该SBT，可直接加入#og福利课-001频道。
🔗：https://t.co/RHqQTKtHfR"
1566577295821008896,Mon Sep 05 00:01:47 +0000 2022,3.0,04_onchain_alpha_airdrops,4,1,1,0,NO,"简单，
「4」首创永续合约，适合偶尔做套保，撸毛人也适用交易思维。
「5」子账户老鸟可开50个，新鸟10个，非常实用。

5.00% 的交易手续费折扣，链接可走🔗：https://t.co/mxfPWbbYGl"
1567415050440437763,Wed Sep 07 07:30:43 +0000 2022,2.0,04_onchain_alpha_airdrops,7,0,4,0,NO,@wsdxbz1 两位老哥，咋就这么牛逼，1个赚钱如流水，1个影响半个撸毛圈
1566381103736565760,Sun Sep 04 11:02:11 +0000 2022,3.3,04_onchain_alpha_airdrops,16,2,2,0,NO,"Y林老师原创，支持，
🦵上看到原创且在细分交互领域 @33daoweb3 
  绝对属于Nunber系列"
1566849221671940096,Mon Sep 05 18:02:19 +0000 2022,2.9,04_onchain_alpha_airdrops,30,2,8,0,NO,"交互讲究可组合性
环环先扣，以点带面，
走出你的世界
看见更远的天空
知行合一，知就是行，行就是知
想只有困难，做就有答案。
也许生活也是这样"
1570372929170575365,Thu Sep 15 11:24:17 +0000 2022,3.8,04_onchain_alpha_airdrops,15,3,1,0,NO,"@Gsea36 第一个air空投，已经私信我了，虽然打错了字，还是给。得说一下：
1、air 不做任何盈利保证，如果有福报务必遵守实验规则，捐款。
2、交互的协议有不少，如果有福报，你不知道我也会通知你，
3、为了安全，不建议在做任何交互了。毕竟zjc给你的时候就不再安全了。
4、还剩4/5，不同形式air"
1569954082370232320,Wed Sep 14 07:39:56 +0000 2022,2.4,04_onchain_alpha_airdrops,11,1,3,0,NO,"SAFE 正在如火如荼的🍵女巫，
其实都来自于红眼病，红眼病的眼睛是红色的。
但，如果你不学，所有的一切都会功亏一篑
👇"
1570337466233790471,Thu Sep 15 09:03:22 +0000 2022,4.2,04_onchain_alpha_airdrops,9,4,1,0,NO,"主网上线就可能结束了，目测目前没啥人。
2 反馈奖励要求：https://t.co/TmopFCJLZj（截图了）

3、多空合约交易做了很多年，时不时还会关注合约平台，本次在apex pro的matic链小额限价单套保，交互还是丝滑唯独不是在arb或者其他2层上，同时发现了小部分问题，我已反馈，可以重点反馈新功能上。 https://t.co/k4Uh0Fyqoj"
1570337447044841475,Thu Sep 15 09:03:17 +0000 2022,5.6,04_onchain_alpha_airdrops,89,43,5,0,NO,"0撸-Apex pro（可能几百u）

https://t.co/YaB2AGv84j 
1、Apex pro@OfficialApeXdex：去中心化合约平台，已发币，背靠bybit（有钱呐），之前在arb上交互拿到过空投，最近跑到starkware上升级成pro，做成了多链订单薄，830发布了beta版本，针对测试版反馈有100-500刀奖励。测试版一般问题很多，你懂的"
1570053313936371720,Wed Sep 14 14:14:14 +0000 2022,5.2,04_onchain_alpha_airdrops,65,18,51,0,NO,我一直说：赠人玫瑰，收留余香。这一波稍微晚了几天，不然抽奖账号构建的safe的空投已经足够我设置的5个id的成本了，sodo亏了，还交互了一些组合协议，未来可能也是织毛线🧶了，明天ETH转pos了，交互丰满度不够，分批先抽起来吧，
1567485818788528130,Wed Sep 07 12:11:56 +0000 2022,3.0,04_onchain_alpha_airdrops,0,0,1,0,NO,@wangzhen67890 如果是钱包安全，私钥助记词要是没泄漏，就可以取消一些合约或者代币的授权，如果是撸毛的角度，你看看自己的交易记录，是不是跟很多钱包转账这类的。那就需要注意一点
1571038428376203265,Sat Sep 17 07:28:44 +0000 2022,2.5,04_onchain_alpha_airdrops,25,0,16,0,NO,"没有这帮撸毛·织毛线的亏友
这尬死要归零吧
今天目测已亏千刀"
1587381394141220864,Tue Nov 01 09:49:51 +0000 2022,2.0,04_onchain_alpha_airdrops,0,0,0,0,NO,@tianyishang 公布了代币情况，但是具体没有标准，不是大佬，大佬谁还撸毛，
1587065472096538624,Mon Oct 31 12:54:29 +0000 2022,3.0,04_onchain_alpha_airdrops,11,5,2,0,NO,"Free Mint。总共500个NFT，积分前200名得一枚，剩下300枚抽签。
机甲星球类的Gamefi，不是我熟悉的领域，dyor
码：491190
https://t.co/R3POx82rg1"
1587007180729110529,Mon Oct 31 09:02:51 +0000 2022,3.0,04_onchain_alpha_airdrops,0,0,1,0,NO,@l6194180461 @MeIgardes atom目前大部分的air都是50起步了，需要注意的是2.0的通胀有点高，质押后赎回也需要时间。建议你先去了解整个cosmos生态。再行决策
1586964298278273025,Mon Oct 31 06:12:27 +0000 2022,4.0,04_onchain_alpha_airdrops,77,31,17,0,NO,"Cosmos的80/81号关于2.0的相关议题投票：
去年有一个ATOM上的大毛条件好像是：有质押且参与了一项重要投票，大概一个地址1万刀。
https://t.co/56HxhhxJ4D"
1584726919131848705,Tue Oct 25 02:01:54 +0000 2022,4.8,04_onchain_alpha_airdrops,75,34,10,0,NO,"ZETA：全链互操作性区块链网络。
1、有裂变拉人头，项目会cx，有用户才是王道，先cx在留存
2、在银河上搞事，有OAT
3、定期交互有积分，
4、可以亏，这种模式大概率有空投，先刷100万分，
5、交互：多链swap测试，加入Dc，大号邀请小号
6、通过链接各得5000分，https://t.co/mfybHkxcYM"
1583665543147851776,Sat Oct 22 03:44:23 +0000 2022,3.0,04_onchain_alpha_airdrops,53,5,18,0,NO,"最近，我说最近，
之前很多看不起撸毛的人都来问我这么撸毛
像极了07年菜市场大爷大妈不是在买菜而是讨论如何买哪只股票"
1583464341428633601,Fri Oct 21 14:24:52 +0000 2022,3.0,04_onchain_alpha_airdrops,0,0,1,0,NO,@Jianghb1992 @Algorand @algofiorg @tinymanorg 是的，气死我了，在algorand上唯一重点关注的项目，全军覆没，algo为什么起不来，他早期连个好用的钱包都没有，也不知道官方钱包产品经理怎么拿到的工资
1598132543148417024,Thu Dec 01 01:51:04 +0000 2022,4.8,04_onchain_alpha_airdrops,50,11,12,0,NO,"gem/gen被收购后，gen昨天给了300u，
交互人都没有获得理想的回报，
正如，买币要买未来3-4年不被币安下架的，
或者买入有机会会上币安的，
正如，刷交互撸毛得刷天花板足够高的协议，很多dapp就果断放弃吧，
选择大于努力，选择很重要，努力更重要。"
1595367846552354816,Wed Nov 23 10:45:09 +0000 2022,3.0,04_onchain_alpha_airdrops,0,0,1,0,NO,@Rochell9527 @liruikun42 别吵架，咋来推特是学习与找到alpha的，是我关注了，我自己都不知道，可能之前随意看了推特就点关注了，错了就改，我爱China，本推只大部分关注项目，还有投资机构，创始人这些。大家一起学习进步，少亏钱。加油，加油
1594587793661255683,Mon Nov 21 07:05:30 +0000 2022,2.4,04_onchain_alpha_airdrops,0,0,0,0,NO,@Hong04103 之前交互了stg忘了，可以在arb/u过去，arb上借过去，稍微改动一下即可。
1594534014228262914,Mon Nov 21 03:31:48 +0000 2022,2.9,04_onchain_alpha_airdrops,35,1,17,0,NO,赶紧刷交互吧，不刷也会跌没的，
1594220191831183362,Sun Nov 20 06:44:47 +0000 2022,6.2,04_onchain_alpha_airdrops,126,85,14,0,NO,"丰密版OP18交互路径🛣️
E本位，先易后难，极速资金高效版
1、stargate（arb-op/eth）
2、AAve：存e借usdc，
3、usdc：存50到granary，借20，速还
      usdc：rubicon，swap u-weth，存weth到pool，取回，立马weth与u存到velodrome，质押LP，解压，取回。
     usdc：存20-pooltogether（3天）存30-pika"
1593892974832029696,Sat Nov 19 09:04:32 +0000 2022,3.4,04_onchain_alpha_airdrops,14,2,14,0,NO,@ylm5573 这个叼毛平台还是注意点啊，发个nft就来pua，虽然奥德赛项目之一，arb上充值只有一条tx，其他交互均在其内部交易，遇到大额清算就知道他的狠毒之处。
1591809410493734912,Sun Nov 13 15:05:12 +0000 2022,3.9,04_onchain_alpha_airdrops,28,7,7,0,NO,"OKX的子账户功能最近刚升级，撸毛党多加利用归集资金可抗女巫，币安2层提款免费点赞👍，火币子账户功能有，kyc还需国外身份，整体印象停留在90年代，平稳之后，三所接下来的工作重点要紧紧抓住撸毛党/合约π，毕竟都是真实有效的亏钱用户，
9妹，何1，S哥，加油吧，谁是那个最靓的仔"
1591805716528263168,Sun Nov 13 14:50:31 +0000 2022,2.4,04_onchain_alpha_airdrops,0,0,0,0,NO,@TarolZen @myIvan3 空投全给你算了，mint那么多干啥，当饭吃啊
1591794100227182592,Sun Nov 13 14:04:22 +0000 2022,2.0,04_onchain_alpha_airdrops,13,5,10,0,NO,"卧槽，难道这个资格很难吗，之前很早就mint了。所以没具体看资格，反正随便连一个100%肯定有。
撸毛人多看看。"
1581686055224287232,Sun Oct 16 16:38:36 +0000 2022,3.0,04_onchain_alpha_airdrops,83,6,12,0,NO,"撸毛撸到最后
结论就四个字：大道至简
一年到头，大毛的项目就那些，
有些东西，就是命中注定，所以我常说，撸毛就跟做人一样一样的，要深爱，别薄爱"
1603009855304126464,Wed Dec 14 12:51:46 +0000 2022,3.0,04_onchain_alpha_airdrops,4,0,0,0,NO,@0xMonkeyboy @MirrorMegaverse @liquidaccess_ @outdefine @thismirage @pearpopofficial 侯局与王老师，并称华语W3-Alpha之王
1603003773353594880,Wed Dec 14 12:27:36 +0000 2022,3.8,04_onchain_alpha_airdrops,12,2,7,0,NO,"目前只支持小鳄鱼作为跨链nft，你可以理解为测试他的token
原生资产信息跨链，我的理解是，如假包换，绝不整容。
目前的情况是stg的snapshot投票已经非常伙伴，正常在60000个地址，而对应的小鳄鱼只有2万多个，从权重的角度，stg的跨链正常需要多次数多金额，而小额只需要1个NFT，多链进行骚操作 https://t.co/InsSPZod1g"
1602958583775514627,Wed Dec 14 09:28:02 +0000 2022,5.1,04_onchain_alpha_airdrops,17,6,7,0,NO,"🎉  PartyBid  V2 @prtyDAO
1、全面更新，团队在做事
2、引入多人游戏功能，更好玩。
3、从购买、拥有、使用，全面解锁NFT 的全部价值，比如-NFT的空投权益，
4、投票，直接
5、链上会员资格，派对卡横空出世

Kuiclub丰密之前发12车（成功11，失败1）
参与地址：8505
大部分蓝筹巨额融资，一肉多吃🚀 https://t.co/dfr1der8pE"
1602299209293922305,Mon Dec 12 13:47:55 +0000 2022,4.4,04_onchain_alpha_airdrops,32,16,11,0,NO,"哎，原本想囤至少1000个的，现在看来，梅西了。
layer0主打原生信息跨链，NFT与代币的标准稍显区别，从stg最近的投票情况来看，单次投票超过6万，要博取L0的空投，真得从长计议，你以为的你以为真的过时了"
1600153789381906432,Tue Dec 06 15:42:47 +0000 2022,5.6,04_onchain_alpha_airdrops,51,20,24,0,NO,"多个消息来源报道说，参与 Stargate DAO 的治理可能使用户有资格获得 LayerZero 空投,所以他成为了投票最多的项目，然后，还没等到空投，女巫🧙‍♀️分析来了

https://t.co/J5LnAfPpnW https://t.co/ecOYIylIbX"
1600136730086342661,Tue Dec 06 14:35:00 +0000 2022,2.0,04_onchain_alpha_airdrops,0,0,0,0,NO,@alacheng @bebop_dex 哈哈，青蛙🐸版的神鬼，这个设计好Meme
1606564545463734272,Sat Dec 24 08:16:50 +0000 2022,3.0,04_onchain_alpha_airdrops,8,0,4,0,NO,"呀，都在关注袜子，键盘，这......情何以堪，想起来uniswap的袜子，男人确实都喜欢看好看的袜子🤓，也喜欢穿有型的袜子，生活已经很苦了 。
去年最强的苹果pro已经无法满足高强度撸毛生活了，键盘的油光蹭亮都是无数次亏钱的双击印记"
1605083589007540224,Tue Dec 20 06:12:03 +0000 2022,4.8,04_onchain_alpha_airdrops,31,11,6,0,NO,"Linera 发布白皮书，a16z投资种子轮的匿名支付系统

交互人好累啊，每天海量信息，看不懂还得学，学完还得理解，理解不了还得交互，交互了还得亏钱，亏钱了还要被举报，举报成功了就女巫，ctmd"
1605040359066972160,Tue Dec 20 03:20:16 +0000 2022,4.8,04_onchain_alpha_airdrops,32,11,4,0,NO,"Axelar 的卫星桥空投代币AXL
1、📖https://t.co/ItN1x7tmVW
2、跨Token+跨链 NFT（机器人 NFT ）均可获得资格，此处应该@ L0小鳄鱼
3、曾经估值10亿刀的项目，给了air，说明早期参与者还是有机会，不给大毛说明格局有限"
1612824563674669056,Tue Jan 10 14:51:55 +0000 2023,3.2,04_onchain_alpha_airdrops,12,0,2,0,NO,"周四相约知名社区biteye，
eye=see，看见世界，
biteye还给100U空投， https://t.co/Ie8dlRN9si"
1612820982611468288,Tue Jan 10 14:37:41 +0000 2023,3.4,04_onchain_alpha_airdrops,0,0,1,0,NO,"@wendyli49877584 这个是一整个闭环组合：partybid参与买入，tessera参与价格设置与领回等，snapshot参与治理投票，之前我有写整套交互逻辑，翻翻之前的内容吧。
我们耍交互要核心聚焦提升账户的权重与交互看好的协议等"
1612798886489513984,Tue Jan 10 13:09:53 +0000 2023,3.0,04_onchain_alpha_airdrops,2,0,0,0,NO,"🎉🎉
@stayfoolNhungry @15xilie 恭喜，私信我下，获得@OneKey_Support @OneKeyCN ONEKEY钱包。
ONEKEY使用体验棒棒哒。"
1610907341444251648,Thu Jan 05 07:53:34 +0000 2023,4.4,04_onchain_alpha_airdrops,20,18,6,0,NO,"Partbid   A16Z 领投估值最高的社区型DAO
交互建议
1、单钱包参与party活动次数大于3次
2、有条件的创建发起party
3、参与过v1版本的地址尽量也参与v2版本
4、从次数、金额、活跃度等维度超越其他80%的人"
1610203952225882113,Tue Jan 03 09:18:33 +0000 2023,3.4,04_onchain_alpha_airdrops,9,1,2,0,NO,"亲戚们懵逼了，你还在心里默默嘲笑他们。笑他们不懂web3、不懂得交互、不懂你即将暴富的心情，也笑他们连歪脖三都不会读。

你父母的同事都在说自己的子女一年的收获，儿子买了个房，女儿买了个车，姑娘升职加薪了,你的父母在旁边尬笑不说话，说我的儿子搞了个破电脑，开起来嗡嗡响、"
1620355494731976706,Tue Jan 31 09:37:09 +0000 2023,3.0,04_onchain_alpha_airdrops,7,3,2,0,NO,"@fusionistio上主网了，500NFT的freemint的，今天逆天到8E了，如果你之前点过注册过这个链接🔗，应该有积分，积分可以白嫖他们的代币ace。
进入：https://t.co/zvL3APIHDz"
1620045890844237824,Mon Jan 30 13:06:54 +0000 2023,3.4,04_onchain_alpha_airdrops,13,8,3,0,NO,darkforest 黑暗森林，v神都在玩的游戏，@alt_layer 生态里一个重磅的游戏项目。之前1E入手的altlayer OG NFT 空投了一个0.3E麦当劳水濑。这次有福报吗@jiayaoqi
1618805591186735105,Fri Jan 27 02:58:23 +0000 2023,4.4,04_onchain_alpha_airdrops,34,17,12,0,NO,"digi女孩 是创世，只有2000多个，任何时候都会赋能给空投吧。
一起买这个女孩子。17车上车👉
https://t.co/9J1pxKF50w

抽奖面具查询：https://t.co/hpkmKV95FH，地板0.5左右

注册龙🐲：赶紧去。

有问题去kui社区：https://t.co/PI5f4rUzsj"
1618622871932370944,Thu Jan 26 14:52:19 +0000 2023,4.0,04_onchain_alpha_airdrops,13,4,8,0,NO,"再次提醒一下：
刚去KuiClub-Azuki (AZK)合约看了下，还有 7.33E未领回自己的钱包。亏兄，这可是钱💰呐。领出来，在复投，囤E+刷tx+博早期+深度福报。

其他无聊猿(KAPE) 还剩余1.6185 E

Potatoz ：剩余0.66

领取：
打开https://t.co/kTKLNvvM3s 搜kuiclub 
或https://t.co/c7eV6Dy8qm

其他车未售出"
1618583626408660992,Thu Jan 26 12:16:23 +0000 2023,4.4,04_onchain_alpha_airdrops,47,23,7,0,NO,"🎉发车 持续关注digi女孩。
1，母公司 Limit Break  2 亿美元融资，它创建新的游戏模式「Free to Own」（免费拥有），新的 NFT 将通过空投发放，创始人@gabrielleydon

2、女孩子只有2000来个。
上车：https://t.co/9J1pxKF50w

3、Digi  Dragons 白名单注册网站（去肝）
https://t.co/yhP8ZFBtKT"
1618533007207596034,Thu Jan 26 08:55:14 +0000 2023,2.4,04_onchain_alpha_airdrops,0,0,0,0,NO,@0xleyima 企鹅没研究🧐，会有空投么，有大额融资么，回头花时间看看去
1625785073026080769,Wed Feb 15 09:12:21 +0000 2023,4.8,04_onchain_alpha_airdrops,119,26,32,0,NO,"💥@rabbithole_gg +@33daoweb3 
随着RabbitHole V2即将推推出，兔子洞首次走进华语社区。

作为一个忠实的兔粉🐰，丰密代表（3，3）DAO成功邀请兔子洞@rabbithole_gg 的CEO  @Flynnjamm 做客33space。

2月17本周五晚9点半

如果你专注链上交互，我想终究有一日，你会为之着迷与沉醉！"
1624464098380615681,Sat Feb 11 17:43:16 +0000 2023,2.5,04_onchain_alpha_airdrops,30,2,4,0,NO,"你不贪心便是奖励
你若期待便是美好

致敬歪脖山撸毛人"
1624384387319214080,Sat Feb 11 12:26:32 +0000 2023,2.5,04_onchain_alpha_airdrops,29,3,21,0,NO,"LENS地板100刀
看来很多巨鲸在买入

我有一个朋友，让我帮忙问问，什么时候到200，
什么时候Airdrop"
1624323481973424128,Sat Feb 11 08:24:31 +0000 2023,2.0,04_onchain_alpha_airdrops,2,0,0,0,NO,@0xFengwuxiang @MrAW8888 是的，撸毛人太难了，怀念去年夏天低于5的每一天
1624251595884986370,Sat Feb 11 03:38:52 +0000 2023,3.8,04_onchain_alpha_airdrops,0,0,1,0,NO,"@Lettus68002947 v2版本也可以在fra协议上进行。v2版本支持与合约交互，可以领空投等各种操作，相比V1更dao更去中心化。
如果要去fra协议设置拍卖，任何人可以提案，通过即可执行，进入fra后需要50%占比的人设置价格根据权重计算设置的最终拍卖价。

更去中心化，更dao，制度多，需要成员参与的更多，好处是得到链上tx"
1630479868554268672,Tue Feb 28 08:07:48 +0000 2023,3.5,04_onchain_alpha_airdrops,27,8,5,0,NO,"还有3万个。
一周内可能就没了。有糖果的150个兑换。没糖果的签到领取。对于钱包没有poap的可以试试，有些对于passport也有用。新手无聊活。
点赞关注+。随手可能就找不到链接了
兑换链接：
https://t.co/K839s8x6ea"
1623371780042928128,Wed Feb 08 17:22:47 +0000 2023,3.5,04_onchain_alpha_airdrops,18,9,12,0,NO,"L0之前估值30亿，挺喜欢听pima老师提到的关键词：全链defi时代，想想都有点兴奋的感觉。
L0大概率会把权重给质押STG的忠实粉丝。
为什么这么说呢，因为我TM锁了3年"
1622098772938612737,Sun Feb 05 05:04:19 +0000 2023,3.4,04_onchain_alpha_airdrops,15,9,11,0,NO,"提案卖出分钱
kui2023 MAYC 空投的pass卡，已经提案-14号。
提案：在OS卖出pass卡。
参与的朋友投票👇-14提案
https://t.co/UYU4JhdKwq"
1615966026256240641,Thu Jan 19 06:54:58 +0000 2023,4.4,04_onchain_alpha_airdrops,24,11,11,0,NO,"⚠️Kuiclub提醒：激活party card参与投票
数据：一周内发起4party，成功购买3肚兜1猴，合计41E，合计参与地址2524。

‼️重要提醒：Mayc现在可以铸造游戏Dookey 门票Sewer Pass。可出售可玩。地板价1.3E，相当于2000刀的空投。已在party发起提案mint，需30%人的同意后执行。
🔗https://t.co/UYU4JhdKwq"
1616128943559675904,Thu Jan 19 17:42:21 +0000 2023,4.0,04_onchain_alpha_airdrops,26,17,1,0,NO,"比波普bebop 
@bebop_dex
  角色认证
https://t.co/krJI6VUgv1。
额滴个乖乖，他的poap贵的一比，
https://t.co/YlUDY4KlIP
更新版，钱包前面带个OG皇冠👑，帅的一比。
还是那句话：那年，相约在冬季。
懂得都懂"
1616713611153666049,Sat Jan 21 08:25:36 +0000 2023,3.4,04_onchain_alpha_airdrops,14,9,0,0,NO,"cosmos上的wynd。之前airdrop空投的去查询，去领取。去这里卖：https://t.co/PS58TkiKH8。
积少成多，也能换不少atom 3阿哥"
1628674061042880518,Thu Feb 23 08:32:10 +0000 2023,3.4,04_onchain_alpha_airdrops,4,5,4,0,NO,"6：我们怎么干-交互与使用建议：
1-safe的创建与导入，合理使用utopia等财务类软件
2-使其持续性活跃
3-safe的交互能带动整个eoa地址交互体系的建立
4-utopia的此次NFT系列有资格的建议参与，大概率是权益NFT。拉🈵️"
1627870218952536064,Tue Feb 21 03:17:59 +0000 2023,5.2,04_onchain_alpha_airdrops,15,12,2,0,NO,"@phi_xyz 速览
1、这个之前好像是Uniswap基金会的赞助项目
2、像素风格，老外喜欢，刚刚小融资。
3、gitcoin之前的捐赠热门项目
4、联合lens搞yasai活动，里面有这6项，深度交互lens的更新一下。如果不为了交互phi，从此细则大概知道lens日常要点：发高质量帖，收藏别人，被别人收藏。
5、只刷一点点🤏 https://t.co/PhuBbq04LN"
1634051964458901505,Fri Mar 10 04:42:02 +0000 2023,4.8,04_onchain_alpha_airdrops,34,16,4,0,NO,"Bruce博士：
用户在交互博取空投时，想要立于不败之地，不在于做了多少正确的举动，而在于不要去做错误的事情。
每次做猎巫报告的分析与提炼，我都会清晰的感觉到市场的力量，这种力量在逐步的瓦解掉危机与财富并存的原始丛林。这种力量在驱动着用户朝正确的方向迈进，

有幸与Bruce老师成为并行者。"
1636038651196080128,Wed Mar 15 16:16:25 +0000 2023,2.0,04_onchain_alpha_airdrops,1,0,0,0,NO,@0xstrobe @DefiLlama DEFILAMA 直接做个钱包算了。把小狐狸给干掉。取而代之，另立新王。
1636037909336977410,Wed Mar 15 16:13:28 +0000 2023,3.4,04_onchain_alpha_airdrops,1,0,2,0,NO,"@Greta0086 @0x0b0e @ShawnMelUni 原则就是，要奶就要奶出天际。让项目方飞的更高。
那空投啥不啥的，咋们根本不在乎，反正项目方都会pua。我们习惯了。没所谓。真的，没所谓。"
1635602418166792192,Tue Mar 14 11:22:59 +0000 2023,2.0,04_onchain_alpha_airdrops,0,0,1,0,NO,@Haiteng_okx @bitcoinzhang1 对于新手挺好的，如果同一浏览器下开了小狐狸与okx web3钱包需要外扩展里关闭其中一个。
1635547382938230786,Tue Mar 14 07:44:17 +0000 2023,2.5,04_onchain_alpha_airdrops,18,4,2,0,NO,"DEFI撸毛亏友，ZK是这一轮最大的叙事之一，与其博爱不如深爱，
专注梭哈：人类高质量TX项目"
1635525007299461121,Tue Mar 14 06:15:22 +0000 2023,3.5,04_onchain_alpha_airdrops,32,2,9,0,NO,"10年前，为了目睹珠峰日照金顶，拉萨-珠穆朗玛，高寒缺养，车座下是万丈悬崖，一不小心就车毁人亡。时不时路上限流，偶尔还有很多钉子爆胎，前不着村后不着店，时不时爆粗却依然仗剑走天涯，看到日照金顶的人眼神闪耀，没看到的嘴里卧槽
像极了现在的DeFi +撸毛路之路，走着走着，人就散了，钱也没了😔"
1635261796042014720,Mon Mar 13 12:49:28 +0000 2023,3.4,04_onchain_alpha_airdrops,3,0,2,0,NO,@MangoDAO321 应该可以，生成过证明的不就可以么。这么大的愿景，项目方未来应该会照顾照顾V1+V2活跃用户，现在就没必要再去交互去卷了，理论上今天就截止了。
1641438357539680259,Thu Mar 30 13:52:55 +0000 2023,2.0,04_onchain_alpha_airdrops,0,0,1,0,NO,@hongbing55 就是个苹果主机，带着就能到处撸毛的那种
1641366100465291264,Thu Mar 30 09:05:48 +0000 2023,2.0,04_onchain_alpha_airdrops,11,2,9,0,NO,"看好ARB的操作就很简单，
放在自己钱包，持续更新TX，委托投票（自己/或别人）有时间的最好自己投，我依然相信arb会带来更多的确定性"
1641365252515442689,Thu Mar 30 09:02:25 +0000 2023,2.0,04_onchain_alpha_airdrops,2,1,3,0,NO,@RYXX8888 我刚买2个mxkey，不错的手感，我配了4台mac pro，1苹果mac air，  我准备轮着用，一台交易，4台撸毛。
1646808416596393985,Fri Apr 14 09:31:37 +0000 2023,4.2,04_onchain_alpha_airdrops,8,0,1,0,NO,对于交互者，追求低费用，安全性，但同时也需要考虑未来的协议寻求的真正的长期深度用户，对于现在的市场有些过热，任何狂热事件的背后都是对成本的不控制，亏子们，简单使用追溯空投的时代已经过去了，别让亏gas成为亏gas。
1646807390397026306,Fri Apr 14 09:27:32 +0000 2023,4.2,04_onchain_alpha_airdrops,6,0,2,0,NO,对于曾经跨链组合的交互体验，我个人测试了市面上大大小小的跨链桥，说实话，3方桥会给空投的不太多。或者不值钱，丰密曾经提出的各种交互组合策略里，最多的就是利用跨链桥与坚持官方桥的组合，理论上还是追求传统金融的资金使用效率，让资金在链上跑起来，每一步gas的消耗都希望得到tx的验证与尊重，
1646706633161179137,Fri Apr 14 02:47:10 +0000 2023,3.9,04_onchain_alpha_airdrops,17,0,15,0,NO,"其中被盗的7.5万个ARB价值12万刀了，心痛到抽搐，这当gas亏掉我得交互多少协议啊。

被盗原因：估计是助记词或者私钥，到目前为止我都没查清楚，所以亏友们务必注意安全，助记词私钥不要随便复制，我很小心都中招，以后大额放多签。冷钱包，我已经有10几个冷钱包了，每个冷钱包放3.3eth。"
1646640094194057218,Thu Apr 13 22:22:46 +0000 2023,4.4,04_onchain_alpha_airdrops,163,22,33,0,NO,"任何事情坚持10000小时定律，结果可能不会很好，但都会有结果。
以前研究defi，了解区块链的可组合性魅力如此之大，玩着玩着还发空投，卧槽之后加大投入继续梭，然后就亏完了
 后来，我每天只睡5-6小时，因为，这个世界，比你有钱的人，一定比你努力，比你努力的人，终究有一天会比你有钱，世界也许不"
1646605921655853056,Thu Apr 13 20:06:58 +0000 2023,5.2,04_onchain_alpha_airdrops,104,58,5,0,NO,"GG要来了，
1、亏友要做的，更新passport
2、过期刷新，重新搞，有最低分数门槛。
3、捐款打钱，不bb.
4.筛女巫，匹配更多资金。
5.后续可能mint项目的超级证书，未来肯定有鸟用。
6.人类高质量tx,精品必配。
7.passport里的细节自己去多瞧瞧，别等喂饭。
8.功不唐捐，手留余香
9.坚持践行，但行好事"
1651409586245750785,Thu Apr 27 02:15:01 +0000 2023,4.0,04_onchain_alpha_airdrops,7,0,12,0,NO,"Winners 🏆
- @brownfoxcn
- @jiushilm
- @pengkeze3
- @dugubit
- @bi8bo_m
- @gblwang49
- @0xrss
- @Andy2004_1
- @jingshe38605550
- @Gitoof

➜ https://t.co/eWAjY58JgQ
 
上面👆10个亏友麻烦私信我你的收获地址+钱包地址。
送书+送狗。所有信息回保密。3天内未私信视为放弃，随机候补其他伙伴"
1651062477097148417,Wed Apr 26 03:15:44 +0000 2023,6.1,04_onchain_alpha_airdrops,17,4,4,0,NO,"@Highlight_xyz Highlight 种子轮融资 1100 万美元
Highlight 提供无代码工具和基础设施，帮助创作者和艺术家设计和铸造 NFT
https://t.co/hLK3RTLVYh

@daylight Daylight 种子轮 300 万美元
功能：钱包发现服务，发现钱包一切：铸币、空投、解锁、投票等
https://t.co/679YqTc7re

他两牵手🧑‍🤝‍🧑集成叻 https://t.co/OX3MBpoaI8"
1650869019292078082,Tue Apr 25 14:27:00 +0000 2023,3.0,04_onchain_alpha_airdrops,0,0,1,0,NO,"@zhaoyuanpan @wjizihqjbrr34 我本不想呼应你这sb，你看过大户自己名牌自己卖出也说的吗？我在乎这几个，我在fomo的时候我会真的佛魔。但个人精力有限，我希望的是聚焦，你明白吗，我赚的清清楚楚，亏的明明白白，大家都知道我持有，说了也没啥吧。
我昨晚冲lsd的时候，人家也监控了我的钱包，你可看看我亏了多少，我说过一句话？"
1650528067948011521,Mon Apr 24 15:52:11 +0000 2023,4.4,04_onchain_alpha_airdrops,82,36,45,0,NO,"ARB的金铲子又来空投了，现在单号还有30-50U。要求20-23号间持有arb，aidoge，acid等币之一就可以有资格！  合约安全，已经减半了，。
https://t.co/YMPDVcybxf"
1636908033463943170,Sat Mar 18 01:51:02 +0000 2023,5.6,04_onchain_alpha_airdrops,66,15,39,0,NO,"1、回头找个时间，具体阐述我们曾经对空投交互的一些前期判断，包括时间节点831，nova。
2、arb上线对于治理模块，Arb DAO 对于投票也会上升最高等级的模块，懂都懂。
3、safe多签没有空投，目前针对EOA地址，
4、以后有些内容限定范围归纳总结复盘展望

铁粉面熟优先
https://t.co/hGFaXB2WZk https://t.co/cAZTpXokYc"
1643458569352908800,Wed Apr 05 03:40:31 +0000 2023,5.6,04_onchain_alpha_airdrops,114,43,28,0,NO,"airdrop ，委托arb的亏友，钱包估计都有arb，去查领取。如果害怕风险，claim完就 https://t.co/DP6RRYFyEO。

op上曾经的velo，空投完之后爆涨📈，无数人拍大腿的场景会不会在现。

@y_cryptoanalyst 第一时间就看到了，yyds"
1649793322746261510,Sat Apr 22 15:12:34 +0000 2023,5.6,04_onchain_alpha_airdrops,51,20,28,0,NO,"金铲子理论，一肉多吃，都没问题。
但是能不能让我休息♨️几天。
捡钱好累+格局的心情💢也很复杂的
这下又要开始捡了
https://t.co/O91szCyRLm
👆带kui的邀请链接，几个数据需要注意⚠️
31天，减半领取，领取时间

有空投的：确认合约安全之后，领取，流动性/质押，
没资格：挺多玩法

亏钱是常态 https://t.co/fCaezsQmMC"
1657337543334178817,Sat May 13 10:50:36 +0000 2023,5.2,04_onchain_alpha_airdrops,110,66,5,0,NO,"在defi+撸毛火热的时候，丰密提出一鱼多吃策略，嵌入了很多桥的组合，如bungee（以前叫movr）。
bungee属于Socket的产品，socket是互操作性协议，用于跨链安全高效地传输数据和资产。
1、未发币
2、可能对你有用的浏览器https://t.co/pHSTBKmwNM
输入hash，很清晰追踪

@SocketDotTech @BungeeExchange"
1656841446333485056,Fri May 12 01:59:18 +0000 2023,2.0,04_onchain_alpha_airdrops,3,0,0,0,NO,@baofuliu 这个还是讨论稿，后续我个人会考虑放在独立的冷钱包+同时新建几个多个多签safe进行委托的方式。
1656840848489996288,Fri May 12 01:56:55 +0000 2023,2.4,04_onchain_alpha_airdrops,8,0,1,0,NO,Kui Pro  一句话：一个交互小圈子，践行1年时间，继续亏钱之路。
1656665516063465473,Thu May 11 14:20:13 +0000 2023,2.0,04_onchain_alpha_airdrops,1,0,0,0,NO,@Gavin_Alphas @11dizhu 等资本要拉盘的时候，会不会就开始造势，叙事开启🔛叻。我总感觉好多资本势力在盯着它。特别是曾经没有投到它的机构
1656275889095839746,Wed May 10 12:31:58 +0000 2023,4.8,04_onchain_alpha_airdrops,31,14,4,0,NO,"@Monica_xiaoM 很多人其实不在意过程，只看结果，结果是很重要，但跟踪一个项目，建立一个项目的信息库，投研跟踪，真的很不容易。

同时很多人说焦虑，或者制造焦虑，如果深处这样的行业不焦虑，各种alpha，各种讯息，不焦虑如何进步，焦虑不应该是别人给的，是应该自己给自己。
https://t.co/VkFMhQir0h https://t.co/BUo0EWZOMb"
1655781655175626752,Tue May 09 03:48:04 +0000 2023,2.4,04_onchain_alpha_airdrops,7,0,6,0,NO,"我就想问-灵魂拷问：
ARB咋跌成这样？
空投的钱从哪里来的？
未来还有哪些大金铲"
1655781653657317378,Tue May 09 03:48:03 +0000 2023,4.4,04_onchain_alpha_airdrops,93,27,59,0,NO,"说的恐怖的事情
ARB空投，单号平均2000个，价值3000刀。
ARB 大金狗aidoge 空投3刀，暴涨几百倍单号价值300～1000刀。
ARB 大扑街pogai 空投几美金，暴涨均值150刀。
ARB 其他的屎啊hold猪老色狗等均值3～20刀。
ARB的源头给到爱狗过渡到chemms，空投几美金，现在暴涨150倍，单号800刀。
…………待续"
1663387077214633985,Tue May 30 03:29:18 +0000 2023,3.8,04_onchain_alpha_airdrops,13,1,7,0,NO,"1个没领到（claim了一上午）。
先冲了10E成为❤️LP。我可能就是那个煞笔。
这个领取需要钱包持有1枚love，
我感觉她意思是你必须先成为有爱的人，然后传播love。
持有爱，我成为煞笔纯粹因为这个单词，感觉值钱。 https://t.co/sgwVSzqeB4"
1669189024274341889,Thu Jun 15 03:44:10 +0000 2023,5.0,04_onchain_alpha_airdrops,34,17,14,0,NO,"Airdrop ⚡️ ATOM生态🧧
ARCH 代币
检查：https://t.co/dWrIwAh0ca
资格：任一
2023/1/16 前
抵押超过 25 个 ATOM/通过 Axelar 在单笔交易中桥接了价值超过 5,000 欧元的资产/在 Terra (Classic) 上部署合约
使用 Constantine-2 或 Torii 测试网
25 到 2000 之间质押的 ATOM 的分配比例为 1:1，平均每个钱包约207.7 ARCH
详情🔎：
https://t.co/8RdgZLtBy1"
1668638442425839616,Tue Jun 13 15:16:21 +0000 2023,2.5,04_onchain_alpha_airdrops,36,0,7,0,NO,"世上本没有路，走的人多了，
也便成了路。
撸毛之路
亏钱之路
维权之路
这一路风雨兼程，只为遇见更好的自己，努力活成自己想要的样子。"
1667492519746355201,Sat Jun 10 11:22:51 +0000 2023,5.2,04_onchain_alpha_airdrops,95,51,10,0,NO,"shell  airdrop
领取螃蟹🦀️
这个早期arb上只要有余额就可以随便领取mint+奥德赛nft，基本就可以赚个千八美金💲，但，这种日子恐怕以后再也不会有叻。

做了的随便claim下巴，shell貌似都没拿到arb基金会的空投，错过最佳时机，GMover
https://t.co/mlrYftNhOF"
1666300715831283712,Wed Jun 07 04:27:03 +0000 2023,2.4,04_onchain_alpha_airdrops,0,0,0,0,NO,@Toubazi 最近身边很多这种情况：领取了ARB空投的地址，出现的情况是ARB被转走，大概率可能是授权了某项目
1675105738409263105,Sat Jul 01 11:35:04 +0000 2023,2.9,04_onchain_alpha_airdrops,35,9,8,0,NO,"惊闻又有一大批人账户被盗。
任何一个生态，丰密建议只交互2类协议
基建协议+大资本投资的头部潜在未发币协议"
1674035839784067079,Wed Jun 28 12:43:40 +0000 2023,4.4,04_onchain_alpha_airdrops,85,23,32,0,NO,"这个号称融资1000万的衍生品赌场协议@SatoriFinance
先不要交互，因为充值不到账。
你们好歹发个推提醒一下，你们不发，我帮你们发，
别急着去test"
1680143592420159489,Sat Jul 15 09:13:42 +0000 2023,2.0,04_onchain_alpha_airdrops,0,0,1,0,NO,@andybetaalpha @Thalesmeta 这个可以额，很低了，我觉得折合50美金以下的jiu随便搞一个，保持好奇心的亏钱
1680113232479162369,Sat Jul 15 07:13:04 +0000 2023,4.0,04_onchain_alpha_airdrops,35,24,14,0,NO,"Dune Airdump 沙丘粪便
Hot dump of 1337 Dune turds on the farmer community.
The Dune Airdump!!! 🪂📷 
https://t.co/R1bbiOmxQm

每个钱包的价格不一样，背后应该是对应每个钱包在dune的使用情况。早起沙丘可以绑定钱包地址。管他是💩，犹豫就会败北，答应我点下去，亏/kui"
1678420080223215616,Mon Jul 10 15:05:05 +0000 2023,2.8,04_onchain_alpha_airdrops,1,0,1,0,NO,积分转化为arkm代币。应该还没结束🔚，可以大号邀请小号，但是直接推荐暂时崩了，恢复后继续 https://t.co/9KF5PiYQ16
1678415623712301057,Mon Jul 10 14:47:22 +0000 2023,5.0,04_onchain_alpha_airdrops,63,32,19,0,NO,"人类历史上的首个
通缩资产与生息资产合二为一，这是未来金融最有生命力的形式。

亏pro们，丰密认为撸毛的尽头是攒到足够多的ETH，然后质押到@swellnetworkio  @eigencloud @LidoFinance

用利息收入看遍世界，每天睡到9点起，种种花，让她笑靥如花
虽然现在这还是个遥不可及的梦，心若在梦就在。

https://t.co/fujnnclmYz，https://t.co/fTVx1on4P4
https://t.co/Aumk8JIo6b"
1689461786444234752,Thu Aug 10 02:20:53 +0000 2023,4.2,04_onchain_alpha_airdrops,38,80,18,0,NO,"参与过22年5月份的冒险活动应该都有AIRdrop
价值几何，☹️

空投钱包查询：https://t.co/Qb61TZbbHN"
1688040115074146304,Sun Aug 06 04:11:40 +0000 2023,2.4,04_onchain_alpha_airdrops,0,0,0,0,NO,@NeZK78335138 女巫绕道走，真实的活跃用户。
1686759190180585472,Wed Aug 02 15:21:44 +0000 2023,2.0,04_onchain_alpha_airdrops,2,0,0,0,NO,@blue95271028 嗯，已经很久没参与过借贷打新了，这次挖10天跑路。真是test
1684831880007602176,Fri Jul 28 07:43:17 +0000 2023,6.6,04_onchain_alpha_airdrops,63,51,49,0,NO,"我一直提倡：人类高质量tx，高质量tx带来的不仅仅是用户在链上对项目的认可，也是早期/深度交互的凭证。
这种TX的背后是认可项目方的愿景，背后的投资方，细分赛道能跑出来的潜质，项目未来若成长起来给予用户正反馈的一种认可。

但是现在的很多项目已经把用户当成煞笔一样的看待，
白嫖用户，让用户花掉多余的gas，做着重复🔁无用的代号奥德赛活动，美其名还要反女巫。

水能载舟，亦能覆舟

女巫的TX也是TX"
1681574020809101315,Wed Jul 19 07:57:43 +0000 2023,3.4,04_onchain_alpha_airdrops,26,14,15,0,NO,"明牌空投：Swell，经过多次沟通，终于来了。
本次转发33space与听space有送U👇"
1687440664131477505,Fri Aug 04 12:29:40 +0000 2023,3.8,04_onchain_alpha_airdrops,25,42,18,0,NO,"撸毛人视角
无人问津   万众瞩目"
1697121580806242788,Thu Aug 31 05:38:10 +0000 2023,2.9,04_onchain_alpha_airdrops,44,3,18,0,NO,"之前连续的链上钱包被盗事件，加上女巫举报，冷冷的冰雨夜让撸毛人积极性就降低了，下一个大毛就不远了。
亦以后可能是这样的剧情：你才是撸毛的，你全家都撸毛。"
1696490877596979346,Tue Aug 29 11:51:59 +0000 2023,2.0,04_onchain_alpha_airdrops,2,0,3,0,NO,@0xyima 代表撸毛人感谢姨妈奶姨太，撸毛人都囤的姨E，
1694349174127624263,Wed Aug 23 14:01:37 +0000 2023,3.4,04_onchain_alpha_airdrops,1,0,0,0,NO,@tianjinsino 交易量只是一个纬度，围绕如何做一个真实的+活跃的+有钱人 还蛮重要的。   第二点：都在谈女巫的时候其实就是女巫，项目方可以根据用户画像奖励他认为的真实用户，提高门槛等各种方式很轻而易举
1702869361135157579,Sat Sep 16 02:17:48 +0000 2023,5.1,04_onchain_alpha_airdrops,29,1,47,0,NO,"OP的骚操作
我觉得吧，有钱不领，你op硬塞给人家，有些钱包估计都丢了，这算是分散化还是打入黑洞地址，为什么不奖励一直支持你的交互者，你是否还记得op上次的那个奥赛活动，现在毛都没见着@optimismFND

不要让支持你的人失望😭 https://t.co/Tu6ATWIQg5"
1697840945419649290,Sat Sep 02 05:16:40 +0000 2023,4.8,04_onchain_alpha_airdrops,50,16,17,0,NO,"北北的这个工具不会记录地址不会让你女巫。
曾经小刀老师@liangfenxiaodao 等其他老师也在@33daoweb3 里解答过查询不会被女巫。
工具🔧：https://t.co/XTTjs7gHoD

丰密依然提醒：任何事情适可而止，懂分寸知进退，
最后：哪有这么多地址可以倒，明明就3个地址。"
1692193586044137773,Thu Aug 17 15:16:05 +0000 2023,3.4,04_onchain_alpha_airdrops,24,23,30,0,NO,"Sei 的空投  据丰密观察👀
有可能有个标准权重之一参考：l0的大额跨链

别问我怎么知道的，不是官方，只是凭经验瞎说的"
1706137242216099860,Mon Sep 25 02:43:11 +0000 2023,4.7,04_onchain_alpha_airdrops,31,1,29,0,NO,"很多ARB曾经的撸sir，热爱生活，穿上黄袍，狂奔掐秒，根本无暇claim airdrop，人类历史最大的空投福利领取结束
下一次，也许未来已来 https://t.co/k9mpT1LpOs"
1704001755762327727,Tue Sep 19 05:17:32 +0000 2023,3.7,04_onchain_alpha_airdrops,34,4,52,0,NO,"在没有大空投，撸毛人3天饿9顿
项目方都是最后一次露面了，还指望空投吗？ https://t.co/kMbOLlidMw"
1719005715707412716,Mon Oct 30 14:57:54 +0000 2023,2.4,04_onchain_alpha_airdrops,3,0,0,0,NO,"@ohxiyu 确实，撸空投有点“嗟来之食”。
曾经，有人问我干吗的？我说是做“网络乞讨“的。
但是不去吧，连饭都没得吃。"
1718654405753647340,Sun Oct 29 15:41:56 +0000 2023,3.3,04_onchain_alpha_airdrops,27,5,16,0,NO,"有一份关于ARB质押机制的提案讨论
https://t.co/GskatEUWIg https://t.co/jxPZebVAUY"
1718202911669514632,Sat Oct 28 09:47:51 +0000 2023,2.0,04_onchain_alpha_airdrops,0,0,3,0,NO,@hebi555 @hellosuoha @yonghaochen168 @binance @Memeland 牛逼 ，教授竟然晚上带妹子单独出去浪了
1718176269647704069,Sat Oct 28 08:01:59 +0000 2023,4.0,04_onchain_alpha_airdrops,48,15,15,0,NO,"手里有ARB的在@binance 借贷打新
把跌麻的ARB在杠杠借币-逐仓模式里借TUSD，
（arb也可以当作理财-质押借币tusd，但是已经被借空了）
丢进launchpad
https://t.co/M8hKOhj51H
回头挖到的meme卖了还款还利息，
99%不会亏，赚的钱买ETH，当成gas多亏3个号。
回头撸到100倍，迎娶白富美，走向人生巅峰"
1717070350616527351,Wed Oct 25 06:47:27 +0000 2023,2.4,04_onchain_alpha_airdrops,5,0,2,0,NO,不是空投标准，不需要激动，数据看板而已，沙丘数据统计的相关内容多了去了。
1716446394612093143,Mon Oct 23 13:28:05 +0000 2023,4.0,04_onchain_alpha_airdrops,3,0,0,0,NO,"这位老哥，看你回复parax的推文这么用心，用的词汇是：不问青红皂白的封杀。
我个人有点不乐意接受你的词汇。
1、你对优秀的创业者的支持，也对于行业的维护建设，对此表示肯定。
2、你前一段话说我作为5万粉的kol，不应该仓促下决定封杀，我好像没有封杀啊，也没有这个能力，如果单纯作为一个用户，或者长期关注的用户，我质押了大笔资金，在长时间无法claim，并且社区一堆人遇到这种情况下，找不到官方提醒及解决的情况下，作为一个你们认为的狗大v 发个推文提醒一下，难道不应该吗？我真的错了吗？
我没有支持他们吗？我活该要亏钱吗？"
1729910183596560591,Wed Nov 29 17:08:22 +0000 2023,2.0,04_onchain_alpha_airdrops,3,0,3,0,NO,@CoinList @bondexapp CL打新经常出百倍币，最近的可能就数NEON，卧槽啊，…
1727554826488393937,Thu Nov 23 05:09:01 +0000 2023,2.0,04_onchain_alpha_airdrops,0,0,2,0,NO,"@okxchinese okx
自从web3钱包开启🔛了赢麻日常状态"
1724042116857500009,Mon Nov 13 12:30:46 +0000 2023,3.5,04_onchain_alpha_airdrops,20,2,12,0,NO,"我最近在反思现在的撸毛现状，在这样各种任务下去，以后不是撸毛了，自己就是那个毛！
我随便丢了几个字母，26个字母踩中几个，基本就越阡啦。大毛很多很多的，比如DYDX，APT，可以回顾下自己获得的大毛跟哪个字母比较吉利。"
1715015551276478817,Thu Oct 19 14:42:25 +0000 2023,8.0,04_onchain_alpha_airdrops,32,39,23,0,NO,"1、看来融资2700 万美元的zeta @zetachain快有代币了。之前的测试网络有积分应该是有福报。
2、OKX 确实是目前最懂链上用户的交易所，活动与产品超多，web3入口，一个就够的广告词也算是深入人心，懂的人会说确实是，不明白的会问凭啥啊，研究使用后大概率是：卧槽牛逼。涵盖nft+dex+aa钱包+理财产品等全套服务。比如刚推出OKX Web3 插件钱包每日可享 3 次交易gas返还，这对于主网的交互来说可以说是白嫖tx。
撸ok详情🔎https://t.co/bMVXeStixH
3、撸空投：Cryptopedia 活动持续到第8季了，但是依然只有第一季zkSync Era能深入我心，正如：你虐我千百遍,我待你如初恋，懂得都懂。
移动端需要经常更新，没事外出时闲暇时光随意互动⚡️亏点gas
今天外出修Rimowa行李箱，等待时光践行了亏gas
亏掉的gas未来福报希望能换新，如果真亏没了，希望okx @okxchinese能出联名款行李箱，送给亏友。

附图：里默瓦维修价目表-也许对你有用，
#OKXWallet📷"
1734912004928971115,Wed Dec 13 12:23:49 +0000 2023,5.2,04_onchain_alpha_airdrops,30,11,17,0,NO,"既然你这么说，那丰密给你 补一刀：
协议产品的设计是自己设计的吧？是不是先要存款才能跨链及使用协议。
你就直接说中文不是更好，为什么要特意提及：刷空投人士对协议的滥用！虽然我不太用你们，但这次词汇貌似以及肯定对刷空投的人不友好！
最后，不可能理解，你们也别努力了，白费功夫！谁还会用！"
1733664862130348175,Sun Dec 10 01:48:07 +0000 2023,6.6,04_onchain_alpha_airdrops,42,12,20,0,NO,"越来越多的项目开始奖励开发者！感觉未来zk系很多项目会针对此类贡献者给予AirDrop，感觉他们要发财了。

Namada 给开发者的空投占比很高，包括ZK协议、证明系统、密码学的公共贡献者，https://t.co/u6prYz2eh2 的用户，共识、互操作性、桥梁设计和权益证明研究与开发的公共贡献者等，

捐赠zk类的查过吗？
https://t.co/S3jnViHKRt
这里12～17系列到底哪些zk tech被列入进去了，有人统计吗？
问题2：gitcoin 的sybil女巫🧙‍♀️账号好像没有公布吧，这是个大杀器啊。"
1732989041757618245,Fri Dec 08 05:02:39 +0000 2023,3.0,04_onchain_alpha_airdrops,8,5,20,0,NO,"@OnchainTrade 很多钱包地址的usdc都被盗走了

usdc之前授权过的貌似自动会转到这个合约：0x647Ec38C673a02A58C1a0a22237b4C1524f33175
然后转移到0x57D28e11Cb2f72812A9f9DA72F2Ff868cd4B43F2
https://t.co/f0UtlBV3a1"
1731077433745666317,Sat Dec 02 22:26:36 +0000 2023,4.4,04_onchain_alpha_airdrops,59,3,58,0,NO,"最近好不容易撸到的空投，都卖在了地板上，然后起飞🛫叻。TIA5倍，NEXT 8倍。

卖了起飞，格局归零，在羡慕嫉妒恨中度过这煎熬的一生，蛋碎一地，你们肯定不是这样吧"
1741417988748972330,Sun Dec 31 11:16:17 +0000 2023,3.4,04_onchain_alpha_airdrops,71,2,16,0,NO,感恩2023年给发空投的项目方爸爸，格局越大，市值越大。
1739624482980122995,Tue Dec 26 12:29:32 +0000 2023,5.2,04_onchain_alpha_airdrops,49,17,7,0,NO,"@alt_layer @eigencloud @ethereum AltLayer 未来空投大概率参考：
1、OG+Ottie NFT持有者
2、测试网轮次参与者
3、EIgenlayer 质押者权重
4、Rollup 合作的相关生态
https://t.co/LZMp6jMwW2 https://t.co/rBR6YEypXo"
1737378253441216789,Wed Dec 20 07:43:49 +0000 2023,4.0,04_onchain_alpha_airdrops,59,11,30,0,NO,"亏钱：质押ATOM的收益在生态消费
作为ATOM⚛️家人👪上车了# COSS @coss_market
https://t.co/bgpBP2DNCT

这订单模式太难受了，买了3000个ATOM"
1736768718938820712,Mon Dec 18 15:21:44 +0000 2023,2.9,04_onchain_alpha_airdrops,39,9,19,0,NO,后来，很多人可能会发现，只要多干点argent就好了，定期升级，不升级不给用，从测试网开始到现在几十个版本了吧，升级发空投能不能在stark实现。就靠这个B了
1736247122985689290,Sun Dec 17 04:49:06 +0000 2023,4.3,04_onchain_alpha_airdrops,23,2,37,0,NO,"本来大家都穷的好好的，okx钱包也没啥钱。
早期推荐okx钱包是撸毛好用，但是，最近各路亏友都在疯狂晒数字，都她妈是OKX钱包 ，余额一个比一个多！

问一句这个铭文怎么打，回复↩️okx钱包先熟悉下，这朋友，看来是没法做了！
所以接下来铭刻哪一个！不想努力了！

@okxchinese #OKXWallet"
1745819108472705098,Fri Jan 12 14:44:45 +0000 2024,6.2,04_onchain_alpha_airdrops,332,54,65,0,NO,"2024年是空投大年，不是你急不可耐，项目方也急不可耐，资本方也饥渴的不要不要的。稳住，就能赢。

花开花落花无悔，缘来缘去缘如水。别害怕失去，错的人终究会走散，对的人始终会相逢。人生兜兜转转，最好的相遇不是在路上，而是在心上，你念着他的好，他也会想念你的温柔。 
丰密5000美金本金开启撸毛生涯，丛ETH88刀撸到现在2680刀，起起伏伏，世事变迁，感悟很多，但无论是高峰还是低谷，咬紧牙，独自成军。尤其是困顿时不要寄希望于他人,要活成自己的希望。破釜沉舟,战则必胜，总有一天，会活成自己想要的那个叼样。
           时间一直在默默丈量每一步的努力，GAS的消耗才能让你成为宝总的腔调，哪怕没落了，也总会好起来的，无论是心情还是生活。枯木会逢春，我们要走的路也会繁花似锦。"
1745470733575463040,Thu Jan 11 15:40:26 +0000 2024,6.6,04_onchain_alpha_airdrops,55,39,3,0,NO,"Solana ∎ 生态项目交互 🌟值得重视
概要：OKX Cryptopedia 上线Solana的活动项目指引，路径：Web&App端>发现>Cryptopedia
目前上了4个项目，可以重点撸，solana前面的几个大空投以及solana价格的大暴涨吸引了大量资金与用户的关注，其中okx上线的这3个可以重点撸，依据个人风险偏好可组合的方式也很多，偏重资金/时间。精力在哪里，回报就在哪里。
@marginfi
@Kamino_Finance
@MeteoraAG

@okxchinese"
1745320622304166085,Thu Jan 11 05:43:57 +0000 2024,5.2,04_onchain_alpha_airdrops,109,42,36,0,NO,"空投检查∎ NEXT
之前大部分账号2700个，最低价格上来暴涨10倍，
单号也有个400-500刀，亏友-你不会没领吧
https://t.co/2ZjIfGrL4a"
1745033349343895882,Wed Jan 10 10:42:26 +0000 2024,2.0,04_onchain_alpha_airdrops,4,0,0,0,NO,@liangfenxiaodao 如果在这颗树下撸毛，不知道是啥样的心情💢
1744939143808024760,Wed Jan 10 04:28:05 +0000 2024,2.9,04_onchain_alpha_airdrops,40,3,28,0,NO,"有个亏友问: 
Stark 还空投吗？
Lens还发币吗？
Safe 还转移吗？
铭文还能回本吗？
你去抽奖了吗？"
1743926479585505345,Sun Jan 07 09:24:07 +0000 2024,4.4,04_onchain_alpha_airdrops,15,11,4,0,NO,"项目8∎@doki_coin doki空投
代币：doki
网址：https://t.co/t6iCnaE0Hj
资格：atom 11个，其他数量都在👆那网址里
问题：暂时好像不能领取，不知道啥情况，粗糙啊"
1743923100381786579,Sun Jan 07 09:10:42 +0000 2024,6.4,04_onchain_alpha_airdrops,20,24,5,0,NO,"项目7∎@Sagaxyz__ Saga 空投
代币：Saga
资格：https://t.co/gn5wTx74VR
Cosmos、Celestia、Polygon和Avalanche 社区用户。

重点：除了质押之外，重视忠诚度
其中
∎ATOM 社区中，满足以下条件的 101,000 多个钱包：1) 从 2023 年 4 月 20 日到 2023 年 10 月 20 日增加了质押，2) 在 2023 年 10 月 20 日质押了超过 25 $ATOM，有资格获得 $SAGA 空投。在此期间增加股份超过 30% 的人将获得忠诚奖金。
∎∎Celestia 社区：2023 年 12 月 1 日质押超过 23 $TIA 的 27,000 多个钱包有资格获得 $SAGA 空投
∎∎∎Polygon 社区：，26,000 多个在 2023 年 10 月 20 日质押超过 300 $MATIC 的钱包或使用 ZKEVM 桥桥桥接超过 0.4 $ETH 的钱包有资格获得 $SAGA 空投。
∎∎∎∎Avalanche 社区中，在 04/20/2023 或 10/20/2023 质押 $AVAX 的 26,000 多个钱包有资格获得 $SAGA 空投"
1743923098116899283,Sun Jan 07 09:10:41 +0000 2024,3.4,04_onchain_alpha_airdrops,12,5,4,0,NO,"项目6∎@dymension  Dymension空投
代币：$DYM
数量：7000万DYM（相当于总供应量的 7%）
时间：2024 年 1 月 21 日 12:00 UTC，之后无人认领的余额将被重新分配（显示的认领金额为最低金额）
领取：https://t.co/I4gXPmcA7G      
资格标准：https://t.co/SWWkE0Y4IY

丰密：值钱"
1743923095826727322,Sun Jan 07 09:10:41 +0000 2024,4.4,04_onchain_alpha_airdrops,12,5,1,0,NO,"项目5∎ @namada  $NAM Namada空投
代币：$NAM
数量：6500万占，总供应量的 6.5%）
时间：1月12日
网址：https://t.co/1xgthRi9xk 领取过程中需要安装NAMADA的钱包插件
详情资格：https://t.co/66KCx6KFZE 
大概资格：除了100美金💲以上质押之外，每个账户都会获得一个活动分数-衡量帐户的参与度。获得一个乘数。根据该机制，分数最低为 1.5，最高为 15。 活动分数是一个计分系统，考虑了交易、ibc 转账、交易价值、活跃月份等活动。

丰密：值钱"
1743923091313717516,Sun Jan 07 09:10:40 +0000 2024,5.8,04_onchain_alpha_airdrops,5,4,1,0,NO,"项目3∎ @PythNetwork 空投
代币：$PYTH
Claim：https://t.co/oFklY6hFh8 Pyth Network 回顾空投计划面向为网络做出过贡献的过往社区成员以及活跃于生态系统的 DeFi 参与者。
时间：90天，截止日期是 2024 年 2 月 18 日
具体范围/资格：https://t.co/ikSt7TjsO2
符合空投分配资格的接收者类别：
∎与使用 Pyth 数据的去中心化应用程序进行交互的活跃 DeFi 参与者
∎∎参与网络社交媒体渠道的活跃社区成员
∎∎使用 Pyth 网络的去中心化应用程序
DeFi 参与者的分配金额是根据他们使用 Pyth 数据在 dApp 上的链上活动来计算的。
总共分配给 DeFi 用户的 2 亿代币在这些桶中的分配如下：55% 分配给前三分之一，30% 分配给中间三分之一，15% 分配给最后三分之一

丰密：别管别人，做好自己，卷死他人，不是第一🏅就干第二🥈
丰密：值钱"
1743923089090744429,Sun Jan 07 09:10:39 +0000 2024,3.4,04_onchain_alpha_airdrops,2,2,1,0,NO,"项目2∎ @thestrangeclan $ PASG空投
代币：$PASG
官方网站：https://t.co/BNlW1F1Vjs
资格：官方NFT持有者的 $PASG 空投
时间：90 天的时间进行索赔。2024 年 1 月 21 日之前尚未领取的所有代币都将被销毁。连续质押 14 个月，有资格获得第二次空投。"
1753265268489658658,Fri Feb 02 03:53:08 +0000 2024,4.0,04_onchain_alpha_airdrops,49,24,7,0,NO,"Swell 🤝 EtherFi @Ether_Fi合作
如果你是持有rswETH+weETH，那么就可以在Curve上去做LP。那么可以获得几种收益：
🔹swell代币-珍珠（30 天 2x）
🔹EtherFi 积分（30 天 2 x）
🔹Eigen积分
🔹ETH质押收益
🔹Curve上述LP池子收益
主要适合2个项目都有质押的大款，积分倍数X2"
1752962314461118554,Thu Feb 01 07:49:18 +0000 2024,4.3,04_onchain_alpha_airdrops,35,10,8,0,NO,"Zeta AirDrop ∎
使用无监督人工智能和机器学习保护 ZetaChain 空投免受 Sybil 攻击和机器人攻击
https://t.co/NU1LFceIep
所以你大概率领不了多少。当然1个也是爱😜。
每一份女巫的规则与解读报告我们都需要第一时间去了解学习，孙法有云，知己知彼。

领取zeta：https://t.co/TPiwgSZmqW
需要kyc，国人也行。"
1752131524340891778,Tue Jan 30 00:48:03 +0000 2024,2.5,04_onchain_alpha_airdrops,21,8,2,0,NO,"OG Nft-Bitdisc将在OKX和Unisat钱包上首次亮相。
Mint 时间 2月4日"
1750723421808509421,Fri Jan 26 03:32:45 +0000 2024,3.5,04_onchain_alpha_airdrops,33,1,14,0,NO,"自从「arb」搞了奥德赛暂停后，之后还有哪个「赛｜出了大毛。
从此项目方学会了『积分制』，也就有了这样一种错觉，

包工头年底经常说的那句话：真傻逼，垫资成了借贷，站着投资跪着要债，然而，一到春天，忘的一干二净，又到处求爸爸要工程。"
1750452882720408043,Thu Jan 25 09:37:43 +0000 2024,5.2,04_onchain_alpha_airdrops,41,13,26,0,NO,"空投 ∎ ALT Airdrop⚡️
检查🧐网址：https://t.co/9XBjQUNjCV

有人欢喜有人愁，
猜猜下一个空投哪个「牛」 https://t.co/QAJgUjUPFM"
1750152474126917833,Wed Jan 24 13:44:00 +0000 2024,2.4,04_onchain_alpha_airdrops,2,1,3,0,NO,@coss_market 如果$ COSS能让所有cosmos生态都给你持仓用户空投，你就逆天了
1750149084806279434,Wed Jan 24 13:30:32 +0000 2024,2.4,04_onchain_alpha_airdrops,10,0,4,0,NO,"只要加上「潜在空投」四个字，不愁没人搞
如果加上➕「大毛」2个字，就能飞天。"
1742567324425863676,Wed Jan 03 15:23:20 +0000 2024,3.0,04_onchain_alpha_airdrops,1,0,1,0,NO,"刚刚挂单卖掉了8万刀
捐了1e,后来发现锚定机制1e→100people,很多人不知道这个，有天晚上撸毛到半夜发现了脱锚80%、的、~握草，字没打完，少卖至少100w了，握草"
1742199276300652835,Tue Jan 02 15:00:50 +0000 2024,3.0,04_onchain_alpha_airdrops,57,19,8,0,NO,很多人说质押了ATOM/TIA 没有资格领取。这里需要注意→不要质押在前十的节点/不要选交易所节点/避开管理费为0的，可以选1%-5%。
1742730575654584452,Thu Jan 04 02:12:02 +0000 2024,3.0,04_onchain_alpha_airdrops,44,30,4,0,NO,"撸毛、开车都好听的，橙皮书
https://t.co/3bhX1Io5g4"
1758153343783047228,Thu Feb 15 15:36:36 +0000 2024,5.4,04_onchain_alpha_airdrops,143,10,35,0,NO,"stark 命中🎯 99%
最高单地址跨链金额💰：100E+
时长：24个月📉
曾经：
最早的stark测试网钱包没有助剂词，只有json文件，后来确实这些测试账号叼用没有！
交互协议的时候我记得，生态的借贷项目池子不大，连续好几个月，不是我借完了，就是我的朋友借完了。链上抢额度，开口就是：你tm快点还啊！我要用

现在：
昨天财神节收到好多亏友私信成绩单，我觉得每个人都应该给自己点赞，然后保持低调，继续践行，别人的梭哈只是部分人的顺手摘花！

未来：
不知道stark未来如何演变，但是对于深度深根生态的参与者贡献者-电子乞丐，我认为stark一定会在生态网络有自己的席位，不带偏见，不带情感，权利下放发币只是第一步，有了代币能更好的激励-发展生态项目。"
1758122334786080807,Thu Feb 15 13:33:23 +0000 2024,2.4,04_onchain_alpha_airdrops,4,0,4,0,NO,"@DeFi $DEFI Army! 💙
检查空投： https://t.co/b4i6t8jW6r  

感谢DEFI，好用还给我赚钱了。"
1757948678743146787,Thu Feb 15 02:03:20 +0000 2024,2.0,04_onchain_alpha_airdrops,0,0,0,0,NO,@iamzv123 不是大佬，大佬谁撸毛啊。我们都是丐帮，是长工，给地主打工。
1757693507052179471,Wed Feb 14 09:09:23 +0000 2024,3.7,04_onchain_alpha_airdrops,32,8,5,0,NO,"通过这2个要点，女巫+ETH质押用户。
完全在预料之内，判断了项目方的判断 https://t.co/GOnmedzDAA"
1756309611660140945,Sat Feb 10 13:30:16 +0000 2024,2.5,04_onchain_alpha_airdrops,28,1,4,0,NO,@winter4soldier A9大佬还这么努力撸毛。别把钱都赚了。给我们留点。你没事多去按按摩洗洗澡享受生活。/
1755449809744568471,Thu Feb 08 04:33:43 +0000 2024,2.0,04_onchain_alpha_airdrops,10,0,6,0,NO,"@11dizhu 在星巴克撸毛，也许会有一场美丽的邂逅
但凡眼睛亮点的姑娘都会眼前一亮，卧槽，这才是我要找的男人"
1768328733855776883,Thu Mar 14 17:29:58 +0000 2024,3.4,04_onchain_alpha_airdrops,76,22,11,0,NO,"空投
balst上面的pac， 能卖不少钱
https://t.co/VKDVz021D5"
1767919683167195319,Wed Mar 13 14:24:33 +0000 2024,5.0,04_onchain_alpha_airdrops,77,24,12,0,NO,"提醒亏友⏰持有笑脸@bitsmiley_labs 
速度去做质押，
1、之前去做了梅林质押，获得m凭证
2、m凭证自动在你控制的aa账户内
3、跨入btc资产到梅林链做gas费https://t.co/Ui2Gg5vGNh
4、链接官网https://t.co/P7ql4ti6vC，去选择你钱包内的资产做质押。
5、这都是名牌的，质押到tge，质押越久奖励越多。
6、目前笑脸单价0.063btc。折合1个不到5000刀

笑脸的调性很足，像素风格，拿好了，真正的一鱼多吃。"
1767425342732636478,Tue Mar 12 05:40:13 +0000 2024,3.9,04_onchain_alpha_airdrops,41,6,6,0,NO,"Sorry, you're not eligible. 对不起，你没有资格领取。

从资格到 Sybil 检测：深入探讨 Wormhole 的多链空投
https://t.co/9QlSoUEuMO

真正的颤抖🥶，还没有来！
腥风血雨前总是一场宁静····"
1763043785318306154,Thu Feb 29 03:29:28 +0000 2024,4.3,04_onchain_alpha_airdrops,31,7,6,0,NO,"atom 铭文coss投票🗳️
https://t.co/RitidvkDeS
大概意思就是要自己做链，coss做代币，打9折。项目方还没躺平，还在折腾。

曾经扫了3000 atom，已计提归零meme。
一直犯错，但从未阻挡亏钱的步伐。 https://t.co/qE74HVodI9"
1762481903024603295,Tue Feb 27 14:16:45 +0000 2024,5.6,04_onchain_alpha_airdrops,209,89,12,0,NO,"babylon 🐲
https://t.co/qJpNLTIQa2
安装2个钱包：
 
@okxweb3 钱包连接，签名

@keplrwallet 连接到巴比伦链

https://t.co/3zWhVdMzDO https://t.co/NSg79gumwS"
1761056799489466737,Fri Feb 23 15:53:54 +0000 2024,2.4,04_onchain_alpha_airdrops,13,0,1,0,NO,"@okxchinese okx在交互体验上，确实越做越好越做越顺。
直接在google里按照扩展程序，跟按照小狐狸一样。"
1772464981721895158,Tue Mar 26 03:25:57 +0000 2024,7.6,04_onchain_alpha_airdrops,52,2,9,0,NO,"感谢ok @okx @okxchinese @okxweb3 邀请
虽去不了，但是从okx做的这么多高质量的邀请函就能看出现在的okx非常用心，无论是产品线还是业务板块，都做的非常好。

我看到的关键词：
决心，产品力，人，

决心：
okx改革换面对的大变样，我个人印象里是从整个ui升级且拓展web3钱包开始，UI是黑色性冷淡极简风，简单大方耐看，业务板块多元化同时看出他们在链上发力的决心，正如okx推文置顶所说，当你决定的前行的时候，一定会有结果，一步一个脚印，追求更强的自己。很多人会给自己理由，光撸空投这件事很多的理由是，我没有···，如果····，怎么可能······，傻逼才去······，兄弟们，当你无路可退，当你下定决定改变一切的时候，你会发现，拒绝退场的结果会令人惊艳！也许不会逆风翻盘，但一定会向阳而生。

产品力+人
okxweb3钱包经常会提到，okx的子账户系统，web3钱包的各个板块活动，各个生态的协议及工具等，对撸毛人非常友好，早期与他们的商务团队，产品团队，技术负责人都有交流，他们能做出好的产品大部分缘由都是因为这些优秀的老师。
我自己最近就用了okx的钱包做了很多工作，当然也得到okx技术负责人zakk泽新老师的亲自指导，周末晚12点在线实时解决技术bug，甚为感动😹。

心中有海，眼里有光，坚持践行，你近什么样的人，就会走什么样的路，那个能让你暴富的机会，只不过是遇见努力的你。"
1770488942158119298,Wed Mar 20 16:33:52 +0000 2024,5.2,04_onchain_alpha_airdrops,84,41,2,0,NO,"人道协议 HP @Humanityprot，就是通过手掌🖐️指纹来做区块链的抗女巫网络，手掌指纹拥有独特的身份验证机制。类比WLD的眼球模式。Animoca+polygon等一堆资本投了。
未发币，未来肯定有代币，测试玩起来，目前2w用户都不到，早鸟玩起来。丢邮箱+推特，且邮箱内验证。
https://t.co/TVaqgUk7EG"
1779809236727595101,Mon Apr 15 09:49:23 +0000 2024,4.0,04_onchain_alpha_airdrops,50,11,13,0,NO,"卧槽，最懂撸猫党的交易所
卧槽，最好用的资产管理工具
卧槽、Web3钱包上线 #Runes 市场页面 
卧槽、Ordinals 市场扫货功能全新升级 
卧槽，还有谁💤"
1779882271656567086,Mon Apr 15 14:39:36 +0000 2024,6.2,04_onchain_alpha_airdrops,67,4,13,0,NO,"一鱼多吃，几年前我写交互策略的时候也很提倡，这个词好像我最早提的，当时的环境跟现在不一样，当年的一鱼多吃是手上的gas宝贵，协议早期可组合性非常强，各种资产及defi收益叠加并且可以铸造人类人高质量tx。
现在的市场变了，一鱼多吃是当你了解所有的可组合之后，你应该做减法，而不是做加法，真替大家捉急。
取其精华，去齐糟粕。
当你不了解啥事鱼的时候，你就是那条鱼。
哦，对了，你还是那个女巫，被干死的女巫。"
1776472224633168170,Sat Apr 06 04:49:18 +0000 2024,6.7,04_onchain_alpha_airdrops,18,1,12,0,NO,"SAGA挖矿 #Binance  Launchpool 第51@Sagaxyz__

第1部分：SAGA挖矿
币安上线了第51期Saga挖矿：本次挖矿一共持续4天，可以使用BNB、FDUSD 质押获得代币 $SAGA
开盘时间：2024年4月9日22:00

代币情况：$SAGA的总供应量为10亿。 TGE 的总流通供应量约为90,00万个（占代币总供应量的 9%）

SAGA 概要：Saga 是一种第 1 层协议，允许开发人员自动启动与 VM 无关、并行且可互操作的专用链或“Chainlet”，为应用程序提供无限的水平可扩展性，一个 L1 来启动 L1。

SAGA 亮点：在不到 2 年的时间里，Saga 基于其协议的项目从 0 个增加到 350 个，其中 80% 是游戏。 还与 Polygon、Avalanche、MarbleX、Com2uS 和 Celestia 建立了合作伙伴关系，以使用 Chainlet 自动扩展其基础设施。同时推出了Saga Origins，一个新的游戏发行部门，致力于将尖端​​的优质游戏推向市场。这么看saga前期重点发力成为游戏链。
$SAGA 代币用途：Chainlet 的付款，质押，治理

币安研究报告：
https://t.co/DGakNmyh7s

项目官网：
https://t.co/sEeEXQ6kuO

挖矿链接：
https://t.co/YaObhnEvD4
BA挖矿，基本有闲置资金的无脑冲，不要动脑子。

第2部分：SAGA空投
SAGA社区空投
https://t.co/R2o2WV5c0s

领取界面：https://t.co/mdWURqHo5Z 部分已结束

空投分为3个部分：
创世空投6000w
路线图的第 2-6 阶段分配4000w
第6阶段后分配1亿代币
早期用户越早参与激励测试网的任何活动，所附的空投价值就越高。同时此次空投saga照顾了Cosmos、Celestia、Polygon和Avalanche 社区用户。

Celestia 社区：2023 年 12 月 1 日质押超过 23 $TIA 的钱包有资格获得 $SAGA 空投。重点是23个
Polygon 社区：2023 年 10 月 20 日质押超过 300 $MATIC 的钱包或使用 ZKEVM 桥桥桥接超过 0.4 $ETH 的钱包有资格获得 $SAGA 空投。
Avalanche 社区： 时段规则内质押 $AVAX 钱包有资格获得 $SAGA 空投
ATOM 社区：10月20日前质押了超过 25 $ATOM，并且在时段内有增加质押份额，且超过30%。
重点：除了质押之外，重视忠诚度，这个忠诚度🔛开启质押空投新玩法。也就是你仅仅质押了还没有资格，还需要定期新增质押数量占比。

启发：丰密曾经说过任何空投规则公布的就不再是规则，依葫芦画瓢很难拿到大结果，每个协议针对生态自己社区的用户画像其实都有自己的侧重点，每个侧重点的权重又不一样，如何找到每个协议的未来的精准用户画像是我们每个撸毛人都值得思考的地方，丰密给出的方案其实是一整套，一句话可以概率，从点+线+面结合思考反推用户画像，把别人认为的精品当成自己的垃圾号，精准重仓狙击！🎯

附带：Cosmos   ∎ 空投福报集合「2024年长期跟新」-丰密
https://t.co/pOK3dQcUnM"
1776471089012769145,Sat Apr 06 04:44:47 +0000 2024,5.3,04_onchain_alpha_airdrops,28,7,9,0,NO,"Bitget Wallet 正在空投平台币BWB积分。同为 #BG系的 $BGB 已经20倍了，$BWB 会不会是下一个BGB？

目前代币还未上线，赋能就已经开始了，最近两期Fairlaunchpool已经给BWB积分持有者空投了价值$300000的代币，未来BWB会不会开放更多福利，比如交互抵押手续费？拭目以待

扫码下载钱包APP 领取50BWB积分👉https://t.co/2Efhu8JlRF

进电报群撸撸官方不定期的meme币空投👉https://t.co/uYrEawvzcv"
1763871459452375145,Sat Mar 02 10:18:21 +0000 2024,3.4,04_onchain_alpha_airdrops,84,2,37,0,NO,魔怔撸毛人看啥都是空投，大喊大的要来了，真来的时候大喊草拟马，没有我
1789510781970915685,Sun May 12 04:19:52 +0000 2024,2.4,04_onchain_alpha_airdrops,15,0,12,0,NO,@xgurunetwork 你是真能玩，2年了，你女巫都查完了，温度检查也到位了，NFT也给到位了，然后就没有然后了。
1787692685245239727,Tue May 07 03:55:24 +0000 2024,3.0,04_onchain_alpha_airdrops,56,17,5,0,NO,@AmnisFinance APT上的质押榜一协议，未来的代币是AMI，期待一下。
1787453735356268902,Mon May 06 12:05:54 +0000 2024,5.4,04_onchain_alpha_airdrops,94,38,12,0,NO,"Spectral 空投
总共 8% 的 Spectral 代币 (SPEC) 供应量已分配给第一季，有 52,992 个地址被确定有资格参与本次首次分配。

Spectral 的早期采用者，我记得好像是用钱包绑定，然后你可以提一段话，自动智能帮助你生成一段代码，然后可以自动化部署。链接钱包，自动部署合约。

详细细节：
https://t.co/KSWN9lRQyV

领取：https://t.co/dyMwg1wd8M"
1786423515174044051,Fri May 03 15:52:10 +0000 2024,4.4,04_onchain_alpha_airdrops,97,5,26,0,NO,"Layerzero 是一颗核弹，迟早爆炸💥，并且会让未来的撸毛生态产生巨大的变化，人类历史最大的女巫库一定是他！但凡在他之后发币的项目都得瑟瑟发抖！
但是你不撸吧，总觉得少了点啥，毕竟，他极致的性冷淡无处不透漏着他天生的吊炸天气质。"
1786219064786129159,Fri May 03 02:19:46 +0000 2024,2.4,04_onchain_alpha_airdrops,3,0,5,0,NO,@xiaorengua renzo没有，直接交互的才有，应该是直接与eigen前端交互，比如之前我们一直提的swell池子可以拿到，
1786218716797268228,Fri May 03 02:18:23 +0000 2024,2.4,04_onchain_alpha_airdrops,2,0,1,0,NO,@werkin_jiang L0不能了，这么干就女巫了
1794676120706744418,Sun May 26 10:25:05 +0000 2024,2.0,04_onchain_alpha_airdrops,5,0,1,0,NO,@ScorpionCapita1 哥，10几亿的积分，我还真可能撸了，
1791368627956113844,Fri May 17 07:22:17 +0000 2024,4.9,04_onchain_alpha_airdrops,41,2,18,0,NO,"企鹅哥已经说L0目前已经33万地址自首，已经开启猎巫模式，并且公布数据库。
这些地址大部分应该是资金串联的集群女巫集群地址。
猎巫的说辞说20以上才算，老外对「集群」对概念可能还不是很清晰。当然对女巫特征数从最早的10个已经翻倍到20
曾经说人类历史最大的女巫数据库的诞生，是有征兆的，一方面是协议的特性与行业发展，另外在22年的推文里我们看L0的儿子星际之门已经有征兆，投票的角度看女巫，经过2年的升级，可能更刁钻更多元。

https://t.co/Pt3v1LQsxJ"
1798327592237535649,Wed Jun 05 12:14:43 +0000 2024,6.4,04_onchain_alpha_airdrops,51,12,8,0,NO,"Aethir 空投🪂

Aethir的ATH代币空投要点包括：

1. 总供应量：420亿ATH，其中6%用于空投奖励。
2. 空投阶段：分为三个季节，分别发放6.3亿+6.3亿+12.6亿。
3. 参与对象：包括社区成员、Checker Node持有者和活跃的Web3社区。
4. 质押：ATH质押从6月12日开始，提供额外奖励。
5. 防范Sybil攻击：通过识别和消除Sybil地址，确保公平分配，设置反 Sybil 参数，包括聚类分析，来自同一来源的钱包、具有类似活动的地址、主要 EVM 链上没有交易的地址被视为 Sybil。
6、节点：节点用户处于特殊地位，特殊地位相当于金铲子，持续能拿许多生态系统空投，目前官方6个项目空投，目前APhone项目已经提供claim，未来四年内节点能挖ATH 总供应量的 15%，机器edge能挖10年计35%。

详情👇

https://t.co/ckiYyAF9ck"
1797451963539349890,Mon Jun 03 02:15:17 +0000 2024,2.0,04_onchain_alpha_airdrops,2,1,0,0,NO,@cloudtrain16 onchain trade 应该跑路了，不仅跑路，貌似你钱包之前有授权给他usdc，也会被他转移。实证！之前推文发了。
1804529131251777844,Sat Jun 22 14:57:26 +0000 2024,2.4,04_onchain_alpha_airdrops,4,0,3,0,NO,@gamer_memecoin 公开的是有人举报的，查了一下还可以claim 空投，zk满分
1802986211738599767,Tue Jun 18 08:46:25 +0000 2024,3.0,04_onchain_alpha_airdrops,85,19,35,0,NO,"之前你用了Argent 手机钱包刷了zk的，记得去检查🧐一下。很可能有惊喜🎆

 打开argent钱包扫描zk领取界面的WalletConnect"
1802590041652547742,Mon Jun 17 06:32:11 +0000 2024,5.2,04_onchain_alpha_airdrops,4,0,0,0,NO,"撸不到就下一个，其实也没啥，市场上这么多项目。

嵌入式交互提醒亏友的是刷L0不要为了刷而刷，做一个真实的活跃用户，如果有需求刚好要用就用，穿插多链生态的协议丰满账户画像，高质量比低质量女巫行为来的更有价值，而项目方的女巫批量肯定有误伤，女巫了有什么关系，地址千千万，不变的永远是内核。

这么简单直接的词直接告诉如何看到一个生态的交互策略，却被偶尔的巨婴带乱节奏，

最后，不是大神，就屌丝里的战斗机。"
1818307579631824976,Tue Jul 30 15:28:04 +0000 2024,5.0,04_onchain_alpha_airdrops,88,34,8,0,NO,"GMOVE 

明牌激励未来AIR条件：
• 参与测试网活动https://t.co/yPCNCN9o1z。
• 与平台上的 dApps 互动。
• 完成建造帕台农神庙计划中的任务。
• 参与奥林匹斯之战黑客马拉松。

主要任务计划：
• MoveDrop：通过各种活动赚取奖励。
• 建造帕台农神庙：加入公会，完成任务。

完成这些任务可同时从公会和交易的 MoveDrop 奖励池中获得奖励，任务太多，挑个1个工会即可，多号费鼠标，伤肝。
https://t.co/MhaaRSyhQk"
1818101195178938584,Tue Jul 30 01:47:58 +0000 2024,2.0,04_onchain_alpha_airdrops,0,0,1,0,NO,@alex168998 印象里，云南大理等地撸毛应该是不错的选择，毕竟普洱茶那么好喝，
1824087964592562530,Thu Aug 15 14:17:15 +0000 2024,6.4,04_onchain_alpha_airdrops,102,40,9,0,NO,"恭喜Sahara AI 成为明星级大项目
https://t.co/R50zKEAHvd
撒哈拉成功融资4300万美元，累计融资近5000万美元，本次获得顶级资本如Binance Labs、Pantera Capital、Polychain Capital、红杉资本、三星、dao5等的加持。Sahara AI 是目前唯一一个同时获得顶级投资者和AI行业领袖认可的去中心化AI区块链平台，通过去中心化协作经济，致力于彻底改变人工智能格局。

平台将构建5个关键组件：Sahara区块链、AI基础设施、Sahara AI市场、开发工具和安全存储，以支持不同商业应用场景。

从交互投研项目「团队+机构+赛道+融资规模+技术特点等」要素，符合重点关注跟踪项目。
https://t.co/VNjNcUpgKb
官方任务大概率是银河：https://t.co/xXVeDkPxJ9，大概Q4 测试网 。
持续关注➕follow"
1823537152451559437,Wed Aug 14 01:48:31 +0000 2024,4.8,04_onchain_alpha_airdrops,45,12,16,0,NO,"LInea的surge积分基本正常了https://t.co/vbAo3pO9zt

数据📊不是很爆表
https://t.co/c5rcS8qfCa https://t.co/4sHkQ50hYH"
1823376722882142523,Tue Aug 13 15:11:02 +0000 2024,5.4,04_onchain_alpha_airdrops,101,22,21,0,NO,"未来2个月还挺多项目要TGE及上线，未发币项目很多都是要资金质押，市场一跌，大部分人都跌的怀疑人生，市场已经极度反感此类项目且情绪降至冰点。

也有一部分人在各种社区喊：我们只做0撸。也许，这个值得一试。
DIN @din_lol_ 是第一个模块化 AI 原生数据预处理层，构建数据智能网络并为贡献者提供DIN代币奖励，定位成为AI+Depin+数据节点基础设施，币安领投，明牌0撸项目。

DIN代币获取姿势：0撸空投和节点挖矿
1、主要通过官方推出的newbie task赚取wafer。[https://t.co/BvcvJmfcGt]
2、参与任务方式：参与新手任务👉插件任务（签到+充电+随机 GODIN 任务）👉邀请任务
3、节点挖矿计划：xDIN 是获取 DIN 的关键凭证，根据持有的xDIN比例进行分配."
1821913448965722210,Fri Aug 09 14:16:30 +0000 2024,3.8,04_onchain_alpha_airdrops,15,4,13,0,NO,"明天七夕节，送PRO给你的情人，大概率你会成为最靓的那个仔。话术就不用我教了吧！
核心关键词：送的不是钱包，是憧憬、是希望

OneKey 最新产品PRO，大概率会成为行业首选、
定制送礼的最佳姿势。@OneKeyCN"
1820802121157275834,Tue Aug 06 12:40:29 +0000 2024,5.4,04_onchain_alpha_airdrops,48,17,12,0,NO,"🪂Renzo @renzoai第二季claim空投检查 🧐htps://claim.renzoprotocol.com/ 

资格和要求：
 1. OG 提升： 首先适用于所有符合条件的用户。
 2. 第一季 ezPoints 提升： 用户将获得 10 个 ezPoints 的提升。
 3. 日均 $REZ 质押余额： 日均 $REZ 质押余额高于第一季 $REZ 分配额的用户可获得 50% 的 ezPoints 奖励。

最低资格标准：
 • 在 4 月 26 日至 7 月 26 日期间与 Renzo 协议互动。
 • 符合 $ezETH、$pzETH 或 $REZ 质押条件的资产。
 • 第二季累计至少 2,000 ezPoints 积分余额"
1828739514912981180,Wed Aug 28 10:20:51 +0000 2024,2.4,04_onchain_alpha_airdrops,1,1,1,0,NO,@Lucky888Web3 这个问题挺好，多方面考虑，1-安全，物理硬件隔离。2交互：单位时间内在最短的时间能多干一点活
1832339747718754728,Sat Sep 07 08:46:53 +0000 2024,5.0,04_onchain_alpha_airdrops,78,13,36,0,NO,"多账号多链撸sir的福音：

以前，MetaMask 🦊一次只能连接到一个网络。如果一个 dapp 想要切换网络，它会影响所有 dapp，以及钱包 UI 本身。在使用多个 dapp 时，您必须不断切换网络。

现在，可以同时在不同的网络上使用多个 dapp，不再需要手动切换。多任务处理时，MetaMask 的新更新会记住您在每个 dapp 之间切换时最后选择的网络，从而减少您需要点击的网络切换确认次数。

更新路径：在google扩展里-管理扩展程序-右上角打开  开发者模式-左边 更新"
1841140907955142749,Tue Oct 01 15:39:33 +0000 2024,2.4,04_onchain_alpha_airdrops,11,0,3,0,NO,@puffer_finance 重点：从市场上购买了一些 $EIGEN。所有河豚人现在都将收到全额 $EIGEN 空投。另外会有额外的 $PUFFER 代币奖励
1840978003767304691,Tue Oct 01 04:52:14 +0000 2024,2.0,04_onchain_alpha_airdrops,6,0,1,0,NO,@0xmagnolia 哈哈，惠姐，这一波你太厉害了，meme女王👸
1840971307716112613,Tue Oct 01 04:25:38 +0000 2024,2.0,04_onchain_alpha_airdrops,4,1,1,0,NO,"可以把你的钱包地址丢到这里检查一下「不要链接钱包」

https://t.co/ypZ2vyRPXN"
1840945982105878913,Tue Oct 01 02:44:59 +0000 2024,6.8,04_onchain_alpha_airdrops,79,33,13,0,NO,"Humanity Protocol 10月1日凌晨 测试网上线（明牌激励HP代币）

Humanity Protocol 是一个通过去中心化的方式验证人类身份并促进人工智能任务执行的区块链协议，主要是手掌指纹识别。个人用户可以通过验证身份后可以参与任务，获取代币奖励。
验证身份需要：注册Human ID+扫描手掌指纹（待）

Human ID—— Humanity Protocol 生态系统中的唯一用户名和身份。这是解锁独家奖励的第一步
注册：https://t.co/ugX1C8sH2t
（第一个邀请码可以用：KuiGas，后续多号邀请可以用自己的ID）
之后，获得 Pre-enroll Palm （暂无）
之后，通过我们的app注册您的掌纹！（等待） 🖐 
最后，完成手掌静脉扫描即可解锁空投和奖励！ 

项目未来的代币是：HP
领水龙头：https://t.co/8CfXXVUMle
区块浏览器：https://t.co/rawEz4sF54"
1840445707020624213,Sun Sep 29 17:37:05 +0000 2024,3.9,04_onchain_alpha_airdrops,31,9,16,0,NO,"Puffer 在 EigenLayer 和 zkLink 的数据有些不准确，几天前暂停空投时发现了这个问题。受影响的用户将会得到相应补偿，Puffer 团队对此高度重视并正在积极解决。

关于补偿措施：
1. 所有受影响的用户将获得等量 50% 的 PUFFER 代币补偿。
2. 此外，所有用户都会获得额外的奖励，Puffer 团队积极承担责任，并希望通过这次补偿增强用户信任。"
1838619718443581442,Tue Sep 24 16:41:15 +0000 2024,6.0,04_onchain_alpha_airdrops,102,45,7,0,NO,"@所有人
万刀大毛>10000美金💲空投登记查询：https://t.co/TRjQDhSG0e

倒计时12天，机不可失。

符合资格：You are eligible for community Stakedrop!

不符合资格：We are sorry!
Your account is not a part of the community Stakedrop.

#Eigen"
1838610643047559313,Tue Sep 24 16:05:11 +0000 2024,7.1,04_onchain_alpha_airdrops,24,3,10,0,NO,"🌟 AgentLayer 一期空投查询及二期来袭！

项目介绍：AgentLayer @Agent_Layer 利用 OP Stack 和 EigenDA 打造 AI 公链。
🔹 一期空投资格：测试网活动参与者，包括测试轮次、社区贡献和 APGN 计划成员。
🔗 查询领取：https://t.co/Bf9d7RxfUO
💰 上线交易所：Gate
🔖 Agent 价格：0.025U

🎉 二期空投 2000 万 $AGENT！
活动9月24日~10月30日，空投领取：11月第3周

公平竞争，从零开始！二期空投奖励与持有或质押的 $AGENT 、与AI 产品交互有关。
如何获得二期空投资格：
•持有或质押至少 1,000 个 $AGENT
•与 AgentLayer 平台上的 AI 代理互动：https://t.co/QtzcxbD4e7
•保留 APGN 节点
•成为 社区版主或做出重大贡献"
1837890671723925847,Sun Sep 22 16:24:17 +0000 2024,2.9,04_onchain_alpha_airdrops,27,2,5,0,NO,@StoryProtocol 我们要搞测试网，我们要发币，我们会查女巫，
1837543178599387380,Sat Sep 21 17:23:28 +0000 2024,2.0,04_onchain_alpha_airdrops,1,0,0,0,NO,@okxchinese 隐形基建这个词真不错，OKX Web3 插件钱包
1836025847687610543,Tue Sep 17 12:54:08 +0000 2024,3.4,04_onchain_alpha_airdrops,5,0,4,0,NO,"@WalletConnect walletconnect发币了，就是扫二维码可以链接钱包的那个。手机或者多签钱包用的多的应该不陌生。
看到社区份额，还没看到空投具体信息，"
1836023597120553316,Tue Sep 17 12:45:11 +0000 2024,4.2,04_onchain_alpha_airdrops,11,4,2,0,NO,"提交验证上述社区份额的，伙伴可以查询并claim。

我写过推特，mirror文章，早上领取3000，如果换做高峰期，单号还挺值钱。

未来社区的空投份额比较多元化比较规范的大项目，
根据TIA 、W、Avail、Eigen等项目，未来越来越多的项目应该会注重开发者或创作者社区。 https://t.co/LvfVMc1yUv"
1844626656842956877,Fri Oct 11 06:30:41 +0000 2024,2.4,04_onchain_alpha_airdrops,2,0,2,0,NO,@0xsatoshis @binance 是的，在飞机上写了没发出来，这2天在迪拜给忘了。抱歉，等空投规则吧，看资金积分，徽章加成
1843242644681658763,Mon Oct 07 10:51:06 +0000 2024,3.0,04_onchain_alpha_airdrops,12,4,1,0,NO,"1、可以直接手机下载web3钱包，
2、打开小狐狸的助记词，右边切换二维码，
3、用okx web3钱包，扫描导入okxweb3，导入钱包     4、用okxweb3钱包扫描galxy银河的登陆界面wallet connect ，如果之前做过的，直接点击验证即可。
这个特别角色可能okx+move联合搞的激励。"
1842395343167893613,Sat Oct 05 02:44:14 +0000 2024,4.0,04_onchain_alpha_airdrops,28,12,8,0,NO,"BBL更新了C2，推荐用okx提币到okxweb3钱包，taproot地址（bc1p地址）
你要是没什么事，就无脑干，反正都会亏完。

@babylonlabs_io"
1841526080987136344,Wed Oct 02 17:10:06 +0000 2024,5.4,04_onchain_alpha_airdrops,67,5,28,0,NO,"W虫洞今天上了UP大所后暴涨，这个项目是继arb apt等大毛项目之外，重仓撸过的项目并且依然会持续跟踪的项目。
关注这类项目,不仅仅是因为时间长，给的空投足够大，更多的是这类项目能作为行业的风向标，思考这类型的项目方视角，用户画像，同时以此项目作为基点，链接辐射更多优质的项目，抛开币价不谈，很多项目发币之后也许只是起点，有可能项目会不断迭代赋能，有可能他们的核心团队成员会重新创业，有可能会孵化投资其他项目，有可能会在其他生态里是基建协议并且拿到其他项目的高权重，这些项目的背后都离不开优秀且格局大的人，同时基于这些思让让我记起某个大项目的空投文案里重点提及的关键词：以人为本。

以人为本的视角也许会被很多项目方作为参考。"
1849340762812797347,Thu Oct 24 06:42:51 +0000 2024,2.9,04_onchain_alpha_airdrops,39,0,42,0,NO,"safe上线UP，从交互到claim-转移
好好的单号万刀大毛项目变成了千刀"
1849261773846896694,Thu Oct 24 01:28:59 +0000 2024,3.0,04_onchain_alpha_airdrops,3,0,0,0,NO,"@0x_liukanshan 1、小狐狸对应的AA地址与你把助记词导入fuel原声钱包的地址不一样。确认并知晓这一点。
2.链接的时候可以选择对应钱包，在桥接资金的网址右上角能看到对应的钱包，
3.如果是app的链接问题可以先清楚缓存，如果还不能解决可以试着换一个chrome再试一遍，早期windows貌似会有这样的问题，mac一切正常。"
1855611034574504032,Sun Nov 10 13:58:40 +0000 2024,5.4,04_onchain_alpha_airdrops,3,0,2,0,NO,"此处需要点名@moshaikh @AveryChing你们做的很好了，但是币价才是真正的助推器，不要天天喊tps如何如何，你们的生态没有赚钱效应，如何吸引用户，meme，空投，dapp任何都做的很糟糕，原生usdt喊了几个月了一直soon···············。 This needs to be named @moshaikh @AveryChing you guys are doing a great job now but the coin price is the real enabler, don't shout how tps is every day, your ecosystem has no money making effect, how do you attract users, meme, airdrops, dapps any of it is doing a terrible job, native usdt has been shouting it for a few months now all the time soon ----------- ----"
1847189984555815320,Fri Oct 18 08:16:26 +0000 2024,3.0,04_onchain_alpha_airdrops,80,3,57,0,NO,"TVL提供（撸毛）这么多年年，
不如打只鹅，买只羊（goat）

所以项目方，真应该好好反省！"
1863359840539849177,Sun Dec 01 23:09:40 +0000 2024,3.4,04_onchain_alpha_airdrops,67,6,15,0,NO,"往后撸空投赛道进入3P阶段：
POS+POW+PVP"
1866344037122511206,Tue Dec 10 04:47:48 +0000 2024,3.0,04_onchain_alpha_airdrops,12,0,2,0,NO,@jason_chen998 1、确实卷进来了几乎整个币圈的所有利益相关方，2、对中腰部群体资源的拉拢也很得人心，尤其是KOL和撸毛这两个市场声音最大的群体，确保了自己拿到舆情话语权。另外我发现，第3点，在交易所抗衡，社区奖励与激励方面，原本的劣势巧妙的转化为优势赢得口碑，这一点非常关键
1872604039550296335,Fri Dec 27 11:22:48 +0000 2024,6.7,04_onchain_alpha_airdrops,34,0,16,0,NO,"今年，我有幸第三次参与 OKX 的活动：第一次在香港，第二次在迪拜，这次在越南。每次参与都收获颇丰，不仅能与老朋友们面对面深入交流，还能清晰了解 OKX 的业务布局和产品迭代路线。同时，这也为及时反馈与沟通提供了宝贵的机会，非常感谢这样的交流平台。

第一次在香港与海腾总@Haiteng_okx见面时，有一个点让我印象特别深刻，他提到 Star @star_okx 每天都会使用 OKX 自家的产品，比如 Web3 钱包，甚至经常在深夜反馈产品的卡点，并直接点名相关负责人优化。很多产品线的伙伴因此不敢懈怠，生怕被点名。一个 CEO 能够亲自下沉，深度测试自己的产品，这种专注与用心，匠心精神打造的产品确实受到无数人的5🌟好评。

作为链上撸毛用户，今年有幸能上桌吃饭🍚，

特别感谢@okxchinese @Haiteng_okx @Cayne_okx的邀请和贴心安排🎉，#OKX年夜饭 不负期待！"
1871523128700223785,Tue Dec 24 11:47:39 +0000 2024,3.8,04_onchain_alpha_airdrops,15,6,12,0,NO,"✅满足条件即可解锁空投资格，极简模式极简产品极简条件
第一次FB
第二次Pengu
第三次Solv
在钱包首页，快照时间11月21日，资格钱包大于等于0.05BTC"
1865360844340769198,Sat Dec 07 11:40:56 +0000 2024,3.4,04_onchain_alpha_airdrops,60,1,37,0,NO,"有人问，怎么回呢？

最近别人的币都是好币，嘎嘎猛涨，自己的垃圾币一卖就飞，好痛苦

别人的空投都是大毛，自己撸的项目怎么遥遥无期，好焦虑"
1878491432845209761,Sun Jan 12 17:17:12 +0000 2025,4.3,04_onchain_alpha_airdrops,49,1,29,0,NO,"当清理钱包看到这个PSP代币的时候
总会想起当年的Airdrop⚡️，单地址5000刀-8000刀
当年还不懂Sybil是什么，也不懂什么是KOL
只知道它未发币，只知道自己是芸芸众生里的一个屌丝
努力拼的肝一天都希望成为屌丝战斗机✈️

如今，1000刀就应该能买下10w粉，成为KOL
每个人都是KOL，每个人都应该是自己的KOL"
1878030715398275261,Sat Jan 11 10:46:29 +0000 2025,3.3,04_onchain_alpha_airdrops,27,2,26,0,NO,"撸毛人，再也不担心找不到工作
是这样理解吧。
有没有要去主网组刷人类高质量TX https://t.co/5J6Ioc6GnS"
1870392305733206456,Sat Dec 21 08:54:10 +0000 2024,3.0,04_onchain_alpha_airdrops,55,2,19,0,NO,今年回家过年，让弟弟妹妹，七大姑八大姨把okx钱包装好，一个账号460刀，3300块人民币每天都可以吃肉，外加一包 华子
1868847934923833452,Tue Dec 17 02:37:23 +0000 2024,4.3,04_onchain_alpha_airdrops,19,1,16,0,NO,"二期1月15日结束🔚。💡，这周应该会出社区奖励规额-查询🧐
社区应该覆盖以下用户：
测试网5轮参与者，
主网二轮点数参与者
Tia质押者 https://t.co/9n19FGOVqH"
1883508809077055607,Sun Jan 26 13:34:28 +0000 2025,4.0,04_onchain_alpha_airdrops,10,1,3,0,NO,"成功的路上不理解是正常的，web3本身就具有反身性，撸毛更是如此，不过你可以在别人看不见🙈的地方悄悄努力，喜欢这个行业，就少说多看多做多学多执行，放弃一切无效社交！
在你拿到结果的时候，尝试的引导家人，给予资金财务上的支持。

最后，不要作假装式的努力，持续性的幻想，言语上的巨人，行动上的矮子，现如今，没有人会真正的替你考虑，大部分身边的人只会在意你有没有钱/Quan，混不混的好，混的好的时候，你就是酒桌上的座上宾，混的不好的时候，街边上的🐶看到你都摇头！"
1883448641429680423,Sun Jan 26 09:35:23 +0000 2025,2.8,04_onchain_alpha_airdrops,5,0,1,0,NO,"@limochen2 指点不敢，不是大佬，别客气，大佬谁还撸毛，真正的屌丝而已。
你撸了2年多，有没有形成自己的投研策略与交互体系？有没有形成自己的心得？"
1889708584230965513,Wed Feb 12 16:10:10 +0000 2025,3.4,04_onchain_alpha_airdrops,124,6,56,0,NO,"事到如今，还是最怀念OP的空投
在那一刻，我知道成功了，
在那一刻，我知道该Allin"
1889697751036010681,Wed Feb 12 15:27:07 +0000 2025,4.4,04_onchain_alpha_airdrops,11,7,9,0,NO,"PumpBTC 正在向支持者空投$BERA 。
  🎯谁有资格？ （如果做了这几个动作要填表）
- Boyco 支持pumpBTC的存款人 
- PumpBTC Bera 测试网用户 
- Kaito TGE 前 Yapper投票人
- 持有 2 个 PumpBTC Bera Collection  
填写表格进行索赔
https://t.co/CVHYCfUsVu

https://t.co/c4J4VKiEuO"
1889567612704592011,Wed Feb 12 06:49:59 +0000 2025,3.4,04_onchain_alpha_airdrops,3,0,1,0,NO,@ecrivaine_k @berachain @_kaitoai 是的，不是分配问题，是公开问题，在社区空投那个部分也是一笔带过，没有具体细则与筛选规则，这里让无数参与社区测试的人不清晰不明白，有待官方阐述具体，甚至我之前想过这种大项目可以限定份额的情况下，考虑直接让社区来参与主导去中心化，也许更好玩更有创意
1889558438528667862,Wed Feb 12 06:13:32 +0000 2025,3.4,04_onchain_alpha_airdrops,5,0,2,0,NO,@ecrivaine_k @berachain @_kaitoai 认同，单纯依赖社交媒体数据必然也会被流量反噬，本质上可能还是注意力经济，项目方视角可能应该多结合项目链上交互、社区贡献、广覆盖生态高质量链上画像，增强原生社区建设，鼓励贡献者长期陪跑。
1889357361208500507,Tue Feb 11 16:54:32 +0000 2025,3.4,04_onchain_alpha_airdrops,12,2,20,0,NO,"币安 HODLer 第 8 个项目 
代币名称：Solayer（ $LAYER）
目前报价：0.8美金
目前FDV：8亿
空投规则未公布细则
目前UPBIT 还没上线交易。
当前市场情绪一般，价格表现不及预期。

领取查询：https://t.co/dW5In3AfmQ"
1888961946579603782,Mon Feb 10 14:43:17 +0000 2025,2.4,04_onchain_alpha_airdrops,13,0,5,0,NO,"@Ice_Frog666666 齐心协力关注如何推动项目方制定更公平、更透明的空投规则，确保大家都能公平参与，
蛙🐸总说的这个直击要害，且非常关键，"
1895852452777529370,Sat Mar 01 15:03:42 +0000 2025,3.4,04_onchain_alpha_airdrops,8,0,2,0,NO,@Mercy_okx Mercy太用心了，为了这次sapce，B5的本子写了十几页关于空投的笔记，感谢你的问题。你要是前2年来专职来撸空投，大概率现在可能是工作室老板了。
1895505793753239720,Fri Feb 28 16:06:12 +0000 2025,4.8,04_onchain_alpha_airdrops,10,1,1,0,NO,"19、在今后的发展中，想看到okx和哪些生态合作？以什么样的形式？社区更想看到什么样的合作？

丰密：
生态以及覆盖非常全，剧我所知okx的钱包团队非常厉害，BD拓展也非常强，支持迅速，bug解决的很及时。

我觉得可能可以优化的地方在空投交互方面，OKX @okxchinese做了宽度，但是深度不够，使用okx的用户很多，这里可以围绕用户的钱包情况做一些有价值的成长体系，这个体系可以与很多生态合作，帮助双方引流，或者给okx钱包用户带来更多的数据加成及奖励。

工具方面已经做的话很好，比如最近在x上支持的实时K线以及一件交易代币，在空投方面，okx可以做空投检测器，用户链上钱包就能检测到有什么没领取的空投。"
1895505786933240161,Fri Feb 28 16:06:11 +0000 2025,3.0,04_onchain_alpha_airdrops,6,0,1,0,NO,"17、新手应该如何获取优质信息源？你有哪些推荐的信息渠道或工具？

丰密：
1、比较简单的是跟随优质的KOL，推特，youtube等，

2、可以从rootdata @RootDataCrypto里找项目，找到对应的X帐号及团队成员，以及融资等情况。 

3、学习的话，okx的web3钱包@OKXWeb3_CN里也有很多基础的一些项目任务，可以当练手。"
1895505743664845095,Fri Feb 28 16:06:00 +0000 2025,4.4,04_onchain_alpha_airdrops,5,0,1,0,NO,"6、怎么理解“精品账号”？

丰密：
精品账号意思是高质量帐号，每个号具备真实用户的链上记录、独立行为、合理的链上资产分布，当然每个人对精品帐号的理解不一，项目方分发给奖励的地址也希望是真实且高质量，有些是给自己项目的权益型NFT，也有关注链上交互画像，那么关注的点，很多会是资金，活跃度，多样性，链上身份，忠诚度，主网数据（gas消耗，时间，tx，活跃时间），持仓NFT等。怎么真实怎么来。

概括关注点：钱包历史、交互行为、资金流动、资产持有（token nft）、余额留存，多链活跃、部分社交绑定······"
1887688022407450769,Fri Feb 07 02:21:10 +0000 2025,6.3,04_onchain_alpha_airdrops,22,5,20,0,NO,"💎 $LAYER 创世空投🪂（Genesis Drop）
为实现广泛的去中心化，$LAYER 将通过 Emerald Card 社区销售和 创世空投（Genesis Drop） 进行分发。
🔹 空投面向 2024 年以来的 Solayer 社区成员，用于奖励生态贡献者，并进一步激励用户参与 2025 年的发展。
🔹 总供应量的 12% 预留给 Solayer 生态参与者，包括：
1、 sSOL 和 sUSD 持有者
2、将 sSOL 质押到 AVS 合作伙伴的用户
3、 在合作 DeFi 协议存入 sSOL 或 sUSD 的用户
4、 在 Solayer 存入白名单 LST 的用户
5、通过合作钱包或平台参与 Solayer 的用户
6、LRT 协议用户
7、 其他空投领取计划

🔹 归属规则
• 早期合格用户：上线时 100% 立即解锁
• 额外 $LAYER 领取：未来 6 个月可通过 Epoch 逐步领取

$LAYER 代币分配
🔹 最大供应量：1,000,000,000 $LAYER
🔹 初始流通量：220,000,000 $LAYER

📊 分配详情：
• 社区 & 生态（51.23%）
  -34.23% 用于 R&D、开发者计划、生态增长及用户激励
-14% 用于社区活动和激励（其中 12% 预留用于 Genesis Drop，奖励早期用户）
-3% 通过 Emerald Card 社区销售分发
• 核心贡献者（17.11%：用于核心开发团队和顾问
• 投资者（16.66%）：售予早期投资者
• 基金会（15.00%：支持 Solayer 生态产品和网络开发"
1900178779089338771,Thu Mar 13 13:34:59 +0000 2025,7.1,04_onchain_alpha_airdrops,18,1,15,0,NO,"Bybit推出持仓bbSOL空投200万枚 $LAYER @solayer_labs 的活动，持有 bbSOL可以领 $LAYER代币。

同时bbSOL可以质押在 Launchpool 和 Bybit 活期理财中享受更多收益，BBSOL本身作为流动性质押代币可以获得8%的年化收益

活动时间时间:3月 11 日 - 3 月 20 日
参与方式：在 Bybit @Bybit_Official账户、Bybit Web3 助记词钱包或 Web3 云钱包持有 BBSOL 

有多余的SOL 看看
活动详情：https://t.co/lX3lc4PYL7

CEX + LST 代币的联合空投模式：这种模式结合中心化交易所（CEX）的用户流量优势和流动性质押代币（LST） 的 DeFi 玩法，既吸引现有交易所用户参与 LST 生态，又能为 LST 代币带来更高的曝光度和资金流动性，未来可能会成为趋势
用户多赚一层收益：持仓空投 + 质押挖矿双收益"
1900042043604558150,Thu Mar 13 04:31:38 +0000 2025,4.4,04_onchain_alpha_airdrops,140,21,84,0,NO,"水能载舟，亦能覆舟。

经核查，Nillion (@nillion) 空投查询数据与官方公布的 7.5% 代币份额存在出入，
对此，我将进行反馈，对此有任何个人反馈可以留言评论区🤬

我们为行业和赛道发声，坚守公平与正义，
希望@nillion @jambutties能直面问题要害，
真正的正向飞轮，依靠的是真诚、透明与信任。"
1899828018475859985,Wed Mar 12 14:21:11 +0000 2025,2.0,04_onchain_alpha_airdrops,0,0,1,0,NO,@Pac4lifemeimei 确实有些质押了，按照它的分配细则是有资格的，但是显示是0，我也还在看数据的数值分配，持续跟进·····
1899826827683909902,Wed Mar 12 14:16:27 +0000 2025,3.0,04_onchain_alpha_airdrops,7,3,24,0,NO,"https://t.co/FpO2imybaS

官方公告：https://t.co/x5ByyzUZat

还在看具体的分配数量情况，根据昨天的分配逻辑，对与质押的用户有资格，但是对叠加的计算权重差距好像非常之大。"
1899465921594548618,Tue Mar 11 14:22:20 +0000 2025,4.7,04_onchain_alpha_airdrops,17,4,18,0,NO,"Nillion 关于空投资格及分配标准的一些阐述，围绕的标准是：认可的真正贡献者。

空投分配矩阵是围绕衡量真正的贡献，包含三个主要类别，同时根据每个类别的贡献权重来确认分配数量

1️⃣ 社区价值
2️⃣ 开发者 &amp; 开源贡献
3️⃣ Verifier 计划的参与度 https://t.co/M5TMrTYgWi"
1898703569249063117,Sun Mar 09 11:53:01 +0000 2025,3.4,04_onchain_alpha_airdrops,7,0,2,0,NO,@yi_juanmao @Ice_Frog666666 @phyrexni @jason_chen998 等官方公布具体的规则与数据吧，那个链接查出来的数据没有确认是官方数据，空投份额官方已经明确公布了7000万枚。且看如何分配
1897206759695245629,Wed Mar 05 08:45:14 +0000 2025,2.0,04_onchain_alpha_airdrops,2,0,1,0,NO,@kellychoi8888 @Calderaxyz 每个活动的地址都不小，另外一个视角是用他的rollup，早期测试网有部署他们的一健发链rollup功能。
1896790930331685172,Tue Mar 04 05:12:53 +0000 2025,5.0,04_onchain_alpha_airdrops,52,9,10,0,NO,"bera🐻链生态的 $HENLO 开盘了。之前赋予了一些资格地址，好像很多人有资格，具体自己查吧
CA:
0xb2F776e9c1C926C4b2e54182Fac058dA9Af0B6A5

https://t.co/wIPwgpyOLv
简单说下，这里领的是oHENLO，相当于 $HENLO 的看涨期权，可以低于其发射价6.9m的25%的价格兑换henlo，
讲人话的意思是，给你这个钱包地址资格，你可以用570万美金的市值兑换henlo代币，兑换比例1:1，
现在市值3300万，直接点击exercise $oHENLO 
卖的话这里（ca丢进去）：https://t.co/dLEm1BcYnI"
1891503944838611300,Mon Feb 17 15:04:17 +0000 2025,4.5,04_onchain_alpha_airdrops,16,1,8,0,NO,"币安的未来全球化发展和长期稳定性，确实可以通过引进更多主权基金、战略投资者、科技巨头等来增强市场信心，加强全球合规和牌照获取，提升合规性，并加速全球扩张，拓展新兴市场，吸引更多开发者进入WEB3······

毕竟Binance这个牌子真的很管用，有一次，我穿着 Binance 的 T 恤坐电梯，结果电梯里有一个黑人老哥看到了，直接问我：“Do you work at Binance?” 当时我没反应过来，本能地回了一句 “enheng” 😂。然后他开始吧啦吧啦说了一大堆，可惜我一句都没听懂，最后他加了我的 TG，之后，时不时来私聊我：“这个meme你买了没有”"
1905202136729915554,Thu Mar 27 10:16:00 +0000 2025,5.7,04_onchain_alpha_airdrops,17,0,2,0,NO,"撸毛人理应被尊重
看懂了她表达的意思，但是这个标题太唬人。以为这群人得罪了啥。哈哈。

撸毛人其实是最早期的使用者、反馈者、传播者，是真正把项目从 0 推到 1 的探索者，陪伴项目方的闭环过程。

撸空投赚的每一分钱都不是轻松得来的。每一笔空投背后，是数十次链上交互，无数次熬夜早醒来的那一次点击，是动用真实资金 LP、质押、换链，承担损益风险，刀口舔血的方式。

这不是轻松的钱，是用“时间+心力+金钱”换来的结果，外人只看到 TGE 账上多了几个零，却看不到背后付出的代价。

常人无法理解他们的坚持，也正因如此，他们的存在，才更加值得被看见。
希望项目方尊重社区尊重用户，同时不怎么撸毛的人不应该用固有的己见看待这个群体。眼红不仅仅是一种病。"
1922963678741021081,Thu May 15 10:34:02 +0000 2025,3.0,04_onchain_alpha_airdrops,51,6,16,0,NO,"Sahara AI 宣布将于 5 月 19 日发布公共测试网 SIWA
这次要不要白单资格！官方来个准话"
1921207815869280512,Sat May 10 14:16:52 +0000 2025,3.5,04_onchain_alpha_airdrops,36,5,8,0,NO,@jager_BSC @binance Jager is a few days away from entering full circulation and is the highlight of the BNB Chain and BN Alpha
1914709683098804717,Tue Apr 22 15:55:36 +0000 2025,5.9,04_onchain_alpha_airdrops,17,1,4,0,NO,"1、逻辑完全变了，现在越来越多空投是“在币安领，而不是在链上撸”，任务平台与交易所直接资产发行目的不一样，任务平台更多是项目方的营销数据，非常前置，而交易所的这种资产发行更快更直接····

2、项目方其实心里贼清楚，当下甘愿牺牲一部分社区情绪，换上线和流量，这里的变量是项目方怎么平衡利益，市场在变，项目方通过任务平台获取的数据最终还是要成功TGE，上所，套现。
所以撸毛人很可能成为很多项目方的「人为刀俎我为鱼肉」

3、币安的防工作室能力，还在摸着石头过河，不过可以打的牌很多，从「术」的层面人脸，ip，资产，交易数量，资产类别，活跃等·未来会换着花样组合。但我可以肯定的说，这种根本防不住。没有办法，是把双刃剑，你防等越多，失去的也更多！

4、币安在尝试探索资产的分发权、上币权、入口权，这确实让原本靠社区启动的项目方进退两难，但是我个人更希望这些项目在自己项目及生态的链上用户给予忠诚度奖励 → 后期借助币安或其他交易所流量放大。两端兼顾，双轨空投。"
1914690663834378412,Tue Apr 22 14:40:02 +0000 2025,5.0,04_onchain_alpha_airdrops,46,11,18,0,NO,"记得去年闭门会议聊过的核心观点
1、找好资产，发资产
2、搞财富效应。
3、长期搞财富效应。

所以接下来方向是明确的，方式可能会一直变，门槛也一直变，找到有价值的资产，通过机制设计制造财富预期，并尽可能延长这条曲线的生命力。

在撸BA这条线上，除了Alpha的资产交易，中心化的资产交易留存。

未来不仅是资产的交易行为，也会围绕「交易 + 忠诚 + 身份 + 工具 + 数据」这整条链路，进行多维度的资产化数据画像。"
1928090031987773851,Thu May 29 14:04:20 +0000 2025,3.0,04_onchain_alpha_airdrops,12,2,9,0,NO,@jager_BSC @binance 这个应该是用于向 Binance Alpha 平台上的 $JAGER 持有者分发额外奖励，来自挖矿期间累积的 $BNB + $JAGER
1927938419805802778,Thu May 29 04:01:53 +0000 2025,2.0,04_onchain_alpha_airdrops,4,0,2,0,NO,@anymose @OverlayProtocol 明牌激励可以上，最后一次测试网活动，免费参与换 2% 代币，别一次性亏完。
1919221187890348112,Mon May 05 02:42:43 +0000 2025,5.1,04_onchain_alpha_airdrops,20,0,10,0,NO,"历时 49 天精修，OKX DEX 正式上线，原 App 即可直接使用。

工具有了，金🐶就差CA了，

看到本次更新内容，DEX不是仓促上线，而是精心打磨。每一行代码、每一次交互，都是为了让链上交易更自由、更安全。

带来“黑地址识别系统”与全流程智能风控体系：
•开源钱包，定期审计
•自动屏蔽貔貅盘
•风险网站智能识别
•合约交互实时预警
•第三方协议主动排查"
1932731449477841382,Wed Jun 11 09:27:40 +0000 2025,2.5,04_onchain_alpha_airdrops,38,1,23,0,NO,"撸毛的人一定要吃🌶️辣椒炒肉

一份刚出锅的辣椒炒肉

你品，你细品"
1932284076280762629,Tue Jun 10 03:49:58 +0000 2025,2.0,04_onchain_alpha_airdrops,1,0,0,0,NO,"@sky_gpt @phyrexni @cishanjia 链上Alpha。他的主打是：我买了这个，勿跟。
然后就是看看～"
1932283554425393439,Tue Jun 10 03:47:54 +0000 2025,2.0,04_onchain_alpha_airdrops,7,0,3,0,NO,@phyrexni @cishanjia 是啊，一晃都那么多年了。奶子哥放弃撸毛是正确的，回到他的主场，钱都被他赚走了。
1932009440678678866,Mon Jun 09 09:38:40 +0000 2025,4.5,04_onchain_alpha_airdrops,27,5,20,0,NO,"SAHARA 打新给 Solayer 翡翠卡专属福利，如果你有，可以搞一下

👇两类人直接参与 $SAHARA 社区分发资格：

1️⃣ 曾参与 $LAYER 打新的老用户
→用同一个 SOL 地址登录 Buidlpad
→ 无需重新 KYC，自动识别资格。
提醒：切勿更换地址或重新 KYC，否则会被系统标记为异常，失去参与资格

2️⃣ 持有Solayer翡翠卡的新用户
→ 用持卡地址注册登录
→使用持卡时的 SOL 地址注册并登录 Buidlpad，按指引参与 $SAHARA 分发
注意：换地址 = 失去资格！

官方意思💎翡翠卡持卡人@solayer_labs身份更可信，更容易被判定为真实用户。

打款时间是：北京时间6月14日晚11点-6月15日11点。

没有的话，略过。"
1938147099532763384,Thu Jun 26 08:07:32 +0000 2025,4.9,04_onchain_alpha_airdrops,20,3,24,0,NO,"📢喊你领取1000个代币，

符合条件的用户可使用币安 Alpha 积分，申领 1,000 枚 SAHARA 空投代币。

⏳ 申领时间：交易开启后 24 小时内
💰 消耗：15 个 Alpha 积分

阶段一｜前 18 小时
资格要求：持有 ≥ 223 个 Alpha 积分
所有符合条件用户均可申领

阶段二｜后 6 小时
资格放宽：持有 ≥ 180 个 Alpha 积分
模式改为：先到先得，申完即止

buidlpad好像已经可以领取了。
OKX填写过uid应该直接到账，此处有加成。

撸空投的查询：https://t.co/asRgCHibzD

研究规则的看：https://t.co/nQmgXjVUQg

🙈 如果啥也不想干，那就…打一局王者"
1930263377508741268,Wed Jun 04 14:00:26 +0000 2025,4.9,04_onchain_alpha_airdrops,22,2,17,0,NO,"有钱的地方就有人，有人的地方就有江湖。

币安搞 Alpha 活动，本意是激励真实用户、带动生态热度，但随着收益集中、有利可图，“江湖”自然形成。币安的规则如果不变，只会让江湖强者恒强、普通用户退场。

目前来看，Alpha 活动很多时候“榜单效应”太强。

币安 Alpha 活动的风控升级，本质上是要筛掉机器人、脚本号、工作室账号，保护真实用户。

因此，被风控识别、甚至被封号行为，往往具备常见的共性特征：

1、资金与账户相关风险：常见的链上资金分发模式，多个地址从同一热钱包频繁转入转出，比如突然出现大额资金、无历史行为支撑·····

2、交易行为：高频低质量。比如为了完成任务而任务，比如Tx时间间隔小于30s，或者所有的swap步骤一样。

3、网络与设备识别

如何让规则有温度，是BA接下来要重点要想的。"
1930002921686802688,Tue Jun 03 20:45:28 +0000 2025,3.9,04_onchain_alpha_airdrops,23,1,17,0,NO,"无风不起浪，方程式这个新闻大概率是真的！

pump估计要发币了，不过看这意思是40亿的估值，然后卖一轮代币，每次来个大的吸血，市场都要抖一抖。

如果按照8%给第一轮社区空投，估计会在3亿美金。怎么发是个问题。"
1931752182233419783,Sun Jun 08 16:36:25 +0000 2025,4.9,04_onchain_alpha_airdrops,22,1,12,0,NO,"感谢YY的邀请，今天的币安伙伴运动局真是燃到爆！
挥汗的瞬间才发现Binance的T恤质量挺好的。
这种活动可以多组织下，向炒币厉害的多学习。

另外，我觉得这类周边完全可以多来点给「亏友」，比如给 Alpha 积分过 300 的用户搞个抽奖，或者点数消耗兑换T恤，或者设计更多有趣的参与机制，让忠实用户不仅有空投claim，也有实物奖励Claim，进一步claim归属感。

拥有一件好看又能流汗的 Binance 战袍也许刷Alpha更卖力，希望BA得领导层能郑重考虑下。"
1937550749640307046,Tue Jun 24 16:37:51 +0000 2025,2.0,04_onchain_alpha_airdrops,13,0,4,0,NO,"@jason_chen998 真的在参与治理，我曾经一直觉得发币只是开始，希望看到在生态有不一样的东西作为alpha。  
当感情一旦投入进去，就出不来了。"
1950234014436249626,Tue Jul 29 16:36:37 +0000 2025,4.4,04_onchain_alpha_airdrops,134,5,68,0,NO,"直到现在，还有很多个人，很多项目方看不起我们，看不起我们撸空投的，卧槽，真是不长眼，兄弟们，屌丝们，但凡碰到这样的项目方，碰到这样的到kol。

告诉我，我给你们长长眼👀！看我如果给他们张张记性！"
1949751466002194937,Mon Jul 28 08:39:08 +0000 2025,2.4,04_onchain_alpha_airdrops,1,0,0,0,NO,@0xBeyondLee cosmos生态确实也很久没啥了，原本引以为傲的ATOM质押空投，已经很久没啥亮眼的项目了
1954569110630641699,Sun Aug 10 15:42:44 +0000 2025,4.0,04_onchain_alpha_airdrops,63,2,6,0,NO,"身处逆境  

如果人家不理解你的时刻，千万不要去解释！

真正理解你的人，不需要你解释； 
不愿理解你的人，解释也没有用。  

我们要做自己的光，好好活着 
你不需要靠解释证明自己，

我们本身就是答案，本身就是Alpha！"
1962110180524695976,Sun Aug 31 11:08:15 +0000 2025,5.3,04_onchain_alpha_airdrops,38,0,42,0,NO,"「今年的Bitcoin Asia，人都去哪了？」

Odaily 星球日报写到了芭比龙@babylonlabs_io

我感觉编者的意思很明确：

芭比龙变成芭比Q了

这个小编是不是也参与了质押啊。

扫了一眼babylon的代币 $Baby,市值不足5亿。
不知道Fisher老师咋想，我记得提过，吸引用户，激励用户，留住用户，一个没做好，打不出财富效应，babylon至少要花3年的时间才有可能挽回。

https://t.co/cGnbPvtIs5"
1961656122814992399,Sat Aug 30 05:04:00 +0000 2025,4.8,04_onchain_alpha_airdrops,12,0,8,0,NO,"Treehouse 最近的节奏确实很猛。之前连续上了 Binance、Coinbase 等几十家交易所，已经让它的知名度和流动性站在了第一梯队；而这两天再冲上韩国最大交易所 Upbit，直接一波韩流暴力拉升。

币安钱包Treehouse @TreehouseFi独家Booster活动第二期也在进行中，活动时间45天（20250827 - 20251011），奖励$60万美金TREE代币

→登录币安钱包 - [理财] - [Simple Yield] - [Protocol] - [Treehouse]

→在 Simple Yield Treehouse wstETH 质押池中质押至少0.02 wstETH"
1961472547259912210,Fri Aug 29 16:54:32 +0000 2025,2.0,04_onchain_alpha_airdrops,1,0,0,0,NO,@kongxairdrop 只看到一个alpha-x
1961436275199865233,Fri Aug 29 14:30:24 +0000 2025,2.9,04_onchain_alpha_airdrops,29,3,8,0,NO,敬请关注 LINEA 空投和代币生成 (TGE)
1965707977148846422,Wed Sep 10 09:24:37 +0000 2025,4.0,04_onchain_alpha_airdrops,79,26,8,0,NO,"由 PayPal Ventures 和 General Catalyst 领投的Kite 推了个测试网：

👉 https://t.co/9SqLVhRXYG

项目概要：https://t.co/HTffy7K6pK

AI x Crypto方向大有可为，推荐「撸」"
1965085817891905894,Mon Sep 08 16:12:23 +0000 2025,4.9,04_onchain_alpha_airdrops,26,1,12,0,NO,"LiveArt @LiveArtX 发币了，但直接 献祭！

但是真的：毫无热度，空投也没声音。

这个项目为了引流，几乎把所有平台都刷了一遍：
Zealy、Micro3、Intract、Layer3、Galxe …
各种签到、通行证、碎片任务，排行版，积分模式全用上
甚至艺术品收藏、权益 NFT，花样繁多，眼花缭乱。

但本质上，是把用户当工具人反复收割的营销套路。

再加上 NFT 赛道整体降温，艺术类 NFT 本身又是小众，各种套路，缺乏任何想象力。

更讽刺的是，经反馈蛮多早期 OG、持有权益 NFT 的用户，几乎也没分到空投。

营销套路一大堆
结果一查资格：sorry"
1972925164552863781,Tue Sep 30 07:23:09 +0000 2025,2.0,04_onchain_alpha_airdrops,1,0,0,0,NO,@totheskyvv @okxchinese @okxalphas @okx 挺好的，白天热
1972921247106560162,Tue Sep 30 07:07:35 +0000 2025,2.0,04_onchain_alpha_airdrops,1,0,1,0,NO,@Fomo_Gems @okxchinese @okxalphas @okx 好，收到
1972913097292816414,Tue Sep 30 06:35:12 +0000 2025,2.0,04_onchain_alpha_airdrops,3,0,0,0,NO,@0xBeyondLee @okxchinese @okxalphas @okx 礼包🎁大放送
1972912781365321924,Tue Sep 30 06:33:56 +0000 2025,4.8,04_onchain_alpha_airdrops,94,2,57,0,NO,"新加坡水果

去探探okx的新产品发布活动路上看到新加坡水果摊，都说新加坡贵，我去看了看

比如那个恐龙蛋国内山姆有卖 4-5块人民币一颗。这个显得更大，2新币折合11人民币。

买不起，我就看看………😂

OKX活动现场炸裂,非常多人。

非常期待OKX推出啥新升级

@okxchinese @okxalphas @okx https://t.co/rOzFU9mkZH"
1978051907353719109,Tue Oct 14 10:54:59 +0000 2025,2.0,04_onchain_alpha_airdrops,3,0,0,0,NO,@BinanceWallet 🔸第 40 届币安钱包专属 TGE：Lab（LAB）@LABtrade_
1970077061546192956,Mon Sep 22 10:45:48 +0000 2025,4.9,04_onchain_alpha_airdrops,27,3,16,0,NO,"Binance IDO最高的一个项目

1、 $RIVER  的空投claim：
https://t.co/CbgMABbmTN

2、BuildKey兑换比例：1 Key = 20 RIVER，每ID是3Key，60个Key值120-180美金

3、本次空投采用 Dynamic Airdrop Conversion 机制：
可领取的 、能拿到的 $RIVER 数量会随着时间延迟而指数级增加 ，如果等到最后第 180 天再领，领取数量是第一天的 270 倍，TGE 后 24 小时内如果就去领，几乎拿不到什么代币。
这是一个典型的 「锁仓博弈」 设计，用延迟释放来制造选择：锁得越久，拿得越多，提前套现，则锁定有限收益。"
1984187371345391791,Fri Oct 31 09:15:08 +0000 2025,6.8,04_onchain_alpha_airdrops,78,0,36,0,NO,"参与撸空投+链上项目，最期待的是上币安Binance现货，最炸裂的依然是 Launchpoo。
之前确信KITE会大满贯

币安 Launchpool 第71期：Kite @GoKiteAI 
活动持续时间：2 天

AI 支付赛道头部项目上线！
👉 活动时间：11月1日08:00 – 11月3日07:59（东八区）
👉 可质押：BNB、FDUSD、USDC
👉 奖励总量：1.5亿 KITE（约1.5%供应）
👉 上市时间：11月3日21:00
👉代币总供应量：100亿 KITE
👉初始流通量：18亿 KITE （代币总供应量的18.00% ）
👉Launchpool总量：1.5亿KITE

1、挖矿可以参与的资产：BNB、USDC、FDUSD
BNB 池：127,500,000 KITE（85%）
FDUSD 池：7,500,000 KITE（5%）
USDC 池：15,000,000 KITE（10%）

2、已知奖励价值（按 $0.15/KITE），总奖励$2250万美金。
BNB 池：127.5M KITE × $0.15 = $19.125M
FDUSD 池：7.5M × $0.15 = $1.125M
USDC 池：15M × $0.15 = $2.25M

3、个人单号硬顶简单算了下应该是各池≈1% 份额
如果2个稳定币池的tvl在15亿，那么APR分别为270%与140%。"
1975914756390502549,Wed Oct 08 13:22:43 +0000 2025,7.0,04_onchain_alpha_airdrops,149,51,16,0,NO,"越晚应该越卷，Ape Season 1 正式开启

1、合计 12 周，3个月（10月6日-12月28日）
2、总计 6900万 Ape 积分将持续发放，每周三 8:00 (UTC)，发放数量：每周 575 万 Ape Points 
3、Ape 积分 = 你未来空投的直接份额。
4、权重加成：Mantle 入金、DEX 先锋钱包、APEX 质押、团队倍率
5、Apex成为Bybit的战略产品，类似aster之binance。

参与刷分步伐：
@ApeXProtocolCN相关链接：
1、熟读积分活动细则：https://t.co/toMQtpH0oc

2、参与车队，绑定钱包，节省佣金，30%最高全返🔙，车队最高加成链接：https://t.co/OBu5PpvssQ

3、一起亏，加入tg亏群：https://t.co/4GzIh89vXQ"
1989350329041965254,Fri Nov 14 15:10:53 +0000 2025,5.4,04_onchain_alpha_airdrops,57,0,37,0,NO,"币安今天2个关注点：

1、币安支持贝莱德的 BUIDL 作为抵押品，由Securitize 在链上发行，持有每天拿收益、24/7 可转账，核心点让机构可以在不把资产放进交易所的情况下，让机构把国债等RWA资产作为链上抵押品，既能赚收益，又能在币安交易。

2、推出Sentient @SentientAGI盘前交易 $SENT 交易对，看了下总代币数量34,359,738,368，当前价格0.07，相当于当前盘前24亿美金。这个是AGI当前最热门的项目，融资8500万。蹲一个空投⚡️相关及上大所预期。"
1989343878282187003,Fri Nov 14 14:45:15 +0000 2025,3.9,04_onchain_alpha_airdrops,33,0,17,0,NO,"$BILL 代币
总量：100亿
TGE 初始流通：23%
社区：32%
一个围绕“可信身份”构建的 AI 时代基础设施代币，代币可以用来用来付费验证人类或 AI等功能。
还没看到社区空投相关交易所的新闻，蹲一个。"
1989262760291811544,Fri Nov 14 09:22:55 +0000 2025,4.5,04_onchain_alpha_airdrops,47,0,26,0,NO,"OKX 交易所内置 DEX 的上线，可以用交易所账户里的 U 等资产直接买链上代币

📍无需跨链 / 无需提币 / 无需准备 gas

相当于交易所与链上的边界已被打破，不需要在提币到自己的去中心化钱包地址，也不需要离开交易所账户，门槛降低不是一点点，

说实话，非常适合现在这种市场，行情差情绪低，大部分资金都会选择放在交易所会感觉更安全。

如果类似TRUMP这种项目突然起飞，想买入，可以随时把交易所理财「自动赚币」里的资金取出，直接一键走 DEX 买入，只负责点买卖，链上所有复杂步骤自动完成。

路径：打开okx交易所→交易→DEX

这种工具-功能我印象里X团队好像储备了很多，产品部门迭代比较迅速，我之前反馈过理财产品的部分细节优化，没超过24小时就解决叻。

工具是有了，就差行情了"
1988976580136493344,Thu Nov 13 14:25:44 +0000 2025,3.4,04_onchain_alpha_airdrops,89,1,54,0,NO,"sorry 

没有空投，也没有神秘的分配

全员反撸
/.     .\"
1988499295503262091,Wed Nov 12 06:49:11 +0000 2025,2.4,04_onchain_alpha_airdrops,0,0,0,0,NO,@jason_chen998 牛逼。3w美金的空投
1994409366858965254,Fri Nov 28 14:13:42 +0000 2025,5.5,04_onchain_alpha_airdrops,42,0,40,0,NO,"我一个朋友，他说如果是okx的员工，可能这么做：

1、立马po一条「惊闻！2个🐶大V面试okx惨遭失败，惊动了ceo徐明星」

2、CEO连夜特批 21 OKB奖励已示慰问，给出周边配套抽奖给粉丝，亦或者🐶配合把okb给抽了。

3、要求徐总亲自写小作文阐述okx的价值观，人才观等，各部门强化“最佳雇主 + 优秀人才”叙事。

4、面试失败没有关系，加入人才库，吸引更多人给okx投简历，给所有投简历并面试过的人一次突击Airdrop🪂，当然离职的员工也可以来一次，（欢迎回家看看），真给，并放大声量。

5、有代入感的系统性的介绍宣传介绍okx的福利。

6、开通反馈产品bug通道表单，通过有奖，鼓励王短鸟这样的视频创作者拍段子。

7、不打工也能获得更好系列：全方位的介绍okx的产品线，特别是近期的VIP体系（资产沉淀），赚币产品（类似双币赢/闪赚产品），钱包产品，Xlayer各个业务线曝光。

8、他说喝完酒在想想发我

#OKX"
1993820021441921527,Wed Nov 26 23:11:51 +0000 2025,2.0,04_onchain_alpha_airdrops,1,0,2,0,NO,@luyaoyuan nansen希望大家都订阅他，发积分-token，之后他发币看看跌多少
1999139546588709300,Thu Dec 11 15:29:44 +0000 2025,3.5,04_onchain_alpha_airdrops,36,1,23,0,NO,"StandX 交易积分活动正式上线！

https://t.co/urdehaGZLs

1、只要把 $DUSD 存进 Perps 钱包/金库，或直接做交易，就会持续获得积分，交易越多积分越高。

2、通过币安钱包交易能额外拿 10% 积分加成，持续到 2026 年 1 月 7 日。

3、积分是可追溯的，过去的交易也能补发积分，未来继续交易不断累积。"
1999139533406011761,Thu Dec 11 15:29:41 +0000 2025,3.5,04_onchain_alpha_airdrops,21,1,5,0,NO,"StandX 交易积分活动正式上线！

https://t.co/urdehaGZLs

1、只要把 $DUSD 存进 Perps 钱包/金库，或直接做交易，就会持续获得积分，交易越多积分越高。

2、通过币安钱包交易能额外拿 10% 积分加成，持续到 2026 年 1 月 7 日。

3、积分是可追溯的，过去的交易也能补发积分，未来继续交易不断累积。"
1999129894182404163,Thu Dec 11 14:51:23 +0000 2025,4.5,04_onchain_alpha_airdrops,26,0,10,0,NO,"NIGHT 继续

币安钱包推出午夜（NIGHT）交易大赛与代币充值活动
活动期间，全部通过币安钱包或 Alpha 完成 → 奖励可同时拿！充值到币安后可以同时参加交易大赛，享受4倍Alpha交易量。总奖池250万美金。

✓交易：只要在 Alpha/币安钱包买 NIGHT，交易量排进前 20500 名，单号拿 1700 个NIGHT奖励。

✓充值：充 1200 个NIGHT，就能拿 1100 个（限前 18100 名），按用户完成充值 + 转账任务的时间顺序进行排名。

竞赛（北京时间）：2025 年 12 月 11 日 19:00开始"
1999094091297308746,Thu Dec 11 12:29:07 +0000 2025,2.0,04_onchain_alpha_airdrops,7,0,3,0,NO,"@BiteyeCN Viee小唯 , Amelia - Biteye 内容团队写的真好啊，破局之道，是成为价值本身。Alpha本身"
2011380465891193115,Wed Jan 14 10:10:47 +0000 2026,6.3,04_onchain_alpha_airdrops,35,0,25,0,NO,"币安钱包网页版上线永续合约，
底层由 Aster @Aster_DEX提供撮合与流动性支持。

这等于把中心化的合约交易搬进个人钱包，在资产自控的前提下，一键迁移到链上衍生品，带人带钱增量应该会非常明显。

以前用 Aster，你得去找它、学它、连它，现在币安钱包把永续做成默认功能。而且 perp 赛道功能大同小异，真正稀缺的是一个足够熟悉、可信、无门槛的入口。

这对 Aster 是实打实的强背书 + 强增量。不是导个流那么简单，而是 Aster 直接进了币安钱包的默认入口，从协议，升级成币安体系最重要的入口级基础设施，真的牛逼

4个重点变化：

1-入口：币安钱包网页版把迁移路径打通了：
不用连 dApp、体验更像 CEX、资产还在自己手上。首发 BNB Chain，迁移没有障碍。
分工明确，币安钱包管入口与体验，Aster 管撮合、流动性和定价，安全与可用性兼顾。

2-产品：支持多种抵押资产，并提供股票永续。

3-交易底层：Aster 提供深度流动性 + 快速撮合 + 低费率，支持隐藏订单信息。

4-激励：在币安钱包交易永续可累积 Aster 积分，参与未来 ASTER 空投，还能叠加 Aster 官方活动 + 币安钱包专属活动奖励，本次20万美金奖励。

这种迁移一旦起量，通常就是「带人 + 带钱」的指数级数据增长"
2009521645254574318,Fri Jan 09 07:04:29 +0000 2026,2.4,04_onchain_alpha_airdrops,1,0,1,0,NO,@thecryptoskanda 真牛逼，给空投不
2015839763056771549,Mon Jan 26 17:30:26 +0000 2026,2.0,04_onchain_alpha_airdrops,1,0,0,0,NO,@Jellyweb3 @okx @MemeCore_M @star_okx @XLayerOfficial /okb
